experiment_accession	is_control	matched_control	target_label	assay_title	description	lab	biosample_term_id	biosample_term_name	classification	organ_slims	cell_slims	developmental_slims	system_slims	organism	donor_accession	donor_sex	donor_life_stage	donor_age	donor_age_units	donor_ethnicity	run_type	platform	bio_replicate_count	tech_replicate_count	replication_type	date_released	status_exp	n_fastq_files	total_bytes
ENCSR000AKC	False	ENCSR000AKJ	H3K27ac	Histone ChIP-seq	Homo sapiens GM12878	Bradley Bernstein, Broad	EFO:0002784	GM12878	cell line	bodily fluid,blood	B cell,leukocyte,hematopoietic cell	mesoderm	immune system	Homo sapiens	ENCDO000AAK	female	adult			European	single-ended	Illumina Genome Analyzer IIe	2	2	isogenic	2011-02-10	released	2	1836335632.0
ENCSR000AKJ	True			Control ChIP-seq	Homo sapiens GM12878	Bradley Bernstein, Broad	EFO:0002784	GM12878	cell line	bodily fluid,blood	B cell,leukocyte,hematopoietic cell	mesoderm	immune system	Homo sapiens	ENCDO000AAK	female	adult			European	single-ended	Illumina Genome Analyzer IIe	2	2	isogenic	2011-02-10	released	2	933172847.0
ENCSR000AKP	False	ENCSR000AKY	H3K27ac	Histone ChIP-seq	Homo sapiens K562	Bradley Bernstein, Broad	EFO:0002067	K562	cell line	bodily fluid,blood	cancer cell,leukocyte,hematopoietic cell	mesoderm	immune system	Homo sapiens	ENCDO000AAD	female	adult	53	year		single-ended	Illumina Genome Analyzer II	3	4	isogenic	2011-02-10	released	6	6470965157.0
ENCSR000AKY	True			Control ChIP-seq	Homo sapiens K562	Bradley Bernstein, Broad	EFO:0002067	K562	cell line	bodily fluid,blood	cancer cell,leukocyte,hematopoietic cell	mesoderm	immune system	Homo sapiens	ENCDO000AAD	female	adult	53	year		single-ended	Illumina Genome Analyzer IIe	3	4	isogenic	2011-02-10	released	5	2526802625.0
ENCSR000ALB	False	ENCSR000ALG	H3K27ac	Histone ChIP-seq	Homo sapiens endothelial cell of umbilical vein newborn	Bradley Bernstein, Broad	CL:0002618	endothelial cell of umbilical vein	primary cell	vasculature,extraembryonic component,placenta,vein,epithelium,blood vessel	epithelial cell,endothelial cell	mesoderm	circulatory system,reproductive system	Homo sapiens	ENCDO466MPW	unknown	newborn	unknown			single-ended	Illumina Genome Analyzer IIx	3	3	anisogenic	2011-02-10	released	2	1698336149.0
ENCSR000ALG	True			Control ChIP-seq	Homo sapiens endothelial cell of umbilical vein newborn	Bradley Bernstein, Broad	CL:0002618	endothelial cell of umbilical vein	primary cell	vasculature,extraembryonic component,placenta,vein,epithelium,blood vessel	epithelial cell,endothelial cell	mesoderm	circulatory system,reproductive system	Homo sapiens	ENCDO466MPW	unknown	newborn	unknown			single-ended	Illumina Genome Analyzer IIx	2	4	anisogenic	2011-02-10	released	3	1794796699.0
ENCSR000ALK	False	ENCSR000ALS	H3K27ac	Histone ChIP-seq	Homo sapiens keratinocyte female	Bradley Bernstein, Broad	CL:0000312	keratinocyte	primary cell	skin of body,epithelium	epithelial cell,keratinocyte	ectoderm	integumental system	Homo sapiens	ENCDO268AAA	female	unknown	unknown		African American	single-ended	Illumina Genome Analyzer IIx	3	3	isogenic	2011-02-10	released	2	1551769519.0
ENCSR000ALS	True			Control ChIP-seq	Homo sapiens keratinocyte female	Bradley Bernstein, Broad	CL:0000312	keratinocyte	primary cell	skin of body,epithelium	epithelial cell,keratinocyte	ectoderm	integumental system	Homo sapiens	ENCDO268AAA	female	unknown	unknown		African American	single-ended	Illumina Genome Analyzer IIx	2	2	isogenic	2011-02-10	released	2	1843304380.0
ENCSR000ALW	False	ENCSR000AMN	H3K27ac	Histone ChIP-seq	Homo sapiens mammary epithelial cell female adult (50 years)	Bradley Bernstein, Broad	CL:0002327	mammary epithelial cell	primary cell	mammary gland,epithelium,exocrine gland	epithelial cell	ectoderm	integumental system,exocrine system	Homo sapiens	ENCDO830BUW	female	adult	50	year	European	single-ended	Illumina Genome Analyzer IIe	2	2	isogenic	2011-02-10	released	2	1141752782.0
ENCSR000AMI	True			Control ChIP-seq	Homo sapiens H1	Bradley Bernstein, Broad	EFO:0003042	H1	cell line	embryo	stem cell,embryonic cell			Homo sapiens	ENCDO000AAW	male	embryonic				single-ended	Illumina HiSeq 2000	5	13	isogenic	2011-02-10	released	19	13864226563.0
ENCSR000AMN	True			Control ChIP-seq	Homo sapiens mammary epithelial cell female adult (50 years)	Bradley Bernstein, Broad	CL:0002327	mammary epithelial cell	primary cell	mammary gland,epithelium,exocrine gland	epithelial cell	ectoderm	integumental system,exocrine system	Homo sapiens	ENCDO830BUW	female	adult	50	year	European	single-ended	Illumina Genome Analyzer II	2	4	isogenic	2011-02-10	released	8	3613178183.0
ENCSR000AMO	False	ENCSR055XHN	H3K27ac	Histone ChIP-seq	Homo sapiens HepG2	Bradley Bernstein, Broad	EFO:0001187	HepG2	cell line	exocrine gland,epithelium,liver,endocrine gland	epithelial cell,cancer cell	endoderm	exocrine system,endocrine system,digestive system	Homo sapiens	ENCDO000AAC	male	child	15	year	European	single-ended	Illumina Genome Analyzer IIe	3	4	isogenic	2011-02-10	released	6	3515975061.0
ENCSR000AMR	False	ENCSR000AMZ	H3K27ac	Histone ChIP-seq	Homo sapiens fibroblast of lung female child (11 years) and male adult (45 years)	Bradley Bernstein, Broad	CL:0002553	fibroblast of lung	primary cell	connective tissue,lung	connective tissue cell,fibroblast	endoderm	respiratory system	Homo sapiens	ENCDO269AAA	male	adult	45	year	European	single-ended	Illumina Genome Analyzer IIe	2	2	anisogenic	2011-02-10	released	2	735003439.0
ENCSR000AMZ	True			Control ChIP-seq	Homo sapiens fibroblast of lung female child (11 years) and male adult (45 years)	Bradley Bernstein, Broad	CL:0002553	fibroblast of lung	primary cell	connective tissue,lung	connective tissue cell,fibroblast	endoderm	respiratory system	Homo sapiens	ENCDO269AAA	male	adult	45	year	European	single-ended	Illumina Genome Analyzer IIe	2	2	anisogenic	2011-02-10	released	2	740290206.0
ENCSR000ANF	False	ENCSR000ANN	H3K27ac	Histone ChIP-seq	Homo sapiens skeletal muscle myoblast male adult (22 years)	Bradley Bernstein, Broad	CL:0000515	skeletal muscle myoblast	primary cell	musculature of body	myoblast,embryonic cell	mesoderm	musculature	Homo sapiens	ENCDO341XKY	male	adult	22	year	European	single-ended	Illumina Genome Analyzer IIe	2	2	isogenic	2011-02-10	released	2	1402306884.0
ENCSR000ANN	True			Control ChIP-seq	Homo sapiens skeletal muscle myoblast male adult (22 years)	Bradley Bernstein, Broad	CL:0000515	skeletal muscle myoblast	primary cell	musculature of body	myoblast,embryonic cell	mesoderm	musculature	Homo sapiens	ENCDO341XKY	male	adult	22	year	European	single-ended	Illumina Genome Analyzer IIx	2	2	isogenic	2011-02-10	released	2	1200767891.0
ENCSR000ANP	False	ENCSR000AMI	H3K27ac	Histone ChIP-seq	Homo sapiens H1	Bradley Bernstein, Broad	EFO:0003042	H1	cell line	embryo	stem cell,embryonic cell			Homo sapiens	ENCDO000AAW	male	embryonic				single-ended	Illumina Genome Analyzer IIx	2	2	isogenic	2011-02-10	released	2	1487780114.0
ENCSR000ANT	True			Control ChIP-seq	Homo sapiens myotube originated from skeletal muscle myoblast	Bradley Bernstein, Broad	CL:0002372	myotube	in vitro differentiated cells	musculature of body		mesoderm	musculature	Homo sapiens	ENCDO341XKY	male	adult	22	year	European	single-ended	Illumina Genome Analyzer II	2	3	isogenic	2011-02-10	released	2	2987119268.0
ENCSR000ANV	False	ENCSR000ANT	H3K27ac	Histone ChIP-seq	Homo sapiens myotube originated from skeletal muscle myoblast	Bradley Bernstein, Broad	CL:0002372	myotube	in vitro differentiated cells	musculature of body		mesoderm	musculature	Homo sapiens	ENCDO341XKY	male	adult	22	year	European	single-ended	Illumina Genome Analyzer IIe	2	2	isogenic	2011-02-10	released	2	804110866.0
ENCSR000AOB	True			Control ChIP-seq	Homo sapiens HeLa-S3	Bradley Bernstein, Broad	EFO:0002791	HeLa-S3	cell line	uterus,epithelium	epithelial cell,cancer cell		reproductive system	Homo sapiens	ENCDO000AAB	female	adult	31	year	African American	single-ended	Illumina Genome Analyzer IIx	2	2	isogenic	2011-02-10	released	2	4090460448.0
ENCSR000AOC	False	ENCSR000AOB	H3K27ac	Histone ChIP-seq	Homo sapiens HeLa-S3	Bradley Bernstein, Broad	EFO:0002791	HeLa-S3	cell line	uterus,epithelium	epithelial cell,cancer cell		reproductive system	Homo sapiens	ENCDO000AAB	female	adult	31	year	African American	single-ended	Illumina Genome Analyzer IIx	2	2	isogenic	2011-02-10	released	2	1900101378.0
ENCSR000AOP	True			Control ChIP-seq	Homo sapiens astrocyte	Bradley Bernstein, Broad	CL:0000127	astrocyte	primary cell	spinal cord,brain	neural cell	ectoderm	central nervous system	Homo sapiens	ENCDO916IIE	unknown	unknown	unknown			single-ended	Illumina Genome Analyzer IIx	2	4	isogenic	2011-02-10	released	6	6383389776.0
ENCSR000AOQ	False	ENCSR000AOP	H3K27ac	Histone ChIP-seq	Homo sapiens astrocyte	Bradley Bernstein, Broad	CL:0000127	astrocyte	primary cell	spinal cord,brain	neural cell	ectoderm	central nervous system	Homo sapiens	ENCDO916IIE	unknown	unknown	unknown			single-ended	Illumina Genome Analyzer IIe	2	2	isogenic	2011-02-10	released	2	1001586091.0
ENCSR000APH	False	ENCSR000APU	H3K27ac	Histone ChIP-seq	Homo sapiens osteoblast	Bradley Bernstein, Broad	CL:0000062	osteoblast	primary cell	connective tissue	connective tissue cell	ectoderm,mesoderm	skeletal system	Homo sapiens	ENCDO271AAA	unknown	unknown	unknown			single-ended	Illumina Genome Analyzer IIe	2	2	anisogenic	2011-02-10	released	2	2617746525.0
ENCSR000APN	False	ENCSR000APT	H3K27ac	Histone ChIP-seq	Homo sapiens fibroblast of dermis	Bradley Bernstein, Broad	CL:0002551	fibroblast of dermis	primary cell	skin of body,connective tissue	fibroblast,connective tissue cell	mesoderm,ectoderm	integumental system	Homo sapiens	ENCDO759UVX	unknown					single-ended	Illumina Genome Analyzer II	2	2	isogenic	2011-02-10	released	2	2515130662.0
ENCSR000APT	True			Control ChIP-seq	Homo sapiens fibroblast of dermis	Bradley Bernstein, Broad	CL:0002551	fibroblast of dermis	primary cell	skin of body,connective tissue	fibroblast,connective tissue cell	mesoderm,ectoderm	integumental system	Homo sapiens	ENCDO759UVX	unknown					single-ended	Illumina Genome Analyzer IIx	3	4	isogenic	2011-02-10	released	6	5159117077.0
ENCSR000APU	True			Control ChIP-seq	Homo sapiens osteoblast	Bradley Bernstein, Broad	CL:0000062	osteoblast	primary cell	connective tissue	connective tissue cell	ectoderm,mesoderm	skeletal system	Homo sapiens	ENCDO271AAA	unknown	unknown	unknown			single-ended	Illumina Genome Analyzer II	3	4	anisogenic	2011-02-10	released	2	2881961256.0
ENCSR000AQW	False	ENCSR000ASA	H3K27ac	Histone ChIP-seq	Homo sapiens DND-41	Bradley Bernstein, Broad	EFO:0007074	DND-41	cell line	blood,bodily fluid	T cell,leukocyte,hematopoietic cell	mesoderm	immune system	Homo sapiens	ENCDO183AAA	male	child	13	year		single-ended	Illumina Genome Analyzer IIx	2	2	isogenic	2012-03-06	released	2	3232670586.0
ENCSR000ASA	True			Control ChIP-seq	Homo sapiens DND-41	Bradley Bernstein, Broad	EFO:0007074	DND-41	cell line	blood,bodily fluid	T cell,leukocyte,hematopoietic cell	mesoderm	immune system	Homo sapiens	ENCDO183AAA	male	child	13	year		single-ended	Illumina Genome Analyzer	2	2	isogenic	2012-03-06	released	2	3138854298.0
ENCSR000ASJ	False	ENCSR000AUU	H3K27ac	Histone ChIP-seq	Homo sapiens CD14-positive monocyte female	Bradley Bernstein, Broad	CL:0001054	CD14-positive monocyte	primary cell	blood,bodily fluid	myeloid cell,hematopoietic cell,monocyte,leukocyte	mesoderm	immune system	Homo sapiens	ENCDO265AAA	female	unknown	unknown			single-ended	Illumina Genome Analyzer	2	2	isogenic	2012-08-06	released	2	1829979046.0
ENCSR000ASR	True			Control ChIP-seq	Homo sapiens A549 treated with 100 nM dexamethasone (agonist) for 1 hour	Bradley Bernstein, Broad	EFO:0001086	A549	cell line	lung	cancer cell	endoderm	respiratory system	Homo sapiens	ENCDO000AAZ	male	adult	58	year	European	single-ended	Illumina HiSeq 2000	3	3	isogenic	2012-08-06	released	2	1977760581.0
ENCSR000ASS	True			Control ChIP-seq	Homo sapiens A549 treated with 0.02% ethanol for 1 hour	Bradley Bernstein, Broad	EFO:0001086	A549	cell line	lung	cancer cell	endoderm	respiratory system	Homo sapiens	ENCDO000AAZ	male	adult	58	year	European	single-ended	Illumina HiSeq 2000	4	4	isogenic	2012-08-06	released	6	9693307927.0
ENCSR000AUI	False	ENCSR000ASS	H3K27ac	Histone ChIP-seq	Homo sapiens A549 treated with 0.02% ethanol for 1 hour	Bradley Bernstein, Broad	EFO:0001086	A549	cell line	lung	cancer cell	endoderm	respiratory system	Homo sapiens	ENCDO000AAZ	male	adult	58	year	European	single-ended	Illumina HiSeq 2000	2	2	isogenic	2012-08-06	released	2	2050896181.0
ENCSR000AUP	False	ENCSR000AUW	H3K27ac	Histone ChIP-seq	Homo sapiens B cell female adult (27 years)	Bradley Bernstein, Broad	CL:0000236	B cell	primary cell	blood,bodily fluid	leukocyte,B cell,hematopoietic cell	endoderm,mesoderm	immune system	Homo sapiens	ENCDO115AAA	female	adult	27	year	African American	single-ended	Illumina HiSeq 2000	2	2	isogenic	2012-08-06	released	2	4132906280.0
ENCSR000AUU	True			Control ChIP-seq	Homo sapiens CD14-positive monocyte female	Bradley Bernstein, Broad	CL:0001054	CD14-positive monocyte	primary cell	blood,bodily fluid	myeloid cell,hematopoietic cell,monocyte,leukocyte	mesoderm	immune system	Homo sapiens	ENCDO265AAA	female	unknown	unknown			single-ended	Illumina HiSeq 2000	3	3	isogenic	2012-08-06	released	4	4051065117.0
ENCSR000AUW	True			Control ChIP-seq	Homo sapiens B cell female adult (27 years)	Bradley Bernstein, Broad	CL:0000236	B cell	primary cell	blood,bodily fluid	leukocyte,B cell,hematopoietic cell	endoderm,mesoderm	immune system	Homo sapiens	ENCDO115AAA	female	adult	27	year	African American	single-ended	Illumina HiSeq 2000	1	1	unreplicated	2012-08-06	released	1	1781612092.0
ENCSR000AVF	False	ENCSR000ASR	H3K27ac	Histone ChIP-seq	Homo sapiens A549 treated with 100 nM dexamethasone (agonist) for 1 hour	Bradley Bernstein, Broad	EFO:0001086	A549	cell line	lung	cancer cell	endoderm	respiratory system	Homo sapiens	ENCDO000AAZ	male	adult	58	year	European	single-ended	Illumina HiSeq 2000	2	2	isogenic	2012-08-06	released	2	2546633773.0
ENCSR000DPL	False	ENCSR000DPN	H3K27ac	Histone ChIP-seq	Homo sapiens AG04450	John Stamatoyannopoulos, UW	EFO:0006270	AG04450	cell line	lung,connective tissue	fibroblast,connective tissue cell	endoderm	respiratory system	Homo sapiens	ENCDO001AAA	male	embryonic	12	week		single-ended	Illumina Genome Analyzer	1	1	unreplicated	2012-07-24	released	2	825414407.0
ENCSR000DPN	True			Control ChIP-seq	Homo sapiens AG04450	John Stamatoyannopoulos, UW	EFO:0006270	AG04450	cell line	lung,connective tissue	fibroblast,connective tissue cell	endoderm	respiratory system	Homo sapiens	ENCDO001AAA	male	embryonic	12	week		single-ended	Illumina Genome Analyzer	1	1	unreplicated	2011-02-11	released	1	985072339.0
ENCSR000EUT	False	ENCSR000EUX	H3K27ac	Histone ChIP-seq	Homo sapiens HCT116	Peggy Farnham, USC	EFO:0002824	HCT116	cell line	colon,epithelium,intestine,large intestine	cancer cell,epithelial cell	endoderm	digestive system	Homo sapiens	ENCDO000ABE	male	adult	48	year		single-ended	Illumina Genome Analyzer	2	2	isogenic	2012-06-15	released	2	1480053559.0
ENCSR000EUX	True			Control ChIP-seq	Homo sapiens HCT116	Peggy Farnham, USC	EFO:0002824	HCT116	cell line	intestine,colon,epithelium,large intestine	epithelial cell,cancer cell	endoderm	digestive system	Homo sapiens	ENCDO000ABE	male	adult	48	year		single-ended	Illumina Genome Analyzer	2	2	isogenic	2012-06-15	released	2	1541271608.0
ENCSR000EVA	True			Control ChIP-seq	Homo sapiens HEK293	Peggy Farnham, USC	EFO:0001182	HEK293	cell line	epithelium,kidney	epithelial cell	mesoderm	excretory system	Homo sapiens	ENCDO000ABF	female	embryonic	unknown			single-ended	Illumina Genome Analyzer	1	1	unreplicated	2011-10-29	released	1	935056647.0
ENCSR000EWR	False	ENCSR000EWW	H3K27ac	Histone ChIP-seq	Homo sapiens MCF-7	Peggy Farnham, USC	EFO:0001203	MCF-7	cell line	exocrine gland,epithelium,mammary gland	epithelial cell,cancer cell	ectoderm	exocrine system,integumental system	Homo sapiens	ENCDO000AAE	female	adult	69	year	European	single-ended	Illumina Genome Analyzer	2	2	isogenic	2012-06-15	released	2	2067624057.0
ENCSR000EWW	True			Control ChIP-seq	Homo sapiens MCF-7	Peggy Farnham, USC	EFO:0001203	MCF-7	cell line	mammary gland,epithelium,exocrine gland	epithelial cell,cancer cell	ectoderm	integumental system,exocrine system	Homo sapiens	ENCDO000AAE	female	adult	69	year	European	single-ended	Illumina Genome Analyzer	2	2	isogenic	2011-10-29	released	2	1417519715.0
ENCSR000EXK	False	ENCSR000EXM	H3K27ac	Histone ChIP-seq	Homo sapiens Panc1	Peggy Farnham, USC	EFO:0002713	Panc1	cell line	pancreas,epithelium	epithelial cell,cancer cell	endoderm	endocrine system	Homo sapiens	ENCDO000ABB	male	adult	56	year	European	single-ended	Illumina Genome Analyzer II	2	2	isogenic	2011-10-07	released	2	2544940248.0
ENCSR000EXM	True			Control ChIP-seq	Homo sapiens Panc1	Peggy Farnham, USC	EFO:0002713	Panc1	cell line	pancreas,epithelium	epithelial cell,cancer cell	endoderm	endocrine system	Homo sapiens	ENCDO000ABB	male	adult	56	year	European	single-ended	Illumina Genome Analyzer	1	1	unreplicated	2011-11-28	released	1	1595163256.0
ENCSR000FCH	False	ENCSR000EVA	H3K27ac	Histone ChIP-seq	Homo sapiens HEK293	Peggy Farnham, USC	EFO:0001182	HEK293	cell line	epithelium,kidney	epithelial cell	mesoderm	excretory system	Homo sapiens	ENCDO000ABF	female	embryonic	unknown			single-ended	Illumina Genome Analyzer IIx	2	3	isogenic	2014-07-07	released	3	735249037.0
ENCSR000FCU	False	ENCSR000FDA	H3K27ac	Histone ChIP-seq	Homo sapiens SK-N-SH	Peggy Farnham, USC	EFO:0003072	SK-N-SH	cell line	brain	neuroblastoma cell,cancer cell	ectoderm	central nervous system	Homo sapiens	ENCDO000ABD	female	child	4	year		single-ended	Illumina Genome Analyzer IIx	2	2	isogenic	2014-07-07	released	2	2408509497.0
ENCSR000FDA	True			Control ChIP-seq	Homo sapiens SK-N-SH	Peggy Farnham, USC	EFO:0003072	SK-N-SH	cell line	brain	neuroblastoma cell,cancer cell	ectoderm	central nervous system	Homo sapiens	ENCDO000ABD	female	child	4	year		single-ended	Illumina Genome Analyzer IIx	1	2	unreplicated	2014-07-07	released	2	1763518181.0
ENCSR000JGO	True			Control ChIP-seq	Homo sapiens brain microvascular endothelial cell	Michael Snyder, Stanford	CL:2000044	brain microvascular endothelial cell	primary cell	epithelium,vasculature,brain,blood vessel	endothelial cell,neural cell,epithelial cell	mesoderm,ectoderm	central nervous system,circulatory system	Homo sapiens	ENCDO227AAA	unknown	unknown	unknown			paired-ended	Illumina HiSeq 4000	1	1	unreplicated	2020-08-28	released	1	1799536018.0
ENCSR000NPF	False	ENCSR867SJE	H3K27ac	Histone ChIP-seq	Homo sapiens cardiac muscle cell originated from RUES2	Bradley Bernstein, Broad	CL:0000746	cardiac muscle cell	in vitro differentiated cells	musculature of body,heart	cardiocyte	mesoderm	musculature,circulatory system	Homo sapiens	ENCDO924HBJ	unknown	embryonic				single-ended	Illumina HiSeq 2500	2	2	isogenic	2016-11-12	released	10	6203875118.0
ENCSR001BSB	True			Control ChIP-seq	Homo sapiens IMR-90	Bing Ren, UCSD	EFO:0001196	IMR-90	cell line	connective tissue,lung	connective tissue cell,fibroblast	endoderm	respiratory system	Homo sapiens	ENCDO000AAX	female	embryonic	16	week	European	single-ended	Illumina Genome Analyzer II	1	2	unreplicated	2013-07-31	released	4	1395951316.0
ENCSR001KCX	True			Control ChIP-seq	Homo sapiens bipolar neuron originated from GM23338 treated with 0.5 μg/mL doxycycline hyclate for 4 days	Bradley Bernstein, Broad	CL:0000103	bipolar neuron	in vitro differentiated cells	eye,spinal cord,ear,brain	neural cell	ectoderm	central nervous system	Homo sapiens	ENCDO336AAA	male	adult	53	year	European	paired-ended	Illumina HiSeq 2500	2	2	isogenic	2015-08-03	released	4	10417527390.0
ENCSR001SHB	False	ENCSR854GEV	H3K27ac	Histone ChIP-seq	Homo sapiens stomach tissue male adult (34 years)	Bing Ren, UCSD	UBERON:0000945	stomach	tissue	stomach		endoderm	digestive system	Homo sapiens	ENCDO058AAA	male	adult	34	year	European	single-ended	Illumina Genome Analyzer	1	1	unreplicated	2013-07-31	released	1	889406928.0
ENCSR001UFN	True			Control ChIP-seq	Homo sapiens gastrocnemius medialis tissue female adult (53 years)	Bradley Bernstein, Broad	UBERON:0011907	gastrocnemius medialis	tissue	limb,musculature of body		mesoderm	musculature	Homo sapiens	ENCDO793LXB	female	adult	53	year		single-ended	Illumina HiSeq 2500	1	1	unreplicated	2016-11-03	released	4	3343583375.0
ENCSR002YRE	False	ENCSR001BSB,ENCSR704GTT	H3K27ac	Histone ChIP-seq	Homo sapiens IMR-90	Bing Ren, UCSD	EFO:0001196	IMR-90	cell line	connective tissue,lung	connective tissue cell,fibroblast	endoderm	respiratory system	Homo sapiens	ENCDO000AAX	female	embryonic	16	week	European	single-ended	Illumina Genome Analyzer II	2	3	isogenic	2013-07-31	released	5	2509038087.0
ENCSR004EKY	False	ENCSR020OIW	H3K27ac	Histone ChIP-seq	Homo sapiens muscle layer of colon tissue female adult (56 years)	Bradley Bernstein, Broad	UBERON:0012489	muscle layer of colon	tissue	colon,large intestine,intestine		endoderm	digestive system	Homo sapiens	ENCDO266YSK	female	adult	56	year	European	single-ended	Illumina HiSeq 2000	1	1	unreplicated	2013-07-31	released	2	1434835575.0
ENCSR004HIE	False	ENCSR634QZP	H3K27ac	Histone ChIP-seq	Homo sapiens dorsolateral prefrontal cortex tissue female adult (90 or above years)	Bradley Bernstein, Broad	UBERON:0009834	dorsolateral prefrontal cortex	tissue	brain		ectoderm	central nervous system	Homo sapiens	ENCDO101GPB	female	adult	90 or above	year	European	single-ended	Illumina NextSeq 500	1	2	unreplicated	2021-09-21	released	8	2144505469.0
ENCSR004YQD	False	ENCSR293ZPH	H3K27ac	Histone ChIP-seq	Homo sapiens dorsolateral prefrontal cortex tissue female adult (87 years)	Bradley Bernstein, Broad	UBERON:0009834	dorsolateral prefrontal cortex	tissue	brain		ectoderm	central nervous system	Homo sapiens	ENCDO640RUC	female	adult	87	year	European	single-ended	Illumina NextSeq 500	1	2	unreplicated	2021-06-24	released	8	2158588031.0
ENCSR006ANF	False	ENCSR871SEB	H3K27ac	Histone ChIP-seq	Homo sapiens BLaER1 12 hours after the sample was treated with 100 nM 17β-estradiol, 10 ng/mL Interleukin-3, 10 ng/mL CSF1	Roderic Guigo, CRG	EFO:0030018	BLaER1	cell line	bone marrow,bone element		mesoderm	immune system,skeletal system	Homo sapiens	ENCDO305PTK	female					single-ended	Illumina HiSeq 2000	2	2	isogenic	2022-05-10	released	2	5928156650.0
ENCSR007HLH	False	ENCSR247BVB	H3K27ac	Histone ChIP-seq	Homo sapiens CD8-positive, alpha-beta T cell male adult (21 years)	John Stamatoyannopoulos, UW	CL:0000625	CD8-positive, alpha-beta T cell	primary cell	bodily fluid,blood	leukocyte,CD8+ T cell,T cell,hematopoietic cell	mesoderm,endoderm	immune system	Homo sapiens	ENCDO190HXC	male	adult	21	year	European	single-ended	Illumina HiSeq 2000	1	1	unreplicated	2013-07-31	released	2	1810299335.0
ENCSR007WYC	True			Control ChIP-seq	Homo sapiens ascending aorta tissue female adult (53 years)	Bradley Bernstein, Broad	UBERON:0001496	ascending aorta	tissue	vasculature,blood vessel,arterial blood vessel		mesoderm	circulatory system	Homo sapiens	ENCDO793LXB	female	adult	53	year		single-ended	Illumina HiSeq 2500	1	2	unreplicated	2016-11-03	released	4	3604331820.0
ENCSR007YOT	False	ENCSR922FLS	H3K27ac	Histone ChIP-seq	Homo sapiens GM23248	Bradley Bernstein, Broad	EFO:0005723	GM23248	cell line	connective tissue,skin of body,limb	fibroblast,connective tissue cell	ectoderm	integumental system	Homo sapiens	ENCDO336AAA	male	adult	53	year	European	single-ended	Illumina HiSeq 2500	2	2	isogenic	2016-05-03	released	2	3265672887.0
ENCSR010OVI	False	ENCSR841CWN	H3K27ac	Histone ChIP-seq	Homo sapiens BLaER1 72 hours after the sample was treated with 100 nM 17β-estradiol, 10 ng/mL Interleukin-3, 10 ng/mL CSF1	Roderic Guigo, CRG	EFO:0030018	BLaER1	cell line	bone marrow,bone element		mesoderm	immune system,skeletal system	Homo sapiens	ENCDO305PTK	female					single-ended	Illumina HiSeq 2000	2	2	isogenic	2022-05-10	released	2	5370202962.0
ENCSR011BHU	False	ENCSR258GSA	H3K27ac	Histone ChIP-seq	Homo sapiens dorsolateral prefrontal cortex tissue female adult (84 years)	Bradley Bernstein, Broad	UBERON:0009834	dorsolateral prefrontal cortex	tissue	brain		ectoderm	central nervous system	Homo sapiens	ENCDO461DJY	female	adult	84	year	European	single-ended	Illumina NextSeq 500	1	2	unreplicated	2021-05-06	released	8	2246281931.0
ENCSR011GWK	True			Control ChIP-seq	Homo sapiens PC-9	Bradley Bernstein, Broad	EFO:0002847	PC-9	cell line	lung	cancer cell	endoderm	respiratory system	Homo sapiens	ENCDO647UHQ	unknown					paired-ended	Illumina HiSeq 2500	2	2	isogenic	2016-05-06	released	9	11000755279.0
ENCSR011MGQ	False	ENCSR570YPW	H3K27ac	Histone ChIP-seq	Homo sapiens subcutaneous abdominal adipose tissue tissue nuclear fraction female adult (49 years)	Bradley Bernstein, Broad	UBERON:0014455	subcutaneous abdominal adipose tissue	tissue	connective tissue,adipose tissue		mesoderm	integumental system	Homo sapiens	ENCDO622KQK	female	adult	49	year		single-ended	Illumina HiSeq 2000	1	1	unreplicated	2013-07-31	released	2	907356301.0
ENCSR012PII	False	ENCSR444GJM	H3K27ac	Histone ChIP-seq	Homo sapiens CD14-positive monocyte male adult (21 years)	John Stamatoyannopoulos, UW	CL:0001054	CD14-positive monocyte	primary cell	bodily fluid,blood	leukocyte,hematopoietic cell,myeloid cell,monocyte	mesoderm	immune system	Homo sapiens	ENCDO190HXC	male	adult	21	year	European	single-ended	Illumina HiSeq 2000	1	1	unreplicated	2013-07-31	released	2	1405956680.0
ENCSR013KEC	False	ENCSR843OBM,ENCSR633OJL	H3K27ac	Histone ChIP-seq	Homo sapiens mesenchymal stem cell originated from H1	Bing Ren, UCSD	CL:0000134	mesenchymal stem cell	in vitro differentiated cells	connective tissue	stem cell,connective tissue cell	mesoderm		Homo sapiens	ENCDO000AAW	male	embryonic				single-ended	Illumina HiSeq 2000	2	2	isogenic	2013-07-31	released	2	10354057114.0
ENCSR014TDK	False	ENCSR617MEB	H3K27ac	Histone ChIP-seq	Homo sapiens temporal lobe tissue male adult (81 years)	Bradley Bernstein, Broad	UBERON:0001871	temporal lobe	tissue	brain		ectoderm	central nervous system	Homo sapiens	ENCDO980BZD	male	adult	81	year		single-ended	Illumina HiSeq 2000	1	1	unreplicated	2013-07-31	released	6	1579894012.0
ENCSR015GFK	False	ENCSR158PLZ	H3K27ac	Histone ChIP-seq	Homo sapiens thoracic aorta tissue male adult (37 years)	Bradley Bernstein, Broad	UBERON:0001515	thoracic aorta	tissue	vasculature,blood vessel,arterial blood vessel		mesoderm	circulatory system	Homo sapiens	ENCDO845WKR	male	adult	37	year		single-ended	Illumina HiSeq 2500	2	2	isogenic	2016-11-15	released	2	5473108154.0
ENCSR016XBE	False	ENCSR583DLA	H3K27ac	Histone ChIP-seq	Homo sapiens dorsolateral prefrontal cortex tissue female adult (75 years)	Bradley Bernstein, Broad	UBERON:0009834	dorsolateral prefrontal cortex	tissue	brain		ectoderm	central nervous system	Homo sapiens	ENCDO871IWW	female	adult	75	year		single-ended	Illumina HiSeq 2000	1	1	unreplicated	2013-07-31	released	2	834376214.0
ENCSR018KWK	True			Control ChIP-seq	Homo sapiens with Alzheimer's disease; dorsolateral prefrontal cortex tissue male adult (90 or above years)	Bradley Bernstein, Broad	UBERON:0009834	dorsolateral prefrontal cortex	tissue	brain		ectoderm	central nervous system	Homo sapiens	ENCDO197QVG	male	adult	90 or above	year	European	single-ended	Illumina NextSeq 500	1	2	unreplicated	2022-06-07	released	8	5111644618.0
ENCSR020OIW	True			Control ChIP-seq	Homo sapiens muscle layer of colon tissue female adult (56 years)	Bradley Bernstein, Broad	UBERON:0012489	muscle layer of colon	tissue	colon,large intestine,intestine		endoderm	digestive system	Homo sapiens	ENCDO266YSK	female	adult	56	year	European	single-ended	Illumina HiSeq 2000	1	1	unreplicated	2013-07-31	released	2	1458097398.0
ENCSR023HXE	True			Control ChIP-seq	Homo sapiens CD4-positive, alpha-beta T cell	Bradley Bernstein, Broad	CL:0000624	CD4-positive, alpha-beta T cell	primary cell	bodily fluid,blood	leukocyte,T cell,CD4+ T cell,hematopoietic cell	mesoderm,endoderm	immune system	Homo sapiens	ENCDO194EHQ	unknown	unknown				single-ended	Illumina HiSeq 2000	2	2	anisogenic	2013-07-31	released	6	3246235721.0
ENCSR025KPY	False	ENCSR086BNR	H3K27ac	Histone ChIP-seq	Homo sapiens dorsolateral prefrontal cortex tissue male adult (78 years)	Bradley Bernstein, Broad	UBERON:0009834	dorsolateral prefrontal cortex	tissue	brain		ectoderm	central nervous system	Homo sapiens	ENCDO623FPG	male	adult	78	year	European	single-ended	Illumina NextSeq 500	1	2	unreplicated	2021-05-06	released	8	3187277689.0
ENCSR027BPE	False	ENCSR204GMP	H3K27ac	Histone ChIP-seq	Homo sapiens A549 treated with 100 nM dexamethasone (agonist) for 10 minutes	Tim Reddy, Duke	EFO:0001086	A549	cell line	lung	cancer cell	endoderm	respiratory system	Homo sapiens	ENCDO000AAZ	male	adult	58	year	European	single-ended	Illumina HiSeq 4000	3	3	isogenic	2017-10-19	released	3	7880648642.0
ENCSR028NXO	False	ENCSR592KRF	H3K27ac	Histone ChIP-seq	Homo sapiens heart right ventricle tissue male child (3 years)	Bing Ren, UCSD	UBERON:0002080	heart right ventricle	tissue	heart		mesoderm	circulatory system	Homo sapiens	ENCDO478OMA	male	child	3	year		single-ended	Illumina Genome Analyzer	1	1	unreplicated	2013-07-31	released	1	1316453458.0
ENCSR028QEA	False	ENCSR128HTH	H3K27ac	Histone ChIP-seq	Homo sapiens placenta tissue embryo (16 weeks)	Joseph Costello, UCSF	UBERON:0001987	placenta	tissue	placenta,extraembryonic component		mesoderm	reproductive system	Homo sapiens	ENCDO918HJM	unknown	embryonic	16	week	Hispanic	single-ended	Illumina HiSeq 2000	1	1	unreplicated	2013-07-31	released	2	2414006255.0
ENCSR029SIG	False	ENCSR067CHO	H3K27ac	Histone ChIP-seq	Homo sapiens pancreas tissue female child (16 years)	Bradley Bernstein, Broad	UBERON:0001264	pancreas	tissue	pancreas		endoderm		Homo sapiens	ENCDO575EGL	female	child	16	year	European	single-ended	Illumina NextSeq 500	2	4	isogenic	2020-09-10	released	16	5509460320.0
ENCSR033XKQ	True			Control ChIP-seq	Homo sapiens skin epidermis tissue female adult (66 years)	Bradley Bernstein, Broad	UBERON:0001003	skin epidermis	tissue	epithelium,skin of body		ectoderm	integumental system	Homo sapiens	ENCDO017WNO	female	adult	66	year		single-ended	Illumina HiSeq 2500	1	1	unreplicated	2020-09-03	released	4	3404246982.0
ENCSR034RQV	False	ENCSR168STG	H3K27ac	Histone ChIP-seq	Homo sapiens parathyroid adenoma tissue male adult (65 years)	Bradley Bernstein, Broad	NTR:0001226	parathyroid adenoma	tissue	paraythroid gland		endoderm	endocrine system	Homo sapiens	ENCDO371NVV	male	adult	65	year		single-ended	Illumina HiSeq 2500	1	1	unreplicated	2017-12-05	released	2	3717570385.0
ENCSR034ZKE	False	ENCSR247XFQ	H3K27ac	Histone ChIP-seq	Homo sapiens breast epithelium tissue female adult (53 years)	Bradley Bernstein, Broad	UBERON:0008367	breast epithelium	tissue	epithelium,breast				Homo sapiens	ENCDO793LXB	female	adult	53	year		single-ended	Illumina HiSeq 2500	1	1	unreplicated	2016-11-03	released	2	2359658905.0
ENCSR038JBA	True			Control ChIP-seq	Homo sapiens UCSF-4	Joseph Costello, UCSF	EFO:0007116	UCSF-4	cell line	embryo	embryonic cell,stem cell			Homo sapiens	ENCDO499GAU	female	embryonic				single-ended	Illumina HiSeq 2000	2	2	isogenic	2013-07-31	released	4	4043639837.0
ENCSR039AHR	False	ENCSR566AUD	H3K27ac	Histone ChIP-seq	Homo sapiens BLaER1 6 hours after the sample was treated with 100 nM 17β-estradiol, 10 ng/mL Interleukin-3, 10 ng/mL CSF1	Roderic Guigo, CRG	EFO:0030018	BLaER1	cell line	bone marrow,bone element		mesoderm	immune system,skeletal system	Homo sapiens	ENCDO305PTK	female					single-ended	Illumina HiSeq 2000	2	2	isogenic	2022-05-10	released	2	5698096023.0
ENCSR041UZZ	False	ENCSR828DDP	H3K27ac	Histone ChIP-seq	Homo sapiens T-helper 17 cell treated with phorbol 13-acetate 12-myristate, ionomycin	Bradley Bernstein, Broad	CL:0000899	T-helper 17 cell	primary cell	bodily fluid,blood	leukocyte,T cell,CD4+ T cell,hematopoietic cell	mesoderm,endoderm	immune system	Homo sapiens	ENCDO194EHQ	unknown	unknown				single-ended	Illumina HiSeq 2000	1	1	unreplicated	2013-07-31	released	4	1916972621.0
ENCSR043UWF	True			Control ChIP-seq	Homo sapiens adrenal gland tissue female adult (53 years)	Bradley Bernstein, Broad	UBERON:0002369	adrenal gland	tissue	endocrine gland,adrenal gland		mesoderm,ectoderm	endocrine system	Homo sapiens	ENCDO793LXB	female	adult	53	year		single-ended	Illumina HiSeq 2500	1	1	unreplicated	2016-11-03	released	4	2953973699.0
ENCSR049JKQ	True			Control ChIP-seq	Homo sapiens heart right ventricle tissue female adult (59 years)	Bradley Bernstein, Broad	UBERON:0002080	heart right ventricle	tissue	heart		mesoderm	circulatory system	Homo sapiens	ENCDO856ZOJ	female	adult	59	year	European	single-ended	Illumina NextSeq 500	1	3	unreplicated	2021-09-21	released	12	4352254268.0
ENCSR049LCN	True			Control ChIP-seq	Homo sapiens heart right ventricle tissue male adult (34 years)	Bing Ren, UCSD	UBERON:0002080	heart right ventricle	tissue	heart		mesoderm	circulatory system	Homo sapiens	ENCDO058AAA	male	adult	34	year	European	single-ended	Illumina HiSeq 2000	1	1	unreplicated	2013-07-31	released	1	841458411.0
ENCSR051QLZ	False	ENCSR646FGM	H3K27ac	Histone ChIP-seq	Homo sapiens with Cognitive impairment; dorsolateral prefrontal cortex tissue female adult (81 years)	Bradley Bernstein, Broad	UBERON:0009834	dorsolateral prefrontal cortex	tissue	brain		ectoderm	central nervous system	Homo sapiens	ENCDO077CCP	female	adult	81	year	European	single-ended	Illumina NextSeq 500	1	2	unreplicated	2021-06-24	released	8	2316258058.0
ENCSR054BKO	False	ENCSR264DYL	H3K27ac	Histone ChIP-seq	Homo sapiens urinary bladder tissue male adult (34 years)	Bing Ren, UCSD	UBERON:0001255	urinary bladder	tissue	urinary bladder		mesoderm	excretory system	Homo sapiens	ENCDO058AAA	male	adult	34	year	European	single-ended	Illumina HiSeq 2000	1	1	unreplicated	2013-07-31	released	1	1449159615.0
ENCSR055XHN	True			Control ChIP-seq	Homo sapiens HepG2	Bradley Bernstein, Broad	EFO:0001187	HepG2	cell line	exocrine gland,epithelium,liver,endocrine gland	epithelial cell,cancer cell	endoderm	exocrine system,endocrine system,digestive system	Homo sapiens	ENCDO000AAC	male	child	15	year	European	single-ended	Illumina HiSeq 2500	3	4	isogenic	2017-02-06	released	12	9413119676.0
ENCSR055YMD	True			Control ChIP-seq	Homo sapiens amnion tissue male embryo (16 weeks)	Joseph Costello, UCSF	UBERON:0000305	amnion	tissue	placenta,extraembryonic component		mesoderm	reproductive system	Homo sapiens	ENCDO150YZC	male	embryonic	16	week	African American	single-ended	Illumina HiSeq 2000	1	1	unreplicated	2013-07-31	released	2	2547554753.0
ENCSR058XPK	True			Control ChIP-seq	Homo sapiens dorsolateral prefrontal cortex tissue male adult (83 years)	Bradley Bernstein, Broad	UBERON:0009834	dorsolateral prefrontal cortex	tissue	brain		ectoderm	central nervous system	Homo sapiens	ENCDO592ZWW	male	adult	83	year	European	single-ended	Illumina NextSeq 500	1	2	unreplicated	2021-09-21	released	12	3588581149.0
ENCSR059MVB	False	ENCSR836XKP	H3K27ac	Histone ChIP-seq	Homo sapiens ACC112	Bradley Bernstein, Broad	EFO:0007070	ACC112	cell line	exocrine gland,mouth,epithelium	epithelial cell,cancer cell		exocrine system,digestive system	Homo sapiens	ENCDO085ZKK	male	adult	70	year		single-ended	Illumina HiSeq 2500	2	3	isogenic	2014-09-04	released	3	2640865346.0
ENCSR059QYS	True			Control ChIP-seq	Homo sapiens with nonobstructive coronary artery disease; liver tissue male adult (32 years)	Bing Ren, UCSD	UBERON:0002107	liver	tissue	endocrine gland,liver,exocrine gland		endoderm	exocrine system,digestive system,endocrine system	Homo sapiens	ENCDO060AAA	male	adult	32	year	European	single-ended	Illumina HiSeq 2000	1	1	unreplicated	2013-07-31	released	1	2319686962.0
ENCSR059VTG	True			Control ChIP-seq	Homo sapiens tibial nerve tissue female adult (51 years)	Bradley Bernstein, Broad	UBERON:0001323	tibial nerve	tissue	nerve,limb		ectoderm	peripheral nervous system	Homo sapiens	ENCDO271OUW	female	adult	51	year		single-ended	Illumina HiSeq 2500	1	2	unreplicated	2018-12-11	released	4	4013628965.0
ENCSR061EXX	True			Control ChIP-seq	Homo sapiens heart left ventricle tissue male adult (66 years)	Bradley Bernstein, Broad	UBERON:0002084	heart left ventricle	tissue	heart		mesoderm	circulatory system	Homo sapiens	ENCDO926KEV	male	adult	66	year	European	single-ended	Illumina NextSeq 500	1	2	unreplicated	2021-09-21	released	8	3698077791.0
ENCSR061IAQ	False	ENCSR583MIW	H3K27ac	Histone ChIP-seq	Homo sapiens ovary tissue female adult (41 years)	Bradley Bernstein, Broad	UBERON:0000992	ovary	tissue	ovary,gonad			reproductive system	Homo sapiens	ENCDO575WHY	female	adult	41	year	European	single-ended	Illumina NextSeq 500	1	2	unreplicated	2022-06-09	released	8	2747887532.0
ENCSR061VJM	True			Control ChIP-seq	Homo sapiens lung tissue female adult (30 years)	Bing Ren, UCSD	UBERON:0002048	lung	tissue	lung		endoderm	respiratory system	Homo sapiens	ENCDO424HVB	female	adult	30	year	European	single-ended	Illumina HiSeq 2000	2	2	isogenic	2013-07-31	released	2	2109088626.0
ENCSR063AUO	True			Control ChIP-seq	Homo sapiens OCI-LY7	Bradley Bernstein, Broad	EFO:0006711	OCI-LY7	cell line	blood,bodily fluid	leukocyte,B cell,cancer cell,hematopoietic cell	mesoderm	immune system	Homo sapiens	ENCDO351AAA	male	adult	48	year		single-ended	Illumina HiSeq 2000	3	5	isogenic	2014-07-11	released	4	6542757648.0
ENCSR064RLF	True			Control ChIP-seq	Homo sapiens thymus tissue female embryo (110 days)	John Stamatoyannopoulos, UW	UBERON:0002370	thymus	tissue	immune organ,endocrine gland,thymus		endoderm,mesoderm	endocrine system,immune system	Homo sapiens	ENCDO711IWZ	female	embryonic	110	day		single-ended	Illumina HiSeq 2000	1	1	unreplicated	2013-07-31	released	2	1613196379.0
ENCSR065SKV	False		H3K27ac	Histone ChIP-seq	Homo sapiens CD14-positive monocyte	Manuel Garber, UMass	CL:0001054	CD14-positive monocyte	primary cell	bodily fluid,blood	leukocyte,myeloid cell,monocyte,hematopoietic cell	mesoderm	immune system	Homo sapiens	ENCDO984LDA	unknown					paired-ended	Illumina NextSeq 500	1	1	unreplicated	2017-10-12	released	1	511113267.0
ENCSR066GUY	False	ENCSR479BTD	H3K27ac	Histone ChIP-seq	Homo sapiens placental basal plate tissue male embryo (38 weeks)	Joseph Costello, UCSF	NTR:0003013	placental basal plate	tissue	placenta,extraembryonic component		mesoderm	reproductive system	Homo sapiens	ENCDO974LFM	male	embryonic	38	week		single-ended	Illumina HiSeq 2000	1	1	unreplicated	2013-07-31	released	2	3024740787.0
ENCSR067BGS	False	ENCSR534KYQ	H3K27ac	Histone ChIP-seq	Homo sapiens with Alzheimer's disease, Cognitive impairment; dorsolateral prefrontal cortex tissue male adult (87 years)	Bradley Bernstein, Broad	UBERON:0009834	dorsolateral prefrontal cortex	tissue	brain		ectoderm	central nervous system	Homo sapiens	ENCDO776JEI	male	adult	87	year	European	single-ended	Illumina NextSeq 500	1	2	unreplicated	2021-06-24	released	8	2298413102.0
ENCSR067CHO	True			Control ChIP-seq	Homo sapiens pancreas tissue female child (16 years)	Bradley Bernstein, Broad	UBERON:0001264	pancreas	tissue	pancreas		endoderm		Homo sapiens	ENCDO575EGL	female	child	16	year	European	single-ended	Illumina NextSeq 500	1	2	unreplicated	2020-07-06	released	8	5791625471.0
ENCSR069EGE	False	ENCSR651ISB	H3K27ac	Histone ChIP-seq	Homo sapiens transverse colon tissue male adult (54 years)	Bradley Bernstein, Broad	UBERON:0001157	transverse colon	tissue	intestine,colon,large intestine		endoderm	digestive system	Homo sapiens	ENCDO451RUA	male	adult	54	year		single-ended	Illumina HiSeq 2500	3	4	isogenic	2017-10-30	released	10	6837944894.0
ENCSR069UMW	False	ENCSR007WYC	H3K27ac	Histone ChIP-seq	Homo sapiens ascending aorta tissue female adult (53 years)	Bradley Bernstein, Broad	UBERON:0001496	ascending aorta	tissue	vasculature,blood vessel,arterial blood vessel		mesoderm	circulatory system	Homo sapiens	ENCDO793LXB	female	adult	53	year		single-ended	Illumina HiSeq 2500	1	1	unreplicated	2016-11-03	released	2	1919455838.0
ENCSR071DPR	True			Control ChIP-seq	Homo sapiens with squamous cell carcinoma; skin epidermis tissue male adult (75 years)	Bradley Bernstein, Broad	UBERON:0001003	skin epidermis	tissue	epithelium,skin of body		ectoderm	integumental system	Homo sapiens	ENCDO317WFZ	male	adult	75	year		single-ended	Illumina HiSeq 2500	1	1	unreplicated	2020-09-03	released	2	4173175087.0
ENCSR071ILJ	True			Control ChIP-seq	Homo sapiens adrenal gland tissue female adult (41 years)	Bradley Bernstein, Broad	UBERON:0002369	adrenal gland	tissue	adrenal gland,endocrine gland		ectoderm,mesoderm	endocrine system	Homo sapiens	ENCDO575WHY	female	adult	41	year	European	single-ended	Illumina NextSeq 500	2	4	isogenic	2020-07-06	released	16	10521605834.0
ENCSR072QNY	True			Control ChIP-seq	Homo sapiens CD8-positive, alpha-beta T cell	Bradley Bernstein, Broad	CL:0000625	CD8-positive, alpha-beta T cell	primary cell	bodily fluid,blood	leukocyte,CD8+ T cell,T cell,hematopoietic cell	mesoderm,endoderm	immune system	Homo sapiens	ENCDO922CEJ	unknown	unknown				single-ended	Illumina HiSeq 2000	2	2	anisogenic	2013-07-31	released	6	2231292741.0
ENCSR074ECR	False	ENCSR652ULP	H3K27ac	Histone ChIP-seq	Homo sapiens right cardiac atrium tissue male adult (34 years)	Bing Ren, UCSD	UBERON:0002078	right cardiac atrium	tissue	heart		mesoderm	circulatory system	Homo sapiens	ENCDO058AAA	male	adult	34	year	European	single-ended	Illumina HiSeq 2000	1	1	unreplicated	2013-07-31	released	1	2779351551.0
ENCSR074WNF	True			Control ChIP-seq	Homo sapiens CD4-positive, alpha-beta T cell male adult (21 years)	John Stamatoyannopoulos, UW	CL:0000624	CD4-positive, alpha-beta T cell	primary cell	bodily fluid,blood	leukocyte,T cell,CD4+ T cell,hematopoietic cell	mesoderm,endoderm	immune system	Homo sapiens	ENCDO190HXC	male	adult	21	year	European	single-ended	Illumina HiSeq 2000	1	1	unreplicated	2013-07-31	released	2	2030056123.0
ENCSR078LIZ	False	ENCSR557RJE	H3K27ac	Histone ChIP-seq	Homo sapiens colonic mucosa tissue female adult (41 years)	Bradley Bernstein, Broad	UBERON:0000317	colonic mucosa	tissue	colon,intestine,large intestine		endoderm	digestive system	Homo sapiens	ENCDO575WHY	female	adult	41	year	European	single-ended	Illumina NextSeq 500	1	2	unreplicated	2021-06-24	released	8	3136267657.0
ENCSR079HOU	True			Control ChIP-seq	Homo sapiens cingulate gyrus tissue female adult (75 years)	Bradley Bernstein, Broad	UBERON:0002967	cingulate gyrus	tissue	brain		ectoderm	central nervous system	Homo sapiens	ENCDO871IWW	female	adult	75	year		single-ended	Illumina Genome Analyzer IIx	1	1	unreplicated	2013-07-31	released	2	1941034663.0
ENCSR080WMI	True			Control ChIP-seq	Homo sapiens mesendoderm originated from H1	Bing Ren, UCSD	NTR:0000856	mesendoderm	in vitro differentiated cells	embryo		endoderm,mesoderm		Homo sapiens	ENCDO000AAW	male	embryonic				single-ended	Illumina Genome Analyzer IIx	1	1	unreplicated	2013-07-31	released	1	1492367360.0
ENCSR081OTO	False	ENCSR980TBV	H3K27ac	Histone ChIP-seq	Homo sapiens breast epithelium tissue female adult (51 years)	Bradley Bernstein, Broad	UBERON:0008367	breast epithelium	tissue	breast,epithelium				Homo sapiens	ENCDO271OUW	female	adult	51	year		single-ended	Illumina HiSeq 2500	1	2	unreplicated	2019-09-11	released	8	7251845362.0
ENCSR082SHT	False	ENCSR163VJS	H3K27ac	Histone ChIP-seq	Homo sapiens adipose tissue tissue male adult (34 years)	Bing Ren, UCSD	UBERON:0001013	adipose tissue	tissue	connective tissue,adipose tissue		mesoderm		Homo sapiens	ENCDO058AAA	male	adult	34	year	European	single-ended	Illumina HiSeq 2000	1	1	unreplicated	2013-07-31	released	1	941317934.0
ENCSR085WWL	True			Control ChIP-seq	Homo sapiens A549	Tim Reddy, Duke	EFO:0001086	A549	cell line	lung	cancer cell	endoderm	respiratory system	Homo sapiens	ENCDO000AAZ	male	adult	58	year	European	single-ended	Illumina HiSeq 4000	3	3	isogenic	2017-10-19	released	3	3844906766.0
ENCSR086BNR	True			Control ChIP-seq	Homo sapiens dorsolateral prefrontal cortex tissue male adult (78 years)	Bradley Bernstein, Broad	UBERON:0009834	dorsolateral prefrontal cortex	tissue	brain		ectoderm	central nervous system	Homo sapiens	ENCDO623FPG	male	adult	78	year	European	single-ended	Illumina NextSeq 500	1	2	unreplicated	2021-04-12	released	8	3724857789.0
ENCSR086NVH	True			Control ChIP-seq	Homo sapiens iPS DF 19.11	Bing Ren, UCSD	EFO:0007096	iPS DF 19.11	cell line	skin of prepuce of penis,penis,skin of body	induced pluripotent stem cell,stem cell	mesoderm,ectoderm	integumental system,reproductive system	Homo sapiens	ENCDO592CQV	male	newborn				single-ended	Illumina Genome Analyzer IIx	1	1	unreplicated	2013-07-31	released	1	323534220.0
ENCSR086QZY	False	ENCSR234FYG	H3K27ac	Histone ChIP-seq	Homo sapiens adrenal gland tissue female adult (51 years)	Bradley Bernstein, Broad	UBERON:0002369	adrenal gland	tissue	endocrine gland,adrenal gland		ectoderm,mesoderm	endocrine system	Homo sapiens	ENCDO271OUW	female	adult	51	year		single-ended	Illumina HiSeq 2500	1	2	unreplicated	2018-12-15	released	4	2438084419.0
ENCSR086XCT	False	ENCSR563OLJ	H3K27ac	Histone ChIP-seq	Homo sapiens spleen tissue female adult (30 years)	Bing Ren, UCSD	UBERON:0002106	spleen	tissue	spleen,immune organ		mesoderm	immune system,digestive system	Homo sapiens	ENCDO424HVB	female	adult	30	year	European	single-ended	Illumina HiSeq 2000	1	1	unreplicated	2013-07-31	released	1	1003566572.0
ENCSR089ZLR	True			Control ChIP-seq	Homo sapiens lower lobe of left lung tissue male adult (60 years)	Bradley Bernstein, Broad	UBERON:0008953	lower lobe of left lung	tissue	lung		endoderm	respiratory system	Homo sapiens	ENCDO520EJG	male	adult	60	year	European	single-ended	Illumina NextSeq 500	1	2	unreplicated	2020-07-06	released	8	3338354086.0
ENCSR091KXI	False	ENCSR152HLZ	H3K27ac	Histone ChIP-seq	Homo sapiens tibial nerve tissue male adult (54 years)	Bradley Bernstein, Broad	UBERON:0001323	tibial nerve	tissue	limb,nerve		ectoderm	peripheral nervous system	Homo sapiens	ENCDO451RUA	male	adult	54	year		single-ended	Illumina HiSeq 2500	1	2	unreplicated	2019-02-12	released	4	2887668655.0
ENCSR094VJC	False	ENCSR754WVA	H3K27ac	Histone ChIP-seq	Homo sapiens adrenal gland tissue male adult (37 years)	Bradley Bernstein, Broad	UBERON:0002369	adrenal gland	tissue	endocrine gland,adrenal gland		mesoderm,ectoderm	endocrine system	Homo sapiens	ENCDO845WKR	male	adult	37	year		single-ended	Illumina HiSeq 2500	1	1	unreplicated	2016-08-09	released	1	1405671132.0
ENCSR095YMD	False	ENCSR474WLZ	H3K27ac	Histone ChIP-seq	Homo sapiens esophagus muscularis mucosa tissue female adult (53 years)	Bradley Bernstein, Broad	UBERON:0004648	esophagus muscularis mucosa	tissue	musculature of body,esophagus		mesoderm	digestive system,musculature	Homo sapiens	ENCDO793LXB	female	adult	53	year		single-ended	Illumina HiSeq 2500	1	1	unreplicated	2016-11-03	released	2	1950122581.0
ENCSR096QCF	True			Control ChIP-seq	Homo sapiens with Cognitive impairment; dorsolateral prefrontal cortex tissue female adult (90 or above years)	Bradley Bernstein, Broad	UBERON:0009834	dorsolateral prefrontal cortex	tissue	brain		ectoderm	central nervous system	Homo sapiens	ENCDO359XWR	female	adult	90 or above	year	European	single-ended	Illumina NextSeq 500	1	2	unreplicated	2021-04-12	released	8	5857104371.0
ENCSR099LGH	True			Control ChIP-seq	Homo sapiens body of pancreas tissue male adult (54 years)	Bradley Bernstein, Broad	UBERON:0001150	body of pancreas	tissue	pancreas		endoderm		Homo sapiens	ENCDO451RUA	male	adult	54	year		single-ended	Illumina HiSeq 2500	1	1	unreplicated	2016-05-26	released	5	6650700559.0
ENCSR099RQB	True			Control ChIP-seq	Homo sapiens sigmoid colon tissue male adult (37 years)	Bradley Bernstein, Broad	UBERON:0001159	sigmoid colon	tissue	intestine,colon,large intestine		endoderm	digestive system	Homo sapiens	ENCDO845WKR	male	adult	37	year		single-ended	Illumina HiSeq 2500	1	4	unreplicated	2018-12-14	released	8	13776425105.0
ENCSR102GGG	False		H3K27ac	Histone ChIP-seq	Homo sapiens CD14-positive monocyte	Manuel Garber, UMass	CL:0001054	CD14-positive monocyte	primary cell	bodily fluid,blood	leukocyte,myeloid cell,monocyte,hematopoietic cell	mesoderm	immune system	Homo sapiens	ENCDO456UXD	unknown					paired-ended	Illumina NextSeq 500	1	1	unreplicated	2017-10-12	released	1	400419098.0
ENCSR102XUM	False	ENCSR491TAD	H3K27ac	Histone ChIP-seq	Homo sapiens A549 treated with 100 nM dexamethasone (agonist) for 0.5 hours	Tim Reddy, Duke	EFO:0001086	A549	cell line	lung	cancer cell	endoderm	respiratory system	Homo sapiens	ENCDO000AAZ	male	adult	58	year	European	single-ended	Illumina HiSeq 2000	3	3	isogenic	2016-07-21	released	3	3824877516.0
ENCSR103IXF	True			Control ChIP-seq	Homo sapiens with Alzheimer's disease; dorsolateral prefrontal cortex tissue female adult (90 or above years)	Bradley Bernstein, Broad	UBERON:0009834	dorsolateral prefrontal cortex	tissue	brain		ectoderm	central nervous system	Homo sapiens	ENCDO597SRH	female	adult	90 or above	year	European	single-ended	Illumina NextSeq 500	2	4	isogenic	2022-06-07	released	28	5814422113.0
ENCSR105CRB	True			Control ChIP-seq	Homo sapiens with mild cognitive impairment; dorsolateral prefrontal cortex tissue male adult (90 or above years)	Bradley Bernstein, Broad	UBERON:0009834	dorsolateral prefrontal cortex	tissue	brain		ectoderm	central nervous system	Homo sapiens	ENCDO877NVF	male	adult	90 or above	year	European	single-ended	Illumina NextSeq 500	1	2	unreplicated	2021-09-21	released	8	3081966907.0
ENCSR105EMQ	False	ENCSR913DKN	H3K27ac	Histone ChIP-seq	Homo sapiens peripheral blood mononuclear cell male adult (39 years)	Joseph Costello, UCSF	CL:2000001	peripheral blood mononuclear cell	primary cell	bodily fluid,blood	leukocyte,mononuclear cell,hematopoietic cell	mesoderm	immune system	Homo sapiens	ENCDO424KSR	male	adult	39	year	European	single-ended	Illumina HiSeq 2000	1	1	unreplicated	2013-07-31	released	2	1622137256.0
ENCSR105VFR	False	ENCSR979YKY	H3K27ac	Histone ChIP-seq	Homo sapiens heart left ventricle tissue male adult (55 years)	Bradley Bernstein, Broad	UBERON:0002084	heart left ventricle	tissue	heart		mesoderm	circulatory system	Homo sapiens	ENCDO439CAZ	male	adult	55	year	European	single-ended	Illumina NextSeq 500	1	2	unreplicated	2022-06-09	released	8	3491023962.0
ENCSR107PGG	True			Control ChIP-seq	Homo sapiens hepatocyte originated from H9	Bradley Bernstein, Broad	CL:0000182	hepatocyte	in vitro differentiated cells	endocrine gland,liver,epithelium,exocrine gland	epithelial cell	endoderm	digestive system,exocrine system,endocrine system	Homo sapiens	ENCDO222AAA	female	embryonic	5	day		single-ended	Illumina HiSeq 2500	2	3	isogenic	2016-04-27	released	5	9141750551.0
ENCSR107RQX	True			Control ChIP-seq	Homo sapiens large intestine tissue male embryo (108 days)	John Stamatoyannopoulos, UW	UBERON:0000059	large intestine	tissue	large intestine,intestine		endoderm	digestive system	Homo sapiens	ENCDO119ASK	male	embryonic	108	day		single-ended	Illumina HiSeq 2000	1	1	unreplicated	2013-07-31	released	2	1608735910.0
ENCSR108NVQ	False	ENCSR214UPJ	H3K27ac	Histone ChIP-seq	Homo sapiens foreskin fibroblast male newborn	Joseph Costello, UCSF	CL:1001608	foreskin fibroblast	primary cell	connective tissue,penis,skin of body	fibroblast,connective tissue cell	mesoderm,ectoderm	integumental system,reproductive system	Homo sapiens	ENCDO047TBB	male	newborn				paired-ended	Illumina HiSeq 2000	1	1	unreplicated	2013-07-31	released	2	2211756291.0
ENCSR109IWL	True			Control ChIP-seq	Homo sapiens heart left ventricle tissue male adult (43 years)	Bradley Bernstein, Broad	UBERON:0002084	heart left ventricle	tissue	heart		mesoderm	circulatory system	Homo sapiens	ENCDO967KID	male	adult	43	year	European	single-ended	Illumina NextSeq 500	1	2	unreplicated	2021-09-21	released	8	4738669896.0
ENCSR111QCU	False	ENCSR000JGO	H3K27ac	Histone ChIP-seq	Homo sapiens brain microvascular endothelial cell	Michael Snyder, Stanford	CL:2000044	brain microvascular endothelial cell	primary cell	epithelium,vasculature,brain,blood vessel	endothelial cell,neural cell,epithelial cell	mesoderm,ectoderm	central nervous system,circulatory system	Homo sapiens	ENCDO227AAA	unknown	unknown	unknown			paired-ended	Illumina HiSeq 4000	2	2	isogenic	2020-08-28	released	2	9375507853.0
ENCSR111ZAD	True			Control ChIP-seq	Homo sapiens with basal cell carcinoma; skin epidermis tissue female adult (48 years)	Bradley Bernstein, Broad	UBERON:0001003	skin epidermis	tissue	epithelium,skin of body		ectoderm	integumental system	Homo sapiens	ENCDO615YQP	female	adult	48	year		single-ended	Illumina HiSeq 2500	1	1	unreplicated	2020-09-03	released	4	3830470861.0
ENCSR113CMI	True			Control ChIP-seq	Homo sapiens foreskin keratinocyte male newborn (2-4 days) treated with 1.2 mM calcium for 2.5 days	Michael Snyder, Stanford	CL:1001606	foreskin keratinocyte	primary cell	epithelium,penis,skin of body	keratinocyte,epithelial cell	mesoderm,ectoderm	reproductive system,integumental system	Homo sapiens	ENCDO005EGE	male	newborn	2-4	day		paired-ended	Illumina HiSeq 4000	2	2	anisogenic	2017-10-10	released	2	6835785942.0
ENCSR113QDZ	True			Control ChIP-seq	Homo sapiens prostate gland tissue male adult (54 years)	Bradley Bernstein, Broad	UBERON:0002367	prostate gland	tissue	prostate gland		mesoderm,endoderm	reproductive system	Homo sapiens	ENCDO451RUA	male	adult	54	year		single-ended	Illumina HiSeq 2500	2	2	isogenic	2017-08-28	released	4	7244286848.0
ENCSR113XPE	True			Control ChIP-seq	Homo sapiens spinal cord tissue female embryo (108 days)	John Stamatoyannopoulos, UW	UBERON:0002240	spinal cord	tissue	spinal cord		ectoderm	central nervous system	Homo sapiens	ENCDO176AAI	female	embryonic	108	day		single-ended	Illumina HiSeq 2000	1	1	unreplicated	2013-07-31	released	2	948406419.0
ENCSR116MKX	False	ENCSR708TMV	H3K27ac	Histone ChIP-seq	Homo sapiens with mild cognitive impairment; dorsolateral prefrontal cortex tissue female adult (88 years)	Bradley Bernstein, Broad	UBERON:0009834	dorsolateral prefrontal cortex	tissue	brain		ectoderm	central nervous system	Homo sapiens	ENCDO151OJB	female	adult	88	year	European	single-ended	Illumina NextSeq 500	1	2	unreplicated	2021-06-24	released	8	2014819683.0
ENCSR116QUS	True			Control ChIP-seq	Homo sapiens aorta tissue female adult (30 years)	Bing Ren, UCSD	UBERON:0000947	aorta	tissue	arterial blood vessel,vasculature,blood vessel		mesoderm	circulatory system	Homo sapiens	ENCDO424HVB	female	adult	30	year	European	single-ended	Illumina HiSeq 2000	1	2	unreplicated	2013-07-31	released	2	3040794409.0
ENCSR118FQN	True			Control ChIP-seq	Homo sapiens Peyer's patch tissue male adult (54 years)	Bradley Bernstein, Broad	UBERON:0001211	Peyer's patch	tissue	intestine,lymphoid tissue		endoderm,mesoderm	immune system,digestive system	Homo sapiens	ENCDO451RUA	male	adult	54	year		single-ended	Illumina HiSeq 2500	1	2	unreplicated	2019-02-08	released	4	5320030997.0
ENCSR119AVG	True			Control ChIP-seq	Homo sapiens spleen tissue female adult (61 years)	Bradley Bernstein, Broad	UBERON:0002106	spleen	tissue	spleen,immune organ		mesoderm	immune system,digestive system	Homo sapiens	ENCDO186XRB	female	adult	61	year	European	single-ended	Illumina NextSeq 500	1	2	unreplicated	2021-06-21	released	8	3660110465.0
ENCSR119XNK	False	ENCSR683VJG	H3K27ac	Histone ChIP-seq	Homo sapiens right lobe of liver tissue female child (16 years)	Bradley Bernstein, Broad	UBERON:0001114	right lobe of liver	tissue	endocrine gland,liver,exocrine gland		endoderm	exocrine system,digestive system,endocrine system	Homo sapiens	ENCDO575EGL	female	child	16	year	European	single-ended	Illumina NextSeq 500	1	2	unreplicated	2022-06-09	released	8	2589077903.0
ENCSR120ITZ	True			Control ChIP-seq	Homo sapiens heart left ventricle tissue female adult (59 years)	Bradley Bernstein, Broad	UBERON:0002084	heart left ventricle	tissue	heart		mesoderm	circulatory system	Homo sapiens	ENCDO856ZOJ	female	adult	59	year	European	single-ended	Illumina NextSeq 500	1	2	unreplicated	2020-07-06	released	8	2950414801.0
ENCSR120WKZ	False	ENCSR644CBZ,ENCSR792FSD	H3K27ac	Histone ChIP-seq	Homo sapiens naive thymus-derived CD4-positive, alpha-beta T cell	Bradley Bernstein, Broad	CL:0000895	naive thymus-derived CD4-positive, alpha-beta T cell	primary cell	bodily fluid,blood	leukocyte,T cell,CD4+ T cell,hematopoietic cell	mesoderm,endoderm	immune system	Homo sapiens	ENCDO688UWB	unknown	unknown				single-ended	Illumina HiSeq 2000	2	2	anisogenic	2013-07-31	released	6	1591105554.0
ENCSR122GIL	True			Control ChIP-seq	Homo sapiens coronary artery tissue female adult (53 years)	Bradley Bernstein, Broad	UBERON:0001621	coronary artery	tissue	arterial blood vessel,blood vessel,vasculature,heart		mesoderm	circulatory system	Homo sapiens	ENCDO793LXB	female	adult	53	year		single-ended	Illumina HiSeq 2500	1	1	unreplicated	2016-11-03	released	2	3791829945.0
ENCSR123HEE	False	ENCSR126ZPV	H3K27ac	Histone ChIP-seq	Homo sapiens layer of hippocampus tissue female adult (75 years)	Bradley Bernstein, Broad	UBERON:0002305	layer of hippocampus	tissue	brain		ectoderm	central nervous system	Homo sapiens	ENCDO871IWW	female	adult	75	year		single-ended	Illumina HiSeq 2000	1	1	unreplicated	2013-07-31	released	2	766141580.0
ENCSR123WDC	True			Control ChIP-seq	Homo sapiens CD8-positive, alpha-beta memory T cell	Bradley Bernstein, Broad	CL:0000909	CD8-positive, alpha-beta memory T cell	primary cell	bodily fluid,blood	leukocyte,CD8+ T cell,T cell,hematopoietic cell		immune system	Homo sapiens	ENCDO688UWB	unknown	unknown				single-ended	Illumina HiSeq 2000	2	2	anisogenic	2013-07-31	released	6	2402472074.0
ENCSR124GAS	True			Control ChIP-seq	Homo sapiens Peyer's patch tissue female adult (53 years)	Bradley Bernstein, Broad	UBERON:0001211	Peyer's patch	tissue	intestine,lymphoid tissue		mesoderm,endoderm	immune system,digestive system	Homo sapiens	ENCDO793LXB	female	adult	53	year		single-ended	Illumina HiSeq 2500	1	1	unreplicated	2016-11-03	released	2	3766661371.0
ENCSR124KQG	True			Control ChIP-seq	Homo sapiens motor neuron	Michael Snyder, Stanford	CL:0000100	motor neuron	in vitro differentiated cells	spinal cord,brain	neural cell	ectoderm	central nervous system	Homo sapiens	ENCDO565NIZ	male	adult	47	year		paired-ended	Illumina NovaSeq 6000	1	1	unreplicated	2021-12-15	released	1	3684628595.0
ENCSR124VOE	False	ENCSR308JFE	H3K27ac	Histone ChIP-seq	Homo sapiens neural cell originated from H1	Bradley Bernstein, Broad	CL:0002319	neural cell	in vitro differentiated cells		neural cell	ectoderm	central nervous system,peripheral nervous system	Homo sapiens	ENCDO000AAW	male	embryonic				single-ended	Illumina HiSeq 2500	2	2	isogenic	2014-07-11	released	2	3082043695.0
ENCSR125KVG	False	ENCSR373OML	H3K27ac	Histone ChIP-seq	Homo sapiens with Alzheimer's disease; dorsolateral prefrontal cortex tissue female adult (90 or above years)	Bradley Bernstein, Broad	UBERON:0009834	dorsolateral prefrontal cortex	tissue	brain		ectoderm	central nervous system	Homo sapiens	ENCDO258GJF	female	adult	90 or above	year	European	single-ended	Illumina NextSeq 500	1	2	unreplicated	2022-06-09	released	8	2249934137.0
ENCSR126UEY	True			Control ChIP-seq	Homo sapiens skin epidermis tissue female adult (71 years)	Bradley Bernstein, Broad	UBERON:0001003	skin epidermis	tissue	epithelium,skin of body		ectoderm	integumental system	Homo sapiens	ENCDO588YPS	female	adult	71	year		single-ended	Illumina HiSeq 2500	1	1	unreplicated	2020-09-03	released	2	4567154492.0
ENCSR126ZPV	True			Control ChIP-seq	Homo sapiens layer of hippocampus tissue female adult (75 years)	Bradley Bernstein, Broad	UBERON:0002305	layer of hippocampus	tissue	brain		ectoderm	central nervous system	Homo sapiens	ENCDO871IWW	female	adult	75	year		single-ended	Illumina Genome Analyzer IIx	1	1	unreplicated	2013-07-31	released	2	1886063601.0
ENCSR128HTH	True			Control ChIP-seq	Homo sapiens placenta tissue male embryo (16 weeks)	Joseph Costello, UCSF	UBERON:0001987	placenta	tissue	placenta,extraembryonic component		mesoderm	reproductive system	Homo sapiens	ENCDO150YZC	male	embryonic	16	week	African American	single-ended	Illumina HiSeq 2000	1	1	unreplicated	2013-07-31	released	8	10392006016.0
ENCSR130HAG	True			Control ChIP-seq	Homo sapiens pancreas tissue female adult (61 years)	Bradley Bernstein, Broad	UBERON:0001264	pancreas	tissue	pancreas		endoderm		Homo sapiens	ENCDO186XRB	female	adult	61	year	European	single-ended	Illumina NextSeq 500	1	2	unreplicated	2020-07-06	released	8	4187051914.0
ENCSR131DVD	False	ENCSR771IOP	H3K27ac	Histone ChIP-seq	Homo sapiens HAP-1	Michael Snyder, Stanford	EFO:0007598	HAP-1	cell line	bone element,bone marrow	cancer cell	mesoderm	immune system,skeletal system	Homo sapiens	ENCDO763VKT	male	adult	44	year		paired-ended	Illumina HiSeq 4000	2	2	isogenic	2020-08-28	released	2	10818837298.0
ENCSR131SEB	True			Control ChIP-seq	Homo sapiens epithelial cell of prostate male	Michael Snyder, Stanford	CL:0002231	epithelial cell of prostate	primary cell	prostate gland,epithelium	epithelial cell	mesoderm,endoderm	reproductive system	Homo sapiens	ENCDO569WSJ	male					paired-ended	Illumina HiSeq 2000	2	2	isogenic	2017-01-31	released	2	6172806057.0
ENCSR133NBJ	False	ENCSR539HNK	H3K27ac	Histone ChIP-seq	Homo sapiens stomach tissue female adult (53 years)	Bradley Bernstein, Broad	UBERON:0000945	stomach	tissue	stomach		endoderm	digestive system	Homo sapiens	ENCDO793LXB	female	adult	53	year		single-ended	Illumina HiSeq 2500	1	1	unreplicated	2016-11-03	released	2	1922371998.0
ENCSR136KIM	False	ENCSR105CRB	H3K27ac	Histone ChIP-seq	Homo sapiens with mild cognitive impairment; dorsolateral prefrontal cortex tissue male adult (90 or above years)	Bradley Bernstein, Broad	UBERON:0009834	dorsolateral prefrontal cortex	tissue	brain		ectoderm	central nervous system	Homo sapiens	ENCDO877NVF	male	adult	90 or above	year	European	single-ended	Illumina NextSeq 500	1	2	unreplicated	2022-01-06	released	8	1850521572.0
ENCSR136ZQZ	False	ENCSR215WNN	H3K27ac	Histone ChIP-seq	Homo sapiens testis tissue male adult (37 years)	Bradley Bernstein, Broad	UBERON:0000473	testis	tissue	gonad,testis			reproductive system	Homo sapiens	ENCDO845WKR	male	adult	37	year		single-ended	Illumina HiSeq 2500	1	2	unreplicated	2019-02-12	released	8	3196172476.0
ENCSR137ZID	False	ENCSR462ZQL	H3K27ac	Histone ChIP-seq	Homo sapiens pancreas tissue female adult (41 years)	Bradley Bernstein, Broad	UBERON:0001264	pancreas	tissue	pancreas		endoderm		Homo sapiens	ENCDO575WHY	female	adult	41	year	European	single-ended	Illumina NextSeq 500	1	2	unreplicated	2020-09-10	released	8	2573100098.0
ENCSR138DOM	False	ENCSR510OLN	H3K27ac	Histone ChIP-seq	Homo sapiens CD4-positive, alpha-beta T cell treated with phorbol 13-acetate 12-myristate, ionomycin	Bradley Bernstein, Broad	CL:0000624	CD4-positive, alpha-beta T cell	primary cell	bodily fluid,blood	leukocyte,T cell,CD4+ T cell,hematopoietic cell	mesoderm,endoderm	immune system	Homo sapiens	ENCDO194EHQ	unknown	unknown				single-ended	Illumina HiSeq 2000	2	2	anisogenic	2013-07-31	released	5	2196801218.0
ENCSR138TQF	False	ENCSR576VXL	H3K27ac	Histone ChIP-seq	Homo sapiens dorsolateral prefrontal cortex tissue female adult (90 or above years)	Bradley Bernstein, Broad	UBERON:0009834	dorsolateral prefrontal cortex	tissue	brain		ectoderm	central nervous system	Homo sapiens	ENCDO218FFZ	female	adult	90 or above	year	European	single-ended	Illumina NextSeq 500	2	4	isogenic	2022-01-06	released	16	3882632080.0
ENCSR138WRC	True			Control ChIP-seq	Homo sapiens gastrocnemius medialis tissue female adult (51 years)	Bradley Bernstein, Broad	UBERON:0011907	gastrocnemius medialis	tissue	limb,musculature of body		mesoderm	musculature	Homo sapiens	ENCDO271OUW	female	adult	51	year		single-ended	Illumina HiSeq 2500	2	3	isogenic	2019-09-06	released	16	12818410610.0
ENCSR139WMA	True			Control ChIP-seq	Homo sapiens psoas muscle tissue female adult (30 years)	Bing Ren, UCSD	UBERON:0008450	psoas muscle	tissue	musculature of body		mesoderm	musculature	Homo sapiens	ENCDO424HVB	female	adult	30	year	European	single-ended	Illumina HiSeq 2000	1	1	unreplicated	2013-07-31	released	1	2065253139.0
ENCSR143DQF	True			Control ChIP-seq	Homo sapiens cingulate gyrus tissue male adult (81 years)	Bradley Bernstein, Broad	UBERON:0002967	cingulate gyrus	tissue	brain		ectoderm	central nervous system	Homo sapiens	ENCDO980BZD	male	adult	81	year		single-ended	Illumina HiSeq 2000	1	1	unreplicated	2013-07-31	released	6	1979025611.0
ENCSR143XNJ	False	ENCSR156WTZ	H3K27ac	Histone ChIP-seq	Homo sapiens esophagus squamous epithelium tissue male adult (37 years)	Bradley Bernstein, Broad	UBERON:0006920	esophagus squamous epithelium	tissue	epithelium,esophagus		endoderm	digestive system	Homo sapiens	ENCDO845WKR	male	adult	37	year		single-ended	Illumina HiSeq 2500	1	2	unreplicated	2019-07-19	released	4	4177036310.0
ENCSR145RXI	True			Control ChIP-seq	Homo sapiens heart right ventricle tissue male adult (73 years)	Bradley Bernstein, Broad	UBERON:0002080	heart right ventricle	tissue	heart		mesoderm	circulatory system	Homo sapiens	ENCDO804CLC	male	adult	73	year	European	single-ended	Illumina NextSeq 500	1	2	unreplicated	2021-09-21	released	8	5603960174.0
ENCSR147KFH	True			Control ChIP-seq	Homo sapiens esophagus muscularis mucosa tissue male adult (37 years)	Bradley Bernstein, Broad	UBERON:0004648	esophagus muscularis mucosa	tissue	musculature of body,esophagus		mesoderm	musculature,digestive system	Homo sapiens	ENCDO845WKR	male	adult	37	year		single-ended	Illumina HiSeq 2500	1	2	unreplicated	2019-08-01	released	4	4255316992.0
ENCSR149EOW	True			Control ChIP-seq	Homo sapiens ovary tissue female adult (51 years)	Bradley Bernstein, Broad	UBERON:0000992	ovary	tissue	ovary,gonad			reproductive system	Homo sapiens	ENCDO271OUW	female	adult	51	year		single-ended	Illumina HiSeq 2500	1	1	unreplicated	2016-11-03	released	2	2589696637.0
ENCSR150QXE	False	ENCSR961QMI	H3K27ac	Histone ChIP-seq	Homo sapiens heart left ventricle tissue male adult (34 years)	Bing Ren, UCSD	UBERON:0002084	heart left ventricle	tissue	heart		mesoderm	circulatory system	Homo sapiens	ENCDO058AAA	male	adult	34	year	European	single-ended	Illumina HiSeq 2000	1	1	unreplicated	2013-07-31	released	1	896577123.0
ENCSR151NEZ	True			Control ChIP-seq	Homo sapiens dorsolateral prefrontal cortex tissue female adult (89 years)	Bradley Bernstein, Broad	UBERON:0009834	dorsolateral prefrontal cortex	tissue	brain		ectoderm	central nervous system	Homo sapiens	ENCDO707TUE	female	adult	89	year	European	single-ended	Illumina NextSeq 500	1	2	unreplicated	2021-04-12	released	12	2666740569.0
ENCSR152HLZ	True			Control ChIP-seq	Homo sapiens tibial nerve tissue male adult (54 years)	Bradley Bernstein, Broad	UBERON:0001323	tibial nerve	tissue	limb,nerve		ectoderm	peripheral nervous system	Homo sapiens	ENCDO451RUA	male	adult	54	year		single-ended	Illumina HiSeq 2500	1	2	unreplicated	2019-02-08	released	8	6058149553.0
ENCSR152MAZ	False	ENCSR564VBC	H3K27ac	Histone ChIP-seq	Homo sapiens with Alzheimer's disease; dorsolateral prefrontal cortex tissue female adult (86 years)	Bradley Bernstein, Broad	UBERON:0009834	dorsolateral prefrontal cortex	tissue	brain		ectoderm	central nervous system	Homo sapiens	ENCDO997SGX	female	adult	86	year	European	single-ended	Illumina NextSeq 500	1	2	unreplicated	2021-09-21	released	8	2768172534.0
ENCSR153LYY	True			Control ChIP-seq	Homo sapiens with mild cognitive impairment; dorsolateral prefrontal cortex tissue female adult (90 or above years)	Bradley Bernstein, Broad	UBERON:0009834	dorsolateral prefrontal cortex	tissue	brain		ectoderm	central nervous system	Homo sapiens	ENCDO672KST	female	adult	90 or above	year	European	single-ended	Illumina NextSeq 500	1	2	unreplicated	2021-04-12	released	8	3325115211.0
ENCSR154SJE	True			Control ChIP-seq	Homo sapiens tibial nerve tissue female adult (53 years)	Bradley Bernstein, Broad	UBERON:0001323	tibial nerve	tissue	nerve,limb		ectoderm	peripheral nervous system	Homo sapiens	ENCDO793LXB	female	adult	53	year		single-ended	Illumina HiSeq 2500	1	1	unreplicated	2017-01-27	released	2	3683794806.0
ENCSR155GOF	True			Control ChIP-seq	Homo sapiens foreskin keratinocyte male newborn	Joseph Costello, UCSF	CL:1001606	foreskin keratinocyte	primary cell	epithelium,penis,skin of body	keratinocyte,epithelial cell	mesoderm,ectoderm	reproductive system,integumental system	Homo sapiens	ENCDO666YUN	male	newborn				paired-ended	Illumina HiSeq 2000	1	1	unreplicated	2013-07-31	released	2	2314729689.0
ENCSR156MYA	False	ENCSR988CHU	H3K27ac	Histone ChIP-seq	Homo sapiens skin epidermis tissue male adult (65 years)	Bradley Bernstein, Broad	UBERON:0001003	skin epidermis	tissue	epithelium,skin of body		ectoderm	integumental system	Homo sapiens	ENCDO180HAI	male	adult	65	year		single-ended	Illumina HiSeq 2500	1	1	unreplicated	2020-09-10	released	2	1910321981.0
ENCSR156WTZ	True			Control ChIP-seq	Homo sapiens esophagus squamous epithelium tissue male adult (37 years)	Bradley Bernstein, Broad	UBERON:0006920	esophagus squamous epithelium	tissue	epithelium,esophagus		endoderm	digestive system	Homo sapiens	ENCDO845WKR	male	adult	37	year		single-ended	Illumina HiSeq 2500	1	2	unreplicated	2019-07-19	released	4	5360984792.0
ENCSR156XNC	False	ENCSR625BDY	H3K27ac	Histone ChIP-seq	Homo sapiens peripheral blood mononuclear cell female adult (28 years)	Joseph Costello, UCSF	CL:2000001	peripheral blood mononuclear cell	primary cell	bodily fluid,blood	leukocyte,mononuclear cell,hematopoietic cell	mesoderm	immune system	Homo sapiens	ENCDO839WKQ	female	adult	28	year	African American	single-ended	Illumina HiSeq 2000	1	1	unreplicated	2013-07-31	released	2	2406983596.0
ENCSR158PLZ	True			Control ChIP-seq	Homo sapiens thoracic aorta tissue male adult (37 years)	Bradley Bernstein, Broad	UBERON:0001515	thoracic aorta	tissue	vasculature,blood vessel,arterial blood vessel		mesoderm	circulatory system	Homo sapiens	ENCDO845WKR	male	adult	37	year		single-ended	Illumina HiSeq 2500	2	2	isogenic	2016-08-10	released	6	9650705763.0
ENCSR161JTT	True			Control ChIP-seq	Homo sapiens esophagus tissue male adult (34 years)	Bing Ren, UCSD	UBERON:0001043	esophagus	tissue	esophagus		endoderm	digestive system	Homo sapiens	ENCDO058AAA	male	adult	34	year	European	single-ended	Illumina HiSeq 2000	1	1	unreplicated	2013-07-31	released	1	2015792078.0
ENCSR163UEW	True			Control ChIP-seq	Homo sapiens psoas muscle tissue male child (3 years)	Bing Ren, UCSD	UBERON:0008450	psoas muscle	tissue	musculature of body		mesoderm	musculature	Homo sapiens	ENCDO478OMA	male	child	3	year		single-ended	Illumina HiSeq 2000	1	2	unreplicated	2013-07-31	released	2	4210493256.0
ENCSR163VJS	True			Control ChIP-seq	Homo sapiens adipose tissue tissue male adult (34 years)	Bing Ren, UCSD	UBERON:0001013	adipose tissue	tissue	connective tissue,adipose tissue		mesoderm		Homo sapiens	ENCDO058AAA	male	adult	34	year	European	single-ended	Illumina HiSeq 2000	1	1	unreplicated	2013-07-31	released	1	1792489779.0
ENCSR163XFK	True			Control ChIP-seq	Homo sapiens coronary artery tissue female adult (51 years)	Bradley Bernstein, Broad	UBERON:0001621	coronary artery	tissue	arterial blood vessel,blood vessel,vasculature,heart		mesoderm	circulatory system	Homo sapiens	ENCDO271OUW	female	adult	51	year		single-ended	Illumina HiSeq 2500	1	1	unreplicated	2019-09-06	released	6	3469154589.0
ENCSR164POT	True			Control ChIP-seq	Homo sapiens thyroid gland tissue male adult (54 years)	Bradley Bernstein, Broad	UBERON:0002046	thyroid gland	tissue	endocrine gland,thyroid gland		endoderm	endocrine system	Homo sapiens	ENCDO451RUA	male	adult	54	year		single-ended	Illumina HiSeq 2500	1	1	unreplicated	2016-05-23	released	1	1671441016.0
ENCSR165CDY	False	ENCSR608IVH	H3K27ac	Histone ChIP-seq	Homo sapiens left ventricle myocardium inferior tissue male adult (60 years)	Bradley Bernstein, Broad	NTR:0000493	left ventricle myocardium inferior	tissue	heart		mesoderm	circulatory system	Homo sapiens	ENCDO520EJG	male	adult	60	year	European	single-ended	Illumina NextSeq 500	2	4	isogenic	2021-05-06	released	16	4242092327.0
ENCSR168STG	True			Control ChIP-seq	Homo sapiens parathyroid adenoma tissue male adult (65 years)	Bradley Bernstein, Broad	NTR:0001226	parathyroid adenoma	tissue	paraythroid gland		endoderm	endocrine system	Homo sapiens	ENCDO371NVV	male	adult	65	year		single-ended	Illumina HiSeq 2500	1	2	unreplicated	2017-12-01	released	4	2975422908.0
ENCSR170MAJ	False	ENCSR652ZLE	H3K27ac	Histone ChIP-seq	Homo sapiens spleen tissue male child (3 years)	Bing Ren, UCSD	UBERON:0002106	spleen	tissue	spleen,immune organ		mesoderm	immune system,digestive system	Homo sapiens	ENCDO478OMA	male	child	3	year		single-ended	Illumina HiSeq 2000	1	1	unreplicated	2013-07-31	released	1	1439032639.0
ENCSR170MJE	True			Control ChIP-seq	Homo sapiens heart left ventricle tissue male adult (73 years)	Bradley Bernstein, Broad	UBERON:0002084	heart left ventricle	tissue	heart		mesoderm	circulatory system	Homo sapiens	ENCDO804CLC	male	adult	73	year	European	single-ended	Illumina NextSeq 500	1	2	unreplicated	2021-09-21	released	8	4519259731.0
ENCSR174GMQ	False	ENCSR481SJM	H3K27ac	Histone ChIP-seq	Homo sapiens heart right ventricle tissue male adult (69 years)	Bradley Bernstein, Broad	UBERON:0002080	heart right ventricle	tissue	heart		mesoderm	circulatory system	Homo sapiens	ENCDO477WED	male	adult	69	year	Asian	single-ended	Illumina NextSeq 500	1	2	unreplicated	2021-09-21	released	8	2186352381.0
ENCSR175ABH	False	ENCSR597PTH	H3K27ac	Histone ChIP-seq	Homo sapiens heart right ventricle tissue male adult (55 years)	Bradley Bernstein, Broad	UBERON:0002080	heart right ventricle	tissue	heart		mesoderm	circulatory system	Homo sapiens	ENCDO439CAZ	male	adult	55	year	European	single-ended	Illumina NextSeq 500	1	2	unreplicated	2022-06-09	released	12	1961840720.0
ENCSR175HRD	True			Control ChIP-seq	Homo sapiens motor neuron	Michael Snyder, Stanford	CL:0000100	motor neuron	in vitro differentiated cells	spinal cord,brain	neural cell	ectoderm	central nervous system	Homo sapiens	ENCDO022IAQ	male	child	6	year		paired-ended	Illumina NovaSeq 6000	1	1	unreplicated	2021-12-15	released	1	4016084945.0
ENCSR175XPY	False	ENCSR247NUF	H3K27ac	Histone ChIP-seq	Homo sapiens colonic mucosa tissue female adult (56 years)	Bradley Bernstein, Broad	UBERON:0000317	colonic mucosa	tissue	colon,large intestine,intestine		endoderm	digestive system	Homo sapiens	ENCDO438RUL	female	adult	56	year	European	single-ended	Illumina HiSeq 2000	1	1	unreplicated	2013-07-31	released	2	808153938.0
ENCSR177QFY	False	ENCSR828HXJ	H3K27ac	Histone ChIP-seq	Homo sapiens adrenal gland tissue male adult (54 years)	Bradley Bernstein, Broad	UBERON:0002369	adrenal gland	tissue	endocrine gland,adrenal gland		mesoderm,ectoderm	endocrine system	Homo sapiens	ENCDO451RUA	male	adult	54	year		single-ended	Illumina HiSeq 2500	2	2	isogenic	2016-10-24	released	2	3488016821.0
ENCSR178FVP	True			Control ChIP-seq	Homo sapiens heart left ventricle tissue female adult (51 years)	Bradley Bernstein, Broad	UBERON:0002084	heart left ventricle	tissue	heart		mesoderm	circulatory system	Homo sapiens	ENCDO271OUW	female	adult	51	year		single-ended	Illumina HiSeq 2500	1	2	unreplicated	2018-12-11	released	4	4064446164.0
ENCSR178MWD	True			Control ChIP-seq	Homo sapiens gastroesophageal sphincter tissue female adult (53 years)	Bradley Bernstein, Broad	UBERON:0004550	gastroesophageal sphincter	tissue	musculature of body,stomach		endoderm	digestive system,musculature	Homo sapiens	ENCDO793LXB	female	adult	53	year		single-ended	Illumina HiSeq 2500	1	1	unreplicated	2016-11-03	released	4	3059671939.0
ENCSR179YLS	True			Control ChIP-seq	Homo sapiens SU-DHL-6	Bradley Bernstein, Broad	EFO:0002357	SU-DHL-6	cell line		B cell,hematopoietic cell,leukocyte	mesoderm,endoderm	immune system	Homo sapiens	ENCDO353AAA	male	adult	43	year	European	single-ended	Illumina HiSeq 2000	2	2	isogenic	2014-07-11	released	7	6660334899.0
ENCSR180YHA	False	ENCSR310TYO	H3K27ac	Histone ChIP-seq	Homo sapiens A549 treated with 100 nM dexamethasone (agonist) for 10 hours	Tim Reddy, Duke	EFO:0001086	A549	cell line	lung	cancer cell	endoderm	respiratory system	Homo sapiens	ENCDO000AAZ	male	adult	58	year	European	single-ended	Illumina HiSeq 2500	3	3	isogenic	2016-07-21	released	3	6050015027.0
ENCSR181OHF	False	ENCSR968MKZ	H3K27ac	Histone ChIP-seq	Homo sapiens with Alzheimer's disease; dorsolateral prefrontal cortex tissue female adult (90 or above years)	Bradley Bernstein, Broad	UBERON:0009834	dorsolateral prefrontal cortex	tissue	brain		ectoderm	central nervous system	Homo sapiens	ENCDO865EMM	female	adult	90 or above	year	European	single-ended	Illumina NextSeq 500	1	2	unreplicated	2021-09-21	released	8	2024997424.0
ENCSR185OHN	True			Control ChIP-seq	Homo sapiens SK-N-SH	Bradley Bernstein, Broad	EFO:0003072	SK-N-SH	cell line	brain	cancer cell,neuroblastoma cell	ectoderm	central nervous system	Homo sapiens	ENCDO000ABD	female	child	4	year		paired-ended	Illumina HiSeq 2500	2	3	isogenic	2015-08-03	released	4	8160860654.0
ENCSR189JIH	False	ENCSR859LXC	H3K27ac	Histone ChIP-seq	Homo sapiens uterus tissue female adult (51 years)	Bradley Bernstein, Broad	UBERON:0000995	uterus	tissue	uterus			reproductive system	Homo sapiens	ENCDO271OUW	female	adult	51	year		single-ended	Illumina HiSeq 2500	1	2	unreplicated	2018-12-11	released	4	3328332076.0
ENCSR189QAD	False	ENCSR043UWF	H3K27ac	Histone ChIP-seq	Homo sapiens adrenal gland tissue female adult (53 years)	Bradley Bernstein, Broad	UBERON:0002369	adrenal gland	tissue	endocrine gland,adrenal gland		mesoderm,ectoderm	endocrine system	Homo sapiens	ENCDO793LXB	female	adult	53	year		single-ended	Illumina HiSeq 2500	1	1	unreplicated	2016-11-03	released	2	2046805868.0
ENCSR189UPU	True			Control ChIP-seq	Homo sapiens spleen tissue female adult (53 years)	Bradley Bernstein, Broad	UBERON:0002106	spleen	tissue	immune organ,spleen		mesoderm	digestive system,immune system	Homo sapiens	ENCDO793LXB	female	adult	53	year		single-ended	Illumina HiSeq 2500	2	4	isogenic	2016-11-03	released	14	8355234911.0
ENCSR191ZQT	False	ENCSR300ZUS	H3K27ac	Histone ChIP-seq	Homo sapiens B cell male adult (37 years)	John Stamatoyannopoulos, UW	CL:0000236	B cell	primary cell	bodily fluid,blood	leukocyte,hematopoietic cell,B cell	endoderm,mesoderm	immune system	Homo sapiens	ENCDO028NGF	male	adult	37	year	Hispanic	single-ended	Illumina HiSeq 2000	1	1	unreplicated	2013-07-31	released	2	1518671458.0
ENCSR193TCX	True			Control ChIP-seq	Homo sapiens layer of hippocampus tissue male adult (81 years)	Bradley Bernstein, Broad	UBERON:0002305	layer of hippocampus	tissue	brain		ectoderm	central nervous system	Homo sapiens	ENCDO980BZD	male	adult	81	year		single-ended	Illumina HiSeq 2000	1	1	unreplicated	2013-07-31	released	6	874960162.0
ENCSR194KGO	False	ENCSR033XKQ	H3K27ac	Histone ChIP-seq	Homo sapiens skin epidermis tissue female adult (66 years)	Bradley Bernstein, Broad	UBERON:0001003	skin epidermis	tissue	epithelium,skin of body		ectoderm	integumental system	Homo sapiens	ENCDO017WNO	female	adult	66	year		single-ended	Illumina HiSeq 2500	1	1	unreplicated	2020-09-10	released	4	1886904684.0
ENCSR195BZZ	True			Control ChIP-seq	Homo sapiens right atrium auricular region tissue female adult (53 years)	Bradley Bernstein, Broad	UBERON:0006631	right atrium auricular region	tissue	heart		mesoderm	circulatory system	Homo sapiens	ENCDO793LXB	female	adult	53	year		single-ended	Illumina HiSeq 2500	1	2	unreplicated	2016-11-03	released	4	4774077658.0
ENCSR195CFR	False	ENCSR793ISY	H3K27ac	Histone ChIP-seq	Homo sapiens dorsolateral prefrontal cortex tissue male adult (81 years)	Bradley Bernstein, Broad	UBERON:0009834	dorsolateral prefrontal cortex	tissue	brain		ectoderm	central nervous system	Homo sapiens	ENCDO980BZD	male	adult	81	year		single-ended	Illumina HiSeq 2000	1	1	unreplicated	2013-07-31	released	6	1954384261.0
ENCSR195JWZ	False	ENCSR728EIP	H3K27ac	Histone ChIP-seq	Homo sapiens gastroesophageal sphincter tissue male adult (54 years)	Bradley Bernstein, Broad	UBERON:0004550	gastroesophageal sphincter	tissue	stomach,musculature of body		endoderm	musculature,digestive system	Homo sapiens	ENCDO451RUA	male	adult	54	year		single-ended	Illumina HiSeq 2500	1	2	unreplicated	2019-02-12	released	4	3924129796.0
ENCSR196CXJ	True			Control ChIP-seq	Homo sapiens A673	Bradley Bernstein, Broad	EFO:0002106	A673	cell line	musculature of body	cancer cell	mesoderm	musculature	Homo sapiens	ENCDO027VXA	female	child	15	year		single-ended	Illumina HiSeq 2000	2	3	isogenic	2016-05-06	released	3	7048508191.0
ENCSR198WIH	True			Control ChIP-seq	Homo sapiens HCT116	Bradley Bernstein, Broad	EFO:0002824	HCT116	cell line	intestine,colon,epithelium,large intestine	epithelial cell,cancer cell	endoderm	digestive system	Homo sapiens	ENCDO000ABE	male	adult	48	year		single-ended	Illumina HiSeq 2000	2	2	isogenic	2015-08-03	released	4	5514721607.0
ENCSR200ETW	False	ENCSR650EVQ	H3K27ac	Histone ChIP-seq	Homo sapiens endodermal cell originated from HUES64	Bradley Bernstein, Broad	CL:0000223	endodermal cell	in vitro differentiated cells	embryo	embryonic cell	endoderm		Homo sapiens	ENCDO424FTP	male	embryonic				single-ended	Illumina HiSeq 2000	2	2	isogenic	2013-07-31	released	4	2984168300.0
ENCSR200JVJ	False	ENCSR557HEX	H3K27ac	Histone ChIP-seq	Homo sapiens with mild cognitive impairment; dorsolateral prefrontal cortex tissue male adult (89 years)	Bradley Bernstein, Broad	UBERON:0009834	dorsolateral prefrontal cortex	tissue	brain		ectoderm	central nervous system	Homo sapiens	ENCDO697SWU	male	adult	89	year	European	single-ended	Illumina NextSeq 500	1	2	unreplicated	2021-05-06	released	8	2815761151.0
ENCSR200QAA	True			Control ChIP-seq	Homo sapiens spleen tissue male adult (26 years)	Bradley Bernstein, Broad	UBERON:0002106	spleen	tissue	spleen,immune organ		mesoderm	immune system,digestive system	Homo sapiens	ENCDO221IPH	male	adult	26	year	European	single-ended	Illumina NextSeq 500	1	1	unreplicated	2020-09-03	released	4	3977485469.0
ENCSR201KGX	True			Control ChIP-seq	Homo sapiens aorta tissue male adult (34 years)	Bing Ren, UCSD	UBERON:0000947	aorta	tissue	arterial blood vessel,vasculature,blood vessel		mesoderm	circulatory system	Homo sapiens	ENCDO058AAA	male	adult	34	year	European	single-ended	Illumina HiSeq 2000	1	1	unreplicated	2013-07-31	released	1	1067350443.0
ENCSR201VAH	True			Control ChIP-seq	Homo sapiens motor neuron	Michael Snyder, Stanford	CL:0000100	motor neuron	in vitro differentiated cells	spinal cord,brain	neural cell	ectoderm	central nervous system	Homo sapiens	ENCDO908CUN	male	adult	47	year		paired-ended	Illumina NovaSeq 6000	1	1	unreplicated	2021-12-15	released	1	4226358646.0
ENCSR203KCB	False	ENCSR164POT	H3K27ac	Histone ChIP-seq	Homo sapiens thyroid gland tissue male adult (54 years)	Bradley Bernstein, Broad	UBERON:0002046	thyroid gland	tissue	endocrine gland,thyroid gland		endoderm	endocrine system	Homo sapiens	ENCDO451RUA	male	adult	54	year		single-ended	Illumina HiSeq 2500	2	4	isogenic	2016-05-23	released	4	5161622579.0
ENCSR203KEU	False	ENCSR248IFK	H3K27ac	Histone ChIP-seq	Homo sapiens RWPE1	Michael Snyder, Stanford	EFO:0002323	RWPE1	cell line	prostate gland,epithelium	epithelial cell	mesoderm,endoderm	reproductive system	Homo sapiens	ENCDO000ADM	male	adult	54	year	European	paired-ended	Illumina HiSeq 4000	2	2	isogenic	2017-03-03	released	2	11332726992.0
ENCSR204GMP	True			Control ChIP-seq	Homo sapiens A549	Tim Reddy, Duke	EFO:0001086	A549	cell line	lung	cancer cell	endoderm	respiratory system	Homo sapiens	ENCDO000AAZ	male	adult	58	year	European	single-ended	Illumina HiSeq 4000	3	3	isogenic	2017-10-19	released	3	3590099696.0
ENCSR204OJS	False	ENCSR962EJE	H3K27ac	Histone ChIP-seq	Homo sapiens stomach tissue male adult (54 years)	Bradley Bernstein, Broad	UBERON:0000945	stomach	tissue	stomach		endoderm	digestive system	Homo sapiens	ENCDO451RUA	male	adult	54	year		single-ended	Illumina HiSeq 2500	1	2	unreplicated	2019-02-12	released	6	3685146550.0
ENCSR204TAU	False	ENCSR514EZP	H3K27ac	Histone ChIP-seq	Homo sapiens esophagus squamous epithelium tissue female adult (51 years)	Bradley Bernstein, Broad	UBERON:0006920	esophagus squamous epithelium	tissue	epithelium,esophagus		endoderm	digestive system	Homo sapiens	ENCDO271OUW	female	adult	51	year		single-ended	Illumina HiSeq 2500	1	2	unreplicated	2019-09-11	released	4	4238275683.0
ENCSR207ABA	False	ENCSR438NOO	H3K27ac	Histone ChIP-seq	Homo sapiens with basal cell carcinoma; skin epidermis tissue male adult (67 years)	Bradley Bernstein, Broad	UBERON:0001003	skin epidermis	tissue	epithelium,skin of body		ectoderm	integumental system	Homo sapiens	ENCDO128KBJ	male	adult	67	year		single-ended	Illumina HiSeq 2500	1	1	unreplicated	2020-09-10	released	4	2250741640.0
ENCSR207FYD	False	ENCSR891ZHA	H3K27ac	Histone ChIP-seq	Homo sapiens with mild cognitive impairment; dorsolateral prefrontal cortex tissue female adult (90 or above years)	Bradley Bernstein, Broad	UBERON:0009834	dorsolateral prefrontal cortex	tissue	brain		ectoderm	central nervous system	Homo sapiens	ENCDO033BMB	female	adult	90 or above	year	European	single-ended	Illumina NextSeq 500	1	2	unreplicated	2021-06-24	released	8	2226362148.0
ENCSR208QRN	False	ENCSR828XQV	H3K27ac	Histone ChIP-seq	Homo sapiens transverse colon tissue female adult (53 years)	Bradley Bernstein, Broad	UBERON:0001157	transverse colon	tissue	colon,intestine,large intestine		endoderm	digestive system	Homo sapiens	ENCDO793LXB	female	adult	53	year		single-ended	Illumina HiSeq 2500	2	4	isogenic	2016-11-03	released	12	5114617641.0
ENCSR209QGZ	False	ENCSR113XPE	H3K27ac	Histone ChIP-seq	Homo sapiens spinal cord tissue female embryo (108 days)	John Stamatoyannopoulos, UW	UBERON:0002240	spinal cord	tissue	spinal cord		ectoderm	central nervous system	Homo sapiens	ENCDO176AAI	female	embryonic	108	day		single-ended	Illumina HiSeq 2000	1	1	unreplicated	2013-07-31	released	2	896507098.0
ENCSR210ZPC	False	ENCSR729MRJ	H3K27ac	Histone ChIP-seq	Homo sapiens smooth muscle cell originated from H9	Bradley Bernstein, Broad	CL:0000192	smooth muscle cell	in vitro differentiated cells	musculature of body	smooth muscle cell	mesoderm	musculature	Homo sapiens	ENCDO222AAA	female	embryonic	5	day		single-ended	Illumina HiSeq 2500	2	3	isogenic	2016-04-27	released	3	3661818420.0
ENCSR212FST	True			Control ChIP-seq	Homo sapiens A549	Tim Reddy, Duke	EFO:0001086	A549	cell line	lung	cancer cell	endoderm	respiratory system	Homo sapiens	ENCDO000AAZ	male	adult	58	year	European	single-ended	Illumina HiSeq 4000	3	3	isogenic	2017-10-19	released	3	4086175638.0
ENCSR212SJH	True			Control ChIP-seq	Homo sapiens iPS DF 6.9	Bing Ren, UCSD	EFO:0007098	iPS DF 6.9	cell line	skin of prepuce of penis,penis,skin of body	induced pluripotent stem cell,stem cell	mesoderm,ectoderm	integumental system,reproductive system	Homo sapiens	ENCDO592CQV	male	newborn				single-ended	Illumina Genome Analyzer IIx	1	1	unreplicated	2013-07-31	released	1	569035010.0
ENCSR213SMK	False	ENCSR780UWK	H3K27ac	Histone ChIP-seq	Homo sapiens sigmoid colon tissue male child (3 years)	Bing Ren, UCSD	UBERON:0001159	sigmoid colon	tissue	colon,large intestine,intestine		endoderm	digestive system	Homo sapiens	ENCDO478OMA	male	child	3	year		single-ended	Illumina Genome Analyzer IIx	1	1	unreplicated	2013-07-31	released	1	1647593489.0
ENCSR214MNL	True			Control ChIP-seq	Homo sapiens H9	Bing Ren, UCSD	EFO:0003045	H9	cell line	embryo	embryonic cell,stem cell			Homo sapiens	ENCDO222AAA	female	embryonic	5	day		single-ended	Illumina HiSeq 2000	1	1	unreplicated	2013-07-31	released	1	822031418.0
ENCSR214UPJ	True			Control ChIP-seq	Homo sapiens foreskin fibroblast male newborn	Joseph Costello, UCSF	CL:1001608	foreskin fibroblast	primary cell	connective tissue,penis,skin of body	fibroblast,connective tissue cell	mesoderm,ectoderm	integumental system,reproductive system	Homo sapiens	ENCDO047TBB	male	newborn				single-ended	Illumina HiSeq 2000	1	1	unreplicated	2013-07-31	released	2	5014798905.0
ENCSR214UZE	False	ENCSR126UEY	H3K27ac	Histone ChIP-seq	Homo sapiens skin epidermis tissue female adult (71 years)	Bradley Bernstein, Broad	UBERON:0001003	skin epidermis	tissue	epithelium,skin of body		ectoderm	integumental system	Homo sapiens	ENCDO588YPS	female	adult	71	year		single-ended	Illumina HiSeq 2500	1	1	unreplicated	2020-09-10	released	2	2634069548.0
ENCSR215WNN	True			Control ChIP-seq	Homo sapiens testis tissue male adult (37 years)	Bradley Bernstein, Broad	UBERON:0000473	testis	tissue	gonad,testis			reproductive system	Homo sapiens	ENCDO845WKR	male	adult	37	year		single-ended	Illumina HiSeq 2500	1	2	unreplicated	2017-08-28	released	4	4418201314.0
ENCSR217SDT	False	ENCSR978XYH	H3K27ac	Histone ChIP-seq	Homo sapiens BLaER1 48 hours after the sample was treated with 100 nM 17β-estradiol, 10 ng/mL Interleukin-3, 10 ng/mL CSF1	Roderic Guigo, CRG	EFO:0030018	BLaER1	cell line	bone marrow,bone element		mesoderm	immune system,skeletal system	Homo sapiens	ENCDO305PTK	female					single-ended	Illumina HiSeq 2000	2	2	isogenic	2022-05-10	released	3	6882233230.0
ENCSR220TRW	False	ENCSR151NEZ	H3K27ac	Histone ChIP-seq	Homo sapiens dorsolateral prefrontal cortex tissue female adult (89 years)	Bradley Bernstein, Broad	UBERON:0009834	dorsolateral prefrontal cortex	tissue	brain		ectoderm	central nervous system	Homo sapiens	ENCDO707TUE	female	adult	89	year	European	single-ended	Illumina NextSeq 500	1	2	unreplicated	2021-05-06	released	8	1817077974.0
ENCSR222QLW	False	ENCSR930RIA	H3K27ac	Histone ChIP-seq	Homo sapiens T-cell male adult (37 years)	John Stamatoyannopoulos, UW	CL:0000084	T-cell	primary cell	blood,bodily fluid	hematopoietic cell,leukocyte,T cell	endoderm,mesoderm	immune system	Homo sapiens	ENCDO028NGF	male	adult	37	year	Hispanic	single-ended	Illumina HiSeq 2000	1	1	unreplicated	2013-07-31	released	2	2221229341.0
ENCSR223UPC	False	ENCSR849NEM	H3K27ac	Histone ChIP-seq	Homo sapiens HUES48	Bradley Bernstein, Broad	EFO:0007083	HUES48	cell line	embryo	embryonic cell,stem cell			Homo sapiens	ENCDO741IWK	female	embryonic				single-ended	Illumina HiSeq 2000	1	1	unreplicated	2013-07-31	released	2	816652646.0
ENCSR227FYJ	False	ENCSR425NYG	H3K27ac	Histone ChIP-seq	Homo sapiens foreskin melanocyte male newborn	Joseph Costello, UCSF	CL:2000045	foreskin melanocyte	primary cell	penis	melanocyte	mesoderm,ectoderm	reproductive system	Homo sapiens	ENCDO666YUN	male	newborn				paired-ended	Illumina HiSeq 2000	1	2	unreplicated	2013-07-31	released	4	4005687065.0
ENCSR230BWN	False	ENCSR857YQI	H3K27ac	Histone ChIP-seq	Homo sapiens kidney tissue male adult (67 years)	Bradley Bernstein, Broad	UBERON:0002113	kidney	tissue	kidney		mesoderm	excretory system	Homo sapiens	ENCDO620KOS	male	adult	67	year	European	single-ended	Illumina HiSeq 2000	1	1	unreplicated	2013-07-31	released	2	1171364887.0
ENCSR230IMS	False	ENCSR687HYO	H3K27ac	Histone ChIP-seq	Homo sapiens liver tissue male adult (31 years)	Bradley Bernstein, Broad	UBERON:0002107	liver	tissue	endocrine gland,liver,exocrine gland		endoderm	exocrine system,digestive system,endocrine system	Homo sapiens	ENCDO832GKP	male	adult	31	year		single-ended	Illumina HiSeq 2000	1	1	unreplicated	2013-07-31	released	2	832371449.0
ENCSR232ABT	True			Control ChIP-seq	Homo sapiens chorion tissue male embryo (16 weeks)	Joseph Costello, UCSF	UBERON:0003124	chorion	tissue	extraembryonic component		mesoderm		Homo sapiens	ENCDO150YZC	male	embryonic	16	week	African American	single-ended	Illumina HiSeq 2000	1	1	unreplicated	2013-07-31	released	2	2276007020.0
ENCSR233RWF	False	ENCSR096QCF	H3K27ac	Histone ChIP-seq	Homo sapiens with Cognitive impairment; dorsolateral prefrontal cortex tissue female adult (90 or above years)	Bradley Bernstein, Broad	UBERON:0009834	dorsolateral prefrontal cortex	tissue	brain		ectoderm	central nervous system	Homo sapiens	ENCDO359XWR	female	adult	90 or above	year	European	single-ended	Illumina NextSeq 500	1	2	unreplicated	2021-05-06	released	8	2478848268.0
ENCSR234FYG	True			Control ChIP-seq	Homo sapiens adrenal gland tissue female adult (51 years)	Bradley Bernstein, Broad	UBERON:0002369	adrenal gland	tissue	endocrine gland,adrenal gland		ectoderm,mesoderm	endocrine system	Homo sapiens	ENCDO271OUW	female	adult	51	year		single-ended	Illumina HiSeq 2500	1	2	unreplicated	2018-12-11	released	4	9424927577.0
ENCSR235KRX	False	ENCSR071DPR	H3K27ac	Histone ChIP-seq	Homo sapiens with squamous cell carcinoma; skin epidermis tissue male adult (75 years)	Bradley Bernstein, Broad	UBERON:0001003	skin epidermis	tissue	epithelium,skin of body		ectoderm	integumental system	Homo sapiens	ENCDO317WFZ	male	adult	75	year		single-ended	Illumina HiSeq 2500	1	1	unreplicated	2020-09-10	released	2	2502214205.0
ENCSR235ZBF	False	ENCSR239LAP	H3K27ac	Histone ChIP-seq	Homo sapiens spleen tissue male adult (34 years)	Bing Ren, UCSD	UBERON:0002106	spleen	tissue	spleen,immune organ		mesoderm	immune system,digestive system	Homo sapiens	ENCDO058AAA	male	adult	34	year	European	single-ended	Illumina Genome Analyzer	1	1	unreplicated	2013-07-31	released	1	936257315.0
ENCSR236NLU	True			Control ChIP-seq	Homo sapiens liver tissue female adult (25 years)	Bradley Bernstein, Broad	UBERON:0002107	liver	tissue	endocrine gland,liver,exocrine gland		endoderm	exocrine system,digestive system,endocrine system	Homo sapiens	ENCDO776UMN	female	adult	25	year	European	single-ended	Illumina Genome Analyzer IIx	1	1	unreplicated	2013-07-31	released	1	1321482735.0
ENCSR237ZMF	True			Control ChIP-seq	Homo sapiens with Alzheimer's disease; dorsolateral prefrontal cortex tissue female adult (90 or above years)	Bradley Bernstein, Broad	UBERON:0009834	dorsolateral prefrontal cortex	tissue	brain		ectoderm	central nervous system	Homo sapiens	ENCDO637GUS	female	adult	90 or above	year	European	single-ended	Illumina NextSeq 500	1	2	unreplicated	2021-09-21	released	8	3581884515.0
ENCSR239LAP	True			Control ChIP-seq	Homo sapiens spleen tissue male adult (34 years)	Bing Ren, UCSD	UBERON:0002106	spleen	tissue	spleen,immune organ		mesoderm	immune system,digestive system	Homo sapiens	ENCDO058AAA	male	adult	34	year	European	single-ended	Illumina HiSeq 2000	1	1	unreplicated	2013-07-31	released	1	1491897823.0
ENCSR240GDT	False	ENCSR519UXW	H3K27ac	Histone ChIP-seq	Homo sapiens heart right ventricle tissue female adult (46 years)	Bradley Bernstein, Broad	UBERON:0002080	heart right ventricle	tissue	heart		mesoderm	circulatory system	Homo sapiens	ENCDO411EVD	female	adult	46	year	European	single-ended	Illumina NextSeq 500	1	2	unreplicated	2020-09-15	released	8	2132706348.0
ENCSR242AHB	False	ENCSR149EOW	H3K27ac	Histone ChIP-seq	Homo sapiens ovary tissue female adult (51 years)	Bradley Bernstein, Broad	UBERON:0000992	ovary	tissue	ovary,gonad			reproductive system	Homo sapiens	ENCDO271OUW	female	adult	51	year		single-ended	Illumina HiSeq 2500	1	1	unreplicated	2019-09-11	released	2	2193804145.0
ENCSR242TBH	False	ENCSR548SPY	H3K27ac	Histone ChIP-seq	Homo sapiens A549 treated with 100 nM dexamethasone (agonist) for 1 hour	Tim Reddy, Duke	EFO:0001086	A549	cell line	lung	cancer cell	endoderm	respiratory system	Homo sapiens	ENCDO000AAZ	male	adult	58	year	European	single-ended	Illumina HiSeq 2000	3	3	isogenic	2016-07-21	released	3	3239027970.0
ENCSR243LHN	True			Control ChIP-seq	Homo sapiens with Alzheimer's disease; dorsolateral prefrontal cortex tissue female adult (90 or above years)	Bradley Bernstein, Broad	UBERON:0009834	dorsolateral prefrontal cortex	tissue	brain		ectoderm	central nervous system	Homo sapiens	ENCDO223NTQ	female	adult	90 or above	year	European	single-ended	Illumina NextSeq 500	1	2	unreplicated	2022-06-07	released	8	3061215382.0
ENCSR245GEV	False	ENCSR130HAG	H3K27ac	Histone ChIP-seq	Homo sapiens pancreas tissue female adult (61 years)	Bradley Bernstein, Broad	UBERON:0001264	pancreas	tissue	pancreas		endoderm		Homo sapiens	ENCDO186XRB	female	adult	61	year	European	single-ended	Illumina NextSeq 500	1	2	unreplicated	2020-09-10	released	8	2491301541.0
ENCSR247BVB	True			Control ChIP-seq	Homo sapiens CD8-positive, alpha-beta T cell male adult (21 years)	John Stamatoyannopoulos, UW	CL:0000625	CD8-positive, alpha-beta T cell	primary cell	bodily fluid,blood	leukocyte,CD8+ T cell,T cell,hematopoietic cell	mesoderm,endoderm	immune system	Homo sapiens	ENCDO190HXC	male	adult	21	year	European	single-ended	Illumina HiSeq 2000	1	1	unreplicated	2013-07-31	released	3	2096640609.0
ENCSR247FUH	True			Control ChIP-seq	Homo sapiens skin epidermis tissue male adult (77 years)	Bradley Bernstein, Broad	UBERON:0001003	skin epidermis	tissue	epithelium,skin of body		ectoderm	integumental system	Homo sapiens	ENCDO739SDJ	male	adult	77	year		single-ended	Illumina HiSeq 2500	1	1	unreplicated	2020-09-03	released	4	3494408994.0
ENCSR247NUF	True			Control ChIP-seq	Homo sapiens colonic mucosa tissue female adult (56 years)	Bradley Bernstein, Broad	UBERON:0000317	colonic mucosa	tissue	colon,large intestine,intestine		endoderm	digestive system	Homo sapiens	ENCDO438RUL	female	adult	56	year	European	single-ended	Illumina HiSeq 2000	1	1	unreplicated	2013-07-31	released	4	859868995.0
ENCSR247XFQ	True			Control ChIP-seq	Homo sapiens breast epithelium tissue female adult (53 years)	Bradley Bernstein, Broad	UBERON:0008367	breast epithelium	tissue	epithelium,breast				Homo sapiens	ENCDO793LXB	female	adult	53	year		single-ended	Illumina HiSeq 2500	1	1	unreplicated	2016-11-03	released	2	2857024369.0
ENCSR248IFK	True			Control ChIP-seq	Homo sapiens RWPE1	Michael Snyder, Stanford	EFO:0002323	RWPE1	cell line	prostate gland,epithelium	epithelial cell	mesoderm,endoderm	reproductive system	Homo sapiens	ENCDO000ADM	male	adult	54	year	European	paired-ended	Illumina HiSeq 4000	2	2	isogenic	2017-03-16	released	2	10378803697.0
ENCSR249IKQ	False	ENCSR773UBR	H3K27ac	Histone ChIP-seq	Homo sapiens Peyer's patch tissue female adult (51 years)	Bradley Bernstein, Broad	UBERON:0001211	Peyer's patch	tissue	intestine,lymphoid tissue		endoderm,mesoderm	digestive system,immune system	Homo sapiens	ENCDO271OUW	female	adult	51	year		single-ended	Illumina HiSeq 2500	1	2	unreplicated	2019-08-09	released	4	1873712726.0
ENCSR249INE	False	ENCSR979XBX	H3K27ac	Histone ChIP-seq	Homo sapiens uterus tissue female adult (53 years)	Bradley Bernstein, Broad	UBERON:0000995	uterus	tissue	uterus			reproductive system	Homo sapiens	ENCDO793LXB	female	adult	53	year		single-ended	Illumina HiSeq 2500	2	2	isogenic	2016-11-03	released	6	5421731622.0
ENCSR250EHC	False	ENCSR274VPI	H3K27ac	Histone ChIP-seq	Homo sapiens A549 treated with 100 nM dexamethasone (agonist) for 8 hours	Tim Reddy, Duke	EFO:0001086	A549	cell line	lung	cancer cell	endoderm	respiratory system	Homo sapiens	ENCDO000AAZ	male	adult	58	year	European	single-ended	Illumina HiSeq 2500	2	2	isogenic	2016-07-21	released	2	1944395897.0
ENCSR250NHD	False	ENCSR139WMA	H3K27ac	Histone ChIP-seq	Homo sapiens psoas muscle tissue female adult (30 years)	Bing Ren, UCSD	UBERON:0008450	psoas muscle	tissue	musculature of body		mesoderm	musculature	Homo sapiens	ENCDO424HVB	female	adult	30	year	European	single-ended	Illumina HiSeq 2000	1	1	unreplicated	2013-07-31	released	1	1028351971.0
ENCSR251PPB	False	ENCSR153LYY	H3K27ac	Histone ChIP-seq	Homo sapiens with mild cognitive impairment; dorsolateral prefrontal cortex tissue female adult (90 or above years)	Bradley Bernstein, Broad	UBERON:0009834	dorsolateral prefrontal cortex	tissue	brain		ectoderm	central nervous system	Homo sapiens	ENCDO672KST	female	adult	90 or above	year	European	single-ended	Illumina NextSeq 500	1	2	unreplicated	2021-05-06	released	8	2171245407.0
ENCSR255BOF	True			Control ChIP-seq	Homo sapiens KOPT-K1	Bradley Bernstein, Broad	EFO:0006283	KOPT-K1	cell line	bodily fluid,lymph node,blood	leukocyte,T cell,hematopoietic cell	mesoderm	immune system	Homo sapiens	ENCDO568LPD	unknown					single-ended	Illumina HiSeq 2500	2	3	isogenic	2015-08-03	released	5	8548997925.0
ENCSR255MIG	True			Control ChIP-seq	Homo sapiens motor neuron	Michael Snyder, Stanford	CL:0000100	motor neuron	in vitro differentiated cells	spinal cord,brain	neural cell	ectoderm	central nervous system	Homo sapiens	ENCDO371BAE	male	adult	55	year		paired-ended	Illumina NovaSeq 6000	1	1	unreplicated	2021-12-15	released	1	4062656002.0
ENCSR255SDP	True			Control ChIP-seq	Homo sapiens BLaER1 18 hours after the sample was treated with 100 nM 17β-estradiol, 10 ng/mL Interleukin-3, 10 ng/mL CSF1	Roderic Guigo, CRG	EFO:0030018	BLaER1	cell line	bone marrow,bone element		mesoderm	immune system,skeletal system	Homo sapiens	ENCDO305PTK	female					single-ended	Illumina HiSeq 2000	2	2	isogenic	2022-05-10	released	2	10656581585.0
ENCSR258GSA	True			Control ChIP-seq	Homo sapiens dorsolateral prefrontal cortex tissue female adult (84 years)	Bradley Bernstein, Broad	UBERON:0009834	dorsolateral prefrontal cortex	tissue	brain		ectoderm	central nervous system	Homo sapiens	ENCDO461DJY	female	adult	84	year	European	single-ended	Illumina NextSeq 500	1	2	unreplicated	2021-04-12	released	8	3533814575.0
ENCSR261PLD	True			Control ChIP-seq	Homo sapiens heart left ventricle tissue female adult (56 years)	Bradley Bernstein, Broad	UBERON:0002084	heart left ventricle	tissue	heart		mesoderm	circulatory system	Homo sapiens	ENCDO907YUG	female	adult	56	year	European	single-ended	Illumina NextSeq 500	1	2	unreplicated	2021-09-21	released	8	5388080880.0
ENCSR262JRZ	False	ENCSR103IXF	H3K27ac	Histone ChIP-seq	Homo sapiens with Alzheimer's disease; dorsolateral prefrontal cortex tissue female adult (90 or above years)	Bradley Bernstein, Broad	UBERON:0009834	dorsolateral prefrontal cortex	tissue	brain		ectoderm	central nervous system	Homo sapiens	ENCDO597SRH	female	adult	90 or above	year	European	single-ended	Illumina NextSeq 500	2	4	isogenic	2022-06-09	released	24	2858614328.0
ENCSR264DYL	True			Control ChIP-seq	Homo sapiens urinary bladder tissue male adult (34 years)	Bing Ren, UCSD	UBERON:0001255	urinary bladder	tissue	urinary bladder		mesoderm	excretory system	Homo sapiens	ENCDO058AAA	male	adult	34	year	European	single-ended	Illumina HiSeq 2000	1	2	unreplicated	2013-07-31	released	2	3432741468.0
ENCSR264HOB	True			Control ChIP-seq	Homo sapiens MM.1S	Bradley Bernstein, Broad	EFO:0005724	MM.1S	cell line	blood,bodily fluid	leukocyte,B cell,cancer cell,hematopoietic cell	mesoderm	immune system	Homo sapiens	ENCDO697GBW	female	adult	42	year	Black African	single-ended	Illumina HiSeq 2500	3	4	isogenic	2015-08-03	released	5	6178938869.0
ENCSR266XMB	True			Control ChIP-seq	Homo sapiens thoracic aorta tissue male adult (54 years)	Bradley Bernstein, Broad	UBERON:0001515	thoracic aorta	tissue	vasculature,blood vessel,arterial blood vessel		mesoderm	circulatory system	Homo sapiens	ENCDO451RUA	male	adult	54	year		single-ended	Illumina HiSeq 2500	1	1	unreplicated	2016-06-30	released	3	3596125359.0
ENCSR267YXV	False	ENCSR557RDB	H3K27ac	Histone ChIP-seq	Homo sapiens neutrophil	Bradley Bernstein, Broad	CL:0000775	neutrophil	primary cell	bodily fluid,blood	leukocyte,myeloid cell,hematopoietic cell	mesoderm	immune system	Homo sapiens	ENCDO117PGW	unknown	unknown				single-ended	Illumina HiSeq 2500	2	3	anisogenic	2016-11-16	released	8	14393376435.0
ENCSR268BDW	True			Control ChIP-seq	Homo sapiens SJSA1	Michael Snyder, Stanford	EFO:0002330	SJSA1	cell line	bone element	cancer cell	mesoderm	skeletal system	Homo sapiens	ENCDO197NLG	male	adult	19	year	Black	paired-ended	Illumina HiSeq 4000	1	1	unreplicated	2020-08-21	released	1	7020324581.0
ENCSR268JQE	False	ENCSR818VNL	H3K27ac	Histone ChIP-seq	Homo sapiens ovary tissue female adult (30 years)	Bing Ren, UCSD	UBERON:0000992	ovary	tissue	gonad,ovary			reproductive system	Homo sapiens	ENCDO424HVB	female	adult	30	year	European	single-ended	Illumina Genome Analyzer	1	1	unreplicated	2013-07-31	released	1	1512450383.0
ENCSR268ZCF	False	ENCSR844YME	H3K27ac	Histone ChIP-seq	Homo sapiens sigmoid colon tissue female adult (53 years)	Bradley Bernstein, Broad	UBERON:0001159	sigmoid colon	tissue	intestine,colon,large intestine		endoderm	digestive system	Homo sapiens	ENCDO793LXB	female	adult	53	year		single-ended	Illumina HiSeq 2500	1	1	unreplicated	2016-11-03	released	2	1983429935.0
ENCSR274VPI	True			Control ChIP-seq	Homo sapiens A549 treated with 100 nM dexamethasone (agonist) for 8 hours	Tim Reddy, Duke	EFO:0001086	A549	cell line	lung	cancer cell	endoderm	respiratory system	Homo sapiens	ENCDO000AAZ	male	adult	58	year	European	single-ended	Illumina HiSeq 2000	3	3	isogenic	2016-07-21	released	3	2054073098.0
ENCSR276SJT	True			Control ChIP-seq	Homo sapiens right lobe of liver tissue female adult (53 years)	Bradley Bernstein, Broad	UBERON:0001114	right lobe of liver	tissue	liver,endocrine gland,exocrine gland		endoderm	exocrine system,endocrine system,digestive system	Homo sapiens	ENCDO793LXB	female	adult	53	year		single-ended	Illumina HiSeq 2500	1	1	unreplicated	2016-11-03	released	4	2849614249.0
ENCSR278ACD	True			Control ChIP-seq	Homo sapiens heart right ventricle tissue female adult (56 years)	Bradley Bernstein, Broad	UBERON:0002080	heart right ventricle	tissue	heart		mesoderm	circulatory system	Homo sapiens	ENCDO907YUG	female	adult	56	year	European	single-ended	Illumina NextSeq 500	1	2	unreplicated	2021-09-21	released	8	4892444354.0
ENCSR278JAH	False	ENCSR968XKG	H3K27ac	Histone ChIP-seq	Homo sapiens dorsolateral prefrontal cortex tissue female adult (79 years)	Bradley Bernstein, Broad	UBERON:0009834	dorsolateral prefrontal cortex	tissue	brain		ectoderm	central nervous system	Homo sapiens	ENCDO609ZOG	female	adult	79	year	European	single-ended	Illumina NextSeq 500	2	4	isogenic	2022-01-06	released	16	3894892432.0
ENCSR278VUZ	True			Control ChIP-seq	Homo sapiens placenta tissue female embryo (113 days)	John Stamatoyannopoulos, UW	UBERON:0001987	placenta	tissue	placenta,extraembryonic component		mesoderm	reproductive system	Homo sapiens	ENCDO022PVU	female	embryonic	113	day		single-ended	Illumina HiSeq 2000	1	1	unreplicated	2013-07-31	released	2	844130420.0
ENCSR279KIX	False	ENCSR585FQO	H3K27ac	Histone ChIP-seq	Homo sapiens C4-2B	Michael Snyder, Stanford	EFO:0006365	C4-2B	cell line	prostate gland	cancer cell	mesoderm,endoderm	reproductive system	Homo sapiens	ENCDO000ACX	male	adult	50	year	European	paired-ended	Illumina HiSeq 2000	2	2	isogenic	2017-03-16	released	2	7327529486.0
ENCSR285NFQ	False	ENCSR845IKY	H3K27ac	Histone ChIP-seq	Homo sapiens BLaER1 36 hours after the sample was treated with 100 nM 17β-estradiol, 10 ng/mL Interleukin-3, 10 ng/mL CSF1	Roderic Guigo, CRG	EFO:0030018	BLaER1	cell line	bone marrow,bone element		mesoderm	immune system,skeletal system	Homo sapiens	ENCDO305PTK	female					single-ended	Illumina HiSeq 2000	2	2	isogenic	2022-05-10	released	2	6320557754.0
ENCSR291VCJ	True			Control ChIP-seq	Homo sapiens dorsolateral prefrontal cortex tissue female adult (88 years)	Bradley Bernstein, Broad	UBERON:0009834	dorsolateral prefrontal cortex	tissue	brain		ectoderm	central nervous system	Homo sapiens	ENCDO669IVL	female	adult	88	year	European	single-ended	Illumina NextSeq 500	1	2	unreplicated	2021-04-12	released	8	3763257581.0
ENCSR293XMP	True			Control ChIP-seq	Homo sapiens HUES64	Bradley Bernstein, Broad	EFO:0007089	HUES64	cell line	embryo	embryonic cell,stem cell			Homo sapiens	ENCDO424FTP	male	embryonic				single-ended	Illumina Genome Analyzer IIx	1	1	unreplicated	2013-07-31	released	1	1952632577.0
ENCSR293ZPH	True			Control ChIP-seq	Homo sapiens dorsolateral prefrontal cortex tissue female adult (87 years)	Bradley Bernstein, Broad	UBERON:0009834	dorsolateral prefrontal cortex	tissue	brain		ectoderm	central nervous system	Homo sapiens	ENCDO640RUC	female	adult	87	year	European	single-ended	Illumina NextSeq 500	1	2	unreplicated	2021-06-21	released	8	3511405021.0
ENCSR295FXG	True			Control ChIP-seq	Homo sapiens with mild cognitive impairment; dorsolateral prefrontal cortex tissue female adult (90 or above years)	Bradley Bernstein, Broad	UBERON:0009834	dorsolateral prefrontal cortex	tissue	brain		ectoderm	central nervous system	Homo sapiens	ENCDO915WZE	female	adult	90 or above	year	European	single-ended	Illumina NextSeq 500	1	2	unreplicated	2021-06-21	released	12	3326737805.0
ENCSR299EQJ	False	ENCSR617ONQ	H3K27ac	Histone ChIP-seq	Homo sapiens with Alzheimer's disease; dorsolateral prefrontal cortex tissue female adult (81 years)	Bradley Bernstein, Broad	UBERON:0009834	dorsolateral prefrontal cortex	tissue	brain		ectoderm	central nervous system	Homo sapiens	ENCDO097MEH	female	adult	81	year	European	single-ended	Illumina NextSeq 500	1	2	unreplicated	2021-05-06	released	8	2101364247.0
ENCSR300BKE	True			Control ChIP-seq	Homo sapiens neuronal stem cell originated from H1	Bing Ren, UCSD	CL:0000047	neuronal stem cell	in vitro differentiated cells	embryo	stem cell,neural cell	ectoderm	central nervous system	Homo sapiens	ENCDO000AAW	male	embryonic				single-ended	Illumina Genome Analyzer IIx	1	1	unreplicated	2013-07-31	released	1	2073455460.0
ENCSR300ZUS	True			Control ChIP-seq	Homo sapiens B cell male adult (37 years)	John Stamatoyannopoulos, UW	CL:0000236	B cell	primary cell	bodily fluid,blood	leukocyte,hematopoietic cell,B cell	endoderm,mesoderm	immune system	Homo sapiens	ENCDO028NGF	male	adult	37	year	Hispanic	single-ended	Illumina HiSeq 2000	1	1	unreplicated	2013-07-31	released	2	1382100756.0
ENCSR303IKJ	False	ENCSR687ZYY	H3K27ac	Histone ChIP-seq	Homo sapiens thymus tissue male child (3 years)	Bing Ren, UCSD	UBERON:0002370	thymus	tissue	thymus,endocrine gland,immune organ		mesoderm,endoderm	immune system,endocrine system	Homo sapiens	ENCDO478OMA	male	child	3	year		single-ended	Illumina HiSeq 2000	1	1	unreplicated	2013-07-31	released	1	1634423971.0
ENCSR305ISQ	False	ENCSR316UPM	H3K27ac	Histone ChIP-seq	Homo sapiens mucosa of rectum tissue female adult (50 years)	Bradley Bernstein, Broad	UBERON:0003346	mucosa of rectum	tissue	large intestine,intestine			digestive system	Homo sapiens	ENCDO654NKH	female	adult	50	year		single-ended	Illumina HiSeq 2000	1	1	unreplicated	2013-07-31	released	2	762580994.0
ENCSR306YLG	True			Control ChIP-seq	Homo sapiens with squamous cell carcinoma; skin epidermis tissue male adult (78 years)	Bradley Bernstein, Broad	UBERON:0001003	skin epidermis	tissue	epithelium,skin of body		ectoderm	integumental system	Homo sapiens	ENCDO054KII	male	adult	78	year		single-ended	Illumina HiSeq 2500	1	1	unreplicated	2020-09-03	released	4	3624781209.0
ENCSR307DQT	False	ENCSR179YLS	H3K27ac	Histone ChIP-seq	Homo sapiens SU-DHL-6	Bradley Bernstein, Broad	EFO:0002357	SU-DHL-6	cell line		B cell,hematopoietic cell,leukocyte	mesoderm,endoderm	immune system	Homo sapiens	ENCDO353AAA	male	adult	43	year	European	single-ended	Illumina HiSeq 2500	3	3	isogenic	2016-11-17	released	4	3203953014.0
ENCSR308JFE	True			Control ChIP-seq	Homo sapiens neural cell originated from H1	Bradley Bernstein, Broad	CL:0002319	neural cell	in vitro differentiated cells		neural cell	ectoderm	central nervous system,peripheral nervous system	Homo sapiens	ENCDO000AAW	male	embryonic				single-ended	Illumina HiSeq 2000	2	6	isogenic	2016-10-25	released	8	12479684072.0
ENCSR309LQG	True			Control ChIP-seq	Homo sapiens right lobe of liver tissue female adult (41 years)	Bradley Bernstein, Broad	UBERON:0001114	right lobe of liver	tissue	endocrine gland,liver,exocrine gland		endoderm	exocrine system,digestive system,endocrine system	Homo sapiens	ENCDO575WHY	female	adult	41	year	European	single-ended	Illumina NextSeq 500	1	2	unreplicated	2022-06-07	released	8	4389628246.0
ENCSR309MYO	True			Control ChIP-seq	Homo sapiens HL-60	Michael Snyder, Stanford	EFO:0002793	HL-60	cell line	bodily fluid,blood	leukocyte,cancer cell,hematopoietic cell	mesoderm	immune system	Homo sapiens	ENCDO000AAM	female	adult	36	year	European	paired-ended	Illumina HiSeq 4000	1	1	unreplicated	2020-08-28	released	1	4881397308.0
ENCSR310TYO	True			Control ChIP-seq	Homo sapiens A549 treated with 100 nM dexamethasone (agonist) for 10 hours	Tim Reddy, Duke	EFO:0001086	A549	cell line	lung	cancer cell	endoderm	respiratory system	Homo sapiens	ENCDO000AAZ	male	adult	58	year	European	single-ended	Illumina HiSeq 2000	3	3	isogenic	2016-07-21	released	3	2042599168.0
ENCSR312HLG	False	ENCSR175HRD	H3K27ac	Histone ChIP-seq	Homo sapiens from a donor with amyotrophic lateral sclerosis; motor neuron	Michael Snyder, Stanford	CL:0000100	motor neuron	in vitro differentiated cells	spinal cord,brain	neural cell	ectoderm	central nervous system	Homo sapiens	ENCDO022IAQ	male	child	6	year		paired-ended	Illumina NovaSeq 6000	2	2	isogenic	2021-08-24	released	2	7680330840.0
ENCSR313CEH	False	ENCSR846VGG	H3K27ac	Histone ChIP-seq	Homo sapiens lower lobe of left lung tissue female adult (59 years)	Bradley Bernstein, Broad	UBERON:0008953	lower lobe of left lung	tissue	lung		endoderm	respiratory system	Homo sapiens	ENCDO856ZOJ	female	adult	59	year	European	single-ended	Illumina NextSeq 500	1	2	unreplicated	2020-09-10	released	8	3004103743.0
ENCSR314BEX	False	ENCSR595SMV	H3K27ac	Histone ChIP-seq	Homo sapiens CD4-positive, alpha-beta memory T cell	Bradley Bernstein, Broad	CL:0000897	CD4-positive, alpha-beta memory T cell	primary cell	bodily fluid,blood	leukocyte,T cell,CD4+ T cell,hematopoietic cell		immune system	Homo sapiens	ENCDO194EHQ	unknown	unknown				single-ended	Illumina HiSeq 2000	1	1	unreplicated	2013-07-31	released	4	876473429.0
ENCSR314KMO	True			Control ChIP-seq	Homo sapiens caudate nucleus tissue female adult (75 years)	Bradley Bernstein, Broad	UBERON:0001873	caudate nucleus	tissue	brain		ectoderm	central nervous system	Homo sapiens	ENCDO871IWW	female	adult	75	year		single-ended	Illumina Genome Analyzer IIx	1	1	unreplicated	2013-07-31	released	2	1914120545.0
ENCSR315IRO	False	ENCSR534CZJ,ENCSR860QVB	H3K27ac	Histone ChIP-seq	Homo sapiens HUES6	Bradley Bernstein, Broad	EFO:0007086	HUES6	cell line	embryo	embryonic cell,stem cell			Homo sapiens	ENCDO734LQV	female	embryonic				single-ended	Illumina HiSeq 2000	2	2	isogenic	2013-07-31	released	4	2528468568.0
ENCSR315NIO	True			Control ChIP-seq	Homo sapiens temporal lobe tissue female adult (75 years)	Bradley Bernstein, Broad	UBERON:0001871	temporal lobe	tissue	brain		ectoderm	central nervous system	Homo sapiens	ENCDO871IWW	female	adult	75	year		single-ended	Illumina Genome Analyzer IIx	1	1	unreplicated	2013-07-31	released	2	1583175025.0
ENCSR315UUP	False	ENCSR386UHY	H3K27ac	Histone ChIP-seq	Homo sapiens with Alzheimer's disease; dorsolateral prefrontal cortex tissue female adult (90 or above years)	Bradley Bernstein, Broad	UBERON:0009834	dorsolateral prefrontal cortex	tissue	brain		ectoderm	central nervous system	Homo sapiens	ENCDO847KYQ	female	adult	90 or above	year	European	single-ended	Illumina NextSeq 500	1	2	unreplicated	2021-09-21	released	8	2694494398.0
ENCSR316LNO	False	ENCSR642QDW	H3K27ac	Histone ChIP-seq	Homo sapiens gastroesophageal sphincter tissue female adult (51 years)	Bradley Bernstein, Broad	UBERON:0004550	gastroesophageal sphincter	tissue	musculature of body,stomach		endoderm	musculature,digestive system	Homo sapiens	ENCDO271OUW	female	adult	51	year		single-ended	Illumina HiSeq 2500	2	2	isogenic	2019-08-01	released	10	6393612263.0
ENCSR316UPM	True			Control ChIP-seq	Homo sapiens mucosa of rectum tissue female adult (50 years)	Bradley Bernstein, Broad	UBERON:0003346	mucosa of rectum	tissue	large intestine,intestine			digestive system	Homo sapiens	ENCDO654NKH	female	adult	50	year		single-ended	Illumina Genome Analyzer IIx	1	1	unreplicated	2013-07-31	released	1	1662884666.0
ENCSR316ZPQ	True			Control ChIP-seq	Homo sapiens sigmoid colon tissue female adult (51 years)	Bradley Bernstein, Broad	UBERON:0001159	sigmoid colon	tissue	colon,intestine,large intestine		endoderm	digestive system	Homo sapiens	ENCDO271OUW	female	adult	51	year		single-ended	Illumina HiSeq 2500	1	4	unreplicated	2018-12-11	released	8	11478548099.0
ENCSR317VER	True			Control ChIP-seq	Homo sapiens A549 treated with 100 nM dexamethasone (agonist) for 7 hours	Tim Reddy, Duke	EFO:0001086	A549	cell line	lung	cancer cell	endoderm	respiratory system	Homo sapiens	ENCDO000AAZ	male	adult	58	year	European	single-ended	Illumina HiSeq 2000	3	3	isogenic	2016-07-21	released	3	2011277952.0
ENCSR318HUC	False	ENCSR266XMB	H3K27ac	Histone ChIP-seq	Homo sapiens thoracic aorta tissue male adult (54 years)	Bradley Bernstein, Broad	UBERON:0001515	thoracic aorta	tissue	arterial blood vessel,vasculature,blood vessel		mesoderm	circulatory system	Homo sapiens	ENCDO451RUA	male	adult	54	year		single-ended	Illumina HiSeq 2500	1	1	unreplicated	2016-10-26	released	1	2712019721.0
ENCSR321KDV	False	ENCSR529OPX	H3K27ac	Histone ChIP-seq	Homo sapiens with squamous cell carcinoma; skin epidermis tissue female adult (71 years)	Bradley Bernstein, Broad	UBERON:0001003	skin epidermis	tissue	epithelium,skin of body		ectoderm	integumental system	Homo sapiens	ENCDO588YPS	female	adult	71	year		single-ended	Illumina HiSeq 2500	1	1	unreplicated	2020-09-10	released	2	2618693095.0
ENCSR321LKT	False	ENCSR416ESX	H3K27ac	Histone ChIP-seq	Homo sapiens layer of hippocampus tissue male adult (73 years)	Bradley Bernstein, Broad	UBERON:0002305	layer of hippocampus	tissue	brain		ectoderm	central nervous system	Homo sapiens	ENCDO636RDE	male	adult	73	year		single-ended	Illumina HiSeq 2000	1	1	unreplicated	2013-07-31	released	4	1572036398.0
ENCSR322TJD	False	ENCSR116QUS	H3K27ac	Histone ChIP-seq	Homo sapiens aorta tissue female adult (30 years)	Bing Ren, UCSD	UBERON:0000947	aorta	tissue	arterial blood vessel,vasculature,blood vessel		mesoderm	circulatory system	Homo sapiens	ENCDO424HVB	female	adult	30	year	European	single-ended	Illumina HiSeq 2000	1	2	unreplicated	2013-07-31	released	1	1096022065.0
ENCSR324JDC	False	ENCSR770VVH	H3K27ac	Histone ChIP-seq	Homo sapiens endocrine pancreas tissue male adult (45 years)	Joseph Costello, UCSF	UBERON:0000016	endocrine pancreas	tissue	pancreas		endoderm	endocrine system	Homo sapiens	ENCDO543FPW	male	adult	45	year	European	single-ended	Illumina HiSeq 2000	1	1	unreplicated	2013-07-31	released	2	1858648041.0
ENCSR324VMZ	True			Control ChIP-seq	Homo sapiens A549	Tim Reddy, Duke	EFO:0001086	A549	cell line	lung	cancer cell	endoderm	respiratory system	Homo sapiens	ENCDO000AAZ	male	adult	58	year	European	single-ended	Illumina HiSeq 4000	3	3	isogenic	2017-10-19	released	3	4055082308.0
ENCSR325PXS	True			Control ChIP-seq	Homo sapiens A549 treated with 100 nM dexamethasone (agonist) for 3 hours	Tim Reddy, Duke	EFO:0001086	A549	cell line	lung	cancer cell	endoderm	respiratory system	Homo sapiens	ENCDO000AAZ	male	adult	58	year	European	single-ended	Illumina HiSeq 2000	3	3	isogenic	2016-07-21	released	3	1938147403.0
ENCSR325VCV	False	ENCSR212FST	H3K27ac	Histone ChIP-seq	Homo sapiens A549 treated with 100 nM dexamethasone (agonist) for 15 minutes	Tim Reddy, Duke	EFO:0001086	A549	cell line	lung	cancer cell	endoderm	respiratory system	Homo sapiens	ENCDO000AAZ	male	adult	58	year	European	single-ended	Illumina HiSeq 4000	3	3	isogenic	2017-10-19	released	3	7277339026.0
ENCSR326YRW	False	ENCSR583BXC	H3K27ac	Histone ChIP-seq	Homo sapiens with mild cognitive impairment; dorsolateral prefrontal cortex tissue female adult (90 or above years)	Bradley Bernstein, Broad	UBERON:0009834	dorsolateral prefrontal cortex	tissue	brain		ectoderm	central nervous system	Homo sapiens	ENCDO471EKG	female	adult	90 or above	year	European	single-ended	Illumina NextSeq 500	1	2	unreplicated	2021-09-21	released	16	9715251307.0
ENCSR327PYZ	True			Control ChIP-seq	Homo sapiens skin epidermis tissue female adult (48 years)	Bradley Bernstein, Broad	UBERON:0001003	skin epidermis	tissue	epithelium,skin of body		ectoderm	integumental system	Homo sapiens	ENCDO615YQP	female	adult	48	year		single-ended	Illumina NextSeq 500	1	1	unreplicated	2020-09-03	released	12	3119716649.0
ENCSR327XTS	False	ENCSR330SVG	H3K27ac	Histone ChIP-seq	Homo sapiens colonic mucosa tissue female adult (73 years)	Bradley Bernstein, Broad	UBERON:0000317	colonic mucosa	tissue	colon,large intestine,intestine		endoderm	digestive system	Homo sapiens	ENCDO159WAM	female	adult	73	year	European	single-ended	Illumina HiSeq 2000	1	1	unreplicated	2013-07-31	released	2	818551316.0
ENCSR328AHC	True			Control ChIP-seq	Homo sapiens PC-3	Bradley Bernstein, Broad	EFO:0002074	PC-3	cell line	prostate gland	cancer cell	mesoderm,endoderm	reproductive system	Homo sapiens	ENCDO349AAA	male	adult	62	year	European	single-ended	Illumina HiSeq 2500	2	2	isogenic	2015-08-03	released	4	5964537520.0
ENCSR329FXI	False	ENCSR835ARG	H3K27ac	Histone ChIP-seq	Homo sapiens skeletal muscle tissue tissue female adult (72 years)	Bradley Bernstein, Broad	UBERON:0001134	skeletal muscle tissue	tissue	musculature of body		mesoderm	musculature	Homo sapiens	ENCDO357DNR	female	adult	72	year	European	single-ended	Illumina HiSeq 2000	1	1	unreplicated	2013-07-31	released	2	898803405.0
ENCSR329HFV	True			Control ChIP-seq	Homo sapiens tibial nerve tissue male adult (37 years)	Bradley Bernstein, Broad	UBERON:0001323	tibial nerve	tissue	nerve,limb		ectoderm	peripheral nervous system	Homo sapiens	ENCDO845WKR	male	adult	37	year		single-ended	Illumina HiSeq 2500	1	2	unreplicated	2019-07-19	released	4	5379419252.0
ENCSR330SVG	True			Control ChIP-seq	Homo sapiens colonic mucosa tissue female adult (73 years)	Bradley Bernstein, Broad	UBERON:0000317	colonic mucosa	tissue	colon,large intestine,intestine		endoderm	digestive system	Homo sapiens	ENCDO159WAM	female	adult	73	year	European	single-ended	Illumina Genome Analyzer IIx	1	1	unreplicated	2013-07-31	released	1	694930512.0
ENCSR334DRN	False	ENCSR568JFZ	H3K27ac	Histone ChIP-seq	Homo sapiens skin epidermis tissue male adult (67 years)	Bradley Bernstein, Broad	UBERON:0001003	skin epidermis	tissue	epithelium,skin of body		ectoderm	integumental system	Homo sapiens	ENCDO128KBJ	male	adult	67	year		single-ended	Illumina HiSeq 2500	1	1	unreplicated	2020-09-10	released	8	2421271009.0
ENCSR339WBT	True			Control ChIP-seq	Homo sapiens neuronal stem cell originated from H1	Bing Ren, UCSD	CL:0000047	neuronal stem cell	in vitro differentiated cells	embryo	stem cell,neural cell	ectoderm	central nervous system	Homo sapiens	ENCDO000AAW	male	embryonic				single-ended	Illumina Genome Analyzer IIx	1	1	unreplicated	2013-07-31	released	1	1916931827.0
ENCSR339XMR	False	ENCSR564GJK	H3K27ac	Histone ChIP-seq	Homo sapiens with basal cell carcinoma; skin epidermis tissue male adult (58 years)	Bradley Bernstein, Broad	UBERON:0001003	skin epidermis	tissue	epithelium,skin of body		ectoderm	integumental system	Homo sapiens	ENCDO536XJQ	male	adult	58	year		single-ended	Illumina HiSeq 2500	1	1	unreplicated	2020-09-10	released	2	2717800011.0
ENCSR340NAL	False	ENCSR887SZF	H3K27ac	Histone ChIP-seq	Homo sapiens A549 treated with 100 nM dexamethasone (agonist) for 6 hours	Tim Reddy, Duke	EFO:0001086	A549	cell line	lung	cancer cell	endoderm	respiratory system	Homo sapiens	ENCDO000AAZ	male	adult	58	year	European	single-ended	Illumina HiSeq 2000	3	3	isogenic	2016-07-21	released	3	3837144731.0
ENCSR340OJR	False	ENCSR405NKC	H3K27ac	Histone ChIP-seq	Homo sapiens with Alzheimer's disease; dorsolateral prefrontal cortex tissue female adult (90 or above years)	Bradley Bernstein, Broad	UBERON:0009834	dorsolateral prefrontal cortex	tissue	brain		ectoderm	central nervous system	Homo sapiens	ENCDO730UYW	female	adult	90 or above	year	European	single-ended	Illumina NextSeq 500	1	2	unreplicated	2022-06-09	released	8	2641448227.0
ENCSR340ZTB	False	ENCSR621OKB	H3K27ac	Histone ChIP-seq	Homo sapiens skin epidermis tissue female adult (80 years)	Bradley Bernstein, Broad	UBERON:0001003	skin epidermis	tissue	epithelium,skin of body		ectoderm	integumental system	Homo sapiens	ENCDO856JFL	female	adult	80	year		single-ended	Illumina HiSeq 2500	1	1	unreplicated	2020-09-10	released	2	2632173234.0
ENCSR342KXD	False	ENCSR481QDJ	H3K27ac	Histone ChIP-seq	Homo sapiens heart right ventricle tissue male adult (43 years)	Bradley Bernstein, Broad	UBERON:0002080	heart right ventricle	tissue	heart		mesoderm	circulatory system	Homo sapiens	ENCDO967KID	male	adult	43	year	European	single-ended	Illumina NextSeq 500	1	2	unreplicated	2021-09-21	released	8	2108831817.0
ENCSR343DFX	False	ENCSR749YQP	H3K27ac	Histone ChIP-seq	Homo sapiens spleen tissue female adult (41 years)	Bradley Bernstein, Broad	UBERON:0002106	spleen	tissue	spleen,immune organ		mesoderm	immune system,digestive system	Homo sapiens	ENCDO575WHY	female	adult	41	year	European	single-ended	Illumina NextSeq 500	1	2	unreplicated	2020-09-10	released	8	2449720267.0
ENCSR343GIV	True			Control ChIP-seq	Homo sapiens gastroesophageal sphincter tissue male adult (37 years)	Bradley Bernstein, Broad	UBERON:0004550	gastroesophageal sphincter	tissue	musculature of body,stomach		endoderm	digestive system,musculature	Homo sapiens	ENCDO845WKR	male	adult	37	year		single-ended	Illumina HiSeq 2500	1	2	unreplicated	2019-07-19	released	4	4904730869.0
ENCSR344CSQ	True			Control ChIP-seq	Homo sapiens A549	Tim Reddy, Duke	EFO:0001086	A549	cell line	lung	cancer cell	endoderm	respiratory system	Homo sapiens	ENCDO000AAZ	male	adult	58	year	European	single-ended	Illumina HiSeq 4000	3	3	isogenic	2017-10-19	released	3	3391129395.0
ENCSR344ERJ	True			Control ChIP-seq	Homo sapiens A549 treated with 100 nM dexamethasone (agonist) for 2 hours	Tim Reddy, Duke	EFO:0001086	A549	cell line	lung	cancer cell	endoderm	respiratory system	Homo sapiens	ENCDO000AAZ	male	adult	58	year	European	single-ended	Illumina HiSeq 2000	3	3	isogenic	2016-07-21	released	3	1838038550.0
ENCSR344PHP	False	ENCSR291VCJ	H3K27ac	Histone ChIP-seq	Homo sapiens dorsolateral prefrontal cortex tissue female adult (88 years)	Bradley Bernstein, Broad	UBERON:0009834	dorsolateral prefrontal cortex	tissue	brain		ectoderm	central nervous system	Homo sapiens	ENCDO669IVL	female	adult	88	year	European	single-ended	Illumina NextSeq 500	1	2	unreplicated	2021-05-06	released	8	4391981344.0
ENCSR346FVK	False	ENCSR607UWA	H3K27ac	Histone ChIP-seq	Homo sapiens vagina tissue female adult (51 years)	Bradley Bernstein, Broad	UBERON:0000996	vagina	tissue	vagina		mesoderm	reproductive system	Homo sapiens	ENCDO271OUW	female	adult	51	year		single-ended	Illumina HiSeq 2500	1	2	unreplicated	2019-08-09	released	4	2090645150.0
ENCSR347KLR	True			Control ChIP-seq	Homo sapiens dorsolateral prefrontal cortex tissue male adult (86 years)	Bradley Bernstein, Broad	UBERON:0009834	dorsolateral prefrontal cortex	tissue	brain		ectoderm	central nervous system	Homo sapiens	ENCDO666UNK	male	adult	86	year	European	single-ended	Illumina NextSeq 500	1	2	unreplicated	2021-04-12	released	8	6394178868.0
ENCSR347VUG	True			Control ChIP-seq	Homo sapiens thyroid gland tissue female adult (51 years)	Bradley Bernstein, Broad	UBERON:0002046	thyroid gland	tissue	endocrine gland,thyroid gland		endoderm	endocrine system	Homo sapiens	ENCDO271OUW	female	adult	51	year		single-ended	Illumina HiSeq 2500	1	2	unreplicated	2017-08-28	released	4	5364410427.0
ENCSR349VAW	False	ENCSR268BDW	H3K27ac	Histone ChIP-seq	Homo sapiens SJSA1	Michael Snyder, Stanford	EFO:0002330	SJSA1	cell line	bone element	cancer cell	mesoderm	skeletal system	Homo sapiens	ENCDO197NLG	male	adult	19	year	Black	paired-ended	Illumina HiSeq 4000	2	2	isogenic	2020-09-03	released	2	9746591548.0
ENCSR350EFV	False	ENCSR325PXS	H3K27ac	Histone ChIP-seq	Homo sapiens A549 treated with 100 nM dexamethasone (agonist) for 3 hours	Tim Reddy, Duke	EFO:0001086	A549	cell line	lung	cancer cell	endoderm	respiratory system	Homo sapiens	ENCDO000AAZ	male	adult	58	year	European	single-ended	Illumina HiSeq 2000	3	3	isogenic	2016-07-21	released	3	4264441665.0
ENCSR354HOM	True			Control ChIP-seq	Homo sapiens BLaER1 168 hours after the sample was treated with 100 nM 17β-estradiol, 10 ng/mL Interleukin-3, 10 ng/mL CSF1	Roderic Guigo, CRG	EFO:0030018	BLaER1	cell line	bone marrow,bone element		mesoderm	immune system,skeletal system	Homo sapiens	ENCDO305PTK	female					single-ended	Illumina HiSeq 2000	2	2	isogenic	2022-05-10	released	2	8415118615.0
ENCSR355GNZ	False	ENCSR163XFK	H3K27ac	Histone ChIP-seq	Homo sapiens coronary artery tissue female adult (51 years)	Bradley Bernstein, Broad	UBERON:0001621	coronary artery	tissue	arterial blood vessel,blood vessel,vasculature,heart		mesoderm	circulatory system	Homo sapiens	ENCDO271OUW	female	adult	51	year		single-ended	Illumina HiSeq 2500	1	2	unreplicated	2019-09-11	released	4	2794223031.0
ENCSR355RJN	True			Control ChIP-seq	Homo sapiens naive thymus-derived CD4-positive, alpha-beta T cell	Bradley Bernstein, Broad	CL:0000895	naive thymus-derived CD4-positive, alpha-beta T cell	primary cell	bodily fluid,blood	leukocyte,T cell,CD4+ T cell,hematopoietic cell	mesoderm,endoderm	immune system	Homo sapiens	ENCDO194EHQ	unknown	unknown				single-ended	Illumina HiSeq 2000	2	2	anisogenic	2013-07-31	released	6	3838410018.0
ENCSR355UYP	False	ENCSR143DQF	H3K27ac	Histone ChIP-seq	Homo sapiens cingulate gyrus tissue male adult (81 years)	Bradley Bernstein, Broad	UBERON:0002967	cingulate gyrus	tissue	brain		ectoderm	central nervous system	Homo sapiens	ENCDO980BZD	male	adult	81	year		single-ended	Illumina HiSeq 2000	1	1	unreplicated	2013-07-31	released	6	1934717816.0
ENCSR360NJD	True			Control ChIP-seq	Homo sapiens skin epidermis tissue male adult (78 years)	Bradley Bernstein, Broad	UBERON:0001003	skin epidermis	tissue	epithelium,skin of body		ectoderm	integumental system	Homo sapiens	ENCDO054KII	male	adult	78	year		single-ended	Illumina HiSeq 2500	1	1	unreplicated	2020-09-03	released	4	3700023173.0
ENCSR361GKY	True			Control ChIP-seq	Homo sapiens OCI-LY3	Bradley Bernstein, Broad	EFO:0006710	OCI-LY3	cell line	immune organ,bone element,bone marrow,lymph node	cancer cell	mesoderm	immune system,skeletal system	Homo sapiens	ENCDO355AAA	male	adult	52	year		single-ended	Illumina HiSeq 2500	2	2	isogenic	2014-07-11	released	5	6113153008.0
ENCSR363KHN	True			Control ChIP-seq	Homo sapiens chorionic villus tissue male embryo (38 weeks)	Joseph Costello, UCSF	UBERON:0007106	chorionic villus	tissue	placenta,embryo,extraembryonic component		mesoderm	reproductive system	Homo sapiens	ENCDO974LFM	male	embryonic	38	week		single-ended	Illumina HiSeq 2000	1	1	unreplicated	2013-07-31	released	2	3331742898.0
ENCSR367UDO	True			Control ChIP-seq	Homo sapiens Karpas-422	Bradley Bernstein, Broad	EFO:0005719	Karpas-422	cell line	bodily fluid,blood,lymph node	leukocyte,hematopoietic cell,B cell	endoderm,mesoderm	immune system	Homo sapiens	ENCDO354AAA	female	adult	72	year		single-ended	Illumina HiSeq 2500	2	2	isogenic	2014-07-11	released	4	3720977912.0
ENCSR367WYJ	False	ENCSR163UEW	H3K27ac	Histone ChIP-seq	Homo sapiens psoas muscle tissue male child (3 years)	Bing Ren, UCSD	UBERON:0008450	psoas muscle	tissue	musculature of body		mesoderm	musculature	Homo sapiens	ENCDO478OMA	male	child	3	year		single-ended	Illumina HiSeq 2000	1	2	unreplicated	2013-07-31	released	3	4263618760.0
ENCSR368CYW	False	ENCSR698TWO	H3K27ac	Histone ChIP-seq	Homo sapiens NCI-H929	Michael Snyder, Stanford	EFO:0001221	NCI-H929	cell line	bone element,bone marrow	cancer cell,leukocyte,hematopoietic cell,B cell	mesoderm	immune system,skeletal system	Homo sapiens	ENCDO220OYR	female	adult	62	year	European	paired-ended	Illumina HiSeq 4000	2	2	isogenic	2020-10-07	released	2	10941880657.0
ENCSR368NLE	True			Control ChIP-seq	Homo sapiens right atrium auricular region tissue female adult (51 years)	Bradley Bernstein, Broad	UBERON:0006631	right atrium auricular region	tissue	heart		mesoderm	circulatory system	Homo sapiens	ENCDO271OUW	female	adult	51	year		single-ended	Illumina HiSeq 2500	2	2	isogenic	2018-12-11	released	6	11282044925.0
ENCSR370OQJ	False	ENCSR839VEU	H3K27ac	Histone ChIP-seq	Homo sapiens heart right ventricle tissue male adult (40 years)	Bradley Bernstein, Broad	UBERON:0002080	heart right ventricle	tissue	heart		mesoderm	circulatory system	Homo sapiens	ENCDO392CRK	male	adult	40	year	European	single-ended	Illumina NextSeq 500	1	2	unreplicated	2020-09-15	released	8	2142158706.0
ENCSR373OML	True			Control ChIP-seq	Homo sapiens with Alzheimer's disease; dorsolateral prefrontal cortex tissue female adult (90 or above years)	Bradley Bernstein, Broad	UBERON:0009834	dorsolateral prefrontal cortex	tissue	brain		ectoderm	central nervous system	Homo sapiens	ENCDO258GJF	female	adult	90 or above	year	European	single-ended	Illumina NextSeq 500	1	2	unreplicated	2022-06-07	released	8	3547476286.0
ENCSR376YUP	True			Control ChIP-seq	Homo sapiens with Alzheimer's disease, Cognitive impairment; dorsolateral prefrontal cortex tissue female adult (87 years)	Bradley Bernstein, Broad	UBERON:0009834	dorsolateral prefrontal cortex	tissue	brain		ectoderm	central nervous system	Homo sapiens	ENCDO940VNT	female	adult	87	year	European	single-ended	Illumina NextSeq 500	1	2	unreplicated	2021-04-12	released	8	3290142051.0
ENCSR379DNM	False	ENCSR417AQU	H3K27ac	Histone ChIP-seq	Homo sapiens with mild cognitive impairment; dorsolateral prefrontal cortex tissue female adult (90 or above years)	Bradley Bernstein, Broad	UBERON:0009834	dorsolateral prefrontal cortex	tissue	brain		ectoderm	central nervous system	Homo sapiens	ENCDO739EFE	female	adult	90 or above	year	European	single-ended	Illumina NextSeq 500	1	2	unreplicated	2021-09-21	released	8	3559969213.0
ENCSR379WXM	False	ENCSR895KPB	H3K27ac	Histone ChIP-seq	Homo sapiens neurosphere embryo (15 weeks) originated from ganglionic eminence	Joseph Costello, UCSF	NTR:0000427	neurosphere	primary cell		stem cell	ectoderm	central nervous system	Homo sapiens	ENCDO594MAO	unknown	embryonic	15	week		paired-ended	Illumina HiSeq 2000	1	1	unreplicated	2013-07-31	released	2	2273682571.0
ENCSR380KOO	False	ENCSR562HZE	H3K27ac	Histone ChIP-seq	Homo sapiens angular gyrus tissue male adult (81 years)	Bradley Bernstein, Broad	UBERON:0002686	angular gyrus	tissue	brain		ectoderm	central nervous system	Homo sapiens	ENCDO980BZD	male	adult	81	year		single-ended	Illumina HiSeq 2000	1	1	unreplicated	2013-07-31	released	6	1742002945.0
ENCSR384KIB	True			Control ChIP-seq	Homo sapiens transverse colon tissue female adult (51 years)	Bradley Bernstein, Broad	UBERON:0001157	transverse colon	tissue	colon,intestine,large intestine		endoderm	digestive system	Homo sapiens	ENCDO271OUW	female	adult	51	year		single-ended	Illumina HiSeq 2500	2	5	isogenic	2018-12-14	released	16	11552981435.0
ENCSR385ODY	True			Control ChIP-seq	Homo sapiens testis tissue male adult (54 years)	Bradley Bernstein, Broad	UBERON:0000473	testis	tissue	testis,gonad			reproductive system	Homo sapiens	ENCDO451RUA	male	adult	54	year		single-ended	Illumina HiSeq 2500	1	2	unreplicated	2019-02-08	released	6	4642702230.0
ENCSR386CKJ	False	ENCSR704QBF	H3K27ac	Histone ChIP-seq	Homo sapiens skin epidermis tissue male adult (75 years)	Bradley Bernstein, Broad	UBERON:0001003	skin epidermis	tissue	epithelium,skin of body		ectoderm	integumental system	Homo sapiens	ENCDO317WFZ	male	adult	75	year		single-ended	Illumina HiSeq 2500	1	1	unreplicated	2020-09-10	released	2	2624441471.0
ENCSR386UHY	True			Control ChIP-seq	Homo sapiens with Alzheimer's disease; dorsolateral prefrontal cortex tissue female adult (90 or above years)	Bradley Bernstein, Broad	UBERON:0009834	dorsolateral prefrontal cortex	tissue	brain		ectoderm	central nervous system	Homo sapiens	ENCDO847KYQ	female	adult	90 or above	year	European	single-ended	Illumina NextSeq 500	1	2	unreplicated	2021-09-21	released	8	3577963334.0
ENCSR391EQV	False	ENCSR726FHN	H3K27ac	Histone ChIP-seq	Homo sapiens natural killer cell male adult (37 years)	John Stamatoyannopoulos, UW	CL:0000623	natural killer cell	primary cell	blood,bodily fluid	hematopoietic cell,leukocyte,NK cell	endoderm,mesoderm	immune system	Homo sapiens	ENCDO028NGF	male	adult	37	year	Hispanic	single-ended	Illumina HiSeq 2000	1	1	unreplicated	2013-07-31	released	2	1810330206.0
ENCSR391NPE	False	ENCSR933UGQ	H3K27ac	Histone ChIP-seq	Homo sapiens 22Rv1	Michael Snyder, Stanford	EFO:0002095	22Rv1	cell line	prostate gland	cancer cell	mesoderm,endoderm	reproductive system	Homo sapiens	ENCDO719HIY	unknown					paired-ended	Illumina HiSeq 2000	2	2	isogenic	2017-03-03	released	2	5487499998.0
ENCSR394DWD	True			Control ChIP-seq	Homo sapiens RWPE2	Michael Snyder, Stanford	EFO:0007610	RWPE2	cell line	prostate gland,epithelium	epithelial cell	mesoderm,endoderm	reproductive system	Homo sapiens	ENCDO000ADM	male	adult	54	year	European	paired-ended	Illumina HiSeq 2000	2	2	isogenic	2017-01-31	released	3	11233170329.0
ENCSR394ZWY	True			Control ChIP-seq	Homo sapiens with mild cognitive impairment; dorsolateral prefrontal cortex tissue female adult (87 years)	Bradley Bernstein, Broad	UBERON:0009834	dorsolateral prefrontal cortex	tissue	brain		ectoderm	central nervous system	Homo sapiens	ENCDO354SJE	female	adult	87	year	European	single-ended	Illumina NextSeq 500	1	2	unreplicated	2021-04-12	released	8	3794931454.0
ENCSR397NQK	False	ENCSR785LQK	H3K27ac	Histone ChIP-seq	Homo sapiens with basal cell carcinoma; skin epidermis tissue male adult (65 years)	Bradley Bernstein, Broad	UBERON:0001003	skin epidermis	tissue	epithelium,skin of body		ectoderm	integumental system	Homo sapiens	ENCDO180HAI	male	adult	65	year		single-ended	Illumina HiSeq 2500	1	1	unreplicated	2020-09-10	released	2	2536377208.0
ENCSR399JUL	True			Control ChIP-seq	Homo sapiens BLaER1 3 hours after the sample was treated with 100 nM 17β-estradiol, 10 ng/mL Interleukin-3, 10 ng/mL CSF1	Roderic Guigo, CRG	EFO:0030018	BLaER1	cell line	bone marrow,bone element		mesoderm	immune system,skeletal system	Homo sapiens	ENCDO305PTK	female					single-ended	Illumina HiSeq 2000	2	2	isogenic	2022-05-10	released	2	8380376312.0
ENCSR399QWL	False		H3K27ac	Histone ChIP-seq	Homo sapiens dendritic cell treated with lipopolysaccharide	Manuel Garber, UMass	CL:0000451	dendritic cell	in vitro differentiated cells		leukocyte,hematopoietic cell	mesoderm,endoderm	immune system	Homo sapiens	ENCDO088XVR	unknown	unknown	unknown			paired-ended	Illumina NextSeq 500	1	1	unreplicated	2017-01-19	released	1	1897774305.0
ENCSR400XSW	False	ENCSR255SDP	H3K27ac	Histone ChIP-seq	Homo sapiens BLaER1 18 hours after the sample was treated with 100 nM 17β-estradiol, 10 ng/mL Interleukin-3, 10 ng/mL CSF1	Roderic Guigo, CRG	EFO:0030018	BLaER1	cell line	bone marrow,bone element		mesoderm	immune system,skeletal system	Homo sapiens	ENCDO305PTK	female					single-ended	Illumina HiSeq 2000	2	2	isogenic	2022-05-10	released	2	5225178522.0
ENCSR401KZW	False	ENCSR200QAA	H3K27ac	Histone ChIP-seq	Homo sapiens spleen tissue male adult (26 years)	Bradley Bernstein, Broad	UBERON:0002106	spleen	tissue	spleen,immune organ		mesoderm	immune system,digestive system	Homo sapiens	ENCDO221IPH	male	adult	26	year	European	single-ended	Illumina NextSeq 500	1	2	unreplicated	2020-09-03	released	8	2594000398.0
ENCSR402HFW	False	ENCSR480NNC	H3K27ac	Histone ChIP-seq	Homo sapiens pancreas tissue female adult (30 years)	Bing Ren, UCSD	UBERON:0001264	pancreas	tissue	pancreas		endoderm		Homo sapiens	ENCDO424HVB	female	adult	30	year	European	single-ended	Illumina HiSeq 2000	1	1	unreplicated	2013-07-31	released	1	3125328208.0
ENCSR402JWL	False	ENCSR170MJE	H3K27ac	Histone ChIP-seq	Homo sapiens heart left ventricle tissue male adult (73 years)	Bradley Bernstein, Broad	UBERON:0002084	heart left ventricle	tissue	heart		mesoderm	circulatory system	Homo sapiens	ENCDO804CLC	male	adult	73	year	European	single-ended	Illumina NextSeq 500	1	2	unreplicated	2021-09-21	released	8	2507612937.0
ENCSR403PZH	False	ENCSR456AMX	H3K27ac	Histone ChIP-seq	Homo sapiens psoas muscle tissue female adult (41 years)	Bradley Bernstein, Broad	UBERON:0008450	psoas muscle	tissue	musculature of body		mesoderm	musculature	Homo sapiens	ENCDO575WHY	female	adult	41	year	European	single-ended	Illumina NextSeq 500	1	2	unreplicated	2022-06-09	released	8	1978083933.0
ENCSR403VPZ	True			Control ChIP-seq	Homo sapiens heart left ventricle tissue female adult (46 years)	Bradley Bernstein, Broad	UBERON:0002084	heart left ventricle	tissue	heart		mesoderm	circulatory system	Homo sapiens	ENCDO411EVD	female	adult	46	year	European	single-ended	Illumina NextSeq 500	1	2	unreplicated	2020-07-06	released	8	2745272400.0
ENCSR404IRS	True			Control ChIP-seq	Homo sapiens parathyroid adenoma tissue male adult (62 years)	Bradley Bernstein, Broad	NTR:0001226	parathyroid adenoma	tissue	paraythroid gland		endoderm	endocrine system	Homo sapiens	ENCDO952UGS	male	adult	62	year		single-ended	Illumina HiSeq 2000	1	1	unreplicated	2017-12-01	released	1	1732526373.0
ENCSR405BDN	True			Control ChIP-seq	Homo sapiens dorsolateral prefrontal cortex tissue female adult (82 years)	Bradley Bernstein, Broad	UBERON:0009834	dorsolateral prefrontal cortex	tissue	brain		ectoderm	central nervous system	Homo sapiens	ENCDO290OPS	female	adult	82	year	European	single-ended	Illumina NextSeq 500	1	2	unreplicated	2021-09-21	released	8	2778007749.0
ENCSR405ESP	False	ENCSR815BDB	H3K27ac	Histone ChIP-seq	Homo sapiens adrenal gland tissue male adult (34 years)	Bing Ren, UCSD	UBERON:0002369	adrenal gland	tissue	endocrine gland,adrenal gland		mesoderm,ectoderm	endocrine system	Homo sapiens	ENCDO058AAA	male	adult	34	year	European	single-ended	Illumina HiSeq 2000	1	2	unreplicated	2013-07-31	released	2	4053194297.0
ENCSR405FZE	False	ENCSR642TGI	H3K27ac	Histone ChIP-seq	Homo sapiens duodenal mucosa tissue male adult (59 years)	Bradley Bernstein, Broad	UBERON:0000320	duodenal mucosa	tissue	small intestine,intestine		endoderm	digestive system	Homo sapiens	ENCDO874DHL	male	adult	59	year	European	single-ended	Illumina HiSeq 2000	1	1	unreplicated	2013-07-31	released	2	781996920.0
ENCSR405NKC	True			Control ChIP-seq	Homo sapiens with Alzheimer's disease; dorsolateral prefrontal cortex tissue female adult (90 or above years)	Bradley Bernstein, Broad	UBERON:0009834	dorsolateral prefrontal cortex	tissue	brain		ectoderm	central nervous system	Homo sapiens	ENCDO730UYW	female	adult	90 or above	year	European	single-ended	Illumina NextSeq 500	1	2	unreplicated	2022-06-07	released	8	3919888674.0
ENCSR405VDU	True			Control ChIP-seq	Homo sapiens CD4-positive, alpha-beta memory T cell	Bradley Bernstein, Broad	CL:0000897	CD4-positive, alpha-beta memory T cell	primary cell	bodily fluid,blood	leukocyte,T cell,CD4+ T cell,hematopoietic cell		immune system	Homo sapiens	ENCDO688UWB	unknown	unknown				single-ended	Illumina HiSeq 2000	1	1	unreplicated	2013-07-31	released	4	1527897854.0
ENCSR413QLR	False	ENCSR531AUV	H3K27ac	Histone ChIP-seq	Homo sapiens suprapubic skin tissue male adult (37 years)	Bradley Bernstein, Broad	UBERON:0036149	suprapubic skin	tissue	skin of body		ectoderm	integumental system	Homo sapiens	ENCDO845WKR	male	adult	37	year		single-ended	Illumina HiSeq 2500	1	2	unreplicated	2019-09-11	released	4	4538923546.0
ENCSR413YCI	False	ENCSR455AFK	H3K27ac	Histone ChIP-seq	Homo sapiens BLaER1	Roderic Guigo, CRG	EFO:0030018	BLaER1	cell line	bone marrow,bone element		mesoderm	immune system,skeletal system	Homo sapiens	ENCDO305PTK	female					single-ended	Illumina HiSeq 2000	2	2	isogenic	2022-05-10	released	2	5165070373.0
ENCSR416ESX	True			Control ChIP-seq	Homo sapiens layer of hippocampus tissue male adult (73 years)	Bradley Bernstein, Broad	UBERON:0002305	layer of hippocampus	tissue	brain		ectoderm	central nervous system	Homo sapiens	ENCDO636RDE	male	adult	73	year		single-ended	Illumina HiSeq 2000	1	1	unreplicated	2013-07-31	released	4	1661324654.0
ENCSR417AQU	True			Control ChIP-seq	Homo sapiens with mild cognitive impairment; dorsolateral prefrontal cortex tissue female adult (90 or above years)	Bradley Bernstein, Broad	UBERON:0009834	dorsolateral prefrontal cortex	tissue	brain		ectoderm	central nervous system	Homo sapiens	ENCDO739EFE	female	adult	90 or above	year	European	single-ended	Illumina NextSeq 500	1	2	unreplicated	2021-09-21	released	12	5611023626.0
ENCSR419BNY	False	ENCSR061EXX	H3K27ac	Histone ChIP-seq	Homo sapiens heart left ventricle tissue male adult (66 years)	Bradley Bernstein, Broad	UBERON:0002084	heart left ventricle	tissue	heart		mesoderm	circulatory system	Homo sapiens	ENCDO926KEV	male	adult	66	year	European	single-ended	Illumina NextSeq 500	1	2	unreplicated	2021-09-21	released	8	2628160198.0
ENCSR420XKX	True			Control ChIP-seq	Homo sapiens foreskin melanocyte male newborn	Joseph Costello, UCSF	CL:2000045	foreskin melanocyte	primary cell	penis	melanocyte	ectoderm,mesoderm	reproductive system	Homo sapiens	ENCDO047TBB	male	newborn				single-ended	Illumina HiSeq 2000	1	1	unreplicated	2013-07-31	released	2	2060306369.0
ENCSR422TGJ	True			Control ChIP-seq	Homo sapiens upper lobe of left lung tissue female adult (53 years)	Bradley Bernstein, Broad	UBERON:0008952	upper lobe of left lung	tissue	lung		endoderm	respiratory system	Homo sapiens	ENCDO793LXB	female	adult	53	year		single-ended	Illumina HiSeq 2500	1	1	unreplicated	2016-11-03	released	2	3102908215.0
ENCSR424IJM	False	ENCSR427DIF	H3K27ac	Histone ChIP-seq	Homo sapiens with Cognitive impairment; dorsolateral prefrontal cortex tissue female adult (90 or above years)	Bradley Bernstein, Broad	UBERON:0009834	dorsolateral prefrontal cortex	tissue	brain		ectoderm	central nervous system	Homo sapiens	ENCDO448YMQ	female	adult	90 or above	year	European	single-ended	Illumina NextSeq 500	1	2	unreplicated	2021-09-21	released	8	3431816617.0
ENCSR425FUS	False	ENCSR663GIS	H3K27ac	Histone ChIP-seq	Homo sapiens from a donor with amyotrophic lateral sclerosis; motor neuron	Michael Snyder, Stanford	CL:0000100	motor neuron	in vitro differentiated cells	spinal cord,brain	neural cell	ectoderm	central nervous system	Homo sapiens	ENCDO272LDF	male	adult	49	year		paired-ended	Illumina NovaSeq 6000	2	2	isogenic	2021-08-24	released	2	8485311210.0
ENCSR425NYG	True			Control ChIP-seq	Homo sapiens foreskin melanocyte male newborn	Joseph Costello, UCSF	CL:2000045	foreskin melanocyte	primary cell	penis	melanocyte	mesoderm,ectoderm	reproductive system	Homo sapiens	ENCDO666YUN	male	newborn				paired-ended	Illumina HiSeq 2000	1	1	unreplicated	2013-07-31	released	2	2629861334.0
ENCSR425PQI	False	ENCSR890MJO,ENCSR648VOG	H3K27ac	Histone ChIP-seq	Homo sapiens trophoblast cell originated from H1	Bing Ren, UCSD	CL:0000351	trophoblast cell	in vitro differentiated cells	embryo,extraembryonic component				Homo sapiens	ENCDO000AAW	male	embryonic				single-ended	Illumina Genome Analyzer IIx	2	2	isogenic	2013-07-31	released	2	2500903106.0
ENCSR426VHO	False	ENCSR889RIF	H3K27ac	Histone ChIP-seq	Homo sapiens spleen tissue male adult (37 years)	Bradley Bernstein, Broad	UBERON:0002106	spleen	tissue	spleen,immune organ		mesoderm	immune system,digestive system	Homo sapiens	ENCDO845WKR	male	adult	37	year		single-ended	Illumina HiSeq 2500	2	4	isogenic	2019-09-11	released	12	7264428293.0
ENCSR427DIF	True			Control ChIP-seq	Homo sapiens with Cognitive impairment; dorsolateral prefrontal cortex tissue female adult (90 or above years)	Bradley Bernstein, Broad	UBERON:0009834	dorsolateral prefrontal cortex	tissue	brain		ectoderm	central nervous system	Homo sapiens	ENCDO448YMQ	female	adult	90 or above	year	European	single-ended	Illumina NextSeq 500	1	2	unreplicated	2021-09-21	released	8	4262141539.0
ENCSR429YAE	False	ENCSR580WGM	H3K27ac	Histone ChIP-seq	Homo sapiens iPS-18a	Bradley Bernstein, Broad	EFO:0007105	iPS-18a	cell line	skin of body	stem cell,induced pluripotent stem cell	ectoderm	integumental system	Homo sapiens	ENCDO844VGJ	female	adult	48	year		single-ended	Illumina HiSeq 2000	1	1	unreplicated	2013-07-31	released	4	1999660129.0
ENCSR430RVP	False	ENCSR055YMD	H3K27ac	Histone ChIP-seq	Homo sapiens amnion tissue male embryo (16 weeks)	Joseph Costello, UCSF	UBERON:0000305	amnion	tissue	placenta,extraembryonic component		mesoderm	reproductive system	Homo sapiens	ENCDO150YZC	male	embryonic	16	week	African American	single-ended	Illumina HiSeq 2000	1	1	unreplicated	2013-07-31	released	2	2517244378.0
ENCSR432DPY	False	ENCSR700CAX	H3K27ac	Histone ChIP-seq	Homo sapiens body of pancreas tissue female adult (51 years)	Bradley Bernstein, Broad	UBERON:0001150	body of pancreas	tissue	pancreas		endoderm		Homo sapiens	ENCDO271OUW	female	adult	51	year		single-ended	Illumina HiSeq 2500	1	2	unreplicated	2019-02-11	released	4	3054764629.0
ENCSR435JKM	False	ENCSR549SVK	H3K27ac	Histone ChIP-seq	Homo sapiens A549 treated with 100 nM dexamethasone (agonist) for 12 hours	Tim Reddy, Duke	EFO:0001086	A549	cell line	lung	cancer cell	endoderm	respiratory system	Homo sapiens	ENCDO000AAZ	male	adult	58	year	European	single-ended	Illumina HiSeq 2500	3	3	isogenic	2016-07-21	released	3	3219269659.0
ENCSR436JNB	False	ENCSR119AVG	H3K27ac	Histone ChIP-seq	Homo sapiens spleen tissue female adult (61 years)	Bradley Bernstein, Broad	UBERON:0002106	spleen	tissue	spleen,immune organ		mesoderm	immune system,digestive system	Homo sapiens	ENCDO186XRB	female	adult	61	year	European	single-ended	Illumina NextSeq 500	1	2	unreplicated	2021-06-24	released	8	2549327352.0
ENCSR437DCH	True			Control ChIP-seq	Homo sapiens with mild cognitive impairment; dorsolateral prefrontal cortex tissue female adult (90 or above years)	Bradley Bernstein, Broad	UBERON:0009834	dorsolateral prefrontal cortex	tissue	brain		ectoderm	central nervous system	Homo sapiens	ENCDO634UMA	female	adult	90 or above	year	European	single-ended	Illumina NextSeq 500	1	2	unreplicated	2021-04-12	released	12	3077023337.0
ENCSR437QMD	False	ENCSR628GIZ	H3K27ac	Histone ChIP-seq	Homo sapiens stomach tissue male child (3 years)	Bing Ren, UCSD	UBERON:0000945	stomach	tissue	stomach		endoderm	digestive system	Homo sapiens	ENCDO478OMA	male	child	3	year		single-ended	Illumina Genome Analyzer	1	2	unreplicated	2013-07-31	released	2	3596897641.0
ENCSR438KQU	False	ENCSR845BPQ	H3K27ac	Histone ChIP-seq	Homo sapiens dorsolateral prefrontal cortex tissue female adult (83 years)	Bradley Bernstein, Broad	UBERON:0009834	dorsolateral prefrontal cortex	tissue	brain		ectoderm	central nervous system	Homo sapiens	ENCDO448ZXP	female	adult	83	year	European	single-ended	Illumina NextSeq 500	1	2	unreplicated	2021-06-24	released	12	2977076157.0
ENCSR438NOO	True			Control ChIP-seq	Homo sapiens with basal cell carcinoma; skin epidermis tissue male adult (67 years)	Bradley Bernstein, Broad	UBERON:0001003	skin epidermis	tissue	epithelium,skin of body		ectoderm	integumental system	Homo sapiens	ENCDO128KBJ	male	adult	67	year		single-ended	Illumina HiSeq 2500	1	1	unreplicated	2020-09-03	released	4	3909295094.0
ENCSR438SPO	False	ENCSR675ZDM	H3K27ac	Histone ChIP-seq	Homo sapiens kidney tissue male adult (50 years)	Bradley Bernstein, Broad	UBERON:0002113	kidney	tissue	kidney		mesoderm	excretory system	Homo sapiens	ENCDO646IOH	male	adult	50	year		single-ended	Illumina HiSeq 2000	1	1	unreplicated	2013-07-31	released	2	725658578.0
ENCSR440PMP	False	ENCSR708OCZ	H3K27ac	Histone ChIP-seq	Homo sapiens Peyer's patch tissue male adult (37 years)	Bradley Bernstein, Broad	UBERON:0001211	Peyer's patch	tissue	intestine,lymphoid tissue		endoderm,mesoderm	immune system,digestive system	Homo sapiens	ENCDO845WKR	male	adult	37	year		single-ended	Illumina HiSeq 2500	1	2	unreplicated	2019-08-01	released	4	3532672343.0
ENCSR443UYU	False	ENCSR122GIL	H3K27ac	Histone ChIP-seq	Homo sapiens coronary artery tissue female adult (53 years)	Bradley Bernstein, Broad	UBERON:0001621	coronary artery	tissue	arterial blood vessel,blood vessel,vasculature,heart		mesoderm	circulatory system	Homo sapiens	ENCDO793LXB	female	adult	53	year		single-ended	Illumina HiSeq 2500	1	1	unreplicated	2016-11-03	released	2	2395575672.0
ENCSR444GJM	True			Control ChIP-seq	Homo sapiens CD14-positive monocyte male adult (37 years)	John Stamatoyannopoulos, UW	CL:0001054	CD14-positive monocyte	primary cell	bodily fluid,blood	leukocyte,hematopoietic cell,myeloid cell,monocyte	mesoderm	immune system	Homo sapiens	ENCDO028NGF	male	adult	37	year	Hispanic	single-ended	Illumina HiSeq 2000	1	1	unreplicated	2013-07-31	released	2	1009869106.0
ENCSR447OHF	False	ENCSR995BPJ	H3K27ac	Histone ChIP-seq	Homo sapiens mucosa of rectum tissue female adult (61 years)	Bradley Bernstein, Broad	UBERON:0003346	mucosa of rectum	tissue	large intestine,intestine			digestive system	Homo sapiens	ENCDO896AXO	female	adult	61	year	European	single-ended	Illumina HiSeq 2000	1	1	unreplicated	2013-07-31	released	2	713613266.0
ENCSR447ZGY	False	ENCSR063AUO	H3K27ac	Histone ChIP-seq	Homo sapiens OCI-LY7	Bradley Bernstein, Broad	EFO:0006711	OCI-LY7	cell line	blood,bodily fluid	leukocyte,B cell,cancer cell,hematopoietic cell	mesoderm	immune system	Homo sapiens	ENCDO351AAA	male	adult	48	year		paired-ended	Illumina NextSeq 500	2	2	isogenic	2014-07-11	released	5	3083453470.0
ENCSR449AUD	False	ENCSR869KBA	H3K27ac	Histone ChIP-seq	Homo sapiens with Alzheimer's disease; dorsolateral prefrontal cortex tissue female adult (89 years)	Bradley Bernstein, Broad	UBERON:0009834	dorsolateral prefrontal cortex	tissue	brain		ectoderm	central nervous system	Homo sapiens	ENCDO830KFO	female	adult	89	year	European	single-ended	Illumina NextSeq 500	1	2	unreplicated	2021-06-24	released	8	2369382316.0
ENCSR449AXO	False	ENCSR603SVD	H3K27ac	Histone ChIP-seq	Homo sapiens neural progenitor cell originated from H9	Bradley Bernstein, Broad	CL:0011020	neural progenitor cell	in vitro differentiated cells		progenitor cell	ectoderm	central nervous system	Homo sapiens	ENCDO222AAA	female	embryonic	5	day		single-ended	Illumina HiSeq 2500	2	2	isogenic	2016-06-14	released	4	3876287958.0
ENCSR449RSE	True			Control ChIP-seq	Homo sapiens muscle of leg tissue female embryo (110 days)	John Stamatoyannopoulos, UW	UBERON:0001383	muscle of leg	tissue	musculature of body,limb		mesoderm	musculature	Homo sapiens	ENCDO711IWZ	female	embryonic	110	day		single-ended	Illumina HiSeq 2000	1	1	unreplicated	2013-07-31	released	1	1145741291.0
ENCSR450JZC	False		H3K27ac	Histone ChIP-seq	Homo sapiens dendritic cell treated with 100 ng/mL lipopolysaccharide for 2 hours	Manuel Garber, UMass	CL:0000451	dendritic cell	in vitro differentiated cells		leukocyte,hematopoietic cell	mesoderm,endoderm	immune system	Homo sapiens	ENCDO088XVR	unknown	unknown	unknown			paired-ended	Illumina NextSeq 500	1	1	unreplicated	2017-01-19	released	1	610815333.0
ENCSR451WXC	False	ENCSR354HOM	H3K27ac	Histone ChIP-seq	Homo sapiens BLaER1 168 hours after the sample was treated with 100 nM 17β-estradiol, 10 ng/mL Interleukin-3, 10 ng/mL CSF1	Roderic Guigo, CRG	EFO:0030018	BLaER1	cell line	bone marrow,bone element		mesoderm	immune system,skeletal system	Homo sapiens	ENCDO305PTK	female					single-ended	Illumina HiSeq 2000	2	2	isogenic	2022-05-10	released	3	5954766453.0
ENCSR452GUC	True			Control ChIP-seq	Homo sapiens BLaER1 120 hours after the sample was treated with 100 nM 17β-estradiol, 10 ng/mL Interleukin-3, 10 ng/mL CSF1	Roderic Guigo, CRG	EFO:0030018	BLaER1	cell line	bone marrow,bone element		mesoderm	immune system,skeletal system	Homo sapiens	ENCDO305PTK	female					single-ended	Illumina HiSeq 2000	2	2	isogenic	2022-05-10	released	2	9453020849.0
ENCSR453MUW	False	ENCSR750DLX	H3K27ac	Histone ChIP-seq	Homo sapiens upper lobe of left lung tissue female adult (51 years)	Bradley Bernstein, Broad	UBERON:0008952	upper lobe of left lung	tissue	lung		endoderm	respiratory system	Homo sapiens	ENCDO271OUW	female	adult	51	year		single-ended	Illumina HiSeq 2500	1	2	unreplicated	2018-12-11	released	4	2655936894.0
ENCSR454FJM	True			Control ChIP-seq	Homo sapiens lower lobe of right lung tissue male adult (60 years)	Bradley Bernstein, Broad	UBERON:0002171	lower lobe of right lung	tissue	lung		endoderm	respiratory system	Homo sapiens	ENCDO520EJG	male	adult	60	year	European	single-ended	Illumina NextSeq 500	1	2	unreplicated	2022-06-07	released	8	6370710801.0
ENCSR454VRA	False	ENCSR687YOP	H3K27ac	Histone ChIP-seq	Homo sapiens small intestine tissue male child (3 years)	Bing Ren, UCSD	UBERON:0002108	small intestine	tissue	intestine,small intestine		endoderm	digestive system	Homo sapiens	ENCDO478OMA	male	child	3	year		single-ended	Illumina Genome Analyzer	1	1	unreplicated	2013-07-31	released	1	1309418769.0
ENCSR455AFK	True			Control ChIP-seq	Homo sapiens BLaER1	Roderic Guigo, CRG	EFO:0030018	BLaER1	cell line	bone marrow,bone element		mesoderm	immune system,skeletal system	Homo sapiens	ENCDO305PTK	female					single-ended	Illumina HiSeq 2000	2	2	isogenic	2022-05-10	released	2	8884600179.0
ENCSR456AMX	True			Control ChIP-seq	Homo sapiens psoas muscle tissue female adult (41 years)	Bradley Bernstein, Broad	UBERON:0008450	psoas muscle	tissue	musculature of body		mesoderm	musculature	Homo sapiens	ENCDO575WHY	female	adult	41	year	European	single-ended	Illumina NextSeq 500	1	2	unreplicated	2022-06-07	released	8	3539226000.0
ENCSR456XCT	True			Control ChIP-seq	Homo sapiens CD4-positive, alpha-beta memory T cell	Bradley Bernstein, Broad	CL:0000897	CD4-positive, alpha-beta memory T cell	primary cell	bodily fluid,blood	leukocyte,T cell,CD4+ T cell,hematopoietic cell		immune system	Homo sapiens	ENCDO922CEJ	unknown	unknown				single-ended	Illumina HiSeq 2000	1	1	unreplicated	2013-07-31	released	3	2036283863.0
ENCSR458RRZ	False	ENCSR059QYS	H3K27ac	Histone ChIP-seq	Homo sapiens with nonobstructive coronary artery disease; liver tissue male adult (32 years)	Bing Ren, UCSD	UBERON:0002107	liver	tissue	endocrine gland,liver,exocrine gland		endoderm	exocrine system,digestive system,endocrine system	Homo sapiens	ENCDO060AAA	male	adult	32	year	European	single-ended	Illumina HiSeq 2000	1	1	unreplicated	2013-07-31	released	2	4038919285.0
ENCSR459LGY	True			Control ChIP-seq	Homo sapiens chorionic villus tissue embryo (16 weeks)	Joseph Costello, UCSF	UBERON:0007106	chorionic villus	tissue	placenta,embryo,extraembryonic component		mesoderm	reproductive system	Homo sapiens	ENCDO918HJM	unknown	embryonic	16	week	Hispanic	single-ended	Illumina HiSeq 2000	1	1	unreplicated	2013-07-31	released	2	2441438303.0
ENCSR461GYN	False	ENCSR518COE	H3K27ac	Histone ChIP-seq	Homo sapiens dorsolateral prefrontal cortex tissue female adult (78 years)	Bradley Bernstein, Broad	UBERON:0009834	dorsolateral prefrontal cortex	tissue	brain		ectoderm	central nervous system	Homo sapiens	ENCDO236YSH	female	adult	78	year	European	single-ended	Illumina NextSeq 500	1	2	unreplicated	2021-05-06	released	8	3161789908.0
ENCSR461UOU	True			Control ChIP-seq	Homo sapiens trophoblast tissue female embryo (20 weeks)	Joseph Costello, UCSF	UBERON:0000088	trophoblast	tissue	embryo				Homo sapiens	ENCDO865QOI	female	embryonic	20	week		single-ended	Illumina HiSeq 2000	1	1	unreplicated	2013-07-31	released	2	2823796312.0
ENCSR461VPV	True			Control ChIP-seq	Homo sapiens small intestine tissue female adult (30 years)	Bing Ren, UCSD	UBERON:0002108	small intestine	tissue	small intestine,intestine		endoderm	digestive system	Homo sapiens	ENCDO424HVB	female	adult	30	year	European	single-ended	Illumina HiSeq 2000	1	1	unreplicated	2013-07-31	released	1	1219354321.0
ENCSR462ZQL	True			Control ChIP-seq	Homo sapiens pancreas tissue female adult (41 years)	Bradley Bernstein, Broad	UBERON:0001264	pancreas	tissue	pancreas		endoderm		Homo sapiens	ENCDO575WHY	female	adult	41	year	European	single-ended	Illumina NextSeq 500	1	2	unreplicated	2020-07-06	released	8	3265391757.0
ENCSR463NAD	False	ENCSR644XSS	H3K27ac	Histone ChIP-seq	Homo sapiens esophagus squamous epithelium tissue male adult (54 years)	Bradley Bernstein, Broad	UBERON:0006920	esophagus squamous epithelium	tissue	epithelium,esophagus		endoderm	digestive system	Homo sapiens	ENCDO451RUA	male	adult	54	year		single-ended	Illumina HiSeq 2500	1	2	unreplicated	2019-02-12	released	4	3173949367.0
ENCSR465UAX	True			Control ChIP-seq	Homo sapiens with basal cell carcinoma; skin epidermis tissue male adult (77 years)	Bradley Bernstein, Broad	UBERON:0001003	skin epidermis	tissue	epithelium,skin of body		ectoderm	integumental system	Homo sapiens	ENCDO739SDJ	male	adult	77	year		single-ended	Illumina HiSeq 2500	1	1	unreplicated	2020-09-03	released	4	3722761301.0
ENCSR470SYZ	True			Control ChIP-seq	Homo sapiens foreskin fibroblast male newborn	Joseph Costello, UCSF	CL:1001608	foreskin fibroblast	primary cell	connective tissue,penis,skin of body	connective tissue cell,fibroblast	mesoderm,ectoderm	reproductive system,integumental system	Homo sapiens	ENCDO666YUN	male	newborn				paired-ended	Illumina HiSeq 2000	1	1	unreplicated	2013-07-31	released	2	1719371456.0
ENCSR473PNT	False	ENCSR810RRR,ENCSR080WMI	H3K27ac	Histone ChIP-seq	Homo sapiens mesendoderm originated from H1	Bing Ren, UCSD	NTR:0000856	mesendoderm	in vitro differentiated cells	embryo		endoderm,mesoderm		Homo sapiens	ENCDO000AAW	male	embryonic				single-ended	Illumina Genome Analyzer IIx	3	3	isogenic	2013-07-31	released	2	2320491124.0
ENCSR474WLZ	True			Control ChIP-seq	Homo sapiens esophagus muscularis mucosa tissue female adult (53 years)	Bradley Bernstein, Broad	UBERON:0004648	esophagus muscularis mucosa	tissue	musculature of body,esophagus		mesoderm	digestive system,musculature	Homo sapiens	ENCDO793LXB	female	adult	53	year		single-ended	Illumina HiSeq 2500	1	2	unreplicated	2016-11-03	released	4	4848917224.0
ENCSR475NOQ	True			Control ChIP-seq	Homo sapiens thyroid gland tissue female adult (53 years)	Bradley Bernstein, Broad	UBERON:0002046	thyroid gland	tissue	endocrine gland,thyroid gland		endoderm	endocrine system	Homo sapiens	ENCDO793LXB	female	adult	53	year		single-ended	Illumina HiSeq 2500	2	2	isogenic	2016-08-09	released	5	6161275496.0
ENCSR479BTD	True			Control ChIP-seq	Homo sapiens placental basal plate tissue male embryo (38 weeks)	Joseph Costello, UCSF	NTR:0003013	placental basal plate	tissue	placenta,extraembryonic component		mesoderm	reproductive system	Homo sapiens	ENCDO974LFM	male	embryonic	38	week		single-ended	Illumina HiSeq 2000	1	1	unreplicated	2013-07-31	released	2	2627956250.0
ENCSR479HSY	True			Control ChIP-seq	Homo sapiens transverse colon tissue male adult (37 years)	Bradley Bernstein, Broad	UBERON:0001157	transverse colon	tissue	colon,intestine,large intestine		endoderm	digestive system	Homo sapiens	ENCDO845WKR	male	adult	37	year		single-ended	Illumina HiSeq 2500	2	4	isogenic	2017-08-28	released	12	9747497180.0
ENCSR480NNC	True			Control ChIP-seq	Homo sapiens pancreas tissue female adult (30 years)	Bing Ren, UCSD	UBERON:0001264	pancreas	tissue	pancreas		endoderm		Homo sapiens	ENCDO424HVB	female	adult	30	year	European	single-ended	Illumina HiSeq 2000	1	1	unreplicated	2013-07-31	released	1	1744172253.0
ENCSR480OHP	False	ENCSR344CSQ	H3K27ac	Histone ChIP-seq	Homo sapiens A549 treated with 100 nM dexamethasone (agonist) for 25 minutes	Tim Reddy, Duke	EFO:0001086	A549	cell line	lung	cancer cell	endoderm	respiratory system	Homo sapiens	ENCDO000AAZ	male	adult	58	year	European	single-ended	Illumina HiSeq 4000	3	3	isogenic	2017-10-19	released	3	6859356775.0
ENCSR481QDJ	True			Control ChIP-seq	Homo sapiens heart right ventricle tissue male adult (43 years)	Bradley Bernstein, Broad	UBERON:0002080	heart right ventricle	tissue	heart		mesoderm	circulatory system	Homo sapiens	ENCDO967KID	male	adult	43	year	European	single-ended	Illumina NextSeq 500	1	2	unreplicated	2021-09-21	released	8	12672681935.0
ENCSR481SJM	True			Control ChIP-seq	Homo sapiens heart right ventricle tissue male adult (69 years)	Bradley Bernstein, Broad	UBERON:0002080	heart right ventricle	tissue	heart		mesoderm	circulatory system	Homo sapiens	ENCDO477WED	male	adult	69	year	Asian	single-ended	Illumina NextSeq 500	1	2	unreplicated	2021-09-21	released	8	5199938044.0
ENCSR489LNU	False	ENCSR744SMV	H3K27ac	Histone ChIP-seq	Homo sapiens from a donor with amyotrophic lateral sclerosis; motor neuron	Michael Snyder, Stanford	CL:0000100	motor neuron	in vitro differentiated cells	spinal cord,brain	neural cell	ectoderm	central nervous system	Homo sapiens	ENCDO689YDN	female	adult				paired-ended	Illumina NovaSeq 6000	2	2	isogenic	2021-08-24	released	2	7296911210.0
ENCSR490NCK	True			Control ChIP-seq	Homo sapiens pancreas tissue female adult (59 years)	Bradley Bernstein, Broad	UBERON:0001264	pancreas	tissue	pancreas		endoderm		Homo sapiens	ENCDO856ZOJ	female	adult	59	year	European	single-ended	Illumina NextSeq 500	1	2	unreplicated	2020-07-06	released	8	4673007570.0
ENCSR491TAD	True			Control ChIP-seq	Homo sapiens A549 treated with 100 nM dexamethasone (agonist) for 0.5 hours	Tim Reddy, Duke	EFO:0001086	A549	cell line	lung	cancer cell	endoderm	respiratory system	Homo sapiens	ENCDO000AAZ	male	adult	58	year	European	single-ended	Illumina HiSeq 2000	3	3	isogenic	2016-07-21	released	3	1987811816.0
ENCSR492PXH	False	ENCSR770VVH	H3K27ac	Histone ChIP-seq	Homo sapiens endocrine pancreas tissue adult (59 years)	Joseph Costello, UCSF	UBERON:0000016	endocrine pancreas	tissue	pancreas		endoderm	endocrine system	Homo sapiens	ENCDO267ZBN	unknown	adult	59	year	European	single-ended	Illumina HiSeq 2000	1	1	unreplicated	2013-07-31	released	2	2515761673.0
ENCSR494MDB	False	ENCSR831HVP	H3K27ac	Histone ChIP-seq	Homo sapiens caudate nucleus tissue male adult (81 years)	Bradley Bernstein, Broad	UBERON:0001873	caudate nucleus	tissue	brain		ectoderm	central nervous system	Homo sapiens	ENCDO980BZD	male	adult	81	year		single-ended	Illumina HiSeq 2000	1	1	unreplicated	2013-07-31	released	6	1541928166.0
ENCSR494WCX	False	ENCSR936CZX	H3K27ac	Histone ChIP-seq	Homo sapiens left lung tissue male adult (40 years)	Bradley Bernstein, Broad	UBERON:0002168	left lung	tissue	lung		endoderm	respiratory system	Homo sapiens	ENCDO392CRK	male	adult	40	year	European	single-ended	Illumina NextSeq 500	1	2	unreplicated	2020-09-10	released	8	3176777842.0
ENCSR494YJW	True			Control ChIP-seq	Homo sapiens ascending aorta tissue female adult (51 years)	Bradley Bernstein, Broad	UBERON:0001496	ascending aorta	tissue	vasculature,blood vessel,arterial blood vessel		mesoderm	circulatory system	Homo sapiens	ENCDO271OUW	female	adult	51	year		single-ended	Illumina HiSeq 2500	1	1	unreplicated	2017-06-02	released	4	3899252969.0
ENCSR495HIT	False	ENCSR714GKF	H3K27ac	Histone ChIP-seq	Homo sapiens dorsolateral prefrontal cortex tissue male adult (71 years)	Bradley Bernstein, Broad	UBERON:0009834	dorsolateral prefrontal cortex	tissue	brain		ectoderm	central nervous system	Homo sapiens	ENCDO570AKP	male	adult	71	year	European	single-ended	Illumina NextSeq 500	1	2	unreplicated	2021-05-06	released	8	2263918390.0
ENCSR498NGT	False	ENCSR629GZZ	H3K27ac	Histone ChIP-seq	Homo sapiens with Alzheimer's disease; dorsolateral prefrontal cortex tissue female adult (85 years)	Bradley Bernstein, Broad	UBERON:0009834	dorsolateral prefrontal cortex	tissue	brain		ectoderm	central nervous system	Homo sapiens	ENCDO080EZF	female	adult	85	year	European	single-ended	Illumina NextSeq 500	1	2	unreplicated	2021-09-21	released	8	2866760642.0
ENCSR498ZRC	False	ENCSR278VUZ	H3K27ac	Histone ChIP-seq	Homo sapiens placenta tissue female embryo (113 days)	John Stamatoyannopoulos, UW	UBERON:0001987	placenta	tissue	placenta,extraembryonic component		mesoderm	reproductive system	Homo sapiens	ENCDO022PVU	female	embryonic	113	day		single-ended	Illumina HiSeq 2000	1	1	unreplicated	2013-07-31	released	2	1045528510.0
ENCSR499IIR	False	ENCSR749PIF	H3K27ac	Histone ChIP-seq	Homo sapiens chorion tissue female embryo (40 weeks)	Joseph Costello, UCSF	UBERON:0003124	chorion	tissue	extraembryonic component		mesoderm		Homo sapiens	ENCDO651ROT	female	embryonic	40	week	European	single-ended	Illumina HiSeq 2000	1	1	unreplicated	2013-07-31	released	4	4141023946.0
ENCSR500YBS	False	ENCSR347VUG	H3K27ac	Histone ChIP-seq	Homo sapiens thyroid gland tissue female adult (51 years)	Bradley Bernstein, Broad	UBERON:0002046	thyroid gland	tissue	endocrine gland,thyroid gland		endoderm	endocrine system	Homo sapiens	ENCDO271OUW	female	adult	51	year		single-ended	Illumina HiSeq 2500	1	2	unreplicated	2019-02-12	released	4	4024504201.0
ENCSR503BIB	True			Control ChIP-seq	Homo sapiens pancreas tissue male adult (34 years)	Bing Ren, UCSD	UBERON:0001264	pancreas	tissue	pancreas		endoderm		Homo sapiens	ENCDO058AAA	male	adult	34	year	European	single-ended	Illumina HiSeq 2000	1	1	unreplicated	2013-07-31	released	1	2388467112.0
ENCSR505OPZ	False	ENCSR086NVH	H3K27ac	Histone ChIP-seq	Homo sapiens iPS DF 19.11	Bing Ren, UCSD	EFO:0007096	iPS DF 19.11	cell line	skin of prepuce of penis,penis,skin of body	induced pluripotent stem cell,stem cell	mesoderm,ectoderm	integumental system,reproductive system	Homo sapiens	ENCDO592CQV	male	newborn				single-ended	Illumina HiSeq 2000	2	3	isogenic	2013-07-31	released	3	10117917967.0
ENCSR505YFA	False	ENCSR746QZL	H3K27ac	Histone ChIP-seq	Homo sapiens upper lobe of left lung tissue male adult (37 years)	Bradley Bernstein, Broad	UBERON:0008952	upper lobe of left lung	tissue	lung		endoderm	respiratory system	Homo sapiens	ENCDO845WKR	male	adult	37	year		single-ended	Illumina HiSeq 2500	1	2	unreplicated	2019-09-11	released	4	3416868148.0
ENCSR506FPQ	False	ENCSR954ZQC	H3K27ac	Histone ChIP-seq	Homo sapiens BLaER1 24 hours after the sample was treated with 100 nM 17β-estradiol, 10 ng/mL Interleukin-3, 10 ng/mL CSF1	Roderic Guigo, CRG	EFO:0030018	BLaER1	cell line	bone marrow,bone element		mesoderm	immune system,skeletal system	Homo sapiens	ENCDO305PTK	female					single-ended	Illumina HiSeq 2000	2	2	isogenic	2022-05-10	released	2	5360043066.0
ENCSR507SRD	False	ENCSR461UOU	H3K27ac	Histone ChIP-seq	Homo sapiens trophoblast tissue female embryo (20 weeks)	Joseph Costello, UCSF	UBERON:0000088	trophoblast	tissue	embryo				Homo sapiens	ENCDO865QOI	female	embryonic	20	week		single-ended	Illumina HiSeq 2000	1	1	unreplicated	2013-07-31	released	2	2035734172.0
ENCSR507UDH	False	ENCSR107PGG	H3K27ac	Histone ChIP-seq	Homo sapiens hepatocyte originated from H9	Bradley Bernstein, Broad	CL:0000182	hepatocyte	in vitro differentiated cells	endocrine gland,liver,epithelium,exocrine gland	epithelial cell	endoderm	digestive system,exocrine system,endocrine system	Homo sapiens	ENCDO222AAA	female	embryonic	5	day		single-ended	Illumina HiSeq 2500	2	3	isogenic	2016-05-20	released	3	7066585285.0
ENCSR510OLN	True			Control ChIP-seq	Homo sapiens CD4-positive, alpha-beta T cell treated with phorbol 13-acetate 12-myristate, ionomycin	Bradley Bernstein, Broad	CL:0000624	CD4-positive, alpha-beta T cell	primary cell	bodily fluid,blood	leukocyte,T cell,CD4+ T cell,hematopoietic cell	mesoderm,endoderm	immune system	Homo sapiens	ENCDO194EHQ	unknown	unknown				single-ended	Illumina HiSeq 2000	2	2	anisogenic	2013-07-31	released	5	3264577944.0
ENCSR510RPC	False	ENCSR650AIN	H3K27ac	Histone ChIP-seq	Homo sapiens left lung tissue female child (16 years)	Bradley Bernstein, Broad	UBERON:0002168	left lung	tissue	lung		endoderm	respiratory system	Homo sapiens	ENCDO575EGL	female	child	16	year	European	single-ended	Illumina NextSeq 500	1	2	unreplicated	2021-05-06	released	8	2579409924.0
ENCSR514EZP	True			Control ChIP-seq	Homo sapiens esophagus squamous epithelium tissue female adult (51 years)	Bradley Bernstein, Broad	UBERON:0006920	esophagus squamous epithelium	tissue	epithelium,esophagus		endoderm	digestive system	Homo sapiens	ENCDO271OUW	female	adult	51	year		single-ended	Illumina HiSeq 2500	2	3	isogenic	2019-02-11	released	10	9177513965.0
ENCSR516LQO	False	ENCSR329HFV	H3K27ac	Histone ChIP-seq	Homo sapiens tibial nerve tissue male adult (37 years)	Bradley Bernstein, Broad	UBERON:0001323	tibial nerve	tissue	nerve,limb		ectoderm	peripheral nervous system	Homo sapiens	ENCDO845WKR	male	adult	37	year		single-ended	Illumina HiSeq 2500	1	3	unreplicated	2019-09-13	released	6	6448882770.0
ENCSR517NSQ	False	ENCSR696HNV	H3K27ac	Histone ChIP-seq	Homo sapiens heart left ventricle tissue male adult (61 years)	Bradley Bernstein, Broad	UBERON:0002084	heart left ventricle	tissue	heart		mesoderm	circulatory system	Homo sapiens	ENCDO808ASZ	male	adult	61	year	European	single-ended	Illumina NextSeq 500	1	2	unreplicated	2021-06-24	released	8	1470393025.0
ENCSR518COE	True			Control ChIP-seq	Homo sapiens dorsolateral prefrontal cortex tissue female adult (78 years)	Bradley Bernstein, Broad	UBERON:0009834	dorsolateral prefrontal cortex	tissue	brain		ectoderm	central nervous system	Homo sapiens	ENCDO236YSH	female	adult	78	year	European	single-ended	Illumina NextSeq 500	1	2	unreplicated	2021-04-12	released	12	3157577464.0
ENCSR519CFV	False	ENCSR201KGX	H3K27ac	Histone ChIP-seq	Homo sapiens aorta tissue male adult (34 years)	Bing Ren, UCSD	UBERON:0000947	aorta	tissue	arterial blood vessel,vasculature,blood vessel		mesoderm	circulatory system	Homo sapiens	ENCDO058AAA	male	adult	34	year	European	single-ended	Illumina Genome Analyzer	1	1	unreplicated	2013-07-31	released	1	1697586769.0
ENCSR519UXW	True			Control ChIP-seq	Homo sapiens heart right ventricle tissue female adult (46 years)	Bradley Bernstein, Broad	UBERON:0002080	heart right ventricle	tissue	heart		mesoderm	circulatory system	Homo sapiens	ENCDO411EVD	female	adult	46	year	European	single-ended	Illumina NextSeq 500	1	2	unreplicated	2020-07-06	released	8	2517336330.0
ENCSR520BIM	False	ENCSR888RBQ	H3K27ac	Histone ChIP-seq	Homo sapiens body of pancreas tissue male adult (37 years)	Bradley Bernstein, Broad	UBERON:0001150	body of pancreas	tissue	pancreas		endoderm		Homo sapiens	ENCDO845WKR	male	adult	37	year		single-ended	Illumina HiSeq 2500	2	3	isogenic	2016-07-28	released	3	4549760807.0
ENCSR520KVD	False	ENCSR874WOQ	H3K27ac	Histone ChIP-seq	Homo sapiens dorsolateral prefrontal cortex tissue female adult (90 or above years)	Bradley Bernstein, Broad	UBERON:0009834	dorsolateral prefrontal cortex	tissue	brain		ectoderm	central nervous system	Homo sapiens	ENCDO250PFZ	female	adult	90 or above	year	European	single-ended	Illumina NextSeq 500	1	2	unreplicated	2021-09-21	released	8	2627984903.0
ENCSR522MTS	False	ENCSR147KFH	H3K27ac	Histone ChIP-seq	Homo sapiens esophagus muscularis mucosa tissue male adult (37 years)	Bradley Bernstein, Broad	UBERON:0004648	esophagus muscularis mucosa	tissue	musculature of body,esophagus		mesoderm	musculature,digestive system	Homo sapiens	ENCDO845WKR	male	adult	37	year		single-ended	Illumina HiSeq 2500	1	2	unreplicated	2019-08-01	released	4	4487772476.0
ENCSR524MPL	False	ENCSR613JAK	H3K27ac	Histone ChIP-seq	Homo sapiens with mild cognitive impairment; dorsolateral prefrontal cortex tissue female adult (90 or above years)	Bradley Bernstein, Broad	UBERON:0009834	dorsolateral prefrontal cortex	tissue	brain		ectoderm	central nervous system	Homo sapiens	ENCDO660TGP	female	adult	90 or above	year	European	single-ended	Illumina NextSeq 500	1	2	unreplicated	2021-05-06	released	8	4415366342.0
ENCSR524NCH	True			Control ChIP-seq	Homo sapiens sigmoid colon tissue male adult (54 years)	Bradley Bernstein, Broad	UBERON:0001159	sigmoid colon	tissue	colon,intestine,large intestine		endoderm	digestive system	Homo sapiens	ENCDO451RUA	male	adult	54	year		single-ended	Illumina HiSeq 2500	1	2	unreplicated	2019-02-08	released	6	5732940767.0
ENCSR526EXI	True			Control ChIP-seq	Homo sapiens heart left ventricle tissue female adult (53 years)	Bradley Bernstein, Broad	UBERON:0002084	heart left ventricle	tissue	heart		mesoderm	circulatory system	Homo sapiens	ENCDO793LXB	female	adult	53	year		single-ended	Illumina HiSeq 2500	1	2	unreplicated	2016-11-03	released	4	8830248283.0
ENCSR526RGE	False	ENCSR704JMY	H3K27ac	Histone ChIP-seq	Homo sapiens placental basal plate tissue female embryo (40 weeks)	Joseph Costello, UCSF	NTR:0003013	placental basal plate	tissue	placenta,extraembryonic component		mesoderm	reproductive system	Homo sapiens	ENCDO651ROT	female	embryonic	40	week	European	single-ended	Illumina HiSeq 2000	1	1	unreplicated	2013-07-31	released	4	4846553802.0
ENCSR528SMB	True			Control ChIP-seq	Homo sapiens foreskin keratinocyte male newborn (2-4 days) treated with 1.2 mM calcium for 5.5 days	Michael Snyder, Stanford	CL:1001606	foreskin keratinocyte	primary cell	epithelium,penis,skin of body	keratinocyte,epithelial cell	mesoderm,ectoderm	reproductive system,integumental system	Homo sapiens	ENCDO615NVN	male	newborn	2-4	day		paired-ended	Illumina HiSeq 4000	2	2	anisogenic	2017-10-10	released	2	6424691906.0
ENCSR529OPX	True			Control ChIP-seq	Homo sapiens with squamous cell carcinoma; skin epidermis tissue female adult (71 years)	Bradley Bernstein, Broad	UBERON:0001003	skin epidermis	tissue	epithelium,skin of body		ectoderm	integumental system	Homo sapiens	ENCDO588YPS	female	adult	71	year		single-ended	Illumina HiSeq 2500	1	1	unreplicated	2020-09-03	released	2	3698569140.0
ENCSR529SWW	True			Control ChIP-seq	Homo sapiens H9	Bing Ren, UCSD	EFO:0003045	H9	cell line	embryo	embryonic cell,stem cell			Homo sapiens	ENCDO222AAA	female	embryonic	5	day		single-ended	Illumina HiSeq 2000	1	1	unreplicated	2013-07-31	released	1	1536464032.0
ENCSR531AUV	True			Control ChIP-seq	Homo sapiens suprapubic skin tissue male adult (37 years)	Bradley Bernstein, Broad	UBERON:0036149	suprapubic skin	tissue	skin of body		ectoderm	integumental system	Homo sapiens	ENCDO845WKR	male	adult	37	year		single-ended	Illumina HiSeq 2500	1	2	unreplicated	2019-09-06	released	6	3340502002.0
ENCSR531MLI	False		H3K27ac	Histone ChIP-seq	Homo sapiens dendritic cell treated with 100 ng/mL lipopolysaccharide for 6 hours	Manuel Garber, UMass	CL:0000451	dendritic cell	in vitro differentiated cells		leukocyte,hematopoietic cell	mesoderm,endoderm	immune system	Homo sapiens	ENCDO088XVR	unknown	unknown	unknown			paired-ended	Illumina NextSeq 500	1	1	unreplicated	2017-01-19	released	1	926049569.0
ENCSR531VWS	False	ENCSR465UAX	H3K27ac	Histone ChIP-seq	Homo sapiens with basal cell carcinoma; skin epidermis tissue male adult (77 years)	Bradley Bernstein, Broad	UBERON:0001003	skin epidermis	tissue	epithelium,skin of body		ectoderm	integumental system	Homo sapiens	ENCDO739SDJ	male	adult	77	year		single-ended	Illumina HiSeq 2500	1	1	unreplicated	2020-09-10	released	4	2121531783.0
ENCSR532SRK	False	ENCSR058XPK	H3K27ac	Histone ChIP-seq	Homo sapiens dorsolateral prefrontal cortex tissue male adult (83 years)	Bradley Bernstein, Broad	UBERON:0009834	dorsolateral prefrontal cortex	tissue	brain		ectoderm	central nervous system	Homo sapiens	ENCDO592ZWW	male	adult	83	year	European	single-ended	Illumina NextSeq 500	1	2	unreplicated	2021-09-21	released	12	1949290700.0
ENCSR534CZJ	True			Control ChIP-seq	Homo sapiens HUES6	Bradley Bernstein, Broad	EFO:0007086	HUES6	cell line	embryo	embryonic cell,stem cell			Homo sapiens	ENCDO734LQV	female	embryonic				single-ended	Illumina Genome Analyzer IIx	1	1	unreplicated	2013-07-31	released	1	1738628550.0
ENCSR534KYQ	True			Control ChIP-seq	Homo sapiens with Alzheimer's disease, Cognitive impairment; dorsolateral prefrontal cortex tissue male adult (87 years)	Bradley Bernstein, Broad	UBERON:0009834	dorsolateral prefrontal cortex	tissue	brain		ectoderm	central nervous system	Homo sapiens	ENCDO776JEI	male	adult	87	year	European	single-ended	Illumina NextSeq 500	1	2	unreplicated	2021-06-21	released	12	3376749531.0
ENCSR534WQA	True			Control ChIP-seq	Homo sapiens with Alzheimer's disease; dorsolateral prefrontal cortex tissue female adult (88 years)	Bradley Bernstein, Broad	UBERON:0009834	dorsolateral prefrontal cortex	tissue	brain		ectoderm	central nervous system	Homo sapiens	ENCDO070VNS	female	adult	88	year	European	single-ended	Illumina NextSeq 500	1	2	unreplicated	2021-09-21	released	8	3051364753.0
ENCSR535GFO	False	ENCSR819JOI	H3K27ac	Histone ChIP-seq	Homo sapiens tibial artery tissue male adult (54 years)	Bradley Bernstein, Broad	UBERON:0007610	tibial artery	tissue	arterial blood vessel,vasculature,limb,blood vessel		mesoderm	circulatory system	Homo sapiens	ENCDO451RUA	male	adult	54	year		single-ended	Illumina HiSeq 2500	2	2	isogenic	2018-12-11	released	4	6835272156.0
ENCSR535VLV	True			Control ChIP-seq	Homo sapiens dorsolateral prefrontal cortex tissue male adult (84 years)	Bradley Bernstein, Broad	UBERON:0009834	dorsolateral prefrontal cortex	tissue	brain		ectoderm	central nervous system	Homo sapiens	ENCDO999WDR	male	adult	84	year	European	single-ended	Illumina NextSeq 500	1	2	unreplicated	2021-09-21	released	8	3769832375.0
ENCSR538MSN	True			Control ChIP-seq	Homo sapiens stomach tissue male adult (37 years)	Bradley Bernstein, Broad	UBERON:0000945	stomach	tissue	stomach		endoderm	digestive system	Homo sapiens	ENCDO845WKR	male	adult	37	year		single-ended	Illumina HiSeq 2500	1	2	unreplicated	2019-09-06	released	4	6835373957.0
ENCSR539HNK	True			Control ChIP-seq	Homo sapiens stomach tissue female adult (53 years)	Bradley Bernstein, Broad	UBERON:0000945	stomach	tissue	stomach		endoderm	digestive system	Homo sapiens	ENCDO793LXB	female	adult	53	year		single-ended	Illumina HiSeq 2500	1	2	unreplicated	2016-11-03	released	4	4846402051.0
ENCSR540ADS	False	ENCSR061VJM	H3K27ac	Histone ChIP-seq	Homo sapiens lung tissue female adult (30 years)	Bing Ren, UCSD	UBERON:0002048	lung	tissue	lung		endoderm	respiratory system	Homo sapiens	ENCDO424HVB	female	adult	30	year	European	single-ended	Illumina HiSeq 2000	1	1	unreplicated	2013-07-31	released	1	1959304534.0
ENCSR540KQC	False	ENCSR201VAH	H3K27ac	Histone ChIP-seq	Homo sapiens from a donor with amyotrophic lateral sclerosis; motor neuron	Michael Snyder, Stanford	CL:0000100	motor neuron	in vitro differentiated cells	spinal cord,brain	neural cell	ectoderm	central nervous system	Homo sapiens	ENCDO908CUN	male	adult	47	year		paired-ended	Illumina NovaSeq 6000	2	2	isogenic	2021-08-24	released	2	8761132102.0
ENCSR541DBO	True			Control ChIP-seq	Homo sapiens small intestine tissue male embryo (108 days)	John Stamatoyannopoulos, UW	UBERON:0002108	small intestine	tissue	intestine,small intestine		endoderm	digestive system	Homo sapiens	ENCDO119ASK	male	embryonic	108	day		single-ended	Illumina HiSeq 2000	1	1	unreplicated	2013-07-31	released	2	1578889295.0
ENCSR543CPW	False	ENCSR687YOP	H3K27ac	Histone ChIP-seq	Homo sapiens small intestine tissue male adult (34 years)	Bing Ren, UCSD	UBERON:0002108	small intestine	tissue	small intestine,intestine		endoderm	digestive system	Homo sapiens	ENCDO058AAA	male	adult	34	year	European	single-ended	Illumina HiSeq 2000	1	1	unreplicated	2013-07-31	released	3	3271132520.0
ENCSR543ZVZ	False	ENCSR872BBM	H3K27ac	Histone ChIP-seq	Homo sapiens A549 treated with 100 nM dexamethasone (agonist) for 4 hours	Tim Reddy, Duke	EFO:0001086	A549	cell line	lung	cancer cell	endoderm	respiratory system	Homo sapiens	ENCDO000AAZ	male	adult	58	year	European	single-ended	Illumina HiSeq 2000	3	3	isogenic	2016-07-21	released	3	3258247309.0
ENCSR545WFH	True			Control ChIP-seq	Homo sapiens esophagus muscularis mucosa tissue female adult (51 years)	Bradley Bernstein, Broad	UBERON:0004648	esophagus muscularis mucosa	tissue	musculature of body,esophagus		mesoderm	musculature,digestive system	Homo sapiens	ENCDO271OUW	female	adult	51	year		single-ended	Illumina HiSeq 2500	2	4	isogenic	2018-12-19	released	10	12192051926.0
ENCSR546SDM	False	ENCSR023HXE	H3K27ac	Histone ChIP-seq	Homo sapiens CD4-positive, alpha-beta T cell	Bradley Bernstein, Broad	CL:0000624	CD4-positive, alpha-beta T cell	primary cell	bodily fluid,blood	leukocyte,T cell,CD4+ T cell,hematopoietic cell	mesoderm,endoderm	immune system	Homo sapiens	ENCDO779YRY	unknown	unknown				single-ended	Illumina HiSeq 2000	1	1	unreplicated	2013-07-31	released	2	847232003.0
ENCSR548SPY	True			Control ChIP-seq	Homo sapiens A549 treated with 100 nM dexamethasone (agonist) for 1 hour	Tim Reddy, Duke	EFO:0001086	A549	cell line	lung	cancer cell	endoderm	respiratory system	Homo sapiens	ENCDO000AAZ	male	adult	58	year	European	single-ended	Illumina HiSeq 2000	3	3	isogenic	2016-07-21	released	3	1692216712.0
ENCSR549SVK	True			Control ChIP-seq	Homo sapiens A549 treated with 100 nM dexamethasone (agonist) for 12 hours	Tim Reddy, Duke	EFO:0001086	A549	cell line	lung	cancer cell	endoderm	respiratory system	Homo sapiens	ENCDO000AAZ	male	adult	58	year	European	single-ended	Illumina HiSeq 2000	3	3	isogenic	2016-07-21	released	3	2221268963.0
ENCSR549ZDH	False	ENCSR534WQA	H3K27ac	Histone ChIP-seq	Homo sapiens with Alzheimer's disease; dorsolateral prefrontal cortex tissue female adult (88 years)	Bradley Bernstein, Broad	UBERON:0009834	dorsolateral prefrontal cortex	tissue	brain		ectoderm	central nervous system	Homo sapiens	ENCDO070VNS	female	adult	88	year	European	single-ended	Illumina NextSeq 500	1	2	unreplicated	2021-09-21	released	8	1718493184.0
ENCSR550WUX	False	ENCSR577BCL	H3K27ac	Histone ChIP-seq	Homo sapiens lung tissue male child (3 years)	Bing Ren, UCSD	UBERON:0002048	lung	tissue	lung		endoderm	respiratory system	Homo sapiens	ENCDO478OMA	male	child	3	year		single-ended	Illumina Genome Analyzer	1	1	unreplicated	2013-07-31	released	1	919578792.0
ENCSR554HDT	False	ENCSR535VLV	H3K27ac	Histone ChIP-seq	Homo sapiens dorsolateral prefrontal cortex tissue male adult (84 years)	Bradley Bernstein, Broad	UBERON:0009834	dorsolateral prefrontal cortex	tissue	brain		ectoderm	central nervous system	Homo sapiens	ENCDO999WDR	male	adult	84	year	European	single-ended	Illumina NextSeq 500	1	2	unreplicated	2021-09-21	released	8	2883252807.0
ENCSR554RPI	True			Control ChIP-seq	Homo sapiens mesodermal cell originated from HUES64	Bradley Bernstein, Broad	CL:0000222	mesodermal cell	in vitro differentiated cells	embryo	embryonic cell	mesoderm		Homo sapiens	ENCDO424FTP	male	embryonic				single-ended	Illumina HiSeq 2000	2	2	isogenic	2013-07-31	released	4	1690058739.0
ENCSR555HJT	False	ENCSR739QEI	H3K27ac	Histone ChIP-seq	Homo sapiens dorsolateral prefrontal cortex tissue male adult (87 years)	Bradley Bernstein, Broad	UBERON:0009834	dorsolateral prefrontal cortex	tissue	brain		ectoderm	central nervous system	Homo sapiens	ENCDO203ASI	male	adult	87	year	European	single-ended	Illumina NextSeq 500	1	2	unreplicated	2021-05-06	released	8	2061719032.0
ENCSR556OGN	True			Control ChIP-seq	Homo sapiens ectodermal cell originated from HUES64	Bradley Bernstein, Broad	CL:0000221	ectodermal cell	in vitro differentiated cells	embryo	embryonic cell	ectoderm		Homo sapiens	ENCDO424FTP	male	embryonic				single-ended	Illumina HiSeq 2000	1	1	unreplicated	2013-07-31	released	2	728019056.0
ENCSR557DFM	False	ENCSR694AEQ	H3K27ac	Histone ChIP-seq	Homo sapiens heart left ventricle tissue male child (3 years)	Bing Ren, UCSD	UBERON:0002084	heart left ventricle	tissue	heart		mesoderm	circulatory system	Homo sapiens	ENCDO478OMA	male	child	3	year		single-ended	Illumina HiSeq 2000	1	1	unreplicated	2013-07-31	released	1	2121498155.0
ENCSR557HEX	True			Control ChIP-seq	Homo sapiens with mild cognitive impairment; dorsolateral prefrontal cortex tissue male adult (89 years)	Bradley Bernstein, Broad	UBERON:0009834	dorsolateral prefrontal cortex	tissue	brain		ectoderm	central nervous system	Homo sapiens	ENCDO697SWU	male	adult	89	year	European	single-ended	Illumina NextSeq 500	1	2	unreplicated	2021-04-12	released	8	2844434306.0
ENCSR557RDB	True			Control ChIP-seq	Homo sapiens neutrophil	Bradley Bernstein, Broad	CL:0000775	neutrophil	primary cell	bodily fluid,blood	leukocyte,myeloid cell,hematopoietic cell	mesoderm	immune system	Homo sapiens	ENCDO082FOL	unknown	unknown				single-ended	Illumina HiSeq 2500	2	2	anisogenic	2016-11-17	released	8	9110741995.0
ENCSR557RJE	True			Control ChIP-seq	Homo sapiens colonic mucosa tissue female adult (41 years)	Bradley Bernstein, Broad	UBERON:0000317	colonic mucosa	tissue	colon,intestine,large intestine		endoderm	digestive system	Homo sapiens	ENCDO575WHY	female	adult	41	year	European	single-ended	Illumina NextSeq 500	1	2	unreplicated	2021-06-21	released	8	4617068354.0
ENCSR559IPI	True			Control ChIP-seq	Homo sapiens prostate gland tissue male adult (37 years)	Bradley Bernstein, Broad	UBERON:0002367	prostate gland	tissue	prostate gland		mesoderm,endoderm	reproductive system	Homo sapiens	ENCDO845WKR	male	adult	37	year		single-ended	Illumina HiSeq 2500	2	5	isogenic	2019-09-06	released	10	11067629905.0
ENCSR560BEL	False	ENCSR111ZAD	H3K27ac	Histone ChIP-seq	Homo sapiens with basal cell carcinoma; skin epidermis tissue female adult (48 years)	Bradley Bernstein, Broad	UBERON:0001003	skin epidermis	tissue	epithelium,skin of body		ectoderm	integumental system	Homo sapiens	ENCDO615YQP	female	adult	48	year		single-ended	Illumina HiSeq 2500	1	1	unreplicated	2020-09-10	released	4	2255629789.0
ENCSR561KOM	False	ENCSR074WNF	H3K27ac	Histone ChIP-seq	Homo sapiens CD4-positive, alpha-beta T cell male adult (21 years)	John Stamatoyannopoulos, UW	CL:0000624	CD4-positive, alpha-beta T cell	primary cell	bodily fluid,blood	leukocyte,T cell,CD4+ T cell,hematopoietic cell	mesoderm,endoderm	immune system	Homo sapiens	ENCDO190HXC	male	adult	21	year	European	single-ended	Illumina HiSeq 2000	1	1	unreplicated	2013-07-31	released	2	2010040600.0
ENCSR561VNL	False	ENCSR261PLD	H3K27ac	Histone ChIP-seq	Homo sapiens heart left ventricle tissue female adult (56 years)	Bradley Bernstein, Broad	UBERON:0002084	heart left ventricle	tissue	heart		mesoderm	circulatory system	Homo sapiens	ENCDO907YUG	female	adult	56	year	European	single-ended	Illumina NextSeq 500	1	2	unreplicated	2021-09-21	released	8	3425041632.0
ENCSR561YSH	False	ENCSR574WQE	H3K27ac	Histone ChIP-seq	Homo sapiens sigmoid colon tissue male adult (34 years)	Bing Ren, UCSD	UBERON:0001159	sigmoid colon	tissue	colon,large intestine,intestine		endoderm	digestive system	Homo sapiens	ENCDO058AAA	male	adult	34	year	European	single-ended	Illumina HiSeq 2000	1	1	unreplicated	2013-07-31	released	1	1006769611.0
ENCSR562HZE	True			Control ChIP-seq	Homo sapiens angular gyrus tissue male adult (81 years)	Bradley Bernstein, Broad	UBERON:0002686	angular gyrus	tissue	brain		ectoderm	central nervous system	Homo sapiens	ENCDO980BZD	male	adult	81	year		single-ended	Illumina HiSeq 2000	1	2	unreplicated	2013-07-31	released	24	3691576986.0
ENCSR563EFJ	True			Control ChIP-seq	Homo sapiens fibroblast of breast female adult (17 years)	Joseph Costello, UCSF	NTR:0003079	fibroblast of breast	primary cell	breast	fibroblast			Homo sapiens	ENCDO967GTN	female	adult	17	year	African American	single-ended	Illumina HiSeq 2000	1	1	unreplicated	2013-07-31	released	2	1724919493.0
ENCSR563OLJ	True			Control ChIP-seq	Homo sapiens spleen tissue female adult (30 years)	Bing Ren, UCSD	UBERON:0002106	spleen	tissue	spleen,immune organ		mesoderm	immune system,digestive system	Homo sapiens	ENCDO424HVB	female	adult	30	year	European	single-ended	Illumina HiSeq 2000	1	1	unreplicated	2013-07-31	released	1	1348649447.0
ENCSR563SVE	True			Control ChIP-seq	Homo sapiens effector memory CD4-positive, alpha-beta T cell	Bradley Bernstein, Broad	CL:0000905	effector memory CD4-positive, alpha-beta T cell	primary cell	bodily fluid,blood	leukocyte,T cell,CD4+ T cell,hematopoietic cell	mesoderm,endoderm	immune system	Homo sapiens	ENCDO194EHQ	unknown	unknown				single-ended	Illumina HiSeq 2000	2	2	anisogenic	2013-07-31	released	6	3754706314.0
ENCSR564GJK	True			Control ChIP-seq	Homo sapiens with basal cell carcinoma; skin epidermis tissue male adult (58 years)	Bradley Bernstein, Broad	UBERON:0001003	skin epidermis	tissue	epithelium,skin of body		ectoderm	integumental system	Homo sapiens	ENCDO536XJQ	male	adult	58	year		single-ended	Illumina HiSeq 2500	1	1	unreplicated	2020-09-03	released	2	3269667058.0
ENCSR564IGJ	False	ENCSR185OHN	H3K27ac	Histone ChIP-seq	Homo sapiens SK-N-SH	Bradley Bernstein, Broad	EFO:0003072	SK-N-SH	cell line	brain	cancer cell,neuroblastoma cell	ectoderm	central nervous system	Homo sapiens	ENCDO000ABD	female	child	4	year		paired-ended	Illumina HiSeq 2500	2	3	isogenic	2016-10-19	released	2	3121967571.0
ENCSR564VBC	True			Control ChIP-seq	Homo sapiens with Alzheimer's disease; dorsolateral prefrontal cortex tissue female adult (86 years)	Bradley Bernstein, Broad	UBERON:0009834	dorsolateral prefrontal cortex	tissue	brain		ectoderm	central nervous system	Homo sapiens	ENCDO997SGX	female	adult	86	year	European	single-ended	Illumina NextSeq 500	1	2	unreplicated	2021-09-21	released	12	4439464056.0
ENCSR564WJA	False	ENCSR955OYW	H3K27ac	Histone ChIP-seq	Homo sapiens spleen tissue female adult (59 years)	Bradley Bernstein, Broad	UBERON:0002106	spleen	tissue	immune organ,spleen		mesoderm	immune system,digestive system	Homo sapiens	ENCDO856ZOJ	female	adult	59	year	European	single-ended	Illumina NextSeq 500	1	2	unreplicated	2020-09-10	released	8	2287538431.0
ENCSR566AUD	True			Control ChIP-seq	Homo sapiens BLaER1 6 hours after the sample was treated with 100 nM 17β-estradiol, 10 ng/mL Interleukin-3, 10 ng/mL CSF1	Roderic Guigo, CRG	EFO:0030018	BLaER1	cell line	bone marrow,bone element		mesoderm	immune system,skeletal system	Homo sapiens	ENCDO305PTK	female					single-ended	Illumina HiSeq 2000	2	2	isogenic	2022-05-10	released	2	9146375454.0
ENCSR568JFZ	True			Control ChIP-seq	Homo sapiens skin epidermis tissue male adult (67 years)	Bradley Bernstein, Broad	UBERON:0001003	skin epidermis	tissue	epithelium,skin of body		ectoderm	integumental system	Homo sapiens	ENCDO128KBJ	male	adult	67	year		single-ended	Illumina NextSeq 500	1	1	unreplicated	2020-09-03	released	6	2278996072.0
ENCSR569IBY	False	ENCSR317VER	H3K27ac	Histone ChIP-seq	Homo sapiens A549 treated with 100 nM dexamethasone (agonist) for 7 hours	Tim Reddy, Duke	EFO:0001086	A549	cell line	lung	cancer cell	endoderm	respiratory system	Homo sapiens	ENCDO000AAZ	male	adult	58	year	European	single-ended	Illumina HiSeq 2000	3	3	isogenic	2016-07-21	released	3	4227002326.0
ENCSR569IIN	True			Control ChIP-seq	Homo sapiens OCI-LY1	Bradley Bernstein, Broad	EFO:0005907	OCI-LY1	cell line	bone marrow,bone element	cancer cell	mesoderm	immune system,skeletal system	Homo sapiens	ENCDO350AAA	male	adult	44	year		single-ended	Illumina HiSeq 2000	2	2	isogenic	2014-07-11	released	4	5503288960.0
ENCSR569NEE	True			Control ChIP-seq	Homo sapiens H1	Bing Ren, UCSD	EFO:0003042	H1	cell line	embryo	embryonic cell,stem cell			Homo sapiens	ENCDO000AAW	male	embryonic				single-ended	Illumina Genome Analyzer II	1	1	unreplicated	2013-07-31	released	2	745933168.0
ENCSR570YPW	True			Control ChIP-seq	Homo sapiens subcutaneous abdominal adipose tissue tissue nuclear fraction female adult (49 years)	Bradley Bernstein, Broad	UBERON:0014455	subcutaneous abdominal adipose tissue	tissue	connective tissue,adipose tissue		mesoderm	integumental system	Homo sapiens	ENCDO622KQK	female	adult	49	year		single-ended	Illumina Genome Analyzer IIx	1	1	unreplicated	2013-07-31	released	1	1580893180.0
ENCSR572GRM	True			Control ChIP-seq	Homo sapiens with Alzheimer's disease; dorsolateral prefrontal cortex tissue female adult (90 or above years)	Bradley Bernstein, Broad	UBERON:0009834	dorsolateral prefrontal cortex	tissue	brain		ectoderm	central nervous system	Homo sapiens	ENCDO470GFA	female	adult	90 or above	year	European	single-ended	Illumina NextSeq 500	2	4	isogenic	2022-06-07	released	24	5640625469.0
ENCSR574WQE	True			Control ChIP-seq	Homo sapiens sigmoid colon tissue male adult (34 years)	Bing Ren, UCSD	UBERON:0001159	sigmoid colon	tissue	colon,large intestine,intestine		endoderm	digestive system	Homo sapiens	ENCDO058AAA	male	adult	34	year	European	single-ended	Illumina HiSeq 2000	1	1	unreplicated	2013-07-31	released	1	1048278091.0
ENCSR576VXL	True			Control ChIP-seq	Homo sapiens dorsolateral prefrontal cortex tissue female adult (90 or above years)	Bradley Bernstein, Broad	UBERON:0009834	dorsolateral prefrontal cortex	tissue	brain		ectoderm	central nervous system	Homo sapiens	ENCDO218FFZ	female	adult	90 or above	year	European	single-ended	Illumina NextSeq 500	2	4	isogenic	2021-09-21	released	20	8878521946.0
ENCSR577BCL	True			Control ChIP-seq	Homo sapiens lung tissue male child (3 years)	Bing Ren, UCSD	UBERON:0002048	lung	tissue	lung		endoderm	respiratory system	Homo sapiens	ENCDO478OMA	male	child	3	year		single-ended	Illumina HiSeq 2000	1	1	unreplicated	2013-07-31	released	1	2260132582.0
ENCSR577GVS	False	ENCSR831CKP	H3K27ac	Histone ChIP-seq	Homo sapiens CD4-positive, CD25-positive, alpha-beta regulatory T cell	Bradley Bernstein, Broad	CL:0000792	CD4-positive, CD25-positive, alpha-beta regulatory T cell	primary cell	bodily fluid,blood	leukocyte,T cell,CD4+ T cell,hematopoietic cell	mesoderm,endoderm	immune system	Homo sapiens	ENCDO194EHQ	unknown	unknown				single-ended	Illumina HiSeq 2000	1	1	unreplicated	2013-07-31	released	2	1227429942.0
ENCSR579YLO	False	ENCSR563EFJ	H3K27ac	Histone ChIP-seq	Homo sapiens fibroblast of breast female adult (17 years)	Joseph Costello, UCSF	NTR:0003079	fibroblast of breast	primary cell	breast	fibroblast			Homo sapiens	ENCDO967GTN	female	adult	17	year	African American	single-ended	Illumina HiSeq 2000	1	1	unreplicated	2013-07-31	released	2	2693434176.0
ENCSR580WGM	True			Control ChIP-seq	Homo sapiens iPS-18a	Bradley Bernstein, Broad	EFO:0007105	iPS-18a	cell line	skin of body	stem cell,induced pluripotent stem cell	ectoderm	integumental system	Homo sapiens	ENCDO844VGJ	female	adult	48	year		single-ended	Illumina HiSeq 2000	1	1	unreplicated	2013-07-31	released	4	1462534712.0
ENCSR581KPP	False	ENCSR772LYM	H3K27ac	Histone ChIP-seq	Homo sapiens dorsolateral prefrontal cortex tissue male adult (83 years)	Bradley Bernstein, Broad	UBERON:0009834	dorsolateral prefrontal cortex	tissue	brain		ectoderm	central nervous system	Homo sapiens	ENCDO736YJH	male	adult	83	year	European	single-ended	Illumina NextSeq 500	1	2	unreplicated	2022-01-06	released	8	2638730687.0
ENCSR582UTE	False	ENCSR975PED	H3K27ac	Histone ChIP-seq	Homo sapiens stomach tissue female adult (30 years)	Bing Ren, UCSD	UBERON:0000945	stomach	tissue	stomach		endoderm	digestive system	Homo sapiens	ENCDO424HVB	female	adult	30	year	European	single-ended	Illumina HiSeq 2000	1	1	unreplicated	2013-07-31	released	1	1579276920.0
ENCSR583BXC	True			Control ChIP-seq	Homo sapiens with mild cognitive impairment; dorsolateral prefrontal cortex tissue female adult (90 or above years)	Bradley Bernstein, Broad	UBERON:0009834	dorsolateral prefrontal cortex	tissue	brain		ectoderm	central nervous system	Homo sapiens	ENCDO471EKG	female	adult	90 or above	year	European	single-ended	Illumina NextSeq 500	1	2	unreplicated	2021-09-21	released	16	6170032706.0
ENCSR583DLA	True			Control ChIP-seq	Homo sapiens dorsolateral prefrontal cortex tissue female adult (75 years)	Bradley Bernstein, Broad	UBERON:0009834	dorsolateral prefrontal cortex	tissue	brain		ectoderm	central nervous system	Homo sapiens	ENCDO871IWW	female	adult	75	year		single-ended	Illumina Genome Analyzer IIx	1	1	unreplicated	2013-07-31	released	2	1960636284.0
ENCSR583MIW	True			Control ChIP-seq	Homo sapiens ovary tissue female adult (41 years)	Bradley Bernstein, Broad	UBERON:0000992	ovary	tissue	ovary,gonad			reproductive system	Homo sapiens	ENCDO575WHY	female	adult	41	year	European	single-ended	Illumina NextSeq 500	1	2	unreplicated	2022-06-07	released	16	6564341557.0
ENCSR583XAM	True			Control ChIP-seq	Homo sapiens with squamous cell carcinoma; skin epidermis tissue male adult (84 years)	Bradley Bernstein, Broad	UBERON:0001003	skin epidermis	tissue	epithelium,skin of body		ectoderm	integumental system	Homo sapiens	ENCDO799UNP	male	adult	84	year		single-ended	Illumina HiSeq 2500	1	1	unreplicated	2020-09-03	released	4	3539384400.0
ENCSR585FQO	True			Control ChIP-seq	Homo sapiens C4-2B	Michael Snyder, Stanford	EFO:0006365	C4-2B	cell line	prostate gland	cancer cell	mesoderm,endoderm	reproductive system	Homo sapiens	ENCDO000ACX	male	adult	50	year	European	paired-ended	Illumina HiSeq 2000	2	2	isogenic	2017-02-02	released	2	5176680946.0
ENCSR585UEE	True			Control ChIP-seq	Homo sapiens peripheral blood mononuclear cell male adult (32 years)	Joseph Costello, UCSF	CL:2000001	peripheral blood mononuclear cell	primary cell	bodily fluid,blood	leukocyte,mononuclear cell,hematopoietic cell	mesoderm	immune system	Homo sapiens	ENCDO688UPE	male	adult	32	year	European	single-ended	Illumina HiSeq 2000	1	1	unreplicated	2013-07-31	released	2	2020188514.0
ENCSR586IQI	True			Control ChIP-seq	Homo sapiens trophoblast tissue female embryo (40 weeks)	Joseph Costello, UCSF	UBERON:0000088	trophoblast	tissue	embryo				Homo sapiens	ENCDO601VUB	female	embryonic	40	week		single-ended	Illumina HiSeq 2000	1	1	unreplicated	2013-07-31	released	2	2728909694.0
ENCSR589NSH	True			Control ChIP-seq	Homo sapiens stomach smooth muscle tissue female adult (84 years)	Bradley Bernstein, Broad	UBERON:0004222	stomach smooth muscle	tissue	musculature of body,stomach		mesoderm	musculature,digestive system	Homo sapiens	ENCDO724KBU	female	adult	84	year	European	single-ended	Illumina Genome Analyzer IIx	1	1	unreplicated	2013-07-31	released	1	1011465889.0
ENCSR590YGY	True			Control ChIP-seq	Homo sapiens foreskin fibroblast male newborn	Joseph Costello, UCSF	CL:1001608	foreskin fibroblast	primary cell	penis,connective tissue,skin of body	fibroblast,connective tissue cell	ectoderm,mesoderm	reproductive system,integumental system	Homo sapiens	ENCDO686OPO	male	newborn				single-ended	Illumina HiSeq 2000	1	1	unreplicated	2013-07-31	released	2	4882817556.0
ENCSR592KRF	True			Control ChIP-seq	Homo sapiens heart right ventricle tissue male child (3 years)	Bing Ren, UCSD	UBERON:0002080	heart right ventricle	tissue	heart		mesoderm	circulatory system	Homo sapiens	ENCDO478OMA	male	child	3	year		single-ended	Illumina HiSeq 2000	1	2	unreplicated	2013-07-31	released	2	2645164136.0
ENCSR593INW	False	ENCSR803JPO	H3K27ac	Histone ChIP-seq	Homo sapiens spleen tissue male adult (54 years)	Bradley Bernstein, Broad	UBERON:0002106	spleen	tissue	immune organ,spleen		mesoderm	immune system,digestive system	Homo sapiens	ENCDO451RUA	male	adult	54	year		single-ended	Illumina HiSeq 2500	2	4	isogenic	2019-09-11	released	14	9442023330.0
ENCSR593KDJ	False	ENCSR195BZZ	H3K27ac	Histone ChIP-seq	Homo sapiens right atrium auricular region tissue female adult (53 years)	Bradley Bernstein, Broad	UBERON:0006631	right atrium auricular region	tissue	heart		mesoderm	circulatory system	Homo sapiens	ENCDO793LXB	female	adult	53	year		single-ended	Illumina HiSeq 2500	1	1	unreplicated	2016-11-03	released	2	1800371364.0
ENCSR595SMV	True			Control ChIP-seq	Homo sapiens CD4-positive, alpha-beta memory T cell	Bradley Bernstein, Broad	CL:0000897	CD4-positive, alpha-beta memory T cell	primary cell	bodily fluid,blood	leukocyte,T cell,CD4+ T cell,hematopoietic cell		immune system	Homo sapiens	ENCDO194EHQ	unknown	unknown				single-ended	Illumina HiSeq 2000	2	2	anisogenic	2013-07-31	released	6	2860251244.0
ENCSR596PFU	False	ENCSR099LGH	H3K27ac	Histone ChIP-seq	Homo sapiens body of pancreas tissue male adult (54 years)	Bradley Bernstein, Broad	UBERON:0001150	body of pancreas	tissue	pancreas		endoderm		Homo sapiens	ENCDO451RUA	male	adult	54	year		single-ended	Illumina HiSeq 2500	1	1	unreplicated	2016-07-28	released	1	1410611349.0
ENCSR597BWL	False	ENCSR777VQP	H3K27ac	Histone ChIP-seq	Homo sapiens thyroid gland tissue male adult (37 years)	Bradley Bernstein, Broad	UBERON:0002046	thyroid gland	tissue	endocrine gland,thyroid gland		endoderm	endocrine system	Homo sapiens	ENCDO845WKR	male	adult	37	year		single-ended	Illumina HiSeq 2500	2	2	isogenic	2016-05-23	released	2	2661300714.0
ENCSR597PTH	True			Control ChIP-seq	Homo sapiens heart right ventricle tissue male adult (55 years)	Bradley Bernstein, Broad	UBERON:0002080	heart right ventricle	tissue	heart		mesoderm	circulatory system	Homo sapiens	ENCDO439CAZ	male	adult	55	year	European	single-ended	Illumina NextSeq 500	1	2	unreplicated	2022-06-07	released	8	6056481448.0
ENCSR597RXN	False	ENCSR770XRC	H3K27ac	Histone ChIP-seq	Homo sapiens dorsolateral prefrontal cortex tissue female adult (87 years)	Bradley Bernstein, Broad	UBERON:0009834	dorsolateral prefrontal cortex	tissue	brain		ectoderm	central nervous system	Homo sapiens	ENCDO423GGP	female	adult	87	year	European	single-ended	Illumina NextSeq 500	1	3	unreplicated	2021-06-24	released	12	4509322887.0
ENCSR597UDW	False	ENCSR569IIN	H3K27ac	Histone ChIP-seq	Homo sapiens OCI-LY1	Bradley Bernstein, Broad	EFO:0005907	OCI-LY1	cell line	bone marrow,bone element	cancer cell	mesoderm	immune system,skeletal system	Homo sapiens	ENCDO350AAA	male	adult	44	year		paired-ended	Illumina HiSeq 2000	2	2	isogenic	2014-07-11	released	3	2593320226.0
ENCSR597ULV	False	ENCSR716BTZ	H3K27ac	Histone ChIP-seq	Homo sapiens VCaP	Michael Snyder, Stanford	EFO:0007752	VCaP	cell line	prostate gland,epithelium	epithelial cell,cancer cell	mesoderm,endoderm	reproductive system	Homo sapiens	ENCDO119FJJ	male	adult	59	year	European	paired-ended	Illumina HiSeq 2000	2	2	isogenic	2017-04-03	released	2	8005995516.0
ENCSR600TOW	False	ENCSR343GIV	H3K27ac	Histone ChIP-seq	Homo sapiens gastroesophageal sphincter tissue male adult (37 years)	Bradley Bernstein, Broad	UBERON:0004550	gastroesophageal sphincter	tissue	musculature of body,stomach		endoderm	digestive system,musculature	Homo sapiens	ENCDO845WKR	male	adult	37	year		single-ended	Illumina HiSeq 2500	1	2	unreplicated	2019-08-01	released	4	4123262244.0
ENCSR601VHO	False	ENCSR138WRC	H3K27ac	Histone ChIP-seq	Homo sapiens gastrocnemius medialis tissue female adult (51 years)	Bradley Bernstein, Broad	UBERON:0011907	gastrocnemius medialis	tissue	limb,musculature of body		mesoderm	musculature	Homo sapiens	ENCDO271OUW	female	adult	51	year		single-ended	Illumina HiSeq 2500	1	2	unreplicated	2018-12-19	released	4	4642777902.0
ENCSR603KDJ	True			Control ChIP-seq	Homo sapiens chorionic villus tissue male embryo (16 weeks)	Joseph Costello, UCSF	UBERON:0007106	chorionic villus	tissue	placenta,embryo,extraembryonic component		mesoderm	reproductive system	Homo sapiens	ENCDO150YZC	male	embryonic	16	week	African American	single-ended	Illumina HiSeq 2000	1	1	unreplicated	2013-07-31	released	4	6367468147.0
ENCSR603SVD	True			Control ChIP-seq	Homo sapiens neural progenitor cell originated from H9	Bradley Bernstein, Broad	CL:0011020	neural progenitor cell	in vitro differentiated cells		progenitor cell	ectoderm	central nervous system	Homo sapiens	ENCDO222AAA	female	embryonic	5	day		single-ended	Illumina HiSeq 2500	2	3	isogenic	2016-05-26	released	7	10101910232.0
ENCSR604JDV	False	ENCSR079HOU	H3K27ac	Histone ChIP-seq	Homo sapiens cingulate gyrus tissue female adult (75 years)	Bradley Bernstein, Broad	UBERON:0002967	cingulate gyrus	tissue	brain		ectoderm	central nervous system	Homo sapiens	ENCDO871IWW	female	adult	75	year		single-ended	Illumina HiSeq 2000	1	1	unreplicated	2013-07-31	released	2	956920633.0
ENCSR606WJA	False	ENCSR603KDJ	H3K27ac	Histone ChIP-seq	Homo sapiens chorionic villus tissue male embryo (16 weeks)	Joseph Costello, UCSF	UBERON:0007106	chorionic villus	tissue	placenta,embryo,extraembryonic component		mesoderm	reproductive system	Homo sapiens	ENCDO150YZC	male	embryonic	16	week	African American	single-ended	Illumina HiSeq 2000	1	1	unreplicated	2013-07-31	released	4	4060451502.0
ENCSR607IHY	False	ENCSR243LHN	H3K27ac	Histone ChIP-seq	Homo sapiens with Alzheimer's disease; dorsolateral prefrontal cortex tissue female adult (90 or above years)	Bradley Bernstein, Broad	UBERON:0009834	dorsolateral prefrontal cortex	tissue	brain		ectoderm	central nervous system	Homo sapiens	ENCDO223NTQ	female	adult	90 or above	year	European	single-ended	Illumina NextSeq 500	1	2	unreplicated	2022-06-09	released	8	2913171711.0
ENCSR607UWA	True			Control ChIP-seq	Homo sapiens vagina tissue female adult (51 years)	Bradley Bernstein, Broad	UBERON:0000996	vagina	tissue	vagina		mesoderm	reproductive system	Homo sapiens	ENCDO271OUW	female	adult	51	year		single-ended	Illumina HiSeq 2500	1	2	unreplicated	2019-02-11	released	4	4233248383.0
ENCSR608IVH	True			Control ChIP-seq	Homo sapiens left ventricle myocardium inferior tissue male adult (60 years)	Bradley Bernstein, Broad	NTR:0000493	left ventricle myocardium inferior	tissue	heart		mesoderm	circulatory system	Homo sapiens	ENCDO520EJG	male	adult	60	year	European	single-ended	Illumina NextSeq 500	2	4	isogenic	2021-04-12	released	16	6936050267.0
ENCSR608XIG	False	ENCSR315NIO	H3K27ac	Histone ChIP-seq	Homo sapiens temporal lobe tissue female adult (75 years)	Bradley Bernstein, Broad	UBERON:0001871	temporal lobe	tissue	brain		ectoderm	central nervous system	Homo sapiens	ENCDO871IWW	female	adult	75	year		single-ended	Illumina HiSeq 2000	1	1	unreplicated	2013-07-31	released	2	758296664.0
ENCSR612BWE	False	ENCSR503BIB	H3K27ac	Histone ChIP-seq	Homo sapiens pancreas tissue male adult (34 years)	Bing Ren, UCSD	UBERON:0001264	pancreas	tissue	pancreas		endoderm		Homo sapiens	ENCDO058AAA	male	adult	34	year	European	single-ended	Illumina Genome Analyzer	1	1	unreplicated	2013-07-31	released	1	755264454.0
ENCSR613JAK	True			Control ChIP-seq	Homo sapiens with mild cognitive impairment; dorsolateral prefrontal cortex tissue female adult (90 or above years)	Bradley Bernstein, Broad	UBERON:0009834	dorsolateral prefrontal cortex	tissue	brain		ectoderm	central nervous system	Homo sapiens	ENCDO660TGP	female	adult	90 or above	year	European	single-ended	Illumina NextSeq 500	1	2	unreplicated	2021-04-12	released	12	3135266520.0
ENCSR614NPG	False	ENCSR344ERJ	H3K27ac	Histone ChIP-seq	Homo sapiens A549 treated with 100 nM dexamethasone (agonist) for 2 hours	Tim Reddy, Duke	EFO:0001086	A549	cell line	lung	cancer cell	endoderm	respiratory system	Homo sapiens	ENCDO000AAZ	male	adult	58	year	European	single-ended	Illumina HiSeq 2000	3	3	isogenic	2016-07-21	released	3	3142246568.0
ENCSR615HXA	False	ENCSR585UEE	H3K27ac	Histone ChIP-seq	Homo sapiens peripheral blood mononuclear cell male adult (32 years)	Joseph Costello, UCSF	CL:2000001	peripheral blood mononuclear cell	primary cell	bodily fluid,blood	leukocyte,mononuclear cell,hematopoietic cell	mesoderm	immune system	Homo sapiens	ENCDO688UPE	male	adult	32	year	European	single-ended	Illumina HiSeq 2000	1	1	unreplicated	2013-07-31	released	2	2063761924.0
ENCSR617MEB	True			Control ChIP-seq	Homo sapiens temporal lobe tissue male adult (81 years)	Bradley Bernstein, Broad	UBERON:0001871	temporal lobe	tissue	brain		ectoderm	central nervous system	Homo sapiens	ENCDO980BZD	male	adult	81	year		single-ended	Illumina HiSeq 2000	1	1	unreplicated	2013-07-31	released	6	1966763979.0
ENCSR617ONQ	True			Control ChIP-seq	Homo sapiens with Alzheimer's disease; dorsolateral prefrontal cortex tissue female adult (81 years)	Bradley Bernstein, Broad	UBERON:0009834	dorsolateral prefrontal cortex	tissue	brain		ectoderm	central nervous system	Homo sapiens	ENCDO097MEH	female	adult	81	year	European	single-ended	Illumina NextSeq 500	1	2	unreplicated	2021-04-12	released	12	7223815648.0
ENCSR619POC	False	ENCSR363KHN	H3K27ac	Histone ChIP-seq	Homo sapiens chorionic villus tissue male embryo (38 weeks)	Joseph Costello, UCSF	UBERON:0007106	chorionic villus	tissue	placenta,embryo,extraembryonic component		mesoderm	reproductive system	Homo sapiens	ENCDO974LFM	male	embryonic	38	week		single-ended	Illumina HiSeq 2000	1	1	unreplicated	2013-07-31	released	2	2489279657.0
ENCSR619TOU	False	ENCSR018KWK	H3K27ac	Histone ChIP-seq	Homo sapiens with Alzheimer's disease; dorsolateral prefrontal cortex tissue male adult (90 or above years)	Bradley Bernstein, Broad	UBERON:0009834	dorsolateral prefrontal cortex	tissue	brain		ectoderm	central nervous system	Homo sapiens	ENCDO197QVG	male	adult	90 or above	year	European	single-ended	Illumina NextSeq 500	1	2	unreplicated	2022-06-09	released	8	1564836757.0
ENCSR620AZM	False	ENCSR714CKG	H3K27ac	Histone ChIP-seq	Homo sapiens common myeloid progenitor, CD34-positive female adult (33 years)	Bradley Bernstein, Broad	CL:0001059	common myeloid progenitor, CD34-positive	primary cell	bone marrow,bone element	hematopoietic cell,myeloid cell,progenitor cell	mesoderm	immune system	Homo sapiens	ENCDO412QUR	female	adult	33	year	European	single-ended	Illumina HiSeq 2000	1	1	unreplicated	2013-07-31	released	3	1337835046.0
ENCSR620XWM	True			Control ChIP-seq	Homo sapiens vagina tissue female adult (53 years)	Bradley Bernstein, Broad	UBERON:0000996	vagina	tissue	vagina		mesoderm	reproductive system	Homo sapiens	ENCDO793LXB	female	adult	53	year		single-ended	Illumina HiSeq 2500	1	1	unreplicated	2016-11-03	released	4	3362200613.0
ENCSR621OKB	True			Control ChIP-seq	Homo sapiens skin epidermis tissue female adult (80 years)	Bradley Bernstein, Broad	UBERON:0001003	skin epidermis	tissue	epithelium,skin of body		ectoderm	integumental system	Homo sapiens	ENCDO856JFL	female	adult	80	year		single-ended	Illumina HiSeq 2500	1	1	unreplicated	2020-09-03	released	2	3805942091.0
ENCSR625BDY	True			Control ChIP-seq	Homo sapiens peripheral blood mononuclear cell female adult (28 years)	Joseph Costello, UCSF	CL:2000001	peripheral blood mononuclear cell	primary cell	bodily fluid,blood	leukocyte,mononuclear cell,hematopoietic cell	mesoderm	immune system	Homo sapiens	ENCDO839WKQ	female	adult	28	year	African American	single-ended	Illumina HiSeq 2000	1	1	unreplicated	2013-07-31	released	2	3295405494.0
ENCSR627RBH	True			Control ChIP-seq	Homo sapiens A549 treated with 100 nM dexamethasone (agonist) for 5 hours	Tim Reddy, Duke	EFO:0001086	A549	cell line	lung	cancer cell	endoderm	respiratory system	Homo sapiens	ENCDO000AAZ	male	adult	58	year	European	single-ended	Illumina HiSeq 2000	3	3	isogenic	2016-07-21	released	3	1702392845.0
ENCSR628GIZ	True			Control ChIP-seq	Homo sapiens stomach tissue male child (3 years)	Bing Ren, UCSD	UBERON:0000945	stomach	tissue	stomach		endoderm	digestive system	Homo sapiens	ENCDO478OMA	male	child	3	year		single-ended	Illumina HiSeq 2000	1	2	unreplicated	2013-07-31	released	2	3112951547.0
ENCSR629GZZ	True			Control ChIP-seq	Homo sapiens with Alzheimer's disease; dorsolateral prefrontal cortex tissue female adult (85 years)	Bradley Bernstein, Broad	UBERON:0009834	dorsolateral prefrontal cortex	tissue	brain		ectoderm	central nervous system	Homo sapiens	ENCDO080EZF	female	adult	85	year	European	single-ended	Illumina NextSeq 500	1	2	unreplicated	2021-09-21	released	8	4435539315.0
ENCSR632MPN	True			Control ChIP-seq	Homo sapiens heart left ventricle tissue male adult (69 years)	Bradley Bernstein, Broad	UBERON:0002084	heart left ventricle	tissue	heart		mesoderm	circulatory system	Homo sapiens	ENCDO477WED	male	adult	69	year	Asian	single-ended	Illumina NextSeq 500	1	2	unreplicated	2022-06-07	released	16	3706272308.0
ENCSR633OJL	True			Control ChIP-seq	Homo sapiens mesenchymal stem cell originated from H1	Bing Ren, UCSD	CL:0000134	mesenchymal stem cell	in vitro differentiated cells	connective tissue	stem cell,connective tissue cell	mesoderm		Homo sapiens	ENCDO000AAW	male	embryonic				single-ended	Illumina Genome Analyzer IIx	1	1	unreplicated	2013-07-31	released	1	1015961660.0
ENCSR634QZP	True			Control ChIP-seq	Homo sapiens dorsolateral prefrontal cortex tissue female adult (90 or above years)	Bradley Bernstein, Broad	UBERON:0009834	dorsolateral prefrontal cortex	tissue	brain		ectoderm	central nervous system	Homo sapiens	ENCDO101GPB	female	adult	90 or above	year	European	single-ended	Illumina NextSeq 500	1	2	unreplicated	2021-09-21	released	8	4287730145.0
ENCSR637ISS	False	ENCSR528SMB	H3K27ac	Histone ChIP-seq	Homo sapiens foreskin keratinocyte male newborn (2-4 days) treated with 1.2 mM calcium for 5.5 days	Michael Snyder, Stanford	CL:1001606	foreskin keratinocyte	primary cell	epithelium,penis,skin of body	keratinocyte,epithelial cell	mesoderm,ectoderm	reproductive system,integumental system	Homo sapiens	ENCDO005EGE	male	newborn	2-4	day		paired-ended	Illumina HiSeq 4000	2	2	anisogenic	2017-10-10	released	2	3435405273.0
ENCSR638CSE	True			Control ChIP-seq	Homo sapiens with mild cognitive impairment; dorsolateral prefrontal cortex tissue female adult (90 or above years)	Bradley Bernstein, Broad	UBERON:0009834	dorsolateral prefrontal cortex	tissue	brain		ectoderm	central nervous system	Homo sapiens	ENCDO153NUY	female	adult	90 or above	year	European	single-ended	Illumina NextSeq 500	1	2	unreplicated	2021-04-12	released	12	6435437616.0
ENCSR639HUV	True			Control ChIP-seq	Homo sapiens muscle of trunk tissue female embryo (115 days)	John Stamatoyannopoulos, UW	UBERON:0001774	muscle of trunk	tissue	musculature of body		mesoderm	musculature	Homo sapiens	ENCDO686GEI	female	embryonic	115	day		single-ended	Illumina HiSeq 2000	1	1	unreplicated	2013-07-31	released	3	1669013703.0
ENCSR640XRV	False	ENCSR479HSY	H3K27ac	Histone ChIP-seq	Homo sapiens transverse colon tissue male adult (37 years)	Bradley Bernstein, Broad	UBERON:0001157	transverse colon	tissue	colon,intestine,large intestine		endoderm	digestive system	Homo sapiens	ENCDO845WKR	male	adult	37	year		single-ended	Illumina HiSeq 2500	2	4	isogenic	2017-10-30	released	14	6818304751.0
ENCSR641QPH	False	ENCSR347KLR	H3K27ac	Histone ChIP-seq	Homo sapiens dorsolateral prefrontal cortex tissue male adult (86 years)	Bradley Bernstein, Broad	UBERON:0009834	dorsolateral prefrontal cortex	tissue	brain		ectoderm	central nervous system	Homo sapiens	ENCDO666UNK	male	adult	86	year	European	single-ended	Illumina NextSeq 500	1	2	unreplicated	2021-05-06	released	8	2667104930.0
ENCSR641SDI	False	ENCSR316ZPQ	H3K27ac	Histone ChIP-seq	Homo sapiens sigmoid colon tissue female adult (51 years)	Bradley Bernstein, Broad	UBERON:0001159	sigmoid colon	tissue	colon,intestine,large intestine		endoderm	digestive system	Homo sapiens	ENCDO271OUW	female	adult	51	year		single-ended	Illumina HiSeq 2500	1	2	unreplicated	2018-12-11	released	4	4592795511.0
ENCSR641YLG	False	ENCSR247FUH	H3K27ac	Histone ChIP-seq	Homo sapiens skin epidermis tissue male adult (77 years)	Bradley Bernstein, Broad	UBERON:0001003	skin epidermis	tissue	epithelium,skin of body		ectoderm	integumental system	Homo sapiens	ENCDO739SDJ	male	adult	77	year		single-ended	Illumina HiSeq 2500	1	1	unreplicated	2020-09-10	released	4	2475902257.0
ENCSR642HHF	False	ENCSR799TWV	H3K27ac	Histone ChIP-seq	Homo sapiens adrenal gland tissue female adult (30 years)	Bing Ren, UCSD	UBERON:0002369	adrenal gland	tissue	endocrine gland,adrenal gland		mesoderm,ectoderm	endocrine system	Homo sapiens	ENCDO424HVB	female	adult	30	year	European	single-ended	Illumina HiSeq 2000	1	1	unreplicated	2013-07-31	released	1	2382063811.0
ENCSR642LNB	True			Control ChIP-seq	Homo sapiens muscle layer of duodenum tissue male adult (59 years)	Bradley Bernstein, Broad	UBERON:0012488	muscle layer of duodenum	tissue	small intestine,intestine		endoderm	digestive system	Homo sapiens	ENCDO858AJQ	male	adult	59	year		single-ended	Illumina HiSeq 2000	1	1	unreplicated	2013-07-31	released	4	2718901585.0
ENCSR642QDW	True			Control ChIP-seq	Homo sapiens gastroesophageal sphincter tissue female adult (51 years)	Bradley Bernstein, Broad	UBERON:0004550	gastroesophageal sphincter	tissue	musculature of body,stomach		endoderm	musculature,digestive system	Homo sapiens	ENCDO271OUW	female	adult	51	year		single-ended	Illumina HiSeq 2500	2	2	isogenic	2018-12-11	released	4	7352029219.0
ENCSR642TGI	True			Control ChIP-seq	Homo sapiens duodenal mucosa tissue male adult (59 years)	Bradley Bernstein, Broad	UBERON:0000320	duodenal mucosa	tissue	small intestine,intestine		endoderm	digestive system	Homo sapiens	ENCDO874DHL	male	adult	59	year	European	single-ended	Illumina HiSeq 2000	1	1	unreplicated	2013-07-31	released	4	2130939942.0
ENCSR643TBI	False	ENCSR837RXS	H3K27ac	Histone ChIP-seq	Homo sapiens chorionic villus tissue female embryo (40 weeks)	Joseph Costello, UCSF	UBERON:0007106	chorionic villus	tissue	placenta,embryo,extraembryonic component		mesoderm	reproductive system	Homo sapiens	ENCDO651ROT	female	embryonic	40	week	European	single-ended	Illumina HiSeq 2000	1	1	unreplicated	2013-07-31	released	4	4154837520.0
ENCSR644CBZ	True			Control ChIP-seq	Homo sapiens naive thymus-derived CD4-positive, alpha-beta T cell	Bradley Bernstein, Broad	CL:0000895	naive thymus-derived CD4-positive, alpha-beta T cell	primary cell	bodily fluid,blood	leukocyte,T cell,CD4+ T cell,hematopoietic cell	mesoderm,endoderm	immune system	Homo sapiens	ENCDO688UWB	unknown	unknown				single-ended	Illumina HiSeq 2000	1	1	unreplicated	2013-07-31	released	3	1388315795.0
ENCSR644XSS	True			Control ChIP-seq	Homo sapiens esophagus squamous epithelium tissue male adult (54 years)	Bradley Bernstein, Broad	UBERON:0006920	esophagus squamous epithelium	tissue	epithelium,esophagus		endoderm	digestive system	Homo sapiens	ENCDO451RUA	male	adult	54	year		single-ended	Illumina HiSeq 2500	1	2	unreplicated	2019-02-08	released	6	6069610962.0
ENCSR645MXO	False	ENCSR898WPF	H3K27ac	Histone ChIP-seq	Homo sapiens heart right ventricle tissue male adult (66 years)	Bradley Bernstein, Broad	UBERON:0002080	heart right ventricle	tissue	heart		mesoderm	circulatory system	Homo sapiens	ENCDO926KEV	male	adult	66	year	European	single-ended	Illumina NextSeq 500	1	2	unreplicated	2021-09-21	released	8	2251099949.0
ENCSR645SYH	False	ENCSR858ROP	H3K27ac	Histone ChIP-seq	Homo sapiens esophagus tissue female adult (30 years)	Bing Ren, UCSD	UBERON:0001043	esophagus	tissue	esophagus		endoderm	digestive system	Homo sapiens	ENCDO424HVB	female	adult	30	year	European	single-ended	Illumina Genome Analyzer	1	1	unreplicated	2013-07-31	released	1	1422331812.0
ENCSR646FGM	True			Control ChIP-seq	Homo sapiens with Cognitive impairment; dorsolateral prefrontal cortex tissue female adult (81 years)	Bradley Bernstein, Broad	UBERON:0009834	dorsolateral prefrontal cortex	tissue	brain		ectoderm	central nervous system	Homo sapiens	ENCDO077CCP	female	adult	81	year	European	single-ended	Illumina NextSeq 500	1	2	unreplicated	2021-06-21	released	8	2841720802.0
ENCSR648VOG	True			Control ChIP-seq	Homo sapiens trophoblast cell originated from H1	Bing Ren, UCSD	CL:0000351	trophoblast cell	in vitro differentiated cells	embryo,extraembryonic component				Homo sapiens	ENCDO000AAW	male	embryonic				single-ended	Illumina HiSeq 2000	1	1	unreplicated	2013-07-31	released	1	2551557522.0
ENCSR650AIN	True			Control ChIP-seq	Homo sapiens left lung tissue female child (16 years)	Bradley Bernstein, Broad	UBERON:0002168	left lung	tissue	lung		endoderm	respiratory system	Homo sapiens	ENCDO575EGL	female	child	16	year	European	single-ended	Illumina NextSeq 500	2	4	isogenic	2020-07-06	released	20	11023893549.0
ENCSR650EVQ	True			Control ChIP-seq	Homo sapiens endodermal cell originated from HUES64	Bradley Bernstein, Broad	CL:0000223	endodermal cell	in vitro differentiated cells	embryo	embryonic cell	endoderm		Homo sapiens	ENCDO424FTP	male	embryonic				single-ended	Illumina HiSeq 2000	1	1	unreplicated	2013-07-31	released	4	1617694755.0
ENCSR650OZF	False		H3K27ac	Histone ChIP-seq	Homo sapiens dendritic cell treated with 100 ng/mL lipopolysaccharide for 30 minutes	Manuel Garber, UMass	CL:0000451	dendritic cell	in vitro differentiated cells		leukocyte,hematopoietic cell	mesoderm,endoderm	immune system	Homo sapiens	ENCDO088XVR	unknown	unknown	unknown			paired-ended	Illumina NextSeq 500	1	1	unreplicated	2017-01-19	released	1	614067244.0
ENCSR651ISB	True			Control ChIP-seq	Homo sapiens transverse colon tissue male adult (54 years)	Bradley Bernstein, Broad	UBERON:0001157	transverse colon	tissue	intestine,colon,large intestine		endoderm	digestive system	Homo sapiens	ENCDO451RUA	male	adult	54	year		single-ended	Illumina HiSeq 2500	3	6	isogenic	2017-08-28	released	20	12400720803.0
ENCSR652EPR	True			Control ChIP-seq	Homo sapiens esophagus squamous epithelium tissue female adult (53 years)	Bradley Bernstein, Broad	UBERON:0006920	esophagus squamous epithelium	tissue	epithelium,esophagus		endoderm	digestive system	Homo sapiens	ENCDO793LXB	female	adult	53	year		single-ended	Illumina HiSeq 2500	1	1	unreplicated	2016-11-03	released	4	4410742706.0
ENCSR652ULP	True			Control ChIP-seq	Homo sapiens right cardiac atrium tissue male adult (34 years)	Bing Ren, UCSD	UBERON:0002078	right cardiac atrium	tissue	heart		mesoderm	circulatory system	Homo sapiens	ENCDO058AAA	male	adult	34	year	European	single-ended	Illumina HiSeq 2000	1	1	unreplicated	2013-07-31	released	1	1106891477.0
ENCSR652ZLE	True			Control ChIP-seq	Homo sapiens spleen tissue male child (3 years)	Bing Ren, UCSD	UBERON:0002106	spleen	tissue	spleen,immune organ		mesoderm	immune system,digestive system	Homo sapiens	ENCDO478OMA	male	child	3	year		single-ended	Illumina HiSeq 2000	1	1	unreplicated	2013-07-31	released	1	1003536086.0
ENCSR655XLM	False	ENCSR461VPV	H3K27ac	Histone ChIP-seq	Homo sapiens small intestine tissue female adult (30 years)	Bing Ren, UCSD	UBERON:0002108	small intestine	tissue	small intestine,intestine		endoderm	digestive system	Homo sapiens	ENCDO424HVB	female	adult	30	year	European	single-ended	Illumina HiSeq 2000	1	1	unreplicated	2013-07-31	released	1	1032664037.0
ENCSR656PGJ	False	ENCSR038JBA	H3K27ac	Histone ChIP-seq	Homo sapiens UCSF-4	Joseph Costello, UCSF	EFO:0007116	UCSF-4	cell line	embryo	embryonic cell,stem cell			Homo sapiens	ENCDO499GAU	female	embryonic				paired-ended	Illumina HiSeq 2000	1	1	unreplicated	2013-07-31	released	2	2210015012.0
ENCSR656ZEQ	False	ENCSR664MLM	H3K27ac	Histone ChIP-seq	Homo sapiens rectal smooth muscle tissue tissue female adult (50 years)	Bradley Bernstein, Broad	UBERON:0018112	rectal smooth muscle tissue	tissue	musculature of body,large intestine,intestine		mesoderm	musculature,digestive system	Homo sapiens	ENCDO026NQC	female	adult	50	year	European	single-ended	Illumina HiSeq 2000	1	1	unreplicated	2013-07-31	released	2	946149993.0
ENCSR659RHV	False	ENCSR107RQX	H3K27ac	Histone ChIP-seq	Homo sapiens large intestine tissue male embryo (108 days)	John Stamatoyannopoulos, UW	UBERON:0000059	large intestine	tissue	large intestine,intestine		endoderm	digestive system	Homo sapiens	ENCDO119ASK	male	embryonic	108	day		single-ended	Illumina HiSeq 2000	1	1	unreplicated	2013-07-31	released	2	1505718828.0
ENCSR659WYW	True			Control ChIP-seq	Homo sapiens fibroblast of breast female adult (26 years)	Joseph Costello, UCSF	NTR:0003079	fibroblast of breast	primary cell	breast	fibroblast			Homo sapiens	ENCDO881IIS	female	adult	26	year	African American	single-ended	Illumina HiSeq 2000	1	1	unreplicated	2013-07-31	released	4	4287499466.0
ENCSR660IQS	False	ENCSR367UDO	H3K27ac	Histone ChIP-seq	Homo sapiens Karpas-422	Bradley Bernstein, Broad	EFO:0005719	Karpas-422	cell line	bodily fluid,blood,lymph node	leukocyte,hematopoietic cell,B cell	endoderm,mesoderm	immune system	Homo sapiens	ENCDO354AAA	female	adult	72	year		single-ended	Illumina HiSeq 2500	2	2	isogenic	2014-07-11	released	2	2632519458.0
ENCSR661KMA	False	ENCSR198WIH	H3K27ac	Histone ChIP-seq	Homo sapiens HCT116	Bradley Bernstein, Broad	EFO:0002824	HCT116	cell line	intestine,colon,epithelium,large intestine	epithelial cell,cancer cell	endoderm	digestive system	Homo sapiens	ENCDO000ABE	male	adult	48	year		single-ended	Illumina HiSeq 2000	2	3	isogenic	2016-11-18	released	2	3273103429.0
ENCSR663GIS	True			Control ChIP-seq	Homo sapiens motor neuron	Michael Snyder, Stanford	CL:0000100	motor neuron	in vitro differentiated cells	spinal cord,brain	neural cell	ectoderm	central nervous system	Homo sapiens	ENCDO272LDF	male	adult	49	year		paired-ended	Illumina NovaSeq 6000	1	1	unreplicated	2021-12-15	released	1	3511603738.0
ENCSR664MLM	True			Control ChIP-seq	Homo sapiens rectal smooth muscle tissue tissue female adult (50 years)	Bradley Bernstein, Broad	UBERON:0018112	rectal smooth muscle tissue	tissue	musculature of body,large intestine,intestine		mesoderm	musculature,digestive system	Homo sapiens	ENCDO026NQC	female	adult	50	year	European	single-ended	Illumina Genome Analyzer IIx	1	1	unreplicated	2013-07-31	released	1	1269497790.0
ENCSR666TFS	False	ENCSR155GOF	H3K27ac	Histone ChIP-seq	Homo sapiens foreskin keratinocyte male newborn	Joseph Costello, UCSF	CL:1001606	foreskin keratinocyte	primary cell	epithelium,penis,skin of body	keratinocyte,epithelial cell	mesoderm,ectoderm	reproductive system,integumental system	Homo sapiens	ENCDO666YUN	male	newborn				paired-ended	Illumina HiSeq 2000	1	2	unreplicated	2013-07-31	released	4	5933735222.0
ENCSR668DIS	False	ENCSR638CSE	H3K27ac	Histone ChIP-seq	Homo sapiens with mild cognitive impairment; dorsolateral prefrontal cortex tissue female adult (90 or above years)	Bradley Bernstein, Broad	UBERON:0009834	dorsolateral prefrontal cortex	tissue	brain		ectoderm	central nervous system	Homo sapiens	ENCDO153NUY	female	adult	90 or above	year	European	single-ended	Illumina NextSeq 500	1	2	unreplicated	2021-05-06	released	8	1931735290.0
ENCSR668EVA	False	ENCSR368NLE	H3K27ac	Histone ChIP-seq	Homo sapiens right atrium auricular region tissue female adult (51 years)	Bradley Bernstein, Broad	UBERON:0006631	right atrium auricular region	tissue	heart		mesoderm	circulatory system	Homo sapiens	ENCDO271OUW	female	adult	51	year		single-ended	Illumina HiSeq 2500	2	2	isogenic	2019-09-11	released	8	4196384932.0
ENCSR668GBL	False	ENCSR711URW	H3K27ac	Histone ChIP-seq	Homo sapiens spleen tissue female adult (51 years)	Bradley Bernstein, Broad	UBERON:0002106	spleen	tissue	immune organ,spleen		mesoderm	immune system,digestive system	Homo sapiens	ENCDO271OUW	female	adult	51	year		single-ended	Illumina HiSeq 2500	2	4	isogenic	2019-09-11	released	16	5156642044.0
ENCSR672UXO	True			Control ChIP-seq	Homo sapiens SJCRH30	Michael Snyder, Stanford	EFO:0005722	SJCRH30	cell line	connective tissue,musculature of body	fibroblast,cancer cell,connective tissue cell	mesoderm	musculature	Homo sapiens	ENCDO339AAA	male	child	17	year		paired-ended	Illumina HiSeq 4000	1	1	unreplicated	2020-08-21	released	1	6873536415.0
ENCSR674VPA	False	ENCSR355RJN	H3K27ac	Histone ChIP-seq	Homo sapiens naive thymus-derived CD4-positive, alpha-beta T cell	Bradley Bernstein, Broad	CL:0000895	naive thymus-derived CD4-positive, alpha-beta T cell	primary cell	bodily fluid,blood	leukocyte,T cell,CD4+ T cell,hematopoietic cell	mesoderm,endoderm	immune system	Homo sapiens	ENCDO194EHQ	unknown	unknown				single-ended	Illumina HiSeq 2000	1	1	unreplicated	2013-07-31	released	4	1668763644.0
ENCSR675ZDM	True			Control ChIP-seq	Homo sapiens kidney tissue male adult (50 years)	Bradley Bernstein, Broad	UBERON:0002113	kidney	tissue	kidney		mesoderm	excretory system	Homo sapiens	ENCDO646IOH	male	adult	50	year		single-ended	Illumina HiSeq 2000	1	1	unreplicated	2013-07-31	released	4	1850197086.0
ENCSR677LBH	False	ENCSR178MWD	H3K27ac	Histone ChIP-seq	Homo sapiens gastroesophageal sphincter tissue female adult (53 years)	Bradley Bernstein, Broad	UBERON:0004550	gastroesophageal sphincter	tissue	musculature of body,stomach		endoderm	digestive system,musculature	Homo sapiens	ENCDO793LXB	female	adult	53	year		single-ended	Illumina HiSeq 2500	1	1	unreplicated	2016-11-03	released	4	1972462993.0
ENCSR678LND	False	ENCSR236NLU	H3K27ac	Histone ChIP-seq	Homo sapiens liver tissue female adult (25 years)	Bradley Bernstein, Broad	UBERON:0002107	liver	tissue	endocrine gland,liver,exocrine gland		endoderm	exocrine system,digestive system,endocrine system	Homo sapiens	ENCDO776UMN	female	adult	25	year	European	single-ended	Illumina HiSeq 2000	1	1	unreplicated	2013-07-31	released	2	1192303910.0
ENCSR679OVD	False	ENCSR161JTT	H3K27ac	Histone ChIP-seq	Homo sapiens esophagus tissue male adult (34 years)	Bing Ren, UCSD	UBERON:0001043	esophagus	tissue	esophagus		endoderm	digestive system	Homo sapiens	ENCDO058AAA	male	adult	34	year	European	single-ended	Illumina HiSeq 2000	1	1	unreplicated	2013-07-31	released	1	1294681847.0
ENCSR680IWU	False	ENCSR255MIG	H3K27ac	Histone ChIP-seq	Homo sapiens from a donor with amyotrophic lateral sclerosis; motor neuron	Michael Snyder, Stanford	CL:0000100	motor neuron	in vitro differentiated cells	spinal cord,brain	neural cell	ectoderm	central nervous system	Homo sapiens	ENCDO371BAE	male	adult	55	year		paired-ended	Illumina NovaSeq 6000	2	2	isogenic	2021-08-24	released	2	7956622907.0
ENCSR681ELN	False	ENCSR295FXG	H3K27ac	Histone ChIP-seq	Homo sapiens with mild cognitive impairment; dorsolateral prefrontal cortex tissue female adult (90 or above years)	Bradley Bernstein, Broad	UBERON:0009834	dorsolateral prefrontal cortex	tissue	brain		ectoderm	central nervous system	Homo sapiens	ENCDO915WZE	female	adult	90 or above	year	European	single-ended	Illumina NextSeq 500	1	2	unreplicated	2021-06-24	released	8	1855108206.0
ENCSR681RQP	False	ENCSR889ZOH	H3K27ac	Histone ChIP-seq	Homo sapiens placenta tissue female embryo	Bradley Bernstein, Broad	UBERON:0001987	placenta	tissue	placenta,extraembryonic component		mesoderm	reproductive system	Homo sapiens	ENCDO353NXC	female	embryonic				single-ended	Illumina NextSeq 500	1	2	unreplicated	2022-06-09	released	8	2890115686.0
ENCSR683RXF	False	ENCSR306YLG	H3K27ac	Histone ChIP-seq	Homo sapiens with squamous cell carcinoma; skin epidermis tissue male adult (78 years)	Bradley Bernstein, Broad	UBERON:0001003	skin epidermis	tissue	epithelium,skin of body		ectoderm	integumental system	Homo sapiens	ENCDO054KII	male	adult	78	year		single-ended	Illumina HiSeq 2500	1	1	unreplicated	2020-09-10	released	4	2175879644.0
ENCSR683VJG	True			Control ChIP-seq	Homo sapiens right lobe of liver tissue female child (16 years)	Bradley Bernstein, Broad	UBERON:0001114	right lobe of liver	tissue	endocrine gland,liver,exocrine gland		endoderm	exocrine system,digestive system,endocrine system	Homo sapiens	ENCDO575EGL	female	child	16	year	European	single-ended	Illumina NextSeq 500	1	2	unreplicated	2022-06-07	released	8	7378721311.0
ENCSR685XVI	False	ENCSR360NJD	H3K27ac	Histone ChIP-seq	Homo sapiens skin epidermis tissue male adult (78 years)	Bradley Bernstein, Broad	UBERON:0001003	skin epidermis	tissue	epithelium,skin of body		ectoderm	integumental system	Homo sapiens	ENCDO054KII	male	adult	78	year		single-ended	Illumina HiSeq 2500	1	1	unreplicated	2020-09-10	released	4	2418311093.0
ENCSR687HYO	True			Control ChIP-seq	Homo sapiens liver tissue male adult (31 years)	Bradley Bernstein, Broad	UBERON:0002107	liver	tissue	endocrine gland,liver,exocrine gland		endoderm	exocrine system,digestive system,endocrine system	Homo sapiens	ENCDO832GKP	male	adult	31	year		single-ended	Illumina Genome Analyzer IIx	1	1	unreplicated	2013-07-31	released	1	550600196.0
ENCSR687YOP	True			Control ChIP-seq	Homo sapiens small intestine tissue male child (3 years)	Bing Ren, UCSD	UBERON:0002108	small intestine	tissue	intestine,small intestine		endoderm	digestive system	Homo sapiens	ENCDO478OMA	male	child	3	year		single-ended	Illumina Genome Analyzer IIx	1	1	unreplicated	2013-07-31	released	2	3070426498.0
ENCSR687ZCM	False	ENCSR449RSE	H3K27ac	Histone ChIP-seq	Homo sapiens muscle of leg tissue female embryo (110 days)	John Stamatoyannopoulos, UW	UBERON:0001383	muscle of leg	tissue	musculature of body,limb		mesoderm	musculature	Homo sapiens	ENCDO711IWZ	female	embryonic	110	day		single-ended	Illumina HiSeq 2000	1	1	unreplicated	2013-07-31	released	2	1602239918.0
ENCSR687ZYY	True			Control ChIP-seq	Homo sapiens thymus tissue male child (3 years)	Bing Ren, UCSD	UBERON:0002370	thymus	tissue	thymus,endocrine gland,immune organ		mesoderm,endoderm	immune system,endocrine system	Homo sapiens	ENCDO478OMA	male	child	3	year		single-ended	Illumina HiSeq 2000	1	1	unreplicated	2013-07-31	released	1	1042489038.0
ENCSR688CIB	True			Control ChIP-seq	Homo sapiens psoas muscle tissue male adult (34 years)	Bing Ren, UCSD	UBERON:0008450	psoas muscle	tissue	musculature of body		mesoderm	musculature	Homo sapiens	ENCDO058AAA	male	adult	34	year	European	single-ended	Illumina HiSeq 2000	1	2	unreplicated	2013-07-31	released	3	3106907296.0
ENCSR693VHX	False	ENCSR420XKX	H3K27ac	Histone ChIP-seq	Homo sapiens foreskin melanocyte male newborn	Joseph Costello, UCSF	CL:2000045	foreskin melanocyte	primary cell	penis	melanocyte	ectoderm,mesoderm	reproductive system	Homo sapiens	ENCDO047TBB	male	newborn				paired-ended	Illumina HiSeq 2000	1	1	unreplicated	2013-07-31	released	2	2482745995.0
ENCSR694AEQ	True			Control ChIP-seq	Homo sapiens heart left ventricle tissue male child (3 years)	Bing Ren, UCSD	UBERON:0002084	heart left ventricle	tissue	heart		mesoderm	circulatory system	Homo sapiens	ENCDO478OMA	male	child	3	year		single-ended	Illumina HiSeq 2000	1	1	unreplicated	2013-07-31	released	1	2440722884.0
ENCSR694RCH	False	ENCSR642LNB	H3K27ac	Histone ChIP-seq	Homo sapiens muscle layer of duodenum tissue male adult (59 years)	Bradley Bernstein, Broad	UBERON:0012488	muscle layer of duodenum	tissue	small intestine,intestine		endoderm	digestive system	Homo sapiens	ENCDO858AJQ	male	adult	59	year		single-ended	Illumina HiSeq 2000	1	1	unreplicated	2013-07-31	released	4	1650222420.0
ENCSR696HNV	True			Control ChIP-seq	Homo sapiens heart left ventricle tissue male adult (61 years)	Bradley Bernstein, Broad	UBERON:0002084	heart left ventricle	tissue	heart		mesoderm	circulatory system	Homo sapiens	ENCDO808ASZ	male	adult	61	year	European	single-ended	Illumina NextSeq 500	1	2	unreplicated	2021-06-21	released	8	2718746005.0
ENCSR697MUJ	False	ENCSR932WVK	H3K27ac	Histone ChIP-seq	Homo sapiens skin epidermis tissue female adult (64 years)	Bradley Bernstein, Broad	UBERON:0001003	skin epidermis	tissue	epithelium,skin of body		ectoderm	integumental system	Homo sapiens	ENCDO736MLL	female	adult	64	year		single-ended	Illumina HiSeq 2500	1	1	unreplicated	2020-09-10	released	2	2326251743.0
ENCSR698TWO	True			Control ChIP-seq	Homo sapiens NCI-H929	Michael Snyder, Stanford	EFO:0001221	NCI-H929	cell line	bone element,bone marrow	cancer cell,leukocyte,hematopoietic cell,B cell	mesoderm	immune system,skeletal system	Homo sapiens	ENCDO220OYR	female	adult	62	year	European	paired-ended	Illumina HiSeq 4000	1	1	unreplicated	2021-03-29	released	1	4686683131.0
ENCSR698YQL	True			Control ChIP-seq	Homo sapiens with Alzheimer's disease; dorsolateral prefrontal cortex tissue female adult (74 years)	Bradley Bernstein, Broad	UBERON:0009834	dorsolateral prefrontal cortex	tissue	brain		ectoderm	central nervous system	Homo sapiens	ENCDO907CMO	female	adult	74	year	European	single-ended	Illumina NextSeq 500	1	2	unreplicated	2021-04-12	released	8	2671326012.0
ENCSR700CAX	True			Control ChIP-seq	Homo sapiens body of pancreas tissue female adult (51 years)	Bradley Bernstein, Broad	UBERON:0001150	body of pancreas	tissue	pancreas		endoderm		Homo sapiens	ENCDO271OUW	female	adult	51	year		single-ended	Illumina HiSeq 2500	1	2	unreplicated	2018-12-14	released	4	5955431506.0
ENCSR700LWI	False	ENCSR906OSH	H3K27ac	Histone ChIP-seq	Homo sapiens with squamous cell carcinoma; skin epidermis tissue female adult (64 years)	Bradley Bernstein, Broad	UBERON:0001003	skin epidermis	tissue	epithelium,skin of body		ectoderm	integumental system	Homo sapiens	ENCDO736MLL	female	adult	64	year		single-ended	Illumina HiSeq 2500	1	1	unreplicated	2020-09-10	released	2	2664660769.0
ENCSR702OVJ	False	ENCSR178FVP	H3K27ac	Histone ChIP-seq	Homo sapiens heart left ventricle tissue female adult (51 years)	Bradley Bernstein, Broad	UBERON:0002084	heart left ventricle	tissue	heart		mesoderm	circulatory system	Homo sapiens	ENCDO271OUW	female	adult	51	year		single-ended	Illumina HiSeq 2500	1	2	unreplicated	2018-12-11	released	4	2616062886.0
ENCSR704GTT	True			Control ChIP-seq	Homo sapiens IMR-90	Bing Ren, UCSD	EFO:0001196	IMR-90	cell line	connective tissue,lung	connective tissue cell,fibroblast	endoderm	respiratory system	Homo sapiens	ENCDO000AAX	female	embryonic	16	week	European	single-ended	Illumina Genome Analyzer II	1	1	unreplicated	2013-07-31	released	1	846002931.0
ENCSR704JMY	True			Control ChIP-seq	Homo sapiens placental basal plate tissue female embryo (40 weeks)	Joseph Costello, UCSF	NTR:0003013	placental basal plate	tissue	placenta,extraembryonic component		mesoderm	reproductive system	Homo sapiens	ENCDO651ROT	female	embryonic	40	week	European	single-ended	Illumina HiSeq 2000	1	1	unreplicated	2013-07-31	released	4	5474260009.0
ENCSR704QBF	True			Control ChIP-seq	Homo sapiens skin epidermis tissue male adult (75 years)	Bradley Bernstein, Broad	UBERON:0001003	skin epidermis	tissue	epithelium,skin of body		ectoderm	integumental system	Homo sapiens	ENCDO317WFZ	male	adult	75	year		single-ended	Illumina HiSeq 2500	1	1	unreplicated	2020-09-03	released	2	3886286550.0
ENCSR705BTW	False	ENCSR777AJC	H3K27ac	Histone ChIP-seq	Homo sapiens esophagus muscularis mucosa tissue male adult (54 years)	Bradley Bernstein, Broad	UBERON:0004648	esophagus muscularis mucosa	tissue	musculature of body,esophagus		mesoderm	digestive system,musculature	Homo sapiens	ENCDO451RUA	male	adult	54	year		single-ended	Illumina HiSeq 2500	1	2	unreplicated	2019-09-11	released	4	3838147067.0
ENCSR707TMM	True			Control ChIP-seq	Homo sapiens common myeloid progenitor, CD34-positive female adult (27 years)	Bradley Bernstein, Broad	CL:0001059	common myeloid progenitor, CD34-positive	primary cell	bone marrow,bone element	hematopoietic cell,myeloid cell,progenitor cell	mesoderm	immune system	Homo sapiens	ENCDO410ZKA	female	adult	27	year	European	single-ended	Illumina Genome Analyzer IIx	5	5	anisogenic	2013-07-31	released	14	10594551431.0
ENCSR708OCZ	True			Control ChIP-seq	Homo sapiens Peyer's patch tissue male adult (37 years)	Bradley Bernstein, Broad	UBERON:0001211	Peyer's patch	tissue	intestine,lymphoid tissue		endoderm,mesoderm	immune system,digestive system	Homo sapiens	ENCDO845WKR	male	adult	37	year		single-ended	Illumina HiSeq 2500	1	3	unreplicated	2019-07-19	released	6	6697781903.0
ENCSR708TMV	True			Control ChIP-seq	Homo sapiens with mild cognitive impairment; dorsolateral prefrontal cortex tissue female adult (88 years)	Bradley Bernstein, Broad	UBERON:0009834	dorsolateral prefrontal cortex	tissue	brain		ectoderm	central nervous system	Homo sapiens	ENCDO151OJB	female	adult	88	year	European	single-ended	Illumina NextSeq 500	1	4	unreplicated	2021-06-21	released	16	6267088250.0
ENCSR709ABP	False	ENCSR113CMI	H3K27ac	Histone ChIP-seq	Homo sapiens foreskin keratinocyte male newborn (2-4 days) treated with 1.2 mM calcium for 2.5 days	Michael Snyder, Stanford	CL:1001606	foreskin keratinocyte	primary cell	epithelium,penis,skin of body	keratinocyte,epithelial cell	mesoderm,ectoderm	reproductive system,integumental system	Homo sapiens	ENCDO615NVN	male	newborn	2-4	day		paired-ended	Illumina HiSeq 4000	2	2	anisogenic	2017-10-10	released	2	3540862472.0
ENCSR711URW	True			Control ChIP-seq	Homo sapiens spleen tissue female adult (51 years)	Bradley Bernstein, Broad	UBERON:0002106	spleen	tissue	immune organ,spleen		mesoderm	immune system,digestive system	Homo sapiens	ENCDO271OUW	female	adult	51	year		single-ended	Illumina HiSeq 2500	2	4	isogenic	2019-02-11	released	16	9746646207.0
ENCSR714CKG	True			Control ChIP-seq	Homo sapiens common myeloid progenitor, CD34-positive female adult (33 years)	Bradley Bernstein, Broad	CL:0001059	common myeloid progenitor, CD34-positive	primary cell	bone marrow,bone element	hematopoietic cell,myeloid cell,progenitor cell	mesoderm	immune system	Homo sapiens	ENCDO412QUR	female	adult	33	year	European	single-ended	Illumina Genome Analyzer II	2	2	isogenic	2013-07-31	released	6	5172694307.0
ENCSR714GKF	True			Control ChIP-seq	Homo sapiens dorsolateral prefrontal cortex tissue male adult (71 years)	Bradley Bernstein, Broad	UBERON:0009834	dorsolateral prefrontal cortex	tissue	brain		ectoderm	central nervous system	Homo sapiens	ENCDO570AKP	male	adult	71	year	European	single-ended	Illumina NextSeq 500	1	2	unreplicated	2021-04-12	released	8	3600750318.0
ENCSR714TJD	False	ENCSR196CXJ	H3K27ac	Histone ChIP-seq	Homo sapiens A673	Bradley Bernstein, Broad	EFO:0002106	A673	cell line	musculature of body	cancer cell	mesoderm	musculature	Homo sapiens	ENCDO027VXA	female	child	15	year		paired-ended	Illumina HiSeq 2500	2	2	isogenic	2016-05-06	released	2	3359523620.0
ENCSR716BTZ	True			Control ChIP-seq	Homo sapiens VCaP	Michael Snyder, Stanford	EFO:0007752	VCaP	cell line	prostate gland,epithelium	epithelial cell,cancer cell	mesoderm,endoderm	reproductive system	Homo sapiens	ENCDO119FJJ	male	adult	59	year	European	paired-ended	Illumina HiSeq 2000	2	2	isogenic	2017-04-10	released	2	6954689605.0
ENCSR716FUH	False	ENCSR475NOQ	H3K27ac	Histone ChIP-seq	Homo sapiens thyroid gland tissue female adult (53 years)	Bradley Bernstein, Broad	UBERON:0002046	thyroid gland	tissue	endocrine gland,thyroid gland		endoderm	endocrine system	Homo sapiens	ENCDO793LXB	female	adult	53	year		single-ended	Illumina HiSeq 2500	1	1	unreplicated	2016-11-05	released	2	2030519499.0
ENCSR716XDB	False	ENCSR627RBH	H3K27ac	Histone ChIP-seq	Homo sapiens A549 treated with 100 nM dexamethasone (agonist) for 5 hours	Tim Reddy, Duke	EFO:0001086	A549	cell line	lung	cancer cell	endoderm	respiratory system	Homo sapiens	ENCDO000AAZ	male	adult	58	year	European	single-ended	Illumina HiSeq 2000	3	3	isogenic	2016-07-21	released	3	3627185263.0
ENCSR717HIA	False	ENCSR128HTH	H3K27ac	Histone ChIP-seq	Homo sapiens placenta tissue male embryo (16 weeks)	Joseph Costello, UCSF	UBERON:0001987	placenta	tissue	placenta,extraembryonic component		mesoderm	reproductive system	Homo sapiens	ENCDO150YZC	male	embryonic	16	week	African American	single-ended	Illumina HiSeq 2000	1	1	unreplicated	2013-07-31	released	4	5076401106.0
ENCSR718BTD	False	ENCSR620XWM	H3K27ac	Histone ChIP-seq	Homo sapiens vagina tissue female adult (53 years)	Bradley Bernstein, Broad	UBERON:0000996	vagina	tissue	vagina		mesoderm	reproductive system	Homo sapiens	ENCDO793LXB	female	adult	53	year		single-ended	Illumina HiSeq 2500	2	2	isogenic	2016-11-10	released	4	3195550302.0
ENCSR719FEJ	False	ENCSR255BOF	H3K27ac	Histone ChIP-seq	Homo sapiens KOPT-K1	Bradley Bernstein, Broad	EFO:0006283	KOPT-K1	cell line	bodily fluid,lymph node,blood	leukocyte,T cell,hematopoietic cell	mesoderm	immune system	Homo sapiens	ENCDO568LPD	unknown					single-ended	Illumina HiSeq 2000	2	2	isogenic	2016-11-17	released	2	2427830123.0
ENCSR720GSE	True			Control ChIP-seq	Homo sapiens KMS-11	Bradley Bernstein, Broad	EFO:0005694	KMS-11	cell line	bone element	hematopoietic cell	mesoderm	skeletal system	Homo sapiens	ENCDO133EXU	female	adult	67	year	Asian	paired-ended	Illumina HiSeq 2500	2	2	isogenic	2015-08-03	released	6	8487383954.0
ENCSR723FET	True			Control ChIP-seq	Homo sapiens WERI-Rb-1	Michael Snyder, Stanford	EFO:0005715	WERI-Rb-1	cell line	eye	neural cell,cancer cell	ectoderm	sensory system	Homo sapiens	ENCDO000ADT	female	child	1	year	European	paired-ended	Illumina HiSeq 4000	1	1	unreplicated	2021-04-06	released	1	5247573930.0
ENCSR723RUM	False	ENCSR237ZMF	H3K27ac	Histone ChIP-seq	Homo sapiens with Alzheimer's disease; dorsolateral prefrontal cortex tissue female adult (90 or above years)	Bradley Bernstein, Broad	UBERON:0009834	dorsolateral prefrontal cortex	tissue	brain		ectoderm	central nervous system	Homo sapiens	ENCDO637GUS	female	adult	90 or above	year	European	single-ended	Illumina NextSeq 500	1	2	unreplicated	2021-09-21	released	8	2908385909.0
ENCSR724GUS	False	ENCSR405VDU,ENCSR456XCT	H3K27ac	Histone ChIP-seq	Homo sapiens CD4-positive, alpha-beta memory T cell	Bradley Bernstein, Broad	CL:0000897	CD4-positive, alpha-beta memory T cell	primary cell	bodily fluid,blood	leukocyte,T cell,CD4+ T cell,hematopoietic cell		immune system	Homo sapiens	ENCDO688UWB	unknown	unknown				single-ended	Illumina HiSeq 2000	2	2	anisogenic	2013-07-31	released	7	2200439479.0
ENCSR726FHN	True			Control ChIP-seq	Homo sapiens natural killer cell male adult (37 years)	John Stamatoyannopoulos, UW	CL:0000623	natural killer cell	primary cell	blood,bodily fluid	hematopoietic cell,leukocyte,NK cell	endoderm,mesoderm	immune system	Homo sapiens	ENCDO028NGF	male	adult	37	year	Hispanic	single-ended	Illumina HiSeq 2000	1	1	unreplicated	2013-07-31	released	2	1305175876.0
ENCSR726HTS	False	ENCSR189UPU	H3K27ac	Histone ChIP-seq	Homo sapiens spleen tissue female adult (53 years)	Bradley Bernstein, Broad	UBERON:0002106	spleen	tissue	immune organ,spleen		mesoderm	digestive system,immune system	Homo sapiens	ENCDO793LXB	female	adult	53	year		single-ended	Illumina HiSeq 2500	2	4	isogenic	2016-11-03	released	14	6405438880.0
ENCSR726WVB	False	ENCSR770OIC	H3K27ac	Histone ChIP-seq	Homo sapiens substantia nigra tissue male adult (81 years)	Bradley Bernstein, Broad	UBERON:0002038	substantia nigra	tissue	brain		ectoderm	central nervous system	Homo sapiens	ENCDO980BZD	male	adult	81	year		single-ended	Illumina HiSeq 2000	2	2	isogenic	2013-07-31	released	4	2596987191.0
ENCSR728EIP	True			Control ChIP-seq	Homo sapiens gastroesophageal sphincter tissue male adult (54 years)	Bradley Bernstein, Broad	UBERON:0004550	gastroesophageal sphincter	tissue	stomach,musculature of body		endoderm	musculature,digestive system	Homo sapiens	ENCDO451RUA	male	adult	54	year		single-ended	Illumina HiSeq 2500	1	2	unreplicated	2019-02-11	released	8	5945396201.0
ENCSR729ENO	False	ENCSR773IYZ	H3K27ac	Histone ChIP-seq	Homo sapiens GM23338 originated from GM23248	Bradley Bernstein, Broad	EFO:0007950	GM23338	cell line	skin of body	induced pluripotent stem cell,stem cell	ectoderm	integumental system	Homo sapiens	ENCDO336AAA	male	adult	53	year	European	paired-ended	Illumina HiSeq 2500	2	2	isogenic	2016-05-03	released	2	3341841040.0
ENCSR729GQT	False	ENCSR895CJW	H3K27ac	Histone ChIP-seq	Homo sapiens iPS-20b	Bradley Bernstein, Broad	EFO:0007108	iPS-20b	cell line	skin of body	stem cell,induced pluripotent stem cell	ectoderm	integumental system	Homo sapiens	ENCDO175XVW	male	adult	55	year		single-ended	Illumina HiSeq 2000	1	1	unreplicated	2013-07-31	released	4	1203161669.0
ENCSR729MRJ	True			Control ChIP-seq	Homo sapiens smooth muscle cell originated from H9	Bradley Bernstein, Broad	CL:0000192	smooth muscle cell	in vitro differentiated cells	musculature of body	smooth muscle cell	mesoderm	musculature	Homo sapiens	ENCDO222AAA	female	embryonic	5	day		single-ended	Illumina HiSeq 2500	2	2	isogenic	2016-04-27	released	4	6599084318.0
ENCSR732BRB	True			Control ChIP-seq	Homo sapiens with Alzheimer's disease, Cognitive impairment; dorsolateral prefrontal cortex tissue female adult (90 or above years)	Bradley Bernstein, Broad	UBERON:0009834	dorsolateral prefrontal cortex	tissue	brain		ectoderm	central nervous system	Homo sapiens	ENCDO754RFQ	female	adult	90 or above	year	European	single-ended	Illumina NextSeq 500	1	2	unreplicated	2021-09-21	released	12	4042521536.0
ENCSR734FLK	False	ENCSR085WWL	H3K27ac	Histone ChIP-seq	Homo sapiens A549 treated with 100 nM dexamethasone (agonist) for 5 minutes	Tim Reddy, Duke	EFO:0001086	A549	cell line	lung	cancer cell	endoderm	respiratory system	Homo sapiens	ENCDO000AAZ	male	adult	58	year	European	single-ended	Illumina HiSeq 4000	3	3	isogenic	2017-10-19	released	3	7589974718.0
ENCSR735SLW	False	ENCSR404IRS	H3K27ac	Histone ChIP-seq	Homo sapiens parathyroid adenoma tissue male adult (62 years)	Bradley Bernstein, Broad	NTR:0001226	parathyroid adenoma	tissue	paraythroid gland		endoderm	endocrine system	Homo sapiens	ENCDO952UGS	male	adult	62	year		single-ended	Illumina HiSeq 2000	1	2	unreplicated	2017-12-01	released	2	2901083143.0
ENCSR736ALU	False	ENCSR001UFN	H3K27ac	Histone ChIP-seq	Homo sapiens gastrocnemius medialis tissue female adult (53 years)	Bradley Bernstein, Broad	UBERON:0011907	gastrocnemius medialis	tissue	limb,musculature of body		mesoderm	musculature	Homo sapiens	ENCDO793LXB	female	adult	53	year		single-ended	Illumina HiSeq 2500	2	2	isogenic	2016-11-04	released	4	3441472802.0
ENCSR736ZEG	False	ENCSR982AYN	H3K27ac	Histone ChIP-seq	Homo sapiens foreskin keratinocyte male newborn (2-4 days)	Michael Snyder, Stanford	CL:1001606	foreskin keratinocyte	primary cell	epithelium,penis,skin of body	keratinocyte,epithelial cell	mesoderm,ectoderm	reproductive system,integumental system	Homo sapiens	ENCDO615NVN	male	newborn	2-4	day		paired-ended	Illumina HiSeq 4000	2	2	anisogenic	2017-10-10	released	2	3756577954.0
ENCSR738SXD	False	ENCSR422TGJ	H3K27ac	Histone ChIP-seq	Homo sapiens upper lobe of left lung tissue female adult (53 years)	Bradley Bernstein, Broad	UBERON:0008952	upper lobe of left lung	tissue	lung		endoderm	respiratory system	Homo sapiens	ENCDO793LXB	female	adult	53	year		single-ended	Illumina HiSeq 2500	1	1	unreplicated	2016-11-10	released	2	1855127839.0
ENCSR739QEI	True			Control ChIP-seq	Homo sapiens dorsolateral prefrontal cortex tissue male adult (87 years)	Bradley Bernstein, Broad	UBERON:0009834	dorsolateral prefrontal cortex	tissue	brain		ectoderm	central nervous system	Homo sapiens	ENCDO203ASI	male	adult	87	year	European	single-ended	Illumina NextSeq 500	1	2	unreplicated	2021-04-12	released	12	3932592394.0
ENCSR740ROX	False		H3K27ac	Histone ChIP-seq	Homo sapiens dendritic cell treated with 100 ng/mL lipopolysaccharide for 1 hour	Manuel Garber, UMass	CL:0000451	dendritic cell	in vitro differentiated cells		leukocyte,hematopoietic cell	mesoderm,endoderm	immune system	Homo sapiens	ENCDO088XVR	unknown	unknown	unknown			paired-ended	Illumina NextSeq 500	1	1	unreplicated	2017-01-19	released	1	1084189836.0
ENCSR741HEF	False	ENCSR891YGO	H3K27ac	Histone ChIP-seq	Homo sapiens heart right ventricle tissue male adult (61 years)	Bradley Bernstein, Broad	UBERON:0002080	heart right ventricle	tissue	heart		mesoderm	circulatory system	Homo sapiens	ENCDO808ASZ	male	adult	61	year	European	single-ended	Illumina NextSeq 500	1	2	unreplicated	2021-09-21	released	12	3795060205.0
ENCSR741STU	False	ENCSR742WWB	H3K27ac	Histone ChIP-seq	Homo sapiens DOHH2	Bradley Bernstein, Broad	EFO:0002167	DOHH2	cell line		leukocyte,B cell,hematopoietic cell	endoderm,mesoderm	immune system	Homo sapiens	ENCDO352AAA	male	adult	60	year		single-ended	Illumina HiSeq 2000	2	2	isogenic	2014-07-11	released	2	2220873468.0
ENCSR742WWB	True			Control ChIP-seq	Homo sapiens DOHH2	Bradley Bernstein, Broad	EFO:0002167	DOHH2	cell line		leukocyte,B cell,hematopoietic cell	endoderm,mesoderm	immune system	Homo sapiens	ENCDO352AAA	male	adult	60	year		single-ended	Illumina HiSeq 2000	2	2	isogenic	2014-07-11	released	2	2731273180.0
ENCSR743DDX	False	ENCSR927MXE	H3K27ac	Histone ChIP-seq	Homo sapiens stomach tissue female embryo (96 days)	John Stamatoyannopoulos, UW	UBERON:0000945	stomach	tissue	stomach		endoderm	digestive system	Homo sapiens	ENCDO188ZLA	female	embryonic	96	day		single-ended	Illumina HiSeq 2000	1	1	unreplicated	2013-07-31	released	2	1716421359.0
ENCSR744SMV	True			Control ChIP-seq	Homo sapiens motor neuron	Michael Snyder, Stanford	CL:0000100	motor neuron	in vitro differentiated cells	spinal cord,brain	neural cell	ectoderm	central nervous system	Homo sapiens	ENCDO689YDN	female	adult				paired-ended	Illumina NovaSeq 6000	1	1	unreplicated	2021-12-15	released	1	3321325596.0
ENCSR745AVM	True			Control ChIP-seq	Homo sapiens dorsolateral prefrontal cortex tissue male adult (82 years)	Bradley Bernstein, Broad	UBERON:0009834	dorsolateral prefrontal cortex	tissue	brain		ectoderm	central nervous system	Homo sapiens	ENCDO407UTA	male	adult	82	year	European	single-ended	Illumina NextSeq 500	1	2	unreplicated	2021-09-21	released	12	4051024398.0
ENCSR746QZL	True			Control ChIP-seq	Homo sapiens upper lobe of left lung tissue male adult (37 years)	Bradley Bernstein, Broad	UBERON:0008952	upper lobe of left lung	tissue	lung		endoderm	respiratory system	Homo sapiens	ENCDO845WKR	male	adult	37	year		single-ended	Illumina HiSeq 2500	1	2	unreplicated	2019-09-06	released	6	8669665694.0
ENCSR747HAM	False	ENCSR556OGN	H3K27ac	Histone ChIP-seq	Homo sapiens ectodermal cell originated from HUES64	Bradley Bernstein, Broad	CL:0000221	ectodermal cell	in vitro differentiated cells	embryo	embryonic cell	ectoderm		Homo sapiens	ENCDO424FTP	male	embryonic				single-ended	Illumina HiSeq 2000	2	2	isogenic	2013-07-31	released	4	2534804891.0
ENCSR748OJA	False	ENCSR632MPN	H3K27ac	Histone ChIP-seq	Homo sapiens heart left ventricle tissue male adult (69 years)	Bradley Bernstein, Broad	UBERON:0002084	heart left ventricle	tissue	heart		mesoderm	circulatory system	Homo sapiens	ENCDO477WED	male	adult	69	year	Asian	single-ended	Illumina NextSeq 500	1	2	unreplicated	2022-07-21	released	8	2608510245.0
ENCSR748TFF	False	ENCSR833HBT	H3K27ac	Histone ChIP-seq	Homo sapiens body of pancreas tissue female adult (53 years)	Bradley Bernstein, Broad	UBERON:0001150	body of pancreas	tissue	pancreas		endoderm		Homo sapiens	ENCDO793LXB	female	adult	53	year		single-ended	Illumina HiSeq 2500	1	1	unreplicated	2016-11-03	released	2	1909132648.0
ENCSR749PIF	True			Control ChIP-seq	Homo sapiens chorion tissue female embryo (40 weeks)	Joseph Costello, UCSF	UBERON:0003124	chorion	tissue	extraembryonic component		mesoderm		Homo sapiens	ENCDO651ROT	female	embryonic	40	week	European	single-ended	Illumina HiSeq 2000	1	1	unreplicated	2013-07-31	released	4	4900715489.0
ENCSR749YQP	True			Control ChIP-seq	Homo sapiens spleen tissue female adult (41 years)	Bradley Bernstein, Broad	UBERON:0002106	spleen	tissue	spleen,immune organ		mesoderm	immune system,digestive system	Homo sapiens	ENCDO575WHY	female	adult	41	year	European	single-ended	Illumina NextSeq 500	1	2	unreplicated	2020-07-06	released	8	4985434269.0
ENCSR750BQT	True			Control ChIP-seq	Homo sapiens upper lobe of right lung tissue male adult (60 years)	Bradley Bernstein, Broad	UBERON:0002170	upper lobe of right lung	tissue	lung		endoderm	respiratory system	Homo sapiens	ENCDO520EJG	male	adult	60	year	European	single-ended	Illumina NextSeq 500	1	2	unreplicated	2022-06-07	released	8	4881008744.0
ENCSR750DLX	True			Control ChIP-seq	Homo sapiens upper lobe of left lung tissue female adult (51 years)	Bradley Bernstein, Broad	UBERON:0008952	upper lobe of left lung	tissue	lung		endoderm	respiratory system	Homo sapiens	ENCDO271OUW	female	adult	51	year		single-ended	Illumina HiSeq 2500	1	2	unreplicated	2018-12-11	released	4	4370490607.0
ENCSR751BHO	False	ENCSR948DNK	H3K27ac	Histone ChIP-seq	Homo sapiens stomach tissue female adult (51 years)	Bradley Bernstein, Broad	UBERON:0000945	stomach	tissue	stomach		endoderm	digestive system	Homo sapiens	ENCDO271OUW	female	adult	51	year		single-ended	Illumina HiSeq 2500	1	2	unreplicated	2018-12-14	released	4	3120353729.0
ENCSR752UOD	False	ENCSR768LHG	H3K27ac	Histone ChIP-seq	Homo sapiens MCF-7	Bradley Bernstein, Broad	EFO:0001203	MCF-7	cell line	mammary gland,epithelium,exocrine gland	epithelial cell,cancer cell	ectoderm	integumental system,exocrine system	Homo sapiens	ENCDO000AAE	female	adult	69	year	European	single-ended	Illumina HiSeq 2000	2	4	isogenic	2016-06-30	released	3	6300938569.0
ENCSR754DRC	False	ENCSR124KQG	H3K27ac	Histone ChIP-seq	Homo sapiens from a donor with amyotrophic lateral sclerosis; motor neuron	Michael Snyder, Stanford	CL:0000100	motor neuron	in vitro differentiated cells	spinal cord,brain	neural cell	ectoderm	central nervous system	Homo sapiens	ENCDO565NIZ	male	adult	47	year		paired-ended	Illumina NovaSeq 6000	2	2	isogenic	2021-08-24	released	2	8254224545.0
ENCSR754WVA	True			Control ChIP-seq	Homo sapiens adrenal gland tissue male adult (37 years)	Bradley Bernstein, Broad	UBERON:0002369	adrenal gland	tissue	endocrine gland,adrenal gland		mesoderm,ectoderm	endocrine system	Homo sapiens	ENCDO845WKR	male	adult	37	year		single-ended	Illumina HiSeq 2500	1	1	unreplicated	2016-06-30	released	1	1947784910.0
ENCSR758KRK	False	ENCSR118FQN	H3K27ac	Histone ChIP-seq	Homo sapiens Peyer's patch tissue male adult (54 years)	Bradley Bernstein, Broad	UBERON:0001211	Peyer's patch	tissue	intestine,lymphoid tissue		endoderm,mesoderm	immune system,digestive system	Homo sapiens	ENCDO451RUA	male	adult	54	year		single-ended	Illumina HiSeq 2500	1	2	unreplicated	2019-02-12	released	4	2999991009.0
ENCSR758OEC	False	ENCSR264HOB	H3K27ac	Histone ChIP-seq	Homo sapiens MM.1S	Bradley Bernstein, Broad	EFO:0005724	MM.1S	cell line	blood,bodily fluid	leukocyte,B cell,cancer cell,hematopoietic cell	mesoderm	immune system	Homo sapiens	ENCDO697GBW	female	adult	42	year	Black African	single-ended	Illumina HiSeq 2500	2	2	isogenic	2016-05-06	released	2	3730906267.0
ENCSR763IDK	False	ENCSR113QDZ	H3K27ac	Histone ChIP-seq	Homo sapiens prostate gland tissue male adult (54 years)	Bradley Bernstein, Broad	UBERON:0002367	prostate gland	tissue	prostate gland		mesoderm,endoderm	reproductive system	Homo sapiens	ENCDO451RUA	male	adult	54	year		single-ended	Illumina HiSeq 2500	2	2	isogenic	2017-08-28	released	8	7012995268.0
ENCSR764HZU	False	ENCSR723FET	H3K27ac	Histone ChIP-seq	Homo sapiens WERI-Rb-1	Michael Snyder, Stanford	EFO:0005715	WERI-Rb-1	cell line	eye	neural cell,cancer cell	ectoderm	sensory system	Homo sapiens	ENCDO000ADT	female	child	1	year	European	paired-ended	Illumina HiSeq 4000	2	2	isogenic	2020-08-28	released	2	10082780949.0
ENCSR768LHG	True			Control ChIP-seq	Homo sapiens MCF-7	Bradley Bernstein, Broad	EFO:0001203	MCF-7	cell line	mammary gland,epithelium,exocrine gland	epithelial cell,cancer cell	ectoderm	integumental system,exocrine system	Homo sapiens	ENCDO000AAE	female	adult	69	year	European	single-ended	Illumina HiSeq 2000	2	3	isogenic	2015-08-03	released	4	11794437349.0
ENCSR769CSE	False	ENCSR672UXO	H3K27ac	Histone ChIP-seq	Homo sapiens SJCRH30	Michael Snyder, Stanford	EFO:0005722	SJCRH30	cell line	connective tissue,musculature of body	fibroblast,cancer cell,connective tissue cell	mesoderm	musculature	Homo sapiens	ENCDO339AAA	male	child	17	year		paired-ended	Illumina HiSeq 4000	2	2	isogenic	2020-08-28	released	2	10955064522.0
ENCSR769FOC	False	ENCSR011GWK	H3K27ac	Histone ChIP-seq	Homo sapiens PC-9	Bradley Bernstein, Broad	EFO:0002847	PC-9	cell line	lung	cancer cell	endoderm	respiratory system	Homo sapiens	ENCDO647UHQ	unknown					paired-ended	Illumina HiSeq 2000	2	2	isogenic	2016-05-06	released	2	4758027705.0
ENCSR770OIC	True			Control ChIP-seq	Homo sapiens substantia nigra tissue male adult (81 years)	Bradley Bernstein, Broad	UBERON:0002038	substantia nigra	tissue	brain		ectoderm	central nervous system	Homo sapiens	ENCDO980BZD	male	adult	81	year		single-ended	Illumina HiSeq 2000	1	1	unreplicated	2013-07-31	released	6	1149658765.0
ENCSR770VVH	True			Control ChIP-seq	Homo sapiens endocrine pancreas tissue adult (59 years)	Joseph Costello, UCSF	UBERON:0000016	endocrine pancreas	tissue	pancreas		endoderm	endocrine system	Homo sapiens	ENCDO267ZBN	unknown	adult	59	year	European	single-ended	Illumina HiSeq 2000	1	1	unreplicated	2013-07-31	released	4	4677872954.0
ENCSR770XRC	True			Control ChIP-seq	Homo sapiens dorsolateral prefrontal cortex tissue female adult (87 years)	Bradley Bernstein, Broad	UBERON:0009834	dorsolateral prefrontal cortex	tissue	brain		ectoderm	central nervous system	Homo sapiens	ENCDO423GGP	female	adult	87	year	European	single-ended	Illumina NextSeq 500	1	2	unreplicated	2021-06-21	released	8	3695056309.0
ENCSR771IOP	True			Control ChIP-seq	Homo sapiens HAP-1	Michael Snyder, Stanford	EFO:0007598	HAP-1	cell line	bone element,bone marrow	cancer cell	mesoderm	immune system,skeletal system	Homo sapiens	ENCDO763VKT	male	adult	44	year		paired-ended	Illumina HiSeq 4000	1	1	unreplicated	2020-08-21	released	1	4483712972.0
ENCSR771YJT	False	ENCSR154SJE	H3K27ac	Histone ChIP-seq	Homo sapiens tibial nerve tissue female adult (53 years)	Bradley Bernstein, Broad	UBERON:0001323	tibial nerve	tissue	nerve,limb		ectoderm	peripheral nervous system	Homo sapiens	ENCDO793LXB	female	adult	53	year		single-ended	Illumina HiSeq 2500	1	1	unreplicated	2017-01-27	released	2	1791865744.0
ENCSR772ABL	False	ENCSR049JKQ	H3K27ac	Histone ChIP-seq	Homo sapiens heart right ventricle tissue female adult (59 years)	Bradley Bernstein, Broad	UBERON:0002080	heart right ventricle	tissue	heart		mesoderm	circulatory system	Homo sapiens	ENCDO856ZOJ	female	adult	59	year	European	single-ended	Illumina NextSeq 500	1	2	unreplicated	2021-09-21	released	8	2208955468.0
ENCSR772LYM	True			Control ChIP-seq	Homo sapiens dorsolateral prefrontal cortex tissue male adult (83 years)	Bradley Bernstein, Broad	UBERON:0009834	dorsolateral prefrontal cortex	tissue	brain		ectoderm	central nervous system	Homo sapiens	ENCDO736YJH	male	adult	83	year	European	single-ended	Illumina NextSeq 500	1	2	unreplicated	2021-09-21	released	8	3093076839.0
ENCSR773IYZ	True			Control ChIP-seq	Homo sapiens GM23338 originated from GM23248	Bradley Bernstein, Broad	EFO:0007950	GM23338	cell line	skin of body	induced pluripotent stem cell,stem cell	ectoderm	integumental system	Homo sapiens	ENCDO336AAA	male	adult	53	year	European	paired-ended	Illumina HiSeq 2500	2	2	isogenic	2016-05-03	released	2	6185903239.0
ENCSR773UBR	True			Control ChIP-seq	Homo sapiens Peyer's patch tissue female adult (51 years)	Bradley Bernstein, Broad	UBERON:0001211	Peyer's patch	tissue	intestine,lymphoid tissue		endoderm,mesoderm	digestive system,immune system	Homo sapiens	ENCDO271OUW	female	adult	51	year		single-ended	Illumina HiSeq 2500	1	2	unreplicated	2019-07-19	released	4	4589125452.0
ENCSR774MLK	True			Control ChIP-seq	Homo sapiens upper lobe of left lung tissue male adult (54 years)	Bradley Bernstein, Broad	UBERON:0008952	upper lobe of left lung	tissue	lung		endoderm	respiratory system	Homo sapiens	ENCDO451RUA	male	adult	54	year		single-ended	Illumina HiSeq 2500	1	2	unreplicated	2018-12-11	released	6	4304758287.0
ENCSR775FTU	False	ENCSR639HUV	H3K27ac	Histone ChIP-seq	Homo sapiens muscle of trunk tissue female embryo (115 days)	John Stamatoyannopoulos, UW	UBERON:0001774	muscle of trunk	tissue	musculature of body		mesoderm	musculature	Homo sapiens	ENCDO708NQU	female	embryonic	115	day		single-ended	Illumina HiSeq 2000	1	1	unreplicated	2013-07-31	released	2	808431498.0
ENCSR775IMI	True			Control ChIP-seq	Homo sapiens gastrocnemius medialis tissue male adult (37 years)	Bradley Bernstein, Broad	UBERON:0011907	gastrocnemius medialis	tissue	musculature of body,limb		mesoderm	musculature	Homo sapiens	ENCDO845WKR	male	adult	37	year		single-ended	Illumina HiSeq 2500	1	1	unreplicated	2016-10-24	released	3	4012310311.0
ENCSR776KLS	False	ENCSR064RLF	H3K27ac	Histone ChIP-seq	Homo sapiens thymus tissue female embryo (110 days)	John Stamatoyannopoulos, UW	UBERON:0002370	thymus	tissue	immune organ,endocrine gland,thymus		endoderm,mesoderm	endocrine system,immune system	Homo sapiens	ENCDO711IWZ	female	embryonic	110	day		single-ended	Illumina HiSeq 2000	1	1	unreplicated	2013-07-31	released	2	2122459283.0
ENCSR776TJT	False	ENCSR437DCH	H3K27ac	Histone ChIP-seq	Homo sapiens with mild cognitive impairment; dorsolateral prefrontal cortex tissue female adult (90 or above years)	Bradley Bernstein, Broad	UBERON:0009834	dorsolateral prefrontal cortex	tissue	brain		ectoderm	central nervous system	Homo sapiens	ENCDO634UMA	female	adult	90 or above	year	European	single-ended	Illumina NextSeq 500	1	2	unreplicated	2021-05-06	released	8	2301240306.0
ENCSR777AJC	True			Control ChIP-seq	Homo sapiens esophagus muscularis mucosa tissue male adult (54 years)	Bradley Bernstein, Broad	UBERON:0004648	esophagus muscularis mucosa	tissue	musculature of body,esophagus		mesoderm	digestive system,musculature	Homo sapiens	ENCDO451RUA	male	adult	54	year		single-ended	Illumina HiSeq 2500	1	2	unreplicated	2018-12-14	released	6	5615969643.0
ENCSR777CQW	False	ENCSR933UGQ	H3K27ac	Histone ChIP-seq	Homo sapiens 22Rv1 treated with 10 nM 17β-hydroxy-5α-androstan-3-one for 4 hours	Michael Snyder, Stanford	EFO:0002095	22Rv1	cell line	prostate gland	cancer cell	mesoderm,endoderm	reproductive system	Homo sapiens	ENCDO719HIY	unknown					paired-ended	Illumina HiSeq 2000	2	2	isogenic	2017-03-03	released	2	7533718672.0
ENCSR777VQP	True			Control ChIP-seq	Homo sapiens thyroid gland tissue male adult (37 years)	Bradley Bernstein, Broad	UBERON:0002046	thyroid gland	tissue	endocrine gland,thyroid gland		endoderm	endocrine system	Homo sapiens	ENCDO845WKR	male	adult	37	year		single-ended	Illumina HiSeq 2500	1	1	unreplicated	2016-05-23	released	1	2021933038.0
ENCSR778NQS	False	ENCSR814XCZ	H3K27ac	Histone ChIP-seq	Homo sapiens A549	Tim Reddy, Duke	EFO:0001086	A549	cell line	lung	cancer cell	endoderm	respiratory system	Homo sapiens	ENCDO000AAZ	male	adult	58	year	European	single-ended	Illumina HiSeq 4000	3	3	isogenic	2017-10-19	released	3	8322963688.0
ENCSR778QHG	False	ENCSR059VTG	H3K27ac	Histone ChIP-seq	Homo sapiens tibial nerve tissue female adult (51 years)	Bradley Bernstein, Broad	UBERON:0001323	tibial nerve	tissue	nerve,limb		ectoderm	peripheral nervous system	Homo sapiens	ENCDO271OUW	female	adult	51	year		single-ended	Illumina HiSeq 2500	1	2	unreplicated	2018-12-11	released	4	2653064591.0
ENCSR779ISJ	False	ENCSR886ATT	H3K27ac	Histone ChIP-seq	Homo sapiens right lobe of liver tissue female adult (47 years)	Bradley Bernstein, Broad	UBERON:0001114	right lobe of liver	tissue	endocrine gland,liver,exocrine gland		endoderm	exocrine system,digestive system,endocrine system	Homo sapiens	ENCDO912EIY	female	adult	47	year	European	single-ended	Illumina NextSeq 500	1	2	unreplicated	2022-06-09	released	8	2789119500.0
ENCSR780UWK	True			Control ChIP-seq	Homo sapiens sigmoid colon tissue male child (3 years)	Bing Ren, UCSD	UBERON:0001159	sigmoid colon	tissue	colon,large intestine,intestine		endoderm	digestive system	Homo sapiens	ENCDO478OMA	male	child	3	year		single-ended	Illumina HiSeq 2000	1	2	unreplicated	2013-07-31	released	2	4514759916.0
ENCSR783SNV	False	ENCSR838ZAU	H3K27ac	Histone ChIP-seq	Homo sapiens A549	Tim Reddy, Duke	EFO:0001086	A549	cell line	lung	cancer cell	endoderm	respiratory system	Homo sapiens	ENCDO000AAZ	male	adult	58	year	European	single-ended	Illumina HiSeq 2000	3	3	isogenic	2016-07-21	released	3	3578710868.0
ENCSR785LQK	True			Control ChIP-seq	Homo sapiens with basal cell carcinoma; skin epidermis tissue male adult (65 years)	Bradley Bernstein, Broad	UBERON:0001003	skin epidermis	tissue	epithelium,skin of body		ectoderm	integumental system	Homo sapiens	ENCDO180HAI	male	adult	65	year		single-ended	Illumina HiSeq 2500	1	1	unreplicated	2020-09-03	released	2	5203427726.0
ENCSR786VUJ	False	ENCSR822YWX	H3K27ac	Histone ChIP-seq	Homo sapiens with Cognitive impairment; dorsolateral prefrontal cortex tissue female adult (86 years)	Bradley Bernstein, Broad	UBERON:0009834	dorsolateral prefrontal cortex	tissue	brain		ectoderm	central nervous system	Homo sapiens	ENCDO845GYA	female	adult	86	year	European	single-ended	Illumina NextSeq 500	1	2	unreplicated	2021-05-06	released	8	3463145786.0
ENCSR791ISZ	False	ENCSR688CIB	H3K27ac	Histone ChIP-seq	Homo sapiens psoas muscle tissue male adult (34 years)	Bing Ren, UCSD	UBERON:0008450	psoas muscle	tissue	musculature of body		mesoderm	musculature	Homo sapiens	ENCDO058AAA	male	adult	34	year	European	single-ended	Illumina Genome Analyzer	1	1	unreplicated	2013-07-31	released	1	620050867.0
ENCSR792FSD	True			Control ChIP-seq	Homo sapiens naive thymus-derived CD4-positive, alpha-beta T cell	Bradley Bernstein, Broad	CL:0000895	naive thymus-derived CD4-positive, alpha-beta T cell	primary cell	bodily fluid,blood	leukocyte,T cell,CD4+ T cell,hematopoietic cell	mesoderm,endoderm	immune system	Homo sapiens	ENCDO922CEJ	unknown	unknown				single-ended	Illumina HiSeq 2000	1	1	unreplicated	2013-07-31	released	3	1194981484.0
ENCSR792VLP	False	ENCSR384KIB	H3K27ac	Histone ChIP-seq	Homo sapiens transverse colon tissue female adult (51 years)	Bradley Bernstein, Broad	UBERON:0001157	transverse colon	tissue	colon,intestine,large intestine		endoderm	digestive system	Homo sapiens	ENCDO271OUW	female	adult	51	year		single-ended	Illumina HiSeq 2500	2	4	isogenic	2018-12-14	released	12	4199511342.0
ENCSR793ISY	True			Control ChIP-seq	Homo sapiens dorsolateral prefrontal cortex tissue male adult (81 years)	Bradley Bernstein, Broad	UBERON:0009834	dorsolateral prefrontal cortex	tissue	brain		ectoderm	central nervous system	Homo sapiens	ENCDO980BZD	male	adult	81	year		single-ended	Illumina HiSeq 2000	1	1	unreplicated	2013-07-31	released	6	1923622978.0
ENCSR798RTU	False	ENCSR314KMO	H3K27ac	Histone ChIP-seq	Homo sapiens caudate nucleus tissue female adult (75 years)	Bradley Bernstein, Broad	UBERON:0001873	caudate nucleus	tissue	brain		ectoderm	central nervous system	Homo sapiens	ENCDO871IWW	female	adult	75	year		single-ended	Illumina HiSeq 2000	1	1	unreplicated	2013-07-31	released	2	899541424.0
ENCSR799SRL	False	ENCSR339WBT,ENCSR300BKE	H3K27ac	Histone ChIP-seq	Homo sapiens neuronal stem cell originated from H1	Bing Ren, UCSD	CL:0000047	neuronal stem cell	in vitro differentiated cells	embryo	stem cell,neural cell	ectoderm	central nervous system	Homo sapiens	ENCDO000AAW	male	embryonic				single-ended	Illumina HiSeq 2000	3	3	isogenic	2013-07-31	released	3	5547914284.0
ENCSR799TWV	True			Control ChIP-seq	Homo sapiens adrenal gland tissue female adult (30 years)	Bing Ren, UCSD	UBERON:0002369	adrenal gland	tissue	endocrine gland,adrenal gland		mesoderm,ectoderm	endocrine system	Homo sapiens	ENCDO424HVB	female	adult	30	year	European	single-ended	Illumina HiSeq 2000	1	2	unreplicated	2013-07-31	released	3	2390595317.0
ENCSR799VTP	True			Control ChIP-seq	Homo sapiens with mild cognitive impairment; dorsolateral prefrontal cortex tissue female adult (83 years)	Bradley Bernstein, Broad	UBERON:0009834	dorsolateral prefrontal cortex	tissue	brain		ectoderm	central nervous system	Homo sapiens	ENCDO832DBZ	female	adult	83	year	European	single-ended	Illumina NextSeq 500	1	2	unreplicated	2021-04-12	released	8	4826420111.0
ENCSR801IPH	False	ENCSR775IMI	H3K27ac	Histone ChIP-seq	Homo sapiens gastrocnemius medialis tissue male adult (37 years)	Bradley Bernstein, Broad	UBERON:0011907	gastrocnemius medialis	tissue	musculature of body,limb		mesoderm	musculature	Homo sapiens	ENCDO845WKR	male	adult	37	year		single-ended	Illumina HiSeq 2500	2	6	isogenic	2016-10-24	released	6	10963487585.0
ENCSR803JPO	True			Control ChIP-seq	Homo sapiens spleen tissue male adult (54 years)	Bradley Bernstein, Broad	UBERON:0002106	spleen	tissue	immune organ,spleen		mesoderm	immune system,digestive system	Homo sapiens	ENCDO451RUA	male	adult	54	year		single-ended	Illumina HiSeq 2500	2	4	isogenic	2019-02-08	released	12	9578046049.0
ENCSR803UDX	True			Control ChIP-seq	Homo sapiens neuroepithelial stem cell stably expressing HES5 originated from H9	Bradley Bernstein, Broad	CL:0002259	neuroepithelial stem cell	in vitro differentiated cells	embryo,epithelium	stem cell			Homo sapiens	ENCDO222AAA	female	embryonic	5	day		single-ended	Illumina HiSeq 2000	2	2	isogenic	2015-08-03	released	2	4203522735.0
ENCSR804MAP	False	ENCSR293XMP	H3K27ac	Histone ChIP-seq	Homo sapiens HUES64	Bradley Bernstein, Broad	EFO:0007089	HUES64	cell line	embryo	embryonic cell,stem cell			Homo sapiens	ENCDO424FTP	male	embryonic				single-ended	Illumina HiSeq 2000	2	2	isogenic	2013-07-31	released	4	2409715233.0
ENCSR807FIZ	True			Control ChIP-seq	Homo sapiens tibial artery tissue male adult (37 years)	Bradley Bernstein, Broad	UBERON:0007610	tibial artery	tissue	limb,blood vessel,arterial blood vessel,vasculature		mesoderm	circulatory system	Homo sapiens	ENCDO845WKR	male	adult	37	year		single-ended	Illumina HiSeq 2500	1	2	unreplicated	2019-07-19	released	4	3511622366.0
ENCSR807TBS	False	ENCSR394ZWY	H3K27ac	Histone ChIP-seq	Homo sapiens with mild cognitive impairment; dorsolateral prefrontal cortex tissue female adult (87 years)	Bradley Bernstein, Broad	UBERON:0009834	dorsolateral prefrontal cortex	tissue	brain		ectoderm	central nervous system	Homo sapiens	ENCDO354SJE	female	adult	87	year	European	single-ended	Illumina NextSeq 500	1	2	unreplicated	2021-05-06	released	8	2136063908.0
ENCSR807XUB	False	ENCSR099RQB	H3K27ac	Histone ChIP-seq	Homo sapiens sigmoid colon tissue male adult (37 years)	Bradley Bernstein, Broad	UBERON:0001159	sigmoid colon	tissue	intestine,colon,large intestine		endoderm	digestive system	Homo sapiens	ENCDO845WKR	male	adult	37	year		single-ended	Illumina HiSeq 2500	1	2	unreplicated	2019-09-11	released	4	5467738421.0
ENCSR810EPZ	False	ENCSR123WDC	H3K27ac	Histone ChIP-seq	Homo sapiens CD8-positive, alpha-beta memory T cell	Bradley Bernstein, Broad	CL:0000909	CD8-positive, alpha-beta memory T cell	primary cell	bodily fluid,blood	leukocyte,CD8+ T cell,T cell,hematopoietic cell		immune system	Homo sapiens	ENCDO922CEJ	unknown	unknown				single-ended	Illumina HiSeq 2000	1	1	unreplicated	2013-07-31	released	3	1049024996.0
ENCSR810RRR	True			Control ChIP-seq	Homo sapiens mesendoderm originated from H1	Bing Ren, UCSD	NTR:0000856	mesendoderm	in vitro differentiated cells	embryo		endoderm,mesoderm		Homo sapiens	ENCDO000AAW	male	embryonic				single-ended	Illumina HiSeq 2000	1	1	unreplicated	2013-07-31	released	1	921123736.0
ENCSR814KSK	False	ENCSR745AVM	H3K27ac	Histone ChIP-seq	Homo sapiens dorsolateral prefrontal cortex tissue male adult (82 years)	Bradley Bernstein, Broad	UBERON:0009834	dorsolateral prefrontal cortex	tissue	brain		ectoderm	central nervous system	Homo sapiens	ENCDO407UTA	male	adult	82	year	European	single-ended	Illumina NextSeq 500	1	2	unreplicated	2021-09-21	released	8	2126931125.0
ENCSR814QIV	False	ENCSR572GRM	H3K27ac	Histone ChIP-seq	Homo sapiens with Alzheimer's disease; dorsolateral prefrontal cortex tissue female adult (90 or above years)	Bradley Bernstein, Broad	UBERON:0009834	dorsolateral prefrontal cortex	tissue	brain		ectoderm	central nervous system	Homo sapiens	ENCDO470GFA	female	adult	90 or above	year	European	single-ended	Illumina NextSeq 500	2	4	isogenic	2022-06-09	released	24	2841831124.0
ENCSR814XCZ	True			Control ChIP-seq	Homo sapiens A549	Tim Reddy, Duke	EFO:0001086	A549	cell line	lung	cancer cell	endoderm	respiratory system	Homo sapiens	ENCDO000AAZ	male	adult	58	year	European	single-ended	Illumina HiSeq 4000	3	3	isogenic	2017-10-19	released	3	4249647198.0
ENCSR815BDB	True			Control ChIP-seq	Homo sapiens adrenal gland tissue male adult (34 years)	Bing Ren, UCSD	UBERON:0002369	adrenal gland	tissue	endocrine gland,adrenal gland		mesoderm,ectoderm	endocrine system	Homo sapiens	ENCDO058AAA	male	adult	34	year	European	single-ended	Illumina HiSeq 2000	1	1	unreplicated	2013-07-31	released	1	2062537605.0
ENCSR818VNL	True			Control ChIP-seq	Homo sapiens ovary tissue female adult (30 years)	Bing Ren, UCSD	UBERON:0000992	ovary	tissue	ovary,gonad			reproductive system	Homo sapiens	ENCDO424HVB	female	adult	30	year	European	single-ended	Illumina HiSeq 2500	1	1	unreplicated	2023-01-31	released	1	1612665294.0
ENCSR819JOI	True			Control ChIP-seq	Homo sapiens tibial artery tissue male adult (54 years)	Bradley Bernstein, Broad	UBERON:0007610	tibial artery	tissue	arterial blood vessel,vasculature,limb,blood vessel		mesoderm	circulatory system	Homo sapiens	ENCDO451RUA	male	adult	54	year		single-ended	Illumina HiSeq 2500	2	2	isogenic	2018-12-11	released	4	7720605996.0
ENCSR820DOR	False	ENCSR452GUC	H3K27ac	Histone ChIP-seq	Homo sapiens BLaER1 120 hours after the sample was treated with 100 nM 17β-estradiol, 10 ng/mL Interleukin-3, 10 ng/mL CSF1	Roderic Guigo, CRG	EFO:0030018	BLaER1	cell line	bone marrow,bone element		mesoderm	immune system,skeletal system	Homo sapiens	ENCDO305PTK	female					single-ended	Illumina HiSeq 2000	2	2	isogenic	2022-05-10	released	3	6922996086.0
ENCSR821DYI	False	ENCSR278ACD	H3K27ac	Histone ChIP-seq	Homo sapiens heart right ventricle tissue female adult (56 years)	Bradley Bernstein, Broad	UBERON:0002080	heart right ventricle	tissue	heart		mesoderm	circulatory system	Homo sapiens	ENCDO907YUG	female	adult	56	year	European	single-ended	Illumina NextSeq 500	1	2	unreplicated	2021-09-21	released	8	3694053303.0
ENCSR822YWX	True			Control ChIP-seq	Homo sapiens with Cognitive impairment; dorsolateral prefrontal cortex tissue female adult (86 years)	Bradley Bernstein, Broad	UBERON:0009834	dorsolateral prefrontal cortex	tissue	brain		ectoderm	central nervous system	Homo sapiens	ENCDO845GYA	female	adult	86	year	European	single-ended	Illumina NextSeq 500	1	2	unreplicated	2021-04-12	released	8	3434939326.0
ENCSR822ZIG	False	ENCSR590YGY	H3K27ac	Histone ChIP-seq	Homo sapiens foreskin fibroblast male newborn	Joseph Costello, UCSF	CL:1001608	foreskin fibroblast	primary cell	penis,connective tissue,skin of body	fibroblast,connective tissue cell	ectoderm,mesoderm	reproductive system,integumental system	Homo sapiens	ENCDO686OPO	male	newborn				paired-ended	Illumina HiSeq 2000	1	1	unreplicated	2013-07-31	released	2	2372513365.0
ENCSR826UTD	False	ENCSR328AHC	H3K27ac	Histone ChIP-seq	Homo sapiens PC-3	Bradley Bernstein, Broad	EFO:0002074	PC-3	cell line	prostate gland	cancer cell	mesoderm,endoderm	reproductive system	Homo sapiens	ENCDO349AAA	male	adult	62	year	European	single-ended	Illumina HiSeq 2000	2	2	isogenic	2016-05-03	released	2	3936387202.0
ENCSR828DDP	True			Control ChIP-seq	Homo sapiens T-helper 17 cell treated with phorbol 13-acetate 12-myristate, ionomycin	Bradley Bernstein, Broad	CL:0000899	T-helper 17 cell	primary cell	bodily fluid,blood	leukocyte,T cell,CD4+ T cell,hematopoietic cell	mesoderm,endoderm	immune system	Homo sapiens	ENCDO194EHQ	unknown	unknown				single-ended	Illumina HiSeq 2000	2	2	anisogenic	2013-07-31	released	6	3511805138.0
ENCSR828HXJ	True			Control ChIP-seq	Homo sapiens adrenal gland tissue male adult (54 years)	Bradley Bernstein, Broad	UBERON:0002369	adrenal gland	tissue	endocrine gland,adrenal gland		mesoderm,ectoderm	endocrine system	Homo sapiens	ENCDO451RUA	male	adult	54	year		single-ended	Illumina HiSeq 2500	1	1	unreplicated	2016-06-30	released	1	2929832138.0
ENCSR828XQV	True			Control ChIP-seq	Homo sapiens transverse colon tissue female adult (53 years)	Bradley Bernstein, Broad	UBERON:0001157	transverse colon	tissue	colon,intestine,large intestine		endoderm	digestive system	Homo sapiens	ENCDO793LXB	female	adult	53	year		single-ended	Illumina HiSeq 2500	2	4	isogenic	2016-11-03	released	12	7010919391.0
ENCSR830EXC	False	ENCSR698YQL	H3K27ac	Histone ChIP-seq	Homo sapiens with Alzheimer's disease; dorsolateral prefrontal cortex tissue female adult (74 years)	Bradley Bernstein, Broad	UBERON:0009834	dorsolateral prefrontal cortex	tissue	brain		ectoderm	central nervous system	Homo sapiens	ENCDO907CMO	female	adult	74	year	European	single-ended	Illumina NextSeq 500	1	2	unreplicated	2021-05-06	released	8	2370195171.0
ENCSR831CKP	True			Control ChIP-seq	Homo sapiens CD4-positive, CD25-positive, alpha-beta regulatory T cell	Bradley Bernstein, Broad	CL:0000792	CD4-positive, CD25-positive, alpha-beta regulatory T cell	primary cell	bodily fluid,blood	leukocyte,T cell,CD4+ T cell,hematopoietic cell	mesoderm,endoderm	immune system	Homo sapiens	ENCDO779YRY	unknown	unknown				single-ended	Illumina HiSeq 2000	2	2	anisogenic	2013-07-31	released	6	3879484347.0
ENCSR831HVP	True			Control ChIP-seq	Homo sapiens caudate nucleus tissue male adult (81 years)	Bradley Bernstein, Broad	UBERON:0001873	caudate nucleus	tissue	brain		ectoderm	central nervous system	Homo sapiens	ENCDO980BZD	male	adult	81	year		single-ended	Illumina HiSeq 2000	1	1	unreplicated	2013-07-31	released	6	1555012901.0
ENCSR833HBT	True			Control ChIP-seq	Homo sapiens body of pancreas tissue female adult (53 years)	Bradley Bernstein, Broad	UBERON:0001150	body of pancreas	tissue	pancreas		endoderm		Homo sapiens	ENCDO793LXB	female	adult	53	year		single-ended	Illumina HiSeq 2500	1	1	unreplicated	2016-11-03	released	2	3257905197.0
ENCSR835ARG	True			Control ChIP-seq	Homo sapiens skeletal muscle tissue tissue female adult (72 years)	Bradley Bernstein, Broad	UBERON:0001134	skeletal muscle tissue	tissue	musculature of body		mesoderm	musculature	Homo sapiens	ENCDO357DNR	female	adult	72	year	European	single-ended	Illumina Genome Analyzer IIx	1	1	unreplicated	2013-07-31	released	1	1592110559.0
ENCSR835MMN	False	ENCSR899XXQ	H3K27ac	Histone ChIP-seq	Homo sapiens SK-N-MC	Bradley Bernstein, Broad	EFO:0002860	SK-N-MC	cell line	epithelium,brain	cancer cell,epithelial cell	ectoderm	central nervous system	Homo sapiens	ENCDO000ABC	female	child	14	year	European	paired-ended	Illumina HiSeq 2000	2	2	isogenic	2016-11-18	released	2	4628144323.0
ENCSR835OJV	False	ENCSR072QNY	H3K27ac	Histone ChIP-seq	Homo sapiens CD8-positive, alpha-beta T cell	Bradley Bernstein, Broad	CL:0000625	CD8-positive, alpha-beta T cell	primary cell	bodily fluid,blood	leukocyte,CD8+ T cell,T cell,hematopoietic cell	mesoderm,endoderm	immune system	Homo sapiens	ENCDO922CEJ	unknown	unknown				single-ended	Illumina HiSeq 2000	2	2	anisogenic	2013-07-31	released	6	2154677379.0
ENCSR836KPL	True			Control ChIP-seq	Homo sapiens dorsolateral prefrontal cortex tissue female adult (90 or above years)	Bradley Bernstein, Broad	UBERON:0009834	dorsolateral prefrontal cortex	tissue	brain		ectoderm	central nervous system	Homo sapiens	ENCDO006DAA	female	adult	90 or above	year	European	single-ended	Illumina NextSeq 500	1	2	unreplicated	2021-06-21	released	8	3105080989.0
ENCSR836XKP	True			Control ChIP-seq	Homo sapiens ACC112	Bradley Bernstein, Broad	EFO:0007070	ACC112	cell line	exocrine gland,mouth,epithelium	epithelial cell,cancer cell		exocrine system,digestive system	Homo sapiens	ENCDO085ZKK	male	adult	70	year		single-ended	Illumina HiSeq 2500	2	3	isogenic	2016-10-27	released	5	11803582296.0
ENCSR837CSL	False	ENCSR071ILJ	H3K27ac	Histone ChIP-seq	Homo sapiens adrenal gland tissue female adult (41 years)	Bradley Bernstein, Broad	UBERON:0002369	adrenal gland	tissue	adrenal gland,endocrine gland		ectoderm,mesoderm	endocrine system	Homo sapiens	ENCDO575WHY	female	adult	41	year	European	single-ended	Illumina NextSeq 500	2	5	isogenic	2020-09-10	released	16	4993319647.0
ENCSR837DVF	False	ENCSR454FJM	H3K27ac	Histone ChIP-seq	Homo sapiens lower lobe of right lung tissue male adult (60 years)	Bradley Bernstein, Broad	UBERON:0002171	lower lobe of right lung	tissue	lung		endoderm	respiratory system	Homo sapiens	ENCDO520EJG	male	adult	60	year	European	single-ended	Illumina NextSeq 500	1	2	unreplicated	2022-06-09	released	8	2718006575.0
ENCSR837RXS	True			Control ChIP-seq	Homo sapiens chorionic villus tissue female embryo (40 weeks)	Joseph Costello, UCSF	UBERON:0007106	chorionic villus	tissue	placenta,embryo,extraembryonic component		mesoderm	reproductive system	Homo sapiens	ENCDO651ROT	female	embryonic	40	week	European	single-ended	Illumina HiSeq 2000	1	1	unreplicated	2013-07-31	released	4	5298038102.0
ENCSR837SGJ	False	ENCSR124GAS	H3K27ac	Histone ChIP-seq	Homo sapiens Peyer's patch tissue female adult (53 years)	Bradley Bernstein, Broad	UBERON:0001211	Peyer's patch	tissue	intestine,lymphoid tissue		mesoderm,endoderm	immune system,digestive system	Homo sapiens	ENCDO793LXB	female	adult	53	year		single-ended	Illumina HiSeq 2500	1	1	unreplicated	2016-11-03	released	2	2720368227.0
ENCSR838ZAU	True			Control ChIP-seq	Homo sapiens A549	Tim Reddy, Duke	EFO:0001086	A549	cell line	lung	cancer cell	endoderm	respiratory system	Homo sapiens	ENCDO000AAZ	male	adult	58	year	European	single-ended	Illumina HiSeq 2000	3	3	isogenic	2016-07-21	released	3	2030180008.0
ENCSR839GXY	False	ENCSR145RXI	H3K27ac	Histone ChIP-seq	Homo sapiens heart right ventricle tissue male adult (73 years)	Bradley Bernstein, Broad	UBERON:0002080	heart right ventricle	tissue	heart		mesoderm	circulatory system	Homo sapiens	ENCDO804CLC	male	adult	73	year	European	single-ended	Illumina NextSeq 500	1	2	unreplicated	2021-09-21	released	8	2291469731.0
ENCSR839VEU	True			Control ChIP-seq	Homo sapiens heart right ventricle tissue male adult (40 years)	Bradley Bernstein, Broad	UBERON:0002080	heart right ventricle	tissue	heart		mesoderm	circulatory system	Homo sapiens	ENCDO392CRK	male	adult	40	year	European	single-ended	Illumina NextSeq 500	1	2	unreplicated	2020-07-06	released	8	2711367546.0
ENCSR840FCT	False	ENCSR918ESG	H3K27ac	Histone ChIP-seq	Homo sapiens placenta tissue male embryo	Bradley Bernstein, Broad	UBERON:0001987	placenta	tissue	placenta,extraembryonic component		mesoderm	reproductive system	Homo sapiens	ENCDO225QCT	male	embryonic				single-ended	Illumina NextSeq 500	1	2	unreplicated	2022-06-09	released	8	2748918254.0
ENCSR841AJO	False	ENCSR559IPI	H3K27ac	Histone ChIP-seq	Homo sapiens prostate gland tissue male adult (37 years)	Bradley Bernstein, Broad	UBERON:0002367	prostate gland	tissue	prostate gland		mesoderm,endoderm	reproductive system	Homo sapiens	ENCDO845WKR	male	adult	37	year		single-ended	Illumina HiSeq 2500	2	4	isogenic	2019-09-11	released	8	5400922929.0
ENCSR841CWN	True			Control ChIP-seq	Homo sapiens BLaER1 72 hours after the sample was treated with 100 nM 17β-estradiol, 10 ng/mL Interleukin-3, 10 ng/mL CSF1	Roderic Guigo, CRG	EFO:0030018	BLaER1	cell line	bone marrow,bone element		mesoderm	immune system,skeletal system	Homo sapiens	ENCDO305PTK	female					single-ended	Illumina HiSeq 2000	2	2	isogenic	2022-05-10	released	2	8709974640.0
ENCSR842NGQ	False	ENCSR803UDX	H3K27ac	Histone ChIP-seq	Homo sapiens neuroepithelial stem cell stably expressing HES5 originated from H9	Bradley Bernstein, Broad	CL:0002259	neuroepithelial stem cell	in vitro differentiated cells	embryo,epithelium	stem cell			Homo sapiens	ENCDO222AAA	female	embryonic	5	day		single-ended	Illumina HiSeq 2500	3	3	isogenic	2016-05-20	released	2	3831514238.0
ENCSR842TXG	False	ENCSR937OPV	H3K27ac	Histone ChIP-seq	Homo sapiens heart right ventricle tissue male adult (54 years)	Bradley Bernstein, Broad	UBERON:0002080	heart right ventricle	tissue	heart		mesoderm	circulatory system	Homo sapiens	ENCDO039RUH	male	adult	54	year	European	single-ended	Illumina NextSeq 500	1	2	unreplicated	2022-07-21	released	8	2971454785.0
ENCSR843OBM	True			Control ChIP-seq	Homo sapiens mesenchymal stem cell originated from H1	Bing Ren, UCSD	CL:0000134	mesenchymal stem cell	in vitro differentiated cells	connective tissue	stem cell,connective tissue cell	mesoderm		Homo sapiens	ENCDO000AAW	male	embryonic				single-ended	Illumina Genome Analyzer IIx	1	1	unreplicated	2013-07-31	released	1	1096220328.0
ENCSR844YME	True			Control ChIP-seq	Homo sapiens sigmoid colon tissue female adult (53 years)	Bradley Bernstein, Broad	UBERON:0001159	sigmoid colon	tissue	intestine,colon,large intestine		endoderm	digestive system	Homo sapiens	ENCDO793LXB	female	adult	53	year		single-ended	Illumina HiSeq 2500	1	2	unreplicated	2016-11-03	released	4	6222094172.0
ENCSR845BPQ	True			Control ChIP-seq	Homo sapiens dorsolateral prefrontal cortex tissue female adult (83 years)	Bradley Bernstein, Broad	UBERON:0009834	dorsolateral prefrontal cortex	tissue	brain		ectoderm	central nervous system	Homo sapiens	ENCDO448ZXP	female	adult	83	year	European	single-ended	Illumina NextSeq 500	1	2	unreplicated	2021-06-21	released	8	3787516637.0
ENCSR845IKY	True			Control ChIP-seq	Homo sapiens BLaER1 36 hours after the sample was treated with 100 nM 17β-estradiol, 10 ng/mL Interleukin-3, 10 ng/mL CSF1	Roderic Guigo, CRG	EFO:0030018	BLaER1	cell line	bone marrow,bone element		mesoderm	immune system,skeletal system	Homo sapiens	ENCDO305PTK	female					single-ended	Illumina HiSeq 2000	2	2	isogenic	2022-05-10	released	2	8172145021.0
ENCSR846OTK	True			Control ChIP-seq	Homo sapiens with Alzheimer's disease; dorsolateral prefrontal cortex tissue female adult (89 years)	Bradley Bernstein, Broad	UBERON:0009834	dorsolateral prefrontal cortex	tissue	brain		ectoderm	central nervous system	Homo sapiens	ENCDO853VGZ	female	adult	89	year	European	single-ended	Illumina NextSeq 500	1	2	unreplicated	2021-12-08	released	8	2828632729.0
ENCSR846VGG	True			Control ChIP-seq	Homo sapiens lower lobe of left lung tissue female adult (59 years)	Bradley Bernstein, Broad	UBERON:0008953	lower lobe of left lung	tissue	lung		endoderm	respiratory system	Homo sapiens	ENCDO856ZOJ	female	adult	59	year	European	single-ended	Illumina NextSeq 500	1	3	unreplicated	2020-07-06	released	12	7114437686.0
ENCSR847AIA	False	ENCSR960VLF	H3K27ac	Histone ChIP-seq	Homo sapiens adrenal gland tissue male embryo (97 days)	John Stamatoyannopoulos, UW	UBERON:0002369	adrenal gland	tissue	adrenal gland,endocrine gland		mesoderm,ectoderm	endocrine system	Homo sapiens	ENCDO826VAK	male	embryonic	97	day		single-ended	Illumina HiSeq 2000	1	1	unreplicated	2013-07-31	released	2	915854471.0
ENCSR849NEM	True			Control ChIP-seq	Homo sapiens HUES48	Bradley Bernstein, Broad	EFO:0007083	HUES48	cell line	embryo	embryonic cell,stem cell			Homo sapiens	ENCDO741IWK	female	embryonic				single-ended	Illumina Genome Analyzer IIx	1	1	unreplicated	2013-07-31	released	1	2013652840.0
ENCSR854GEV	True			Control ChIP-seq	Homo sapiens stomach tissue male adult (34 years)	Bing Ren, UCSD	UBERON:0000945	stomach	tissue	stomach		endoderm	digestive system	Homo sapiens	ENCDO058AAA	male	adult	34	year	European	single-ended	Illumina HiSeq 2000	1	1	unreplicated	2013-07-31	released	1	4002266617.0
ENCSR854OXF	False	ENCSR526EXI	H3K27ac	Histone ChIP-seq	Homo sapiens heart left ventricle tissue female adult (53 years)	Bradley Bernstein, Broad	UBERON:0002084	heart left ventricle	tissue	heart		mesoderm	circulatory system	Homo sapiens	ENCDO793LXB	female	adult	53	year		single-ended	Illumina HiSeq 2500	1	1	unreplicated	2016-11-03	released	2	1967911467.0
ENCSR855NCG	False	ENCSR799VTP	H3K27ac	Histone ChIP-seq	Homo sapiens with mild cognitive impairment; dorsolateral prefrontal cortex tissue female adult (83 years)	Bradley Bernstein, Broad	UBERON:0009834	dorsolateral prefrontal cortex	tissue	brain		ectoderm	central nervous system	Homo sapiens	ENCDO832DBZ	female	adult	83	year	European	single-ended	Illumina NextSeq 500	1	2	unreplicated	2021-05-06	released	8	2325419076.0
ENCSR857GMX	False	ENCSR361GKY	H3K27ac	Histone ChIP-seq	Homo sapiens OCI-LY3	Bradley Bernstein, Broad	EFO:0006710	OCI-LY3	cell line	immune organ,bone element,bone marrow,lymph node	cancer cell	mesoderm	immune system,skeletal system	Homo sapiens	ENCDO355AAA	male	adult	52	year		single-ended	Illumina HiSeq 2500	2	2	isogenic	2014-07-11	released	6	4563992977.0
ENCSR857YQI	True			Control ChIP-seq	Homo sapiens kidney tissue male adult (67 years)	Bradley Bernstein, Broad	UBERON:0002113	kidney	tissue	kidney		mesoderm	excretory system	Homo sapiens	ENCDO620KOS	male	adult	67	year	European	single-ended	Illumina Genome Analyzer IIx	1	1	unreplicated	2013-07-31	released	1	1107383479.0
ENCSR858ROP	True			Control ChIP-seq	Homo sapiens esophagus tissue female adult (30 years)	Bing Ren, UCSD	UBERON:0001043	esophagus	tissue	esophagus		endoderm	digestive system	Homo sapiens	ENCDO424HVB	female	adult	30	year	European	single-ended	Illumina HiSeq 2000	1	3	unreplicated	2013-07-31	released	3	2888841014.0
ENCSR859LXC	True			Control ChIP-seq	Homo sapiens uterus tissue female adult (51 years)	Bradley Bernstein, Broad	UBERON:0000995	uterus	tissue	uterus			reproductive system	Homo sapiens	ENCDO271OUW	female	adult	51	year		single-ended	Illumina HiSeq 2500	2	3	isogenic	2018-12-11	released	6	7662398222.0
ENCSR860QVB	True			Control ChIP-seq	Homo sapiens HUES6	Bradley Bernstein, Broad	EFO:0007086	HUES6	cell line	embryo	embryonic cell,stem cell			Homo sapiens	ENCDO734LQV	female	embryonic				single-ended	Illumina Genome Analyzer IIx	1	1	unreplicated	2013-07-31	released	1	1697782336.0
ENCSR860TEJ	False	ENCSR836KPL	H3K27ac	Histone ChIP-seq	Homo sapiens dorsolateral prefrontal cortex tissue female adult (90 or above years)	Bradley Bernstein, Broad	UBERON:0009834	dorsolateral prefrontal cortex	tissue	brain		ectoderm	central nervous system	Homo sapiens	ENCDO006DAA	female	adult	90 or above	year	European	single-ended	Illumina NextSeq 500	1	2	unreplicated	2021-06-24	released	8	1791185795.0
ENCSR863BVD	False	ENCSR403VPZ	H3K27ac	Histone ChIP-seq	Homo sapiens heart left ventricle tissue female adult (46 years)	Bradley Bernstein, Broad	UBERON:0002084	heart left ventricle	tissue	heart		mesoderm	circulatory system	Homo sapiens	ENCDO411EVD	female	adult	46	year	European	single-ended	Illumina NextSeq 500	1	2	unreplicated	2020-09-15	released	8	2075488668.0
ENCSR864KVZ	False	ENCSR324VMZ	H3K27ac	Histone ChIP-seq	Homo sapiens A549 treated with 100 nM dexamethasone (agonist) for 20 minutes	Tim Reddy, Duke	EFO:0001086	A549	cell line	lung	cancer cell	endoderm	respiratory system	Homo sapiens	ENCDO000AAZ	male	adult	58	year	European	single-ended	Illumina HiSeq 4000	3	3	isogenic	2017-10-19	released	3	7857972808.0
ENCSR864OOO	False	ENCSR309LQG	H3K27ac	Histone ChIP-seq	Homo sapiens right lobe of liver tissue female adult (41 years)	Bradley Bernstein, Broad	UBERON:0001114	right lobe of liver	tissue	endocrine gland,liver,exocrine gland		endoderm	exocrine system,digestive system,endocrine system	Homo sapiens	ENCDO575WHY	female	adult	41	year	European	single-ended	Illumina NextSeq 500	1	2	unreplicated	2022-06-09	released	8	2749381470.0
ENCSR867SJE	True			Control ChIP-seq	Homo sapiens cardiac muscle cell originated from RUES2	Bradley Bernstein, Broad	CL:0000746	cardiac muscle cell	in vitro differentiated cells	musculature of body,heart	cardiocyte	mesoderm	musculature,circulatory system	Homo sapiens	ENCDO924HBJ	unknown	embryonic				single-ended	Illumina HiSeq 2500	2	2	isogenic	2016-11-03	released	4	6389279157.0
ENCSR868ZOR	False	ENCSR490NCK	H3K27ac	Histone ChIP-seq	Homo sapiens pancreas tissue female adult (59 years)	Bradley Bernstein, Broad	UBERON:0001264	pancreas	tissue	pancreas		endoderm		Homo sapiens	ENCDO856ZOJ	female	adult	59	year	European	single-ended	Illumina NextSeq 500	1	2	unreplicated	2020-09-10	released	8	2682558127.0
ENCSR869KBA	True			Control ChIP-seq	Homo sapiens with Alzheimer's disease; dorsolateral prefrontal cortex tissue female adult (89 years)	Bradley Bernstein, Broad	UBERON:0009834	dorsolateral prefrontal cortex	tissue	brain		ectoderm	central nervous system	Homo sapiens	ENCDO830KFO	female	adult	89	year	European	single-ended	Illumina NextSeq 500	1	2	unreplicated	2021-06-21	released	8	3446295611.0
ENCSR869TDT	False	ENCSR966IGL	H3K27ac	Histone ChIP-seq	Homo sapiens with squamous cell carcinoma; skin epidermis tissue female adult (80 years)	Bradley Bernstein, Broad	UBERON:0001003	skin epidermis	tissue	epithelium,skin of body		ectoderm	integumental system	Homo sapiens	ENCDO856JFL	female	adult	80	year		single-ended	Illumina HiSeq 2500	1	1	unreplicated	2020-09-10	released	2	2621553189.0
ENCSR871SEB	True			Control ChIP-seq	Homo sapiens BLaER1 12 hours after the sample was treated with 100 nM 17β-estradiol, 10 ng/mL Interleukin-3, 10 ng/mL CSF1	Roderic Guigo, CRG	EFO:0030018	BLaER1	cell line	bone marrow,bone element		mesoderm	immune system,skeletal system	Homo sapiens	ENCDO305PTK	female					single-ended	Illumina HiSeq 2000	2	2	isogenic	2022-05-10	released	2	9537922943.0
ENCSR872BBM	True			Control ChIP-seq	Homo sapiens A549 treated with 100 nM dexamethasone (agonist) for 4 hours	Tim Reddy, Duke	EFO:0001086	A549	cell line	lung	cancer cell	endoderm	respiratory system	Homo sapiens	ENCDO000AAZ	male	adult	58	year	European	single-ended	Illumina HiSeq 2000	3	3	isogenic	2016-07-21	released	3	1902323956.0
ENCSR872YGQ	False	ENCSR846OTK	H3K27ac	Histone ChIP-seq	Homo sapiens with Alzheimer's disease; dorsolateral prefrontal cortex tissue female adult (89 years)	Bradley Bernstein, Broad	UBERON:0009834	dorsolateral prefrontal cortex	tissue	brain		ectoderm	central nervous system	Homo sapiens	ENCDO853VGZ	female	adult	89	year	European	single-ended	Illumina NextSeq 500	1	2	unreplicated	2022-01-06	released	8	2182203820.0
ENCSR874WOQ	True			Control ChIP-seq	Homo sapiens dorsolateral prefrontal cortex tissue female adult (90 or above years)	Bradley Bernstein, Broad	UBERON:0009834	dorsolateral prefrontal cortex	tissue	brain		ectoderm	central nervous system	Homo sapiens	ENCDO250PFZ	female	adult	90 or above	year	European	single-ended	Illumina NextSeq 500	1	2	unreplicated	2021-09-21	released	8	2534613764.0
ENCSR875OQJ	False	ENCSR089ZLR	H3K27ac	Histone ChIP-seq	Homo sapiens lower lobe of left lung tissue male adult (60 years)	Bradley Bernstein, Broad	UBERON:0008953	lower lobe of left lung	tissue	lung		endoderm	respiratory system	Homo sapiens	ENCDO520EJG	male	adult	60	year	European	single-ended	Illumina NextSeq 500	1	2	unreplicated	2020-09-10	released	8	2772135344.0
ENCSR875QDS	False	ENCSR212SJH	H3K27ac	Histone ChIP-seq	Homo sapiens iPS DF 6.9	Bing Ren, UCSD	EFO:0007098	iPS DF 6.9	cell line	skin of prepuce of penis,penis,skin of body	induced pluripotent stem cell,stem cell	mesoderm,ectoderm	integumental system,reproductive system	Homo sapiens	ENCDO592CQV	male	newborn				single-ended	Illumina Genome Analyzer IIx	1	1	unreplicated	2013-07-31	released	1	1719219189.0
ENCSR876RGF	False	ENCSR214MNL,ENCSR529SWW	H3K27ac	Histone ChIP-seq	Homo sapiens H9	Bing Ren, UCSD	EFO:0003045	H9	cell line	embryo	embryonic cell,stem cell			Homo sapiens	ENCDO222AAA	female	embryonic	5	day		single-ended	Illumina HiSeq 2000	2	2	isogenic	2013-07-31	released	3	2091964545.0
ENCSR880SUY	False	ENCSR985CHJ,ENCSR569NEE	H3K27ac	Histone ChIP-seq	Homo sapiens H1	Bing Ren, UCSD	EFO:0003042	H1	cell line	embryo	embryonic cell,stem cell			Homo sapiens	ENCDO000AAW	male	embryonic				single-ended	Illumina HiSeq 2000	2	2	isogenic	2013-07-31	released	3	2046565888.0
ENCSR884SIF	False	ENCSR120ITZ	H3K27ac	Histone ChIP-seq	Homo sapiens heart left ventricle tissue female adult (59 years)	Bradley Bernstein, Broad	UBERON:0002084	heart left ventricle	tissue	heart		mesoderm	circulatory system	Homo sapiens	ENCDO856ZOJ	female	adult	59	year	European	single-ended	Illumina NextSeq 500	1	2	unreplicated	2021-09-21	released	8	2936671686.0
ENCSR886ATT	True			Control ChIP-seq	Homo sapiens right lobe of liver tissue female adult (47 years)	Bradley Bernstein, Broad	UBERON:0001114	right lobe of liver	tissue	endocrine gland,liver,exocrine gland		endoderm	exocrine system,digestive system,endocrine system	Homo sapiens	ENCDO912EIY	female	adult	47	year	European	single-ended	Illumina NextSeq 500	1	2	unreplicated	2022-06-07	released	8	5120061363.0
ENCSR887SZF	True			Control ChIP-seq	Homo sapiens A549 treated with 100 nM dexamethasone (agonist) for 6 hours	Tim Reddy, Duke	EFO:0001086	A549	cell line	lung	cancer cell	endoderm	respiratory system	Homo sapiens	ENCDO000AAZ	male	adult	58	year	European	single-ended	Illumina HiSeq 2000	3	3	isogenic	2016-07-21	released	3	1560871016.0
ENCSR888RBQ	True			Control ChIP-seq	Homo sapiens body of pancreas tissue male adult (37 years)	Bradley Bernstein, Broad	UBERON:0001150	body of pancreas	tissue	pancreas		endoderm		Homo sapiens	ENCDO845WKR	male	adult	37	year		single-ended	Illumina HiSeq 2500	1	1	unreplicated	2016-05-26	released	1	2837688674.0
ENCSR889RIF	True			Control ChIP-seq	Homo sapiens spleen tissue male adult (37 years)	Bradley Bernstein, Broad	UBERON:0002106	spleen	tissue	spleen,immune organ		mesoderm	immune system,digestive system	Homo sapiens	ENCDO845WKR	male	adult	37	year		single-ended	Illumina HiSeq 2500	2	4	isogenic	2019-07-19	released	12	10829727365.0
ENCSR889TEU	False	ENCSR376YUP	H3K27ac	Histone ChIP-seq	Homo sapiens with Alzheimer's disease, Cognitive impairment; dorsolateral prefrontal cortex tissue female adult (87 years)	Bradley Bernstein, Broad	UBERON:0009834	dorsolateral prefrontal cortex	tissue	brain		ectoderm	central nervous system	Homo sapiens	ENCDO940VNT	female	adult	87	year	European	single-ended	Illumina NextSeq 500	1	2	unreplicated	2021-05-06	released	8	10098737657.0
ENCSR889ZOH	True			Control ChIP-seq	Homo sapiens placenta tissue female embryo	Bradley Bernstein, Broad	UBERON:0001987	placenta	tissue	placenta,extraembryonic component		mesoderm	reproductive system	Homo sapiens	ENCDO353NXC	female	embryonic				single-ended	Illumina NextSeq 500	1	2	unreplicated	2022-06-07	released	8	3565792193.0
ENCSR890MJO	True			Control ChIP-seq	Homo sapiens trophoblast cell originated from H1	Bing Ren, UCSD	CL:0000351	trophoblast cell	in vitro differentiated cells	embryo,extraembryonic component				Homo sapiens	ENCDO000AAW	male	embryonic				single-ended	Illumina HiSeq 2000	1	1	unreplicated	2013-07-31	released	1	1128352945.0
ENCSR891BTJ	False	ENCSR807FIZ	H3K27ac	Histone ChIP-seq	Homo sapiens tibial artery tissue male adult (37 years)	Bradley Bernstein, Broad	UBERON:0007610	tibial artery	tissue	limb,blood vessel,arterial blood vessel,vasculature		mesoderm	circulatory system	Homo sapiens	ENCDO845WKR	male	adult	37	year		single-ended	Illumina HiSeq 2500	1	2	unreplicated	2019-09-11	released	4	2062972322.0
ENCSR891KSP	False	ENCSR707TMM	H3K27ac	Histone ChIP-seq	Homo sapiens common myeloid progenitor, CD34-positive female adult (27 years)	Bradley Bernstein, Broad	CL:0001059	common myeloid progenitor, CD34-positive	primary cell	bone marrow,bone element	hematopoietic cell,myeloid cell,progenitor cell	mesoderm	immune system	Homo sapiens	ENCDO707VTH	female	adult	27	year	Hispanic	single-ended	Illumina HiSeq 2000	2	2	anisogenic	2013-07-31	released	6	2570799274.0
ENCSR891XGQ	False	ENCSR562HZE	H3K27ac	Histone ChIP-seq	Homo sapiens angular gyrus tissue female adult (75 years)	Bradley Bernstein, Broad	UBERON:0002686	angular gyrus	tissue	brain		ectoderm	central nervous system	Homo sapiens	ENCDO871IWW	female	adult	75	year		single-ended	Illumina HiSeq 2000	1	1	unreplicated	2013-07-31	released	2	1064589442.0
ENCSR891YGO	True			Control ChIP-seq	Homo sapiens heart right ventricle tissue male adult (61 years)	Bradley Bernstein, Broad	UBERON:0002080	heart right ventricle	tissue	heart		mesoderm	circulatory system	Homo sapiens	ENCDO808ASZ	male	adult	61	year	European	single-ended	Illumina NextSeq 500	1	2	unreplicated	2021-09-21	released	12	3353501590.0
ENCSR891ZHA	True			Control ChIP-seq	Homo sapiens with mild cognitive impairment; dorsolateral prefrontal cortex tissue female adult (90 or above years)	Bradley Bernstein, Broad	UBERON:0009834	dorsolateral prefrontal cortex	tissue	brain		ectoderm	central nervous system	Homo sapiens	ENCDO033BMB	female	adult	90 or above	year	European	single-ended	Illumina NextSeq 500	1	2	unreplicated	2021-06-21	released	8	4296128582.0
ENCSR892HPQ	False	ENCSR563SVE	H3K27ac	Histone ChIP-seq	Homo sapiens effector memory CD4-positive, alpha-beta T cell	Bradley Bernstein, Broad	CL:0000905	effector memory CD4-positive, alpha-beta T cell	primary cell	bodily fluid,blood	leukocyte,T cell,CD4+ T cell,hematopoietic cell	mesoderm,endoderm	immune system	Homo sapiens	ENCDO194EHQ	unknown	unknown				single-ended	Illumina HiSeq 2000	2	2	anisogenic	2013-07-31	released	5	1573958840.0
ENCSR892XFG	False	ENCSR541DBO	H3K27ac	Histone ChIP-seq	Homo sapiens small intestine tissue male embryo (108 days)	John Stamatoyannopoulos, UW	UBERON:0002108	small intestine	tissue	intestine,small intestine		endoderm	digestive system	Homo sapiens	ENCDO119ASK	male	embryonic	108	day		single-ended	Illumina HiSeq 2000	1	1	unreplicated	2013-07-31	released	2	1566459178.0
ENCSR894MOX	False	ENCSR545WFH	H3K27ac	Histone ChIP-seq	Homo sapiens esophagus muscularis mucosa tissue female adult (51 years)	Bradley Bernstein, Broad	UBERON:0004648	esophagus muscularis mucosa	tissue	musculature of body,esophagus		mesoderm	musculature,digestive system	Homo sapiens	ENCDO271OUW	female	adult	51	year		single-ended	Illumina HiSeq 2500	2	2	isogenic	2019-09-11	released	8	3701835935.0
ENCSR895CJW	True			Control ChIP-seq	Homo sapiens iPS-20b	Bradley Bernstein, Broad	EFO:0007108	iPS-20b	cell line	skin of body	stem cell,induced pluripotent stem cell	ectoderm	integumental system	Homo sapiens	ENCDO175XVW	male	adult	55	year		single-ended	Illumina HiSeq 2000	1	1	unreplicated	2013-07-31	released	4	1847047086.0
ENCSR895KPB	True			Control ChIP-seq	Homo sapiens neurosphere embryo (15 weeks) originated from ganglionic eminence	Joseph Costello, UCSF	NTR:0000427	neurosphere	primary cell		stem cell	ectoderm	central nervous system	Homo sapiens	ENCDO594MAO	unknown	embryonic	15	week		paired-ended	Illumina HiSeq 2000	1	1	unreplicated	2013-07-31	released	2	2284709309.0
ENCSR897RRA	True			Control ChIP-seq	Homo sapiens gastrocnemius medialis tissue male adult (54 years)	Bradley Bernstein, Broad	UBERON:0011907	gastrocnemius medialis	tissue	musculature of body,limb		mesoderm	musculature	Homo sapiens	ENCDO451RUA	male	adult	54	year		single-ended	Illumina HiSeq 2500	2	2	isogenic	2016-06-02	released	4	6053104607.0
ENCSR898WPF	True			Control ChIP-seq	Homo sapiens heart right ventricle tissue male adult (66 years)	Bradley Bernstein, Broad	UBERON:0002080	heart right ventricle	tissue	heart		mesoderm	circulatory system	Homo sapiens	ENCDO926KEV	male	adult	66	year	European	single-ended	Illumina NextSeq 500	1	2	unreplicated	2021-09-21	released	8	4138101563.0
ENCSR899XXQ	True			Control ChIP-seq	Homo sapiens SK-N-MC	Bradley Bernstein, Broad	EFO:0002860	SK-N-MC	cell line	epithelium,brain	cancer cell,epithelial cell	ectoderm	central nervous system	Homo sapiens	ENCDO000ABC	female	child	14	year	European	single-ended	Illumina HiSeq 2000	2	3	isogenic	2015-08-03	released	1	3418880798.0
ENCSR905TYC	False	ENCSR001KCX	H3K27ac	Histone ChIP-seq	Homo sapiens bipolar neuron originated from GM23338 treated with 0.5 μg/mL doxycycline hyclate for 4 days	Bradley Bernstein, Broad	CL:0000103	bipolar neuron	in vitro differentiated cells	eye,spinal cord,ear,brain	neural cell	ectoderm	central nervous system	Homo sapiens	ENCDO336AAA	male	adult	53	year	European	paired-ended	Illumina HiSeq 2500	2	2	isogenic	2016-05-04	released	2	3945405041.0
ENCSR906OSH	True			Control ChIP-seq	Homo sapiens with squamous cell carcinoma; skin epidermis tissue female adult (64 years)	Bradley Bernstein, Broad	UBERON:0001003	skin epidermis	tissue	epithelium,skin of body		ectoderm	integumental system	Homo sapiens	ENCDO736MLL	female	adult	64	year		single-ended	Illumina HiSeq 2500	1	1	unreplicated	2020-09-03	released	2	3775671913.0
ENCSR909UAG	False	ENCSR652EPR	H3K27ac	Histone ChIP-seq	Homo sapiens esophagus squamous epithelium tissue female adult (53 years)	Bradley Bernstein, Broad	UBERON:0006920	esophagus squamous epithelium	tissue	epithelium,esophagus		endoderm	digestive system	Homo sapiens	ENCDO793LXB	female	adult	53	year		single-ended	Illumina HiSeq 2500	1	1	unreplicated	2016-11-07	released	4	2341183842.0
ENCSR909ZLE	False	ENCSR232ABT	H3K27ac	Histone ChIP-seq	Homo sapiens chorion tissue male embryo (16 weeks)	Joseph Costello, UCSF	UBERON:0003124	chorion	tissue	extraembryonic component		mesoderm		Homo sapiens	ENCDO150YZC	male	embryonic	16	week	African American	single-ended	Illumina HiSeq 2000	1	1	unreplicated	2013-07-31	released	2	2050790026.0
ENCSR910PDW	False	ENCSR131SEB	H3K27ac	Histone ChIP-seq	Homo sapiens epithelial cell of prostate male	Michael Snyder, Stanford	CL:0002231	epithelial cell of prostate	primary cell	prostate gland,epithelium	epithelial cell	mesoderm,endoderm	reproductive system	Homo sapiens	ENCDO569WSJ	male					paired-ended	Illumina HiSeq 2000	2	2	isogenic	2017-03-03	released	2	7676880306.0
ENCSR912TVO	False	ENCSR193TCX	H3K27ac	Histone ChIP-seq	Homo sapiens layer of hippocampus tissue male adult (81 years)	Bradley Bernstein, Broad	UBERON:0002305	layer of hippocampus	tissue	brain		ectoderm	central nervous system	Homo sapiens	ENCDO980BZD	male	adult	81	year		single-ended	Illumina HiSeq 2000	1	1	unreplicated	2013-07-31	released	6	1337819716.0
ENCSR913DKN	True			Control ChIP-seq	Homo sapiens peripheral blood mononuclear cell male adult (39 years)	Joseph Costello, UCSF	CL:2000001	peripheral blood mononuclear cell	primary cell	bodily fluid,blood	leukocyte,mononuclear cell,hematopoietic cell	mesoderm	immune system	Homo sapiens	ENCDO424KSR	male	adult	39	year	European	single-ended	Illumina HiSeq 2000	1	1	unreplicated	2013-07-31	released	2	1885929724.0
ENCSR914HOJ	True			Control ChIP-seq	Homo sapiens skin epidermis tissue male adult (58 years)	Bradley Bernstein, Broad	UBERON:0001003	skin epidermis	tissue	epithelium,skin of body		ectoderm	integumental system	Homo sapiens	ENCDO536XJQ	male	adult	58	year		single-ended	Illumina HiSeq 2500	1	1	unreplicated	2020-09-03	released	2	3234239642.0
ENCSR917QEH	False	ENCSR470SYZ	H3K27ac	Histone ChIP-seq	Homo sapiens foreskin fibroblast male newborn	Joseph Costello, UCSF	CL:1001608	foreskin fibroblast	primary cell	connective tissue,penis,skin of body	connective tissue cell,fibroblast	mesoderm,ectoderm	reproductive system,integumental system	Homo sapiens	ENCDO666YUN	male	newborn				paired-ended	Illumina HiSeq 2000	2	2	isogenic	2013-07-31	released	6	7712941449.0
ENCSR917XOL	True			Control ChIP-seq	Homo sapiens with Alzheimer's disease; dorsolateral prefrontal cortex tissue female adult (90 or above years)	Bradley Bernstein, Broad	UBERON:0009834	dorsolateral prefrontal cortex	tissue	brain		ectoderm	central nervous system	Homo sapiens	ENCDO201EUI	female	adult	90 or above	year	European	single-ended	Illumina NextSeq 500	1	2	unreplicated	2021-04-12	released	12	9232281686.0
ENCSR918ESG	True			Control ChIP-seq	Homo sapiens placenta tissue male embryo	Bradley Bernstein, Broad	UBERON:0001987	placenta	tissue	placenta,extraembryonic component		mesoderm	reproductive system	Homo sapiens	ENCDO225QCT	male	embryonic				single-ended	Illumina NextSeq 500	1	2	unreplicated	2022-06-07	released	8	3601127745.0
ENCSR919BBI	False	ENCSR327PYZ	H3K27ac	Histone ChIP-seq	Homo sapiens skin epidermis tissue female adult (48 years)	Bradley Bernstein, Broad	UBERON:0001003	skin epidermis	tissue	epithelium,skin of body		ectoderm	integumental system	Homo sapiens	ENCDO615YQP	female	adult	48	year		single-ended	Illumina HiSeq 2500	1	1	unreplicated	2020-09-10	released	4	2090439330.0
ENCSR919WLM	False	ENCSR309MYO	H3K27ac	Histone ChIP-seq	Homo sapiens HL-60	Michael Snyder, Stanford	EFO:0002793	HL-60	cell line	bodily fluid,blood	leukocyte,cancer cell,hematopoietic cell	mesoderm	immune system	Homo sapiens	ENCDO000AAM	female	adult	36	year	European	paired-ended	Illumina HiSeq 4000	2	2	isogenic	2020-08-28	released	2	11197814196.0
ENCSR922FLS	True			Control ChIP-seq	Homo sapiens GM23248	Bradley Bernstein, Broad	EFO:0005723	GM23248	cell line	connective tissue,skin of body,limb	fibroblast,connective tissue cell	ectoderm	integumental system	Homo sapiens	ENCDO336AAA	male	adult	53	year	European	single-ended	Illumina HiSeq 2500	2	3	isogenic	2015-08-03	released	9	11914157353.0
ENCSR927IOS	False	ENCSR917XOL	H3K27ac	Histone ChIP-seq	Homo sapiens with Alzheimer's disease; dorsolateral prefrontal cortex tissue female adult (90 or above years)	Bradley Bernstein, Broad	UBERON:0009834	dorsolateral prefrontal cortex	tissue	brain		ectoderm	central nervous system	Homo sapiens	ENCDO201EUI	female	adult	90 or above	year	European	single-ended	Illumina NextSeq 500	1	2	unreplicated	2021-05-06	released	8	2095128710.0
ENCSR927MXE	True			Control ChIP-seq	Homo sapiens stomach tissue female embryo (98 days)	John Stamatoyannopoulos, UW	UBERON:0000945	stomach	tissue	stomach		endoderm	digestive system	Homo sapiens	ENCDO442NQP	female	embryonic	98	day		single-ended	Illumina HiSeq 2000	1	1	unreplicated	2013-07-31	released	2	1280385696.0
ENCSR928HSI	False	ENCSR049LCN	H3K27ac	Histone ChIP-seq	Homo sapiens heart right ventricle tissue male adult (34 years)	Bing Ren, UCSD	UBERON:0002080	heart right ventricle	tissue	heart		mesoderm	circulatory system	Homo sapiens	ENCDO058AAA	male	adult	34	year	European	single-ended	Illumina Genome Analyzer	1	2	unreplicated	2013-07-31	released	1	530745939.0
ENCSR930RIA	True			Control ChIP-seq	Homo sapiens T-cell male adult (37 years)	John Stamatoyannopoulos, UW	CL:0000084	T-cell	primary cell	blood,bodily fluid	hematopoietic cell,leukocyte,T cell	endoderm,mesoderm	immune system	Homo sapiens	ENCDO028NGF	male	adult	37	year	Hispanic	single-ended	Illumina HiSeq 2000	1	1	unreplicated	2013-07-31	released	2	1782564185.0
ENCSR931WLE	False	ENCSR554RPI	H3K27ac	Histone ChIP-seq	Homo sapiens mesodermal cell originated from HUES64	Bradley Bernstein, Broad	CL:0000222	mesodermal cell	in vitro differentiated cells	embryo	embryonic cell	mesoderm		Homo sapiens	ENCDO424FTP	male	embryonic				single-ended	Illumina HiSeq 2000	2	2	isogenic	2013-07-31	released	4	3258271971.0
ENCSR932QRC	False	ENCSR109IWL	H3K27ac	Histone ChIP-seq	Homo sapiens heart left ventricle tissue male adult (43 years)	Bradley Bernstein, Broad	UBERON:0002084	heart left ventricle	tissue	heart		mesoderm	circulatory system	Homo sapiens	ENCDO967KID	male	adult	43	year	European	single-ended	Illumina NextSeq 500	1	2	unreplicated	2021-09-21	released	8	2739497698.0
ENCSR932WVK	True			Control ChIP-seq	Homo sapiens skin epidermis tissue female adult (64 years)	Bradley Bernstein, Broad	UBERON:0001003	skin epidermis	tissue	epithelium,skin of body		ectoderm	integumental system	Homo sapiens	ENCDO736MLL	female	adult	64	year		single-ended	Illumina HiSeq 2500	1	1	unreplicated	2020-09-03	released	2	4001140224.0
ENCSR933UGQ	True			Control ChIP-seq	Homo sapiens 22Rv1	Michael Snyder, Stanford	EFO:0002095	22Rv1	cell line	prostate gland	cancer cell	mesoderm,endoderm	reproductive system	Homo sapiens	ENCDO719HIY	unknown					paired-ended	Illumina HiSeq 2000	2	2	isogenic	2016-11-30	released	4	16613333502.0
ENCSR936CZX	True			Control ChIP-seq	Homo sapiens left lung tissue male adult (40 years)	Bradley Bernstein, Broad	UBERON:0002168	left lung	tissue	lung		endoderm	respiratory system	Homo sapiens	ENCDO392CRK	male	adult	40	year	European	single-ended	Illumina NextSeq 500	1	2	unreplicated	2020-07-06	released	8	3739714380.0
ENCSR937EVN	False	ENCSR524NCH	H3K27ac	Histone ChIP-seq	Homo sapiens sigmoid colon tissue male adult (54 years)	Bradley Bernstein, Broad	UBERON:0001159	sigmoid colon	tissue	colon,intestine,large intestine		endoderm	digestive system	Homo sapiens	ENCDO451RUA	male	adult	54	year		single-ended	Illumina HiSeq 2500	1	2	unreplicated	2019-08-01	released	4	3731155286.0
ENCSR937OPV	True			Control ChIP-seq	Homo sapiens heart right ventricle tissue male adult (54 years)	Bradley Bernstein, Broad	UBERON:0002080	heart right ventricle	tissue	heart		mesoderm	circulatory system	Homo sapiens	ENCDO039RUH	male	adult	54	year	European	single-ended	Illumina NextSeq 500	1	2	unreplicated	2022-06-07	released	8	5415056957.0
ENCSR938FQG	False	ENCSR958BKG	H3K27ac	Histone ChIP-seq	Homo sapiens BLaER1 9 hours after the sample was treated with 100 nM 17β-estradiol, 10 ng/mL Interleukin-3, 10 ng/mL CSF1	Roderic Guigo, CRG	EFO:0030018	BLaER1	cell line	bone marrow,bone element		mesoderm	immune system,skeletal system	Homo sapiens	ENCDO305PTK	female					single-ended	Illumina HiSeq 2000	2	2	isogenic	2022-05-10	released	2	5832700133.0
ENCSR944KAZ	False	ENCSR538MSN	H3K27ac	Histone ChIP-seq	Homo sapiens stomach tissue male adult (37 years)	Bradley Bernstein, Broad	UBERON:0000945	stomach	tissue	stomach		endoderm	digestive system	Homo sapiens	ENCDO845WKR	male	adult	37	year		single-ended	Illumina HiSeq 2500	1	2	unreplicated	2019-09-12	released	4	3209979506.0
ENCSR945LPX	True			Control ChIP-seq	Homo sapiens heart left ventricle tissue male adult (40 years)	Bradley Bernstein, Broad	UBERON:0002084	heart left ventricle	tissue	heart		mesoderm	circulatory system	Homo sapiens	ENCDO392CRK	male	adult	40	year	European	single-ended	Illumina NextSeq 500	1	2	unreplicated	2020-07-06	released	8	2314726418.0
ENCSR946LTR	False	ENCSR993YSN	H3K27ac	Histone ChIP-seq	Homo sapiens with Alzheimer's disease; dorsolateral prefrontal cortex tissue female adult (89 years)	Bradley Bernstein, Broad	UBERON:0009834	dorsolateral prefrontal cortex	tissue	brain		ectoderm	central nervous system	Homo sapiens	ENCDO843TIL	female	adult	89	year	European	single-ended	Illumina NextSeq 500	1	2	unreplicated	2022-06-09	released	8	2313469376.0
ENCSR948DNK	True			Control ChIP-seq	Homo sapiens stomach tissue female adult (51 years)	Bradley Bernstein, Broad	UBERON:0000945	stomach	tissue	stomach		endoderm	digestive system	Homo sapiens	ENCDO271OUW	female	adult	51	year		single-ended	Illumina HiSeq 2500	2	3	isogenic	2018-12-14	released	6	10740150788.0
ENCSR948TOS	False	ENCSR774MLK	H3K27ac	Histone ChIP-seq	Homo sapiens upper lobe of left lung tissue male adult (54 years)	Bradley Bernstein, Broad	UBERON:0008952	upper lobe of left lung	tissue	lung		endoderm	respiratory system	Homo sapiens	ENCDO451RUA	male	adult	54	year		single-ended	Illumina HiSeq 2500	1	2	unreplicated	2018-12-11	released	4	3501990845.0
ENCSR948YYZ	False	ENCSR897RRA	H3K27ac	Histone ChIP-seq	Homo sapiens gastrocnemius medialis tissue male adult (54 years)	Bradley Bernstein, Broad	UBERON:0011907	gastrocnemius medialis	tissue	musculature of body,limb		mesoderm	musculature	Homo sapiens	ENCDO451RUA	male	adult	54	year		single-ended	Illumina HiSeq 2500	2	2	isogenic	2016-06-14	released	2	3870936919.0
ENCSR953ULK	False	ENCSR659WYW	H3K27ac	Histone ChIP-seq	Homo sapiens fibroblast of breast female adult (26 years)	Joseph Costello, UCSF	NTR:0003079	fibroblast of breast	primary cell	breast	fibroblast			Homo sapiens	ENCDO881IIS	female	adult	26	year	African American	single-ended	Illumina HiSeq 2000	1	1	unreplicated	2013-07-31	released	4	3893978439.0
ENCSR954IGQ	False	ENCSR385ODY	H3K27ac	Histone ChIP-seq	Homo sapiens testis tissue male adult (54 years)	Bradley Bernstein, Broad	UBERON:0000473	testis	tissue	testis,gonad			reproductive system	Homo sapiens	ENCDO451RUA	male	adult	54	year		single-ended	Illumina HiSeq 2500	1	2	unreplicated	2019-08-01	released	4	4724696399.0
ENCSR954JMZ	False	ENCSR750BQT	H3K27ac	Histone ChIP-seq	Homo sapiens upper lobe of right lung tissue male adult (60 years)	Bradley Bernstein, Broad	UBERON:0002170	upper lobe of right lung	tissue	lung		endoderm	respiratory system	Homo sapiens	ENCDO520EJG	male	adult	60	year	European	single-ended	Illumina NextSeq 500	1	2	unreplicated	2022-06-09	released	8	2828025653.0
ENCSR954ZQC	True			Control ChIP-seq	Homo sapiens BLaER1 24 hours after the sample was treated with 100 nM 17β-estradiol, 10 ng/mL Interleukin-3, 10 ng/mL CSF1	Roderic Guigo, CRG	EFO:0030018	BLaER1	cell line	bone marrow,bone element		mesoderm	immune system,skeletal system	Homo sapiens	ENCDO305PTK	female					single-ended	Illumina HiSeq 2000	2	2	isogenic	2022-05-10	released	2	8735240189.0
ENCSR955IXZ	False	ENCSR720GSE	H3K27ac	Histone ChIP-seq	Homo sapiens KMS-11	Bradley Bernstein, Broad	EFO:0005694	KMS-11	cell line	bone element	hematopoietic cell	mesoderm	skeletal system	Homo sapiens	ENCDO133EXU	female	adult	67	year	Asian	paired-ended	Illumina HiSeq 2500	2	2	isogenic	2016-11-01	released	3	7048498068.0
ENCSR955OYW	True			Control ChIP-seq	Homo sapiens spleen tissue female adult (59 years)	Bradley Bernstein, Broad	UBERON:0002106	spleen	tissue	immune organ,spleen		mesoderm	immune system,digestive system	Homo sapiens	ENCDO856ZOJ	female	adult	59	year	European	single-ended	Illumina NextSeq 500	1	1	unreplicated	2020-09-03	released	4	2924023838.0
ENCSR955XFL	False	ENCSR586IQI	H3K27ac	Histone ChIP-seq	Homo sapiens trophoblast tissue female embryo (40 weeks)	Joseph Costello, UCSF	UBERON:0000088	trophoblast	tissue	embryo				Homo sapiens	ENCDO601VUB	female	embryonic	40	week		single-ended	Illumina HiSeq 2000	1	1	unreplicated	2013-07-31	released	2	3027667601.0
ENCSR958BKG	True			Control ChIP-seq	Homo sapiens BLaER1 9 hours after the sample was treated with 100 nM 17β-estradiol, 10 ng/mL Interleukin-3, 10 ng/mL CSF1	Roderic Guigo, CRG	EFO:0030018	BLaER1	cell line	bone marrow,bone element		mesoderm	immune system,skeletal system	Homo sapiens	ENCDO305PTK	female					single-ended	Illumina HiSeq 2000	2	2	isogenic	2022-05-10	released	2	8708149879.0
ENCSR958CPV	False	ENCSR583XAM	H3K27ac	Histone ChIP-seq	Homo sapiens with squamous cell carcinoma; skin epidermis tissue male adult (84 years)	Bradley Bernstein, Broad	UBERON:0001003	skin epidermis	tissue	epithelium,skin of body		ectoderm	integumental system	Homo sapiens	ENCDO799UNP	male	adult	84	year		single-ended	Illumina HiSeq 2500	1	1	unreplicated	2020-09-10	released	4	2016254015.0
ENCSR960VLF	True			Control ChIP-seq	Homo sapiens adrenal gland tissue male embryo (97 days)	John Stamatoyannopoulos, UW	UBERON:0002369	adrenal gland	tissue	adrenal gland,endocrine gland		mesoderm,ectoderm	endocrine system	Homo sapiens	ENCDO826VAK	male	embryonic	97	day		single-ended	Illumina HiSeq 2000	1	1	unreplicated	2013-07-31	released	2	1200943245.0
ENCSR961QMI	True			Control ChIP-seq	Homo sapiens heart left ventricle tissue male adult (34 years)	Bing Ren, UCSD	UBERON:0002084	heart left ventricle	tissue	heart		mesoderm	circulatory system	Homo sapiens	ENCDO058AAA	male	adult	34	year	European	single-ended	Illumina HiSeq 2000	1	1	unreplicated	2013-07-31	released	1	1188305453.0
ENCSR962EJE	True			Control ChIP-seq	Homo sapiens stomach tissue male adult (54 years)	Bradley Bernstein, Broad	UBERON:0000945	stomach	tissue	stomach		endoderm	digestive system	Homo sapiens	ENCDO451RUA	male	adult	54	year		single-ended	Illumina HiSeq 2500	1	2	unreplicated	2019-02-08	released	4	6068435241.0
ENCSR963LVX	False	ENCSR459LGY	H3K27ac	Histone ChIP-seq	Homo sapiens chorionic villus tissue embryo (16 weeks)	Joseph Costello, UCSF	UBERON:0007106	chorionic villus	tissue	placenta,embryo,extraembryonic component		mesoderm	reproductive system	Homo sapiens	ENCDO918HJM	unknown	embryonic	16	week	Hispanic	single-ended	Illumina HiSeq 2000	1	1	unreplicated	2013-07-31	released	2	2599809424.0
ENCSR966IGL	True			Control ChIP-seq	Homo sapiens with squamous cell carcinoma; skin epidermis tissue female adult (80 years)	Bradley Bernstein, Broad	UBERON:0001003	skin epidermis	tissue	epithelium,skin of body		ectoderm	integumental system	Homo sapiens	ENCDO856JFL	female	adult	80	year		single-ended	Illumina HiSeq 2500	1	1	unreplicated	2020-09-03	released	2	4923477981.0
ENCSR966RWA	False	ENCSR732BRB	H3K27ac	Histone ChIP-seq	Homo sapiens with Alzheimer's disease, Cognitive impairment; dorsolateral prefrontal cortex tissue female adult (90 or above years)	Bradley Bernstein, Broad	UBERON:0009834	dorsolateral prefrontal cortex	tissue	brain		ectoderm	central nervous system	Homo sapiens	ENCDO754RFQ	female	adult	90 or above	year	European	single-ended	Illumina NextSeq 500	1	2	unreplicated	2021-09-21	released	8	1594329516.0
ENCSR968MKZ	True			Control ChIP-seq	Homo sapiens with Alzheimer's disease; dorsolateral prefrontal cortex tissue female adult (90 or above years)	Bradley Bernstein, Broad	UBERON:0009834	dorsolateral prefrontal cortex	tissue	brain		ectoderm	central nervous system	Homo sapiens	ENCDO865EMM	female	adult	90 or above	year	European	single-ended	Illumina NextSeq 500	1	2	unreplicated	2021-09-21	released	12	4561374787.0
ENCSR968XKG	True			Control ChIP-seq	Homo sapiens dorsolateral prefrontal cortex tissue female adult (79 years)	Bradley Bernstein, Broad	UBERON:0009834	dorsolateral prefrontal cortex	tissue	brain		ectoderm	central nervous system	Homo sapiens	ENCDO609ZOG	female	adult	79	year	European	single-ended	Illumina NextSeq 500	2	4	isogenic	2021-09-21	released	16	6379446373.0
ENCSR969HBF	False	ENCSR914HOJ	H3K27ac	Histone ChIP-seq	Homo sapiens skin epidermis tissue male adult (58 years)	Bradley Bernstein, Broad	UBERON:0001003	skin epidermis	tissue	epithelium,skin of body		ectoderm	integumental system	Homo sapiens	ENCDO536XJQ	male	adult	58	year		single-ended	Illumina HiSeq 2500	1	1	unreplicated	2020-09-10	released	2	1676790903.0
ENCSR971ETA	False	ENCSR589NSH	H3K27ac	Histone ChIP-seq	Homo sapiens stomach smooth muscle tissue female adult (84 years)	Bradley Bernstein, Broad	UBERON:0004222	stomach smooth muscle	tissue	musculature of body,stomach		mesoderm	musculature,digestive system	Homo sapiens	ENCDO724KBU	female	adult	84	year	European	single-ended	Illumina HiSeq 2000	1	1	unreplicated	2013-07-31	released	2	1109763026.0
ENCSR972GGW	False	ENCSR399JUL	H3K27ac	Histone ChIP-seq	Homo sapiens BLaER1 3 hours after the sample was treated with 100 nM 17β-estradiol, 10 ng/mL Interleukin-3, 10 ng/mL CSF1	Roderic Guigo, CRG	EFO:0030018	BLaER1	cell line	bone marrow,bone element		mesoderm	immune system,skeletal system	Homo sapiens	ENCDO305PTK	female					single-ended	Illumina HiSeq 2000	2	2	isogenic	2022-05-10	released	2	6177733185.0
ENCSR975PED	True			Control ChIP-seq	Homo sapiens stomach tissue female adult (30 years)	Bing Ren, UCSD	UBERON:0000945	stomach	tissue	stomach		endoderm	digestive system	Homo sapiens	ENCDO424HVB	female	adult	30	year	European	single-ended	Illumina HiSeq 2000	1	1	unreplicated	2013-07-31	released	1	1417892681.0
ENCSR978XYH	True			Control ChIP-seq	Homo sapiens BLaER1 48 hours after the sample was treated with 100 nM 17β-estradiol, 10 ng/mL Interleukin-3, 10 ng/mL CSF1	Roderic Guigo, CRG	EFO:0030018	BLaER1	cell line	bone marrow,bone element		mesoderm	immune system,skeletal system	Homo sapiens	ENCDO305PTK	female					single-ended	Illumina HiSeq 2000	2	2	isogenic	2022-05-10	released	2	9634160094.0
ENCSR979XBX	True			Control ChIP-seq	Homo sapiens uterus tissue female adult (53 years)	Bradley Bernstein, Broad	UBERON:0000995	uterus	tissue	uterus			reproductive system	Homo sapiens	ENCDO793LXB	female	adult	53	year		single-ended	Illumina HiSeq 2500	2	3	isogenic	2016-11-03	released	6	9555431265.0
ENCSR979YKY	True			Control ChIP-seq	Homo sapiens heart left ventricle tissue male adult (55 years)	Bradley Bernstein, Broad	UBERON:0002084	heart left ventricle	tissue	heart		mesoderm	circulatory system	Homo sapiens	ENCDO439CAZ	male	adult	55	year	European	single-ended	Illumina NextSeq 500	1	2	unreplicated	2021-09-21	released	8	7059262158.0
ENCSR980TBV	True			Control ChIP-seq	Homo sapiens breast epithelium tissue female adult (51 years)	Bradley Bernstein, Broad	UBERON:0008367	breast epithelium	tissue	breast,epithelium				Homo sapiens	ENCDO271OUW	female	adult	51	year		single-ended	Illumina HiSeq 2500	1	2	unreplicated	2019-09-06	released	4	5226935784.0
ENCSR981UJA	False	ENCSR276SJT	H3K27ac	Histone ChIP-seq	Homo sapiens right lobe of liver tissue female adult (53 years)	Bradley Bernstein, Broad	UBERON:0001114	right lobe of liver	tissue	liver,endocrine gland,exocrine gland		endoderm	exocrine system,endocrine system,digestive system	Homo sapiens	ENCDO793LXB	female	adult	53	year		single-ended	Illumina HiSeq 2500	2	2	isogenic	2016-11-03	released	4	3711117683.0
ENCSR982AYN	True			Control ChIP-seq	Homo sapiens foreskin keratinocyte male newborn (2-4 days)	Michael Snyder, Stanford	CL:1001606	foreskin keratinocyte	primary cell	epithelium,penis,skin of body	keratinocyte,epithelial cell	mesoderm,ectoderm	reproductive system,integumental system	Homo sapiens	ENCDO005EGE	male	newborn	2-4	day		paired-ended	Illumina HiSeq 4000	2	2	anisogenic	2017-10-10	released	2	6647142549.0
ENCSR982QIF	False	ENCSR494YJW	H3K27ac	Histone ChIP-seq	Homo sapiens ascending aorta tissue female adult (51 years)	Bradley Bernstein, Broad	UBERON:0001496	ascending aorta	tissue	vasculature,blood vessel,arterial blood vessel		mesoderm	circulatory system	Homo sapiens	ENCDO271OUW	female	adult	51	year		single-ended	Illumina HiSeq 2500	1	1	unreplicated	2017-06-08	released	2	2870276203.0
ENCSR985CHJ	True			Control ChIP-seq	Homo sapiens H1	Bing Ren, UCSD	EFO:0003042	H1	cell line	embryo	embryonic cell,stem cell			Homo sapiens	ENCDO000AAW	male	embryonic				single-ended	Illumina Genome Analyzer II	1	1	unreplicated	2013-07-31	released	1	291288146.0
ENCSR986ZZK	False		H3K27ac	Histone ChIP-seq	Homo sapiens dendritic cell treated with 100 ng/mL lipopolysaccharide for 4 hours	Manuel Garber, UMass	CL:0000451	dendritic cell	in vitro differentiated cells		leukocyte,hematopoietic cell	mesoderm,endoderm	immune system	Homo sapiens	ENCDO088XVR	unknown	unknown	unknown			paired-ended	Illumina NextSeq 500	1	1	unreplicated	2017-01-19	released	1	911917394.0
ENCSR987FAM	False	ENCSR405BDN	H3K27ac	Histone ChIP-seq	Homo sapiens dorsolateral prefrontal cortex tissue female adult (82 years)	Bradley Bernstein, Broad	UBERON:0009834	dorsolateral prefrontal cortex	tissue	brain		ectoderm	central nervous system	Homo sapiens	ENCDO290OPS	female	adult	82	year	European	single-ended	Illumina NextSeq 500	1	2	unreplicated	2022-01-06	released	8	1879777637.0
ENCSR987PNT	False	ENCSR394DWD	H3K27ac	Histone ChIP-seq	Homo sapiens RWPE2	Michael Snyder, Stanford	EFO:0007610	RWPE2	cell line	prostate gland,epithelium	epithelial cell	mesoderm,endoderm	reproductive system	Homo sapiens	ENCDO000ADM	male	adult	54	year	European	paired-ended	Illumina HiSeq 2000	2	2	isogenic	2017-03-16	released	3	8368925120.0
ENCSR988CHU	True			Control ChIP-seq	Homo sapiens skin epidermis tissue male adult (65 years)	Bradley Bernstein, Broad	UBERON:0001003	skin epidermis	tissue	epithelium,skin of body		ectoderm	integumental system	Homo sapiens	ENCDO180HAI	male	adult	65	year		single-ended	Illumina HiSeq 2500	1	1	unreplicated	2020-09-03	released	2	3582156883.0
ENCSR989PTS	False	ENCSR945LPX	H3K27ac	Histone ChIP-seq	Homo sapiens heart left ventricle tissue male adult (40 years)	Bradley Bernstein, Broad	UBERON:0002084	heart left ventricle	tissue	heart		mesoderm	circulatory system	Homo sapiens	ENCDO392CRK	male	adult	40	year	European	single-ended	Illumina NextSeq 500	1	2	unreplicated	2020-09-15	released	8	2209561769.0
ENCSR993YSN	True			Control ChIP-seq	Homo sapiens with Alzheimer's disease; dorsolateral prefrontal cortex tissue female adult (89 years)	Bradley Bernstein, Broad	UBERON:0009834	dorsolateral prefrontal cortex	tissue	brain		ectoderm	central nervous system	Homo sapiens	ENCDO843TIL	female	adult	89	year	European	single-ended	Illumina NextSeq 500	1	2	unreplicated	2022-06-07	released	8	2681127007.0
ENCSR995BPJ	True			Control ChIP-seq	Homo sapiens mucosa of rectum tissue female adult (61 years)	Bradley Bernstein, Broad	UBERON:0003346	mucosa of rectum	tissue	large intestine,intestine			digestive system	Homo sapiens	ENCDO896AXO	female	adult	61	year	European	single-ended	Illumina Genome Analyzer IIx	1	1	unreplicated	2013-07-31	released	1	1801944028.0
