Sample_ID	Species	Data_source	Biosample_type	Tissue_type	Biosample_name	Case_ID_Name	Input_ID_Name
SE_00_0001	Human	Roadmap	Tissue	Adipose	adipose-tissue	ENCSR082SHT	ENCSR163VJS
SE_00_0003	Human	Roadmap	Tissue	Adrenal gland	adrenal-gland_97d	ENCSR847AIA	ENCSR960VLF
SE_00_0004	Human	Roadmap	Tissue	Aorta	aorta	ENCSR322TJD	ENCSR116QUS
SE_00_0005	Human	Roadmap	Primary cell	Blood	B-cell	ENCSR191ZQT	ENCSR300ZUS
SE_00_0006	Human	Roadmap	Primary cell	Blood	CD14-positive-monocyte	ENCSR012PII	ENCSR444GJM
SE_00_0007	Human	Roadmap	Primary cell	Blood	naive thymus-derived CD4-positive,alpha-beta T cell	ENCSR674VPA	ENCSR355RJN
SE_00_0008	Human	Roadmap	Primary cell	Blood	CD4-positive-alpha-beta-memory-T-cell	ENCSR314BEX	ENCSR595SMV
SE_00_0009	Human	Roadmap	Primary cell	Blood	CD8-positive-alpha-beta-T-cell	ENCSR007HLH	ENCSR247BVB
SE_00_0010	Human	Roadmap	In vitro differentiated cell	Embryo	endodermal-cell	ENCSR200ETW	ENCSR650EVQ
SE_00_0011	Human	Roadmap	Tissue	Esophagus	esophagus	ENCSR679OVD	ENCSR161JTT
SE_00_0012	Human	Roadmap	Stem cell	Embryo	H1-hESC	ENCSR880SUY	ENCSR569NEE
SE_00_0013	Human	Roadmap	Stem cell	Embryo	H9	ENCSR876RGF	ENCSR214MNL
SE_00_0014	Human	Roadmap	Tissue	Heart left ventricle	heart-left-ventricle	ENCSR458RRZ	ENCSR961QMI
SE_00_0015	Human	Roadmap	Cell line	Lung	IMR-90	ENCSR002YRE	ENCSR001BSB
SE_00_0016	Human	Roadmap	Induced pluripotent stem cell line	Foreskin	iPS-DF-19.11	ENCSR505OPZ	ENCSR086NVH
SE_00_0017	Human	Roadmap	Induced pluripotent stem cell line	Foreskin	iPS-DF-6.9	ENCSR875QDS	ENCSR212SJH
SE_00_0018	Human	Roadmap	Induced pluripotent stem cell line	Dermal fibroblasts	iPS-18axian	ENCSR429YAE	ENCSR580WGM
SE_00_0019	Human	Roadmap	Induced pluripotent stem cell line	Dermal fibroblasts	iPS-20b	ENCSR729GQT	ENCSR895CJW
SE_00_0020	Human	Roadmap	Tissue	Large intestine	large-intestine_108d	ENCSR659RHV	ENCSR107RQX
SE_00_0021	Human	Roadmap	Tissue	Lung	lung_3y	ENCSR550WUX	ENCSR577BCL
SE_00_0022	Human	Roadmap	Tissue	Lung	lung_30y	ENCSR540ADS	ENCSR061VJM
SE_00_0023	Human	Roadmap	In vitro differentiated cell	Embryo	mesenchymal-stem-cell	ENCSR013KEC	ENCSR843OBM
SE_00_0024	Human	Roadmap	In vitro differentiated cell	Embryo	mesendoderm	ENCSR473PNT	ENCSR810RRR
SE_00_0025	Human	Roadmap	Tissue	Muscle of leg	muscle-of-leg	ENCSR687ZCM	ENCSR449RSE
SE_00_0026	Human	Roadmap	Tissue	Muscle of trunk	muscle-of-trunk	ENCSR775FTU	ENCSR639HUV
SE_00_0027	Human	Roadmap	Primary cell	Blood	natural-killer-cell	ENCSR391EQV	ENCSR726FHN
SE_00_0029	Human	Roadmap	Tissue	Ovary	ovary	ENCSR268JQE	ENCSR674QIU
SE_00_0030	Human	Roadmap	Tissue	Pancreas	pancreas	ENCSR612BWE	ENCSR503BIB
SE_00_0031	Human	Roadmap	Tissue	Placenta	placenta	ENCSR498ZRC	ENCSR278VUZ
SE_00_0032	Human	Roadmap	Tissue	Psoas muscle	psoas-muscle_30y	ENCSR250NHD	ENCSR139WMA
SE_00_0033	Human	Roadmap	Tissue	Psoas muscle	psoas-muscle_3y	ENCSR367WYJ	ENCSR163UEW
SE_00_0034	Human	Roadmap	Tissue	Right cardiac atrium	right-cardiac-atrium	ENCSR074ECR	ENCSR652ULP
SE_00_0035	Human	Roadmap	Tissue	Sigmoid colon	sigmoid-colon	ENCSR561YSH	ENCSR574WQE
SE_00_0036	Human	Roadmap	Tissue	Small intestine	small-intestine_108days	ENCSR892XFG	ENCSR541DBO
SE_00_0038	Human	Roadmap	Tissue	Spinal cord	spinal-cord_108d	ENCSR209QGZ	ENCSR113XPE
SE_00_0039	Human	Roadmap	Tissue	Spleen	spleen_3y	ENCSR170MAJ	ENCSR652ZLE
SE_00_0040	Human	Roadmap	Tissue	Spleen	spleen_30y	ENCSR086XCT	ENCSR563OLJ
SE_00_0041	Human	Roadmap	Tissue	Stomach	stomach_3y	ENCSR437QMD	ENCSR628GIZ
SE_00_0042	Human	Roadmap	Tissue	Stomach	stomach_30y	ENCSR582UTE	ENCSR975PED
SE_00_0043	Human	Roadmap	Tissue	Stomach	stomach_96d	ENCSR743DDX	ENCSR927MXE
SE_00_0044	Human	Roadmap	Primary cell	Cord blood	T-cell	ENCSR222QLW	ENCSR930RIA
SE_00_0045	Human	Roadmap	Tissue	Thymus	thymus	ENCSR776KLS	ENCSR064RLF
SE_00_0046	Human	Roadmap	Tissue	Heart	right ventricle_34y	ENCSR928HSI	ENCSR049LCN
SE_00_0047	Human	Roadmap	Primary cell	Blood	effector memory CD4+ alpha-beta T cell	ENCSR892HPQ	ENCSR563SVE
SE_00_0048	Human	Roadmap	In vitro differentiated cell	Embryo	neuronal stem cell originated from H1	ENCSR799SRL	ENCSR339WBT
SE_00_0049	Human	Roadmap	Tissue	Small intestine	small intestine 30y	ENCSR655XLM	ENCSR461VPV
SE_00_0050	Human	Roadmap	Tissue	Esophagus	esophagus_30y	ENCSR645SYH	ENCSR858ROP
SE_00_0051	Human	Roadmap	Tissue	Adrenal gland	adrenal gland 30y	ENCSR642HHF	ENCSR799TWV
SE_00_0052	Human	Roadmap	Tissue	Heart	left ventricle 3y	ENCSR557DFM	ENCSR694AEQ
SE_00_0053	Human	Roadmap	In vitro differentiated cell	Embryo	trophoblast cell originated from H1	ENCSR425PQI	ENCSR890MJO
SE_00_0054	Human	Roadmap	Tissue	Pancreas	pancreas 30y	ENCSR402HFW	ENCSR480NNC
SE_00_0055	Human	Roadmap	Tissue	Spleen	spleen 34y	ENCSR235ZBF	ENCSR239LAP
SE_00_0056	Human	Roadmap	Tissue	Sigmoid colon	sigmoid colon 3y	ENCSR213SMK	ENCSR780UWK
SE_00_0057	Human	Roadmap	Tissue	Heart	right ventricle 3y	ENCSR028NXO	ENCSR592KRF
SE_00_0058	Human	Roadmap	Tissue	Stomach	stomach 34y	ENCSR001SHB	ENCSR854GEV
SE_01_0001	Human	ENCODE	Cell line	Prostate	22Rv1	ENCSR391NPE	ENCSR933UGQ
SE_01_0002	Human	ENCODE	Cell line	Prostate	22Rv1_10nM17beta-hydroxy-5alpha-androstan-3-one	ENCSR777CQW	ENCSR933UGQ
SE_01_0006	Human	ENCODE	Cell line	Lung	A549_ethanol_1h	ENCSR000AUI	ENCSR000ASS
SE_01_0012	Human	ENCODE	Cell line	Lung	A549_dexamethasone_1h	ENCSR000AVF	ENCSR000ASR
SE_01_0017	Human	ENCODE	Cell line	Muscle	A673	ENCSR714TJD	ENCSR196CXJ
SE_01_0018	Human	ENCODE	Cell line	Submandibular Salivary Gland	ACC112	ENCSR059MVB	ENCSR836XKP
SE_01_0019	Human	ENCODE	Primary cell	Brain and spinal cord	astrocyte	ENCSR000AOQ	ENCSR000AOP
SE_01_0020	Human	ENCODE	Primary cell	Blood	B-cell	ENCSR000AUP	ENCSR000AUW
SE_01_0021	Human	ENCODE	In vitro differentiated cell	Skin	bipolar-neuron	ENCSR905TYC	ENCSR001KCX
SE_01_0022	Human	ENCODE	Cell line	Prostate	C4-2B	ENCSR279KIX	ENCSR585FQO
SE_01_0023	Human	ENCODE	In vitro differentiated cell	Embryo	cardiac-muscle-cell	ENCSR000NPF	ENCSR867SJE
SE_01_0024	Human	ENCODE	Primary cell	Blood	CD14-positive-monocyte	ENCSR000ASJ	ENCSR000AUU
SE_01_0025	Human	ENCODE	Cell line	Haematopoietic and lymphoid tissue blood	DND-41	ENCSR000AQW	ENCSR000ASA
SE_01_0026	Human	ENCODE	Primary cell	Umbilical vein	endothelial-cell-of-umbilical-vein	ENCSR000ALB	ENCSR000ALG
SE_01_0027	Human	ENCODE	Primary cell	Prostate	epithelial-cell-of-prostate	ENCSR910PDW	ENCSR131SEB
SE_01_0029	Human	ENCODE	Primary cell	Lung	fibroblast-of-lung	ENCSR000DPL	ENCSR000DPN
SE_01_0030	Human	ENCODE	Cell line	Haematopoietic and lymphoid tissue blood	GM12878	ENCSR000AKC	ENCSR000AKJ
SE_01_0031	Human	ENCODE	Induced pluripotent stem cell line	Skin	GM23338	ENCSR729ENO	ENCSR773IYZ
SE_01_0033	Human	ENCODE	Stem cell	Embryo	H9	ENCSR566DVZ	ENCSR625CEM
SE_01_0034	Human	ENCODE	Cell line	Colon	HCT116	ENCSR661KMA	ENCSR198WIH
SE_01_0036	Human	ENCODE	Cell line	Cervix	HeLa-S3	ENCSR000AOC	ENCSR000AOB
SE_01_0037	Human	ENCODE	In vitro differentiated cell	Liver	hepatocyte	ENCSR507UDH	ENCSR107PGG
SE_01_0038	Human	ENCODE	Cell line	Liver	HepG2	ENCSR000AMO	ENCSR055XHN
SE_01_0039	Human	ENCODE	Cell line	Haematopoietic and lymphoid tissue bone marrow	K562	ENCSR000AKP	ENCSR000AKY
SE_01_0040	Human	ENCODE	Cell line	Haematopoietic and lymphoid tissue	Karpas-422	ENCSR660IQS	ENCSR367UDO
SE_01_0041	Human	ENCODE	Primary cell	Skin	keratinocyte	ENCSR000ALK	ENCSR000ALS
SE_01_0042	Human	ENCODE	Cell line	Haematopoietic and lymphoid tissue	KMS-11	ENCSR955IXZ	ENCSR720GSE
SE_01_0043	Human	ENCODE	Cell line	Blood	KOPT-K1	ENCSR719FEJ	ENCSR255BOF
SE_01_0044	Human	ENCODE	Cell line	Haematopoietic and lymphoid tissue	Loucy	ENCSR566GSO	ENCSR648HLP
SE_01_0045	Human	ENCODE	Primary cell	Mammary gland	mammary-epithelial-cell	ENCSR000ALW	ENCSR000AMN
SE_01_0046	Human	ENCODE	Cell line	Mammary gland	MCF-7	ENCSR752UOD	ENCSR768LHG
SE_01_0047	Human	ENCODE	In vitro differentiated cell	Embryo	mid-neurogenesis-radial-glial-cells	ENCSR092TTO	ENCSR287XMW
SE_01_0048	Human	ENCODE	Cell line	Peripheral blood	MM.1S	ENCSR758OEC	ENCSR264HOB
SE_01_0050	Human	ENCODE	In vitro differentiated cell	Embryo	neural-cell	ENCSR124VOE	ENCSR308JFE
SE_01_0051	Human	ENCODE	In vitro differentiated cell	Embryo	neural-progenitor-cell	ENCSR449AXO	ENCSR603SVD
SE_01_0052	Human	ENCODE	Primary cell	Blood	neutrophil	ENCSR267YXV	ENCSR557RDB
SE_01_0053	Human	ENCODE	Cell line	Haematopoietic and lymphoid tissue	OCI-LY1	ENCSR597UDW	ENCSR569IIN
SE_01_0054	Human	ENCODE	Cell line	Haematopoietic and lymphoid tissue	OCI-LY3	ENCSR857GMX	ENCSR361GKY
SE_01_0055	Human	ENCODE	Cell line	Haematopoietic and lymphoid tissue	OCI-LY7	ENCSR447ZGY	ENCSR063AUO
SE_01_0056	Human	ENCODE	Primary cell	Bone	osteoblast	ENCSR000APH	ENCSR000APU
SE_01_0057	Human	ENCODE	Cell line	Pancreas duct	PANC-1	ENCSR000EXK	ENCSR000EXM
SE_01_0058	Human	ENCODE	Cell line	Prostate	PC-3	ENCSR826UTD	ENCSR328AHC
SE_01_0059	Human	ENCODE	Cell line	Lung	PC-9	ENCSR769FOC	ENCSR011GWK
SE_01_0060	Human	ENCODE	In vitro differentiated cell	Embryo	radial-glial-cell	ENCSR829UDX	ENCSR689ICI
SE_01_0061	Human	ENCODE	Cell line	Prostate	RWPE1	ENCSR203KEU	ENCSR248IFK
SE_01_0062	Human	ENCODE	Cell line	Prostate	RWPE2	ENCSR987PNT	ENCSR394DWD
SE_01_0063	Human	ENCODE	Primary cell	Skeletal muscle	skeletal-muscle-myoblast	ENCSR000ANF	ENCSR000ANN
SE_01_0064	Human	ENCODE	Cell line	Brain	SK-N-MC	ENCSR835MMN	ENCSR899XXQ
SE_01_0066	Human	ENCODE	In vitro differentiated cell	Smooth muscle	smooth-muscle-cell	ENCSR210ZPC	ENCSR729MRJ
SE_01_0067	Human	ENCODE	Cell line	Peritoneal effusion: derived from metastatic site: peritoneal cavity	SUDHL6	ENCSR307DQT	ENCSR179YLS
SE_01_0068	Human	ENCODE	Cell line	Prostate	VCaP	ENCSR597ULV	ENCSR716BTZ
SE_01_0069	Human	ENCODE	Tissue	Adrenal gland	adrenal-gland	ENCSR189QAD	ENCSR043UWF
SE_01_0070	Human	ENCODE	Tissue	Ascending aorta	ascending-aorta	ENCSR069UMW	ENCSR007WYC
SE_01_0071	Human	ENCODE	Tissue	Pancreas	body-of-pancreas	ENCSR748TFF	ENCSR833HBT
SE_01_0072	Human	ENCODE	Tissue	Breast epithelium	breast-epithelium	ENCSR034ZKE	ENCSR247XFQ
SE_01_0073	Human	ENCODE	Tissue	Coronary artery	coronary-artery	ENCSR443UYU	ENCSR122GIL
SE_01_0074	Human	ENCODE	Tissue	Esophagus muscularis mucosa	esophagus-muscularis-mucosa	ENCSR095YMD	ENCSR474WLZ
SE_01_0075	Human	ENCODE	Tissue	Esophagus squamous epithelium	esophagus-squamous-epithelium	ENCSR909UAG	ENCSR652EPR
SE_01_0076	Human	ENCODE	Tissue	Gastrocnemius medialis	gastrocnemius-medialis	ENCSR801IPH	ENCSR775IMI
SE_01_0077	Human	ENCODE	Tissue	Gastroesophageal sphincter	gastroesophageal-sphincter	ENCSR677LBH	ENCSR178MWD
SE_01_0078	Human	ENCODE	Tissue	Heart left ventricle	heart-left-ventricle	ENCSR854OXF	ENCSR526EXI
SE_01_0079	Human	ENCODE	Tissue	Peyers patch	Peyers-patch	ENCSR837SGJ	ENCSR124GAS
SE_01_0080	Human	ENCODE	Tissue	Prostate	prostate	ENCSR763IDK	ENCSR113QDZ
SE_01_0081	Human	ENCODE	Tissue	Right atrium auricular region	right-atrium-auricular-region	ENCSR593KDJ	ENCSR195BZZ
SE_01_0082	Human	ENCODE	Tissue	Right lobe of liver	right-lobe-of-liver	ENCSR981UJA	ENCSR276SJT
SE_01_0083	Human	ENCODE	Tissue	Sigmoid colon	sigmoid-colon	ENCSR268ZCF	ENCSR844YME
SE_01_0084	Human	ENCODE	Tissue	Spleen	spleen	ENCSR726HTS	ENCSR189UPU
SE_01_0085	Human	ENCODE	Tissue	Stomach	stomach	ENCSR133NBJ	ENCSR539HNK
SE_01_0086	Human	ENCODE	Tissue	Thoracic aorta	thoracic-aorta	ENCSR318HUC	ENCSR266XMB
SE_01_0087	Human	ENCODE	Tissue	Thyroid gland	thyroid-gland	ENCSR716FUH	ENCSR475NOQ
SE_01_0088	Human	ENCODE	Tissue	Tibial nerve	tibial-nerve	ENCSR771YJT	ENCSR154SJE
SE_01_0089	Human	ENCODE	Tissue	Transverse colon	transverse-colon	ENCSR208QRN	ENCSR828XQV
SE_01_0090	Human	ENCODE	Tissue	Lung	upper-lobe-of-left-lung	ENCSR738SXD	ENCSR422TGJ
SE_01_0091	Human	ENCODE	Tissue	Uterus	uterus	ENCSR249INE	ENCSR979XBX
SE_01_0092	Human	ENCODE	Tissue	Vagina	vagina	ENCSR718BTD	ENCSR620XWM
SE_01_0093	Human	ENCODE	Tissue	Aorta	ascending aorta	ENCSR982QIF	ENCSR494YJW
SE_01_0094	Human	ENCODE	Tissue	Gastrocnemius medialis	gastrocnemius medialis_54y	ENCSR948YYZ	ENCSR897RRA
SE_01_0095	Human	ENCODE	In vitro differentiated cell	Embryo	neuroepithelial stem cell stably expressing HES5 originated from H9	ENCSR842NGQ	ENCSR803UDX
SE_01_0096	Human	ENCODE	Cell line	B-cell lymphoma	DOHH2	ENCSR741STU	ENCSR742WWB
SE_01_0097	Human	ENCODE	Tissue	Gastrocnemius medialis	gastrocnemius medialis_53y	ENCSR736ALU	ENCSR001UFN
SE_01_0098	Human	ENCODE	Tissue	Heart	left ventricle_51y	ENCSR702OVJ	ENCSR178FVP
SE_01_0099	Human	ENCODE	Tissue	Colon	transverse colon	ENCSR640XRV	ENCSR479HSY
SE_01_0100	Human	ENCODE	Tissue	Thyroid gland	thyroid gland_37y	ENCSR597BWL	ENCSR777VQP
SE_01_0101	Human	ENCODE	Tissue	Pancreas	pancreas_54y	ENCSR596PFU	ENCSR099LGH
SE_01_0102	Human	ENCODE	Tissue	Artery	tibial artery	ENCSR535GFO	ENCSR819JOI
SE_01_0103	Human	ENCODE	Tissue	Pancreas	pancreas_37y	ENCSR520BIM	ENCSR888RBQ
SE_01_0104	Human	ENCODE	Tissue	Lung	upper lobe of left lung	ENCSR453MUW	ENCSR750DLX
SE_01_0105	Human	ENCODE	Tissue	Thyroid gland	thyroid gland_54y	ENCSR203KCB	ENCSR164POT
SE_01_0106	Human	ENCODE	Tissue	Adrenal gland	adrenal gland 54y	ENCSR177QFY	ENCSR828HXJ
SE_01_0107	Human	ENCODE	Tissue	Esophagus	esophagus squamous epithelium	ENCSR143XNJ	ENCSR156WTZ
SE_01_0108	Human	ENCODE	Tissue	Adrenal gland	adrenal gland_37y	ENCSR094VJC	ENCSR754WVA
SE_01_0109	Human	ENCODE	Tissue	Colon	transverse colon_54y	ENCSR069EGE	ENCSR651ISB
SE_01_0110	Human	ENCODE	Tissue	Aorta	thoracic aorta_37y	ENCSR015GFK	ENCSR158PLZ
SE_01_0111	Human	ENCODE	Cell line	Brain	SK-N-SH	ENCSR000FCU	ENCSR000FDA
SE_01_0112	Human	ENCODE	Cell line	Embryonic kidney	HEK293_encode	ENCSR000FCH	ENCSR000EVA
SE_01_0113	Human	ENCODE	Cell line	Mammary gland	MCF-7	ENCSR000EWR	ENCSR000EWW
SE_01_0114	Human	ENCODE	Cell line	Colon	HCT116_encode	ENCSR000EUT	ENCSR000EUX
SE_01_0115	Human	ENCODE	In vitro differentiated cell	Skeletal Muscle	myotube originated from skeletal muscle myoblast	ENCSR000ANV	ENCSR000ANT
SE_01_0116	Human	ENCODE	Stem cell	Embryo	H1-hESC	ENCSR000ANP	ENCSR000AMI
SE_01_0117	Human	ENCODE	Primary cell	Lung	fibroblast of lung	ENCSR000AMR	ENCSR000AMZ
SE_01_0118	Human	ENCODE	primary cell	Bone marrow	natural killer cell female adult (41 years)	ENCSR525MZF	ENCSR430XVL
SE_01_0119	Human	ENCODE	primary cell	Bone marrow	CD14-positive monocyte male adult (51 years)	ENCSR197UDN	ENCSR173UJQ
SE_01_0120	Human	ENCODE	primary cell	Bone marrow	dendritic cell male adult (51 years)	ENCSR630SSL	ENCSR992JBX
SE_01_0121	Human	ENCODE	cell line	colon	HCT116 genetically modified (insertion) using CRISPR inserting O. sativa LOC4335696, (insertion) using CRISPR targeting H. sapiens BRD4	ENCSR957EOR	ENCSR614CRT
SE_01_0122	Human	ENCODE	primary cell	Bone marrow	natural killer cell male adult (47 years)	ENCSR936OPP	ENCSR387IEL
SE_01_0123	Human	ENCODE	cell line	Bone marrow	BLaER1 168 hours	ENCSR451WXC	ENCSR354HOM
SE_01_0124	Human	ENCODE	cell line	Bone marrow	BLaER1 12 hours	ENCSR006ANF	ENCSR871SEB
SE_01_0125	Human	ENCODE	cell line	Bone marrow	BLaER1 120 hours	ENCSR820DOR	ENCSR452GUC
SE_01_0126	Human	ENCODE	cell line	Bone marrow	BLaER1 24 hours	ENCSR506FPQ	ENCSR954ZQC
SE_01_0127	Human	ENCODE	cell line	Bone marrow	BLaER1 36 hours	ENCSR285NFQ	ENCSR845IKY
SE_01_0128	Human	ENCODE	cell line	Bone marrow	BLaER1 48 hours	ENCSR217SDT	ENCSR978XYH
SE_01_0129	Human	ENCODE	cell line	Bone marrow	BLaER1 72 hours	ENCSR010OVI	ENCSR841CWN
SE_01_0130	Human	ENCODE	cell line	Bone marrow	BLaER1 9 hours	ENCSR938FQG	ENCSR958BKG
SE_01_0131	Human	ENCODE	cell line	Bone marrow	untreated BLaER1 cell line.	ENCSR413YCI	ENCSR455AFK
SE_01_0132	Human	ENCODE	cell line	Bone marrow	BLaER1 18 hours	ENCSR400XSW	ENCSR255SDP
SE_01_0133	Human	ENCODE	cell line	Bone marrow	BLaER1 6 hours	ENCSR039AHR	ENCSR566AUD
SE_01_0134	Human	ENCODE	Tissue	heart	heart right ventricle tissue male adult (54 years)	ENCSR842TXG	ENCSR937OPV
SE_01_0135	Human	ENCODE	Tissue	lung	lower lobe of right lung tissue male adult (60 years)	ENCSR837DVF	ENCSR454FJM
SE_01_0136	Human	ENCODE	Tissue	muscle	psoas muscle tissue female adult (41 years)	ENCSR403PZH	ENCSR456AMX
SE_01_0137	Human	ENCODE	Tissue	liver	right lobe of liver tissue female child (16 years)	ENCSR119XNK	ENCSR683VJG
SE_01_0138	Human	ENCODE	Tissue	Brain	dorsolateral prefrontal cortex tissue female adult (89 years)	ENCSR946LTR	ENCSR993YSN
SE_01_0139	Human	ENCODE	Tissue	Brain	dorsolateral prefrontal cortex tissue female adult (90 or above years)	ENCSR125KVG	ENCSR373OML
SE_01_0140	Human	ENCODE	Tissue	embryo	placenta tissue male embryo	ENCSR840FCT	ENCSR918ESG
SE_02_0002	Human	NCBI GEO/SRA	Cell line	Mammary gland	MCF-7_10Gygamma_2.5h	GSM2671298	GSM2671302
SE_02_0003	Human	NCBI GEO/SRA	Cell line	Mammary gland	MCF-7_10Gygamma_5h	GSM2671299	GSM2671303
SE_02_0004	Human	NCBI GEO/SRA	Cell line	Mammary gland	MCF-7_10Gygamma_7.5h	GSM2671300	GSM2671304
SE_02_0005	Human	NCBI GEO/SRA	Other	Cervical	cervical-cancer_KDM5C	GSM2706139	GSM2706140
SE_02_0006	Human	NCBI GEO/SRA	Other	Cervical	cervical-cancer_parental	GSM2706141	GSM2706142
SE_02_0007	Human	NCBI GEO/SRA	Other	Cervical	cervical-cancer_vector	GSM2706145	GSM2706146
SE_02_0008	Human	NCBI GEO/SRA	Cell line	Kidney	786-O_empty_vector	GSM2723818	GSM2723821
SE_02_0009	Human	NCBI GEO/SRA	Cell line	Kidney	786-O_wtVHL	GSM2723822	GSM2723825
SE_02_0010	Human	NCBI GEO/SRA	Cell line	Kidney	A-498_emptyvector	GSM2723834	GSM2723835
SE_02_0011	Human	NCBI GEO/SRA	Cell line	Kidney	A-498_wtVHL	GSM2723836	GSM2723837
SE_02_0012	Human	NCBI GEO/SRA	Cell line	Kidney	786-O_non-targeting	GSM2723866	GSM2723867
SE_02_0013	Human	NCBI GEO/SRA	Cell line	Kidney	786-O_HIF2A	GSM2723868	GSM2723869
SE_02_0014	Human	NCBI GEO/SRA	Cell line	Liver	HepG2_shBRG1	GSM2740934	GSM2740938
SE_02_0015	Human	NCBI GEO/SRA	Cell line	Liver	HepG2_shNS	GSM2740936	GSM2740940
SE_02_0016	Human	NCBI GEO/SRA	Primary cell	Blood	erythroblasts	GSM2741449	GSM2741452
SE_02_0017	Human	NCBI GEO/SRA	Stem cell	Embryo	H9_ESC	GSM602294	GSM602292
SE_02_0018	Human	NCBI GEO/SRA	Cell line	Embryo	NEC	GSM602302	GSM602300
SE_02_0019	Human	NCBI GEO/SRA	Other	Embryo	Neural crest cells	GSM714807	GSM714805
SE_02_0021	Human	NCBI GEO/SRA	Cell line	Colon	V429	GSM883681	GSM883667
SE_02_0022	Human	NCBI GEO/SRA	Primary cell	Blood	CD8donorA	GSM999000	GSM999012
SE_02_0023	Human	NCBI GEO/SRA	Primary cell	Blood	CD8donorC	GSM999001	GSM999013
SE_02_0024	Human	NCBI GEO/SRA	Primary cell	Blood	CD56+ Natural Killer cells donor A	GSM999008	GSM999011
SE_02_0025	Human	NCBI GEO/SRA	Primary cell	Blood	CD19donorA	GSM998996	GSM999010
SE_02_0026	Human	NCBI GEO/SRA	Primary cell	Blood	CD4donorE	GSM999004	GSM999014
SE_02_0027	Human	NCBI GEO/SRA	Cell line	Umbilical vein	HUVEC_VEGF_4h	GSM1009625	GSM1009651
SE_02_0029	Human	NCBI GEO/SRA	Cell line	Colorectal	LS174T	GSM1365900	GSM1197323
SE_02_0030	Human	NCBI GEO/SRA	Other	Kidney	human kidney proximal tubule cells	GSM1203230	GSM1203232
SE_02_0031	Human	NCBI GEO/SRA	Cell line	Haematopoietic and lymphoid tissue blood	Jurkat	GSM1296384	GSM1296386
SE_02_0032	Human	NCBI GEO/SRA	Tissue	Pancreas	pancreatic-islets-M	GSM1261672	GSM1261673
SE_02_0033	Human	NCBI GEO/SRA	Tissue	Pancreas	pancreatic-islets-F	GSM1261674	GSM1261676
SE_02_0034	Human	NCBI GEO/SRA	Cell line	Peripheral blood	CUTLL1_GSI	GSM1252939	GSM1252932
SE_02_0035	Human	NCBI GEO/SRA	Cell line	Peripheral blood	CUTLL1_GSI_wash	GSM1252940	GSM1252935
SE_02_0036	Human	NCBI GEO/SRA	Stem cell	Embryo	H7	GSM1273645	GSM1273642
SE_02_0038	Human	NCBI GEO/SRA	Stem cell	Embryo	DE	GSM1273655	GSM1273652
SE_02_0039	Human	NCBI GEO/SRA	Stem cell	Embryo	AFG	GSM1273660	GSM1273657
SE_02_0040	Human	NCBI GEO/SRA	Stem cell	Embryo	PFG	GSM1273665	GSM1273662
SE_02_0041	Human	NCBI GEO/SRA	Cell line	Burkitts lymphoma of the left maxilla	Raji_B	GSM1356063	GSM1278003
SE_02_0042	Human	NCBI GEO/SRA	Cell line	Embryo endodermal	CyT49_ES_D0	GSM1316300	GSM1316304
SE_02_0043	Human	NCBI GEO/SRA	Cell line	Embryo endodermal	CyT49_ES_D2	GSM1316307	GSM1316311
SE_02_0044	Human	NCBI GEO/SRA	Cell line	Embryo endodermal	CyT49_ES_D5	GSM1316314	GSM1316318
SE_02_0045	Human	NCBI GEO/SRA	Cell line	Embryo endodermal	CyT49_ES_D7	GSM1316321	GSM1316325
SE_02_0046	Human	NCBI GEO/SRA	Cell line	Embryo endodermal	CyT49_ES_D10	GSM1316328	GSM1316332
SE_02_0047	Human	NCBI GEO/SRA	Cell line	Pancreatic endoderm	IIDP/donor790	GSM1316339	GSM1316340
SE_02_0048	Human	NCBI GEO/SRA	Cell line	Embryo endodermal	CyT49_HE	GSM1316341	GSM1316342
SE_02_0049	Human	NCBI GEO/SRA	Cell line	Embryo endodermal	CyT49_GTtoH	GSM1551472	GSM1551473
SE_02_0050	Human	NCBI GEO/SRA	Cell line	Skin	BJ	GSM1330734	GSM1330735
SE_02_0051	Human	NCBI GEO/SRA	Cell line	Mammary gland	MCF-7_EtOH	GSM1382472	GSM1382474
SE_02_0052	Human	NCBI GEO/SRA	Cell line	Mammary gland	MCF-7_E2	GSM1382482	GSM1382484
SE_02_0053	Human	NCBI GEO/SRA	Cell line	Colon	DKO1	GSM1415884	GSM1415888
SE_02_0054	Human	NCBI GEO/SRA	Cell line	Lung	IMR-90_DMSO_1	GSM1418963	GSM1418971
SE_02_0055	Human	NCBI GEO/SRA	Cell line	Lung	IMR-90_Nutlin-3a	GSM1418964	GSM1418972
SE_02_0056	Human	NCBI GEO/SRA	Cell line	Mammary gland	HMEC	GSM1421317	GSM1421318
SE_02_0057	Human	NCBI GEO/SRA	Cell line	Mammary gland	vHMEC	GSM1421320	GSM1421323
SE_02_0058	Human	NCBI GEO/SRA	Cell line	Haematopoietic and lymphoid tissue blood	WT/Jurkat-11bp	GSM1519634	GSM1519636
SE_02_0059	Human	NCBI GEO/SRA	Cell line	Haematopoietic and lymphoid tissue blood	WT/Jurkat	GSM1519638	GSM1519637
SE_02_0060	Human	NCBI GEO/SRA	Cell line	Haematopoietic and lymphoid tissue blood	WT-11bp/Jurkat	GSM1519642	GSM1519640
SE_02_0061	Human	NCBI GEO/SRA	Cell line	Adipose	hMADS-3_white	GSM1443805	GSM1443817
SE_02_0062	Human	NCBI GEO/SRA	Cell line	Adipose	hMADS-3_brite	GSM1443806	GSM1443818
SE_02_0063	Human	NCBI GEO/SRA	Primary cell	Skin	Keratinocytes	GSM1446919	GSM1446918
SE_02_0064	Human	NCBI GEO/SRA	Cell line	Embryo	DN-Early_G1	GSM1498904	GSM1498912
SE_02_0065	Human	NCBI GEO/SRA	Cell line	Embryo	KO2-Late_G1	GSM1498905	GSM1498913
SE_02_0066	Human	NCBI GEO/SRA	Cell line	Embryo	AzL-S_phase	GSM1498906	GSM1498914
SE_02_0067	Human	NCBI GEO/SRA	Cell line	Embryo	AzH-G2/M	GSM1498907	GSM1498915
SE_02_0068	Human	NCBI GEO/SRA	Cell line	Skin	A375_DMSO	GSM1515414	GSM1515413
SE_02_0069	Human	NCBI GEO/SRA	Cell line	Brain	SF268	GSM1515744	GSM1515740
SE_02_0070	Human	NCBI GEO/SRA	Cell line	Lung	NCI-H69_DMSO	GSM1526703	GSM1526705
SE_02_0071	Human	NCBI GEO/SRA	Cell line	Lung	GLC16_DMSO	GSM1526704	GSM1526701
SE_02_0072	Human	NCBI GEO/SRA	Cell line	Lung	NCI-H82_DMSO	GSM1526706	GSM1526702
SE_02_0073	Human	NCBI GEO/SRA	Cell line	Other	90-8TL_DMSO	GSM1527927	GSM1527928
SE_02_0074	Human	NCBI GEO/SRA	Cell line	Other	90-8TL_PDJQ	GSM1527930	GSM1527931
SE_02_0075	Human	NCBI GEO/SRA	Cell line	Autonomic ganglia	kelly_DMSO_3h	GSM1532401	GSM1532403
SE_02_0076	Human	NCBI GEO/SRA	Cell line	Autonomic ganglia	SH-SY5Y_DMSO_3h	GSM1532408	GSM1532410
SE_02_0077	Human	NCBI GEO/SRA	Primary cell	Neuroblastoma	high-MYCN-Neuroblastoma-patient-cells	GSM1532415	GSM1532416
SE_02_0078	Human	NCBI GEO/SRA	Primary cell	Neuroblastoma	low-MYCN-Neuroblastoma-patient-cells	GSM1532417	GSM1532418
SE_02_0079	Human	NCBI GEO/SRA	Cell line	Mammary gland	T-47D_1	GSM1541449	GSM1541454
SE_02_0080	Human	NCBI GEO/SRA	Cell line	Lung	Calu-3	GSM1548075	GSM1548073
SE_02_0081	Human	NCBI GEO/SRA	In vitro differentiated cell	Blood	Monocyte-derived_dendritic_cells	GSM1565787	GSM1565793
SE_02_0082	Human	NCBI GEO/SRA	Cell line	Oral cavity	KB_IL-1alpha	GSM1566557	GSM1566561
SE_02_0083	Human	NCBI GEO/SRA	Cell line	Oral cavity	KB_untreat	GSM1566558	GSM1566562
SE_02_0084	Human	NCBI GEO/SRA	Cell line	Oral cavity	KB_5Z-7-oxozeaenol	GSM1566559	GSM1566563
SE_02_0085	Human	NCBI GEO/SRA	Cell line	Oral cavity	KB_IL-1alpha_5Z-7-oxozeaenol	GSM1566560	GSM1566564
SE_02_0086	Human	NCBI GEO/SRA	Cell line	Pancreas	CAPAN1	GSM1574235	GSM1574271
SE_02_0087	Human	NCBI GEO/SRA	Cell line	Pancreas	MiaPaca2	GSM1574239	GSM1574272
SE_02_0088	Human	NCBI GEO/SRA	Stem cell	Umbilical cord	umbilical-cord-derived-mesenchymal-stem-cells_SGA_cycle_0	GSM1576985	GSM1576983
SE_02_0089	Human	NCBI GEO/SRA	Stem cell	Umbilical cord	umbilical-cord-derived-mesenchymal-stem-cells_SGA_cycle_3	GSM1576986	GSM1576983
SE_02_0090	Human	NCBI GEO/SRA	Stem cell	Umbilical cord	umbilical-cord-derived-mesenchymal-stem-cells_SGA_cycle_6	GSM1576987	GSM1576983
SE_02_0091	Human	NCBI GEO/SRA	Stem cell	Umbilical cord	umbilical-cord-derived-mesenchymal-stem-cells_Control_cycle_0	GSM1576988	GSM1576984
SE_02_0092	Human	NCBI GEO/SRA	Stem cell	Umbilical cord	umbilical-cord-derived-mesenchymal-stem-cells_Control_cycle_3	GSM1576989	GSM1576984
SE_02_0093	Human	NCBI GEO/SRA	Stem cell	Umbilical cord	umbilical-cord-derived-mesenchymal-stem-cells_Control_cycle_6	GSM1576990	GSM1576984
SE_02_0095	Human	NCBI GEO/SRA	Cell line	Mammary gland	MDA-MB-468	GSM1589470	GSM1589471
SE_02_0096	Human	NCBI GEO/SRA	Cell line	Mammary gland	ZR-75-1_1	GSM1589472	GSM1589477
SE_02_0097	Human	NCBI GEO/SRA	Stem cell	Foreskin	Epidermal-Stem-Cells_shCTRL	GSM1607404	GSM1607413
SE_02_0099	Human	NCBI GEO/SRA	Stem cell	Foreskin	Epidermal-Stem-Cells_shDNMT3B	GSM1607406	GSM1607415
SE_02_0100	Human	NCBI GEO/SRA	Primary cell	Peripheral blood	Macrophages_GM-CSF_72h	GSM1625977	GSM1625985
SE_02_0101	Human	NCBI GEO/SRA	Primary cell	Peripheral blood	Macrophages_GM-CSF_72h_IFN-y	GSM1625978	GSM1625986
SE_02_0102	Human	NCBI GEO/SRA	Primary cell	Peripheral blood	Macrophages_GM-CSF_72h_IL4	GSM1625979	GSM1625987
SE_02_0103	Human	NCBI GEO/SRA	Primary cell	Peripheral blood	Macrophages_GM-CSF_72h_TNF-a_PGE2_Pam3CSK4	GSM1625980	GSM1625988
SE_02_0104	Human	NCBI GEO/SRA	Primary cell	Blood	neutrophils	GSM1633870	GSM1633871
SE_02_0105	Human	NCBI GEO/SRA	Primary cell	Skin	neonatal_keratinocytes	GSM1645725	GSM1645710
SE_02_0106	Human	NCBI GEO/SRA	Other	Skin	NHEK_M	GSM1662338	GSM1662336
SE_02_0107	Human	NCBI GEO/SRA	Cell line	Endometrium	EEC16	GSM1663010	GSM1663014
SE_02_0108	Human	NCBI GEO/SRA	Cell line	Fallopian tube	FT246	GSM1663018	GSM1663022
SE_02_0110	Human	NCBI GEO/SRA	Cell line	Ovaries	IOE11	GSM1663035	GSM1663039
SE_02_0111	Human	NCBI GEO/SRA	Cell line	Ovaries	IOE4	GSM1663045	GSM1663049
SE_02_0112	Human	NCBI GEO/SRA	Cell line	Connective tissue	HT1080_untreated	GSM1663107	GSM1663105
SE_02_0113	Human	NCBI GEO/SRA	Cell line	Connective tissue	HT1080_DOX5d	GSM1663108	GSM1663106
SE_02_0114	Human	NCBI GEO/SRA	Cell line	Mammary gland	CAL51	GSM1693015	GSM1693027
SE_02_0115	Human	NCBI GEO/SRA	Cell line	Mammary gland	MCF-7	GSM1693017	GSM1693029
SE_02_0116	Human	NCBI GEO/SRA	Cell line	Mammary gland	MDA-MB-231_untreat	GSM1693018	GSM1693030
SE_02_0117	Human	NCBI GEO/SRA	Cell line	Haematopoietic and lymphoid tissue	KARPAS-422	GSM1703909	GSM1703910
SE_02_0118	Human	NCBI GEO/SRA	Cell line	Haematopoietic and lymphoid tissue	MINO	GSM1703912	GSM1703913
SE_02_0119	Human	NCBI GEO/SRA	Cell line	Haematopoietic and lymphoid tissue	PFEIFFER	GSM1703923	GSM1703924
SE_02_0120	Human	NCBI GEO/SRA	Cell line	Haematopoietic and lymphoid tissue	REC-1	GSM1703925	GSM1703926
SE_02_0121	Human	NCBI GEO/SRA	Cell line	Haematopoietic and lymphoid tissue	SUDHL-4	GSM1703927	GSM1703928
SE_02_0122	Human	NCBI GEO/SRA	Cell line	Haematopoietic and lymphoid tissue	TOLEDO	GSM1703931	GSM1703932
SE_02_0123	Human	NCBI GEO/SRA	Cell line	Haematopoietic and lymphoid tissue	GRANTA-519	GSM1703901	GSM1703902
SE_02_0124	Human	NCBI GEO/SRA	Stem cell	Embryo	Embryonic-stem-cells_Naive	GSM1705251	GSM1705255
SE_02_0125	Human	NCBI GEO/SRA	Stem cell	Embryo	Embryonic-stem-cells_Primed	GSM1705260	GSM1705264
SE_02_0126	Human	NCBI GEO/SRA	Primary cell	Blood	Induced-regulatory-T-cells_DMSO	GSM1816682	GSM1816686
SE_02_0127	Human	NCBI GEO/SRA	Primary cell	Blood	Induced-regulatory-T-cells_CPI-703	GSM1816683	GSM1816687
SE_02_0128	Human	NCBI GEO/SRA	Cell line	Haematopoietic and lymphoid tissue	ALL-SIL	GSM1816978	GSM1816979
SE_02_0131	Human	NCBI GEO/SRA	Cell line	Lung	1015_PT	GSM1820954	GSM1820945
SE_02_0132	Human	NCBI GEO/SRA	Cell line	Lung	1015_CL	GSM1820955	GSM1820946
SE_02_0133	Human	NCBI GEO/SRA	Cell line	Thymus	TC-797_JQ1_4h	GSM1820958	GSM1820956
SE_02_0134	Human	NCBI GEO/SRA	Cell line	Kidney	293Trex_B4Nflag_No	GSM1820962	GSM1820960
SE_02_0135	Human	NCBI GEO/SRA	Cell line	Kidney	293Trex_B4Nflag_2h	GSM1820966	GSM1820964
SE_02_0136	Human	NCBI GEO/SRA	Cell line	Kidney	293Trex_B4Nflag_7h	GSM1820970	GSM1820968
SE_02_0138	Human	NCBI GEO/SRA	Tissue	Brain	RT172	GSM1835835	GSM1835862
SE_02_0139	Human	NCBI GEO/SRA	Tissue	Liver	RT236	GSM1835841	GSM1835864
SE_02_0140	Human	NCBI GEO/SRA	Tissue	Kidney	RT242	GSM1835844	GSM1835865
SE_02_0141	Human	NCBI GEO/SRA	Cell line	Colon	HCT116_Heterozygous_ARID1A-KO	GSM1835983	GSM1835994
SE_02_0142	Human	NCBI GEO/SRA	Cell line	Colon	HCT116_Homozygous_ARID1A-KO	GSM1835984	GSM1835995
SE_02_0143	Human	NCBI GEO/SRA	Cell line	Colon	HCT116_Parental	GSM1835982	GSM1835993
SE_02_0144	Human	NCBI GEO/SRA	Cell line	Peripheral blood	MV411_DMSO	GSM1845134	GSM1845146
SE_02_0146	Human	NCBI GEO/SRA	Cell line	Bone marrow	LP-1_SGC-CBP30	GSM1847318	GSM1847315
SE_02_0147	Human	NCBI GEO/SRA	Primary cell	Blood	CD4_T_cells	GSM1847867	GSM1847921
SE_02_0148	Human	NCBI GEO/SRA	Primary cell	Blood	CD8_T_cells	GSM1847878	GSM1847920
SE_02_0150	Human	NCBI GEO/SRA	Cell line	Mammary gland	MDA-MB-231_GATA3	GSM1855993	GSM1855999
SE_02_0151	Human	NCBI GEO/SRA	Cell line	Mammary gland	MDA-MB-231_TA1del	GSM1855995	GSM1856001
SE_02_0152	Human	NCBI GEO/SRA	Cell line	Brain	U87_EGFRvIII_shFOXG1_FBS	GSM1866074	GSM1866075
SE_02_0154	Human	NCBI GEO/SRA	Cell line	Brain	U87_EGFRvIII_shSCR_FBS	GSM1866078	GSM1866079
SE_02_0155	Human	NCBI GEO/SRA	Cell line	Brain	U87_EGFRvIII_shSOX9_FBS	GSM1866080	GSM1866081
SE_02_0157	Human	NCBI GEO/SRA	Cell line	Brain	U87_EGFRvIII_FBS	GSM1866084	GSM1866087
SE_02_0158	Human	NCBI GEO/SRA	Cell line	Brain	U87_EGFRvIII_erlotinib	GSM1866088	GSM1866089
SE_02_0160	Human	NCBI GEO/SRA	Cell line	Brain	U87_FBS	GSM1866094	GSM1866097
SE_02_0161	Human	NCBI GEO/SRA	Cell line	Brain	U87	GSM1866098	GSM1866101
SE_02_0162	Human	NCBI GEO/SRA	Cell line	Prostate	C4-2B_vehicle_24h	GSM1868872	GSM1868876
SE_02_0163	Human	NCBI GEO/SRA	Cell line	Prostate	C4-2B_SR2211_24h	GSM1868873	GSM1868877
SE_02_0164	Human	NCBI GEO/SRA	Cell line	Lung	H2087_Parental	GSM2066433	GSM2066429
SE_02_0165	Human	NCBI GEO/SRA	Cell line	Lung	H2087_LCC2	GSM2066434	GSM2066430
SE_02_0166	Human	NCBI GEO/SRA	Cell line	Mammary gland	HCC1954_Parental	GSM2066435	GSM2066431
SE_02_0167	Human	NCBI GEO/SRA	Cell line	Mammary gland	HCC1954_LCC2	GSM2066436	GSM2066432
SE_02_0168	Human	NCBI GEO/SRA	Cell line	Prostate	LNCaP	GSM1902615	GSM1902617
SE_02_0169	Human	NCBI GEO/SRA	Cell line	Prostate	LNCaP_R1881	GSM1907213	GSM1907217
SE_02_0170	Human	NCBI GEO/SRA	Cell line	Prostate	LNCaP_R1881_DOX	GSM1907214	GSM1907218
SE_02_0171	Human	NCBI GEO/SRA	Cell line	Lung	IMR-90_proliferating	GSM1915113	GSM1915119
SE_02_0172	Human	NCBI GEO/SRA	Cell line	Lung	IMR-90_quiescent	GSM1915114	GSM1915120
SE_02_0173	Human	NCBI GEO/SRA	Cell line	Lung	IMR-90_senescent	GSM1915115	GSM1915121
SE_02_0174	Human	NCBI GEO/SRA	Cell line	Lung	IMR-90_DMSO_2	GSM2098185	GSM2098187
SE_02_0175	Human	NCBI GEO/SRA	Cell line	Lung	IMR-90_Etoposide	GSM2098186	GSM2098188
SE_02_0176	Human	NCBI GEO/SRA	Cell line	Peripheral blood	LOUCY	GSM1916974	GSM1916975
SE_02_0177	Human	NCBI GEO/SRA	Cell line	Urinary bladder	J82	GSM1948902	GSM1948901
SE_02_0179	Human	NCBI GEO/SRA	Cell line	Urinary bladder	T24	GSM1948906	GSM1948905
SE_02_0180	Human	NCBI GEO/SRA	Cell line	Melanoma	CJM	GSM1953837	GSM1953843
SE_02_0181	Human	NCBI GEO/SRA	Cell line	Melanoma	COLO679	GSM1953838	GSM1953844
SE_02_0182	Human	NCBI GEO/SRA	Cell line	Melanoma	LOX-IMVI	GSM1953839	GSM1953845
SE_02_0183	Human	NCBI GEO/SRA	Cell line	Skin	SKMEL2	GSM1953840	GSM1953846
SE_02_0184	Human	NCBI GEO/SRA	Cell line	Skin	SKMEL30	GSM1953841	GSM1953847
SE_02_0185	Human	NCBI GEO/SRA	Cell line	Skin	UACC257	GSM1953842	GSM1953848
SE_02_0186	Human	NCBI GEO/SRA	Cell line	Stomach	AGS	GSM1960223	GSM1960224
SE_02_0187	Human	NCBI GEO/SRA	Cell line	Stomach	KATOIII	GSM1960225	GSM1960226
SE_02_0188	Human	NCBI GEO/SRA	Cell line	Stomach	MKN1	GSM1960227	GSM1960228
SE_02_0189	Human	NCBI GEO/SRA	Cell line	Stomach	SNU016	GSM1960231	GSM1960232
SE_02_0190	Human	NCBI GEO/SRA	Cell line	Stomach	SNU638	GSM1960233	GSM1960234
SE_02_0191	Human	NCBI GEO/SRA	Cell line	Stomach	SNU719	GSM1960235	GSM1960236
SE_02_0192	Human	NCBI GEO/SRA	Cell line	Stomach	MKN45	GSM2076193	GSM2076194
SE_02_0193	Human	NCBI GEO/SRA	Tissue	Kidney	Patient_x750N	GSM1960253	GSM1960257
SE_02_0194	Human	NCBI GEO/SRA	Tissue	Kidney	Patient_x750T	GSM1960254	GSM1960258
SE_02_0195	Human	NCBI GEO/SRA	Cell line	Stomach	OCUM1	GSM1969538	GSM1969536
SE_02_0196	Human	NCBI GEO/SRA	Cell line	Stomach	NCC59	GSM1969541	GSM1969539
SE_02_0197	Human	NCBI GEO/SRA	Cell line	Stomach	SNU1750	GSM1969544	GSM1969542
SE_02_0198	Human	NCBI GEO/SRA	Cell line	Stomach	SNU16	GSM1969547	GSM1969545
SE_02_0199	Human	NCBI GEO/SRA	Cell line	Stomach	KATO3	GSM1969549	GSM1969548
SE_02_0200	Human	NCBI GEO/SRA	Cell line	Stomach	RERF-GC-1B	GSM1969558	GSM1969559
SE_02_0201	Human	NCBI GEO/SRA	Cell line	Stomach	MKN7	GSM1969561	GSM1969562
SE_02_0202	Human	NCBI GEO/SRA	Cell line	Stomach	YCC7	GSM1969565	GSM1969566
SE_02_0203	Human	NCBI GEO/SRA	Cell line	Stomach	YCC21	GSM1969569	GSM1969570
SE_02_0204	Human	NCBI GEO/SRA	Cell line	Stomach	IM95	GSM1969572	GSM1969573
SE_02_0205	Human	NCBI GEO/SRA	Tissue	Stomach	Gastric_Primary_Sample_T	GSM1969575	GSM1969576
SE_02_0206	Human	NCBI GEO/SRA	Tissue	Stomach	Gastric_Primary_Sample_N	GSM1969578	GSM1969579
SE_02_0207	Human	NCBI GEO/SRA	Cell line	Stomach	FU97	GSM1969627	GSM1969628
SE_02_0208	Human	NCBI GEO/SRA	Cell line	Stomach	YCC3	GSM1969631	GSM1969632
SE_02_0209	Human	NCBI GEO/SRA	Cell line	Lung	MRC-5_MRC5_1DPT	GSM1970132	GSM1970129
SE_02_0210	Human	NCBI GEO/SRA	Cell line	Lung	MRC-5_N_1DPT	GSM1970134	GSM1970130
SE_02_0211	Human	NCBI GEO/SRA	Cell line	Lung	MRC-5_NFD_1DPT	GSM1970136	GSM1970131
SE_02_0212	Human	NCBI GEO/SRA	Cell line	Burkitts lymphoma of the left maxilla	Raji_DMSO	GSM1976293	GSM1976298
SE_02_0213	Human	NCBI GEO/SRA	Cell line	Burkitts lymphoma of the left maxilla	Raji_JQ1	GSM1976303	GSM1976309
SE_02_0214	Human	NCBI GEO/SRA	Stem cell	Embryo	H9_WT	GSM2029351	GSM2029353
SE_02_0215	Human	NCBI GEO/SRA	Other	Skin	NHEK_siGRHL3	GSM2035809	GSM2035808
SE_02_0216	Human	NCBI GEO/SRA	Other	Skin	NHEK_scramble	GSM2035816	GSM2035815
SE_02_0217	Human	NCBI GEO/SRA	Cell line	Mammary gland	MCF-7_NS	GSM2036927	GSM2036933
SE_02_0218	Human	NCBI GEO/SRA	Cell line	Mammary gland	MCF-7_PMA	GSM2036928	GSM2036934
SE_02_0219	Human	NCBI GEO/SRA	Cell line	Mammary gland	MDA-MB-231	GSM2036929	GSM2036935
SE_02_0220	Human	NCBI GEO/SRA	Cell line	Brain	BE2C_1	GSM2037779	GSM2311765
SE_02_0221	Human	NCBI GEO/SRA	Cell line	Blood	CCRF-CEM	GSM2037781	GSM2311757
SE_02_0222	Human	NCBI GEO/SRA	Cell line	Blood	DU-528	GSM2037785	GSM2311758
SE_02_0223	Human	NCBI GEO/SRA	Cell line	Haematopoietic and lymphoid tissue	MOLT4_1	GSM2037790	GSM2311761
SE_02_0224	Human	NCBI GEO/SRA	Cell line	Haematopoietic and lymphoid tissue	P12-ICHIKAWA	GSM2037794	GSM2311762
SE_02_0225	Human	NCBI GEO/SRA	Cell line	Haematopoietic and lymphoid tissue	PF-382	GSM2037796	GSM2311763
SE_02_0226	Human	NCBI GEO/SRA	Cell line	Blood	KOPTK1	GSM2318734	GSM2311759
SE_02_0227	Human	NCBI GEO/SRA	Cell line	Oesophagus	TE7	GSM2039110	GSM2039111
SE_02_0228	Human	NCBI GEO/SRA	Cell line	Oesophagus	KYSE510	GSM2039112	GSM2039113
SE_02_0229	Human	NCBI GEO/SRA	Stem cell	Umbilical cord	ID01	GSM2046837	GSM2046867
SE_02_0230	Human	NCBI GEO/SRA	Stem cell	Umbilical cord	ID60	GSM2046842	GSM2046872
SE_02_0231	Human	NCBI GEO/SRA	Primary cell	Tonsil	ILC1	GSM2048291	GSM2048294
SE_02_0232	Human	NCBI GEO/SRA	Primary cell	Tonsil	ILC3	GSM2048298	GSM2048301
SE_02_0233	Human	NCBI GEO/SRA	Primary cell	Tonsil	Th1	GSM2048304	GSM2048306
SE_02_0234	Human	NCBI GEO/SRA	Primary cell	Tonsil	Th17	GSM2048309	GSM2048311
SE_02_0235	Human	NCBI GEO/SRA	Primary cell	Peripheral blood	NK	GSM2048314	GSM2048316
SE_02_0236	Human	NCBI GEO/SRA	Cell line	Colon	V206	GSM2058034	GSM2058107
SE_02_0237	Human	NCBI GEO/SRA	Cell line	Colon	V389	GSM2058035	GSM2058108
SE_02_0240	Human	NCBI GEO/SRA	Cell line	Colon	V429_2	GSM2058038	GSM2058111
SE_02_0241	Human	NCBI GEO/SRA	Cell line	Colon	V456	GSM2058040	GSM2058112
SE_02_0242	Human	NCBI GEO/SRA	Cell line	Colon	V481	GSM2058042	GSM2058113
SE_02_0243	Human	NCBI GEO/SRA	Other	Foreskin	foreskin_HFFs	GSM2066623	GSM2066626
SE_02_0244	Human	NCBI GEO/SRA	Other	Foreskin	foreskin_D11	GSM2066625	GSM2066630
SE_02_0246	Human	NCBI GEO/SRA	Cell line	Mammary gland	MCF-7_estradiol	GSM2175784	GSM2175786
SE_02_0247	Human	NCBI GEO/SRA	Cell line	Haematopoietic and lymphoid tissue	MOLT4_2	GSM2090931	GSM2090932
SE_02_0248	Human	NCBI GEO/SRA	Cell line	Blood	MD901_shCREBBP	GSM2100286	GSM2100287
SE_02_0249	Human	NCBI GEO/SRA	Cell line	Blood	MD901_WD	GSM2100297	GSM2100298
SE_02_0250	Human	NCBI GEO/SRA	Tissue	Brain	tumormodel3691	GSM2101766	GSM2101769
SE_02_0251	Human	NCBI GEO/SRA	Cell line	Autonomic ganglia	SH-SY5Y-MYCN-OFF	GSM2120706	GSM2120708
SE_02_0252	Human	NCBI GEO/SRA	Cell line	Neuroblastoma	IMR5-75-shMYCN-MYCN_high	GSM2120713	GSM2120715
SE_02_0253	Human	NCBI GEO/SRA	Cell line	Brain	BE2C_DMSO	GSM2127461	GSM2127463
SE_02_0254	Human	NCBI GEO/SRA	Cell line	Neuroblastoma	IMR5-75	GSM2127467	GSM2127469
SE_02_0255	Human	NCBI GEO/SRA	Cell line	Haematopoietic and lymphoid tissue	MOLM13	GSM2136938	GSM2136942
SE_02_0256	Human	NCBI GEO/SRA	Cell line	Peripheral blood	MV411	GSM2136946	GSM2136948
SE_02_0257	Human	NCBI GEO/SRA	Tissue	Endometrioid	endometrioid_adenocarcinoma_TumorA	GSM2144749	GSM2144768
SE_02_0258	Human	NCBI GEO/SRA	Other	Lung	NCI-H1299_EGFP-NEO_reporter_cells_DMSO	GSM2150362	GSM2150369
SE_02_0259	Human	NCBI GEO/SRA	Other	Lung	NCI-H1299_EGFP-NEO_reporter_cells_SAHA	GSM2150370	GSM2150377
SE_02_0260	Human	NCBI GEO/SRA	Other	Lung	NCI-H1299_EGFP-NEO_reporter_cells_SB939	GSM2150378	GSM2150385
SE_02_0261	Human	NCBI GEO/SRA	Cell line	Osteoblastic	hFOB_differentiated	GSM2188465	GSM2188457
SE_02_0262	Human	NCBI GEO/SRA	Cell line	Osteoblastic	hFOB_JQ1_differentiated	GSM2188467	GSM2188460
SE_02_0263	Human	NCBI GEO/SRA	Cell line	Osteoblastic	hFOB_undifferentiated	GSM2188470	GSM2188462
SE_02_0264	Human	NCBI GEO/SRA	Cell line	Skeletal muscle	7250-empty	GSM2214081	GSM2214079
SE_02_0265	Human	NCBI GEO/SRA	Cell line	Skeletal muscle	7250-PAX3-FOXO1	GSM2214082	GSM2214080
SE_02_0266	Human	NCBI GEO/SRA	Other	Bronchia	HBE_Primary human bronchial epithelial cells_	GSM2266289	GSM2266284
SE_02_0267	Human	NCBI GEO/SRA	Cell line	Kidney	786-O	GSM2293336	GSM2293333
SE_02_0268	Human	NCBI GEO/SRA	Cell line	Kidney	A-498	GSM2293338	GSM2293340
SE_02_0269	Human	NCBI GEO/SRA	Cell line	Kidney	HK-2	GSM2293342	GSM2293344
SE_02_0270	Human	NCBI GEO/SRA	Primary cell	Kidney	PCS-400	GSM2293347	GSM2293348
SE_02_0271	Human	NCBI GEO/SRA	Cell line	Kidney	20431713N	GSM2293405	GSM2293404
SE_02_0272	Human	NCBI GEO/SRA	Cell line	Kidney	20431713T	GSM2293409	GSM2293408
SE_02_0273	Human	NCBI GEO/SRA	Cell line	Endometriosis	hTERT_SCR	GSM2308934	GSM2308939
SE_02_0274	Human	NCBI GEO/SRA	Cell line	Endometriosis	hTERT_KD	GSM2308943	GSM2308948
SE_02_0275	Human	NCBI GEO/SRA	Tissue	Retina	FW14	GSM2316309	GSM2316360
SE_02_0276	Human	NCBI GEO/SRA	Tissue	Retina	FW15	GSM2316310	GSM2316361
SE_02_0277	Human	NCBI GEO/SRA	Tissue	Retina	FW18	GSM2316311	GSM2316363
SE_02_0278	Human	NCBI GEO/SRA	Tissue	Retina	FW24	GSM2316312	GSM2316366
SE_02_0279	Human	NCBI GEO/SRA	Tissue	Retina	RB	GSM2316313	GSM2316368
SE_02_0280	Human	NCBI GEO/SRA	Cell line	Mammary gland	SUM159_DMSO_24h	GSM2330561	GSM2330573
SE_02_0281	Human	NCBI GEO/SRA	Cell line	Bone	U2OS	GSM2341636	GSM2341640
SE_02_0282	Human	NCBI GEO/SRA	Cell line	Lung	IMR-90	GSM2341643	GSM2341645
SE_02_0283	Human	NCBI GEO/SRA	Primary cell	Peripheral blood	p7-CLL-patient_CD74	GSM2356348	GSM2356349
SE_02_0284	Human	NCBI GEO/SRA	Tissue	Pelvis	patient 119	GSM2357597	GSM2357604
SE_02_0285	Human	NCBI GEO/SRA	Cell line	Liver	HuH7_untreat	GSM2360939	GSM2360954
SE_02_0286	Human	NCBI GEO/SRA	Cell line	Liver	HuH7_IL-1alpha_1h	GSM2360941	GSM2360955
SE_02_0288	Human	NCBI GEO/SRA	Other	Tonsil	CB5_H3K27Ac	GSM2386722	GSM2386725
SE_02_0293	Human	NCBI GEO/SRA	Cell line	Pancreatic	L3-6_4SC-202	GSM2398386	GSM2398383
SE_02_0294	Human	NCBI GEO/SRA	Cell line	Pancreatic	L3-6_DMSO	GSM2398388	GSM2398380
SE_02_0295	Human	NCBI GEO/SRA	Cell line	Lung	A549_TGFBeta_72h	GSM2406904	GSM2406898
SE_02_0296	Human	NCBI GEO/SRA	Cell line	Neuroblastoma	CLB-BER-Lud	GSM2664313	GSM2664314
SE_02_0297	Human	NCBI GEO/SRA	Cell line	Neuroblastoma	CLB-CAR	GSM2664315	GSM2664316
SE_02_0298	Human	NCBI GEO/SRA	Cell line	Neuroblastoma	CLB-GA	GSM2664317	GSM2664318
SE_02_0299	Human	NCBI GEO/SRA	Cell line	Neuroblastoma	CLB-MA	GSM2664321	GSM2664322
SE_02_0300	Human	NCBI GEO/SRA	Cell line	Neuroblastoma	CLB-PE	GSM2664323	GSM2664324
SE_02_0301	Human	NCBI GEO/SRA	Cell line	Neuroblastoma	GIMEN	GSM2664325	GSM2664326
SE_02_0302	Human	NCBI GEO/SRA	Cell line	Neuroblastoma	IMR32	GSM2664327	GSM2664328
SE_02_0303	Human	NCBI GEO/SRA	Cell line	Neuroblastoma	LAN1	GSM2664329	GSM2664330
SE_02_0304	Human	NCBI GEO/SRA	Cell line	Neuroblastoma	N206	GSM2664331	GSM2664332
SE_02_0305	Human	NCBI GEO/SRA	Cell line	Neuroblastoma	SH-EP	GSM2664333	GSM2664334
SE_02_0306	Human	NCBI GEO/SRA	Cell line	Autonomic ganglia	SH-SY5Y	GSM2664335	GSM2664336
SE_02_0307	Human	NCBI GEO/SRA	Cell line	Neuroblastoma	SJNB12	GSM2664337	GSM2664338
SE_02_0308	Human	NCBI GEO/SRA	Cell line	Neuroblastoma	SJNB1	GSM2664339	GSM2664340
SE_02_0309	Human	NCBI GEO/SRA	Cell line	Neuroblastoma	SJNB6	GSM2664341	GSM2664342
SE_02_0310	Human	NCBI GEO/SRA	Cell line	Neuroblastoma	SJNB8	GSM2664343	GSM2664344
SE_02_0311	Human	NCBI GEO/SRA	Cell line	Neuroblastoma	SK-N-AS	GSM2664345	GSM2664346
SE_02_0312	Human	NCBI GEO/SRA	Cell line	Neuroblastoma	SK-N-BE_2-C	GSM2664347	GSM2664348
SE_02_0313	Human	NCBI GEO/SRA	Cell line	Neuroblastoma	SK-N-DZ	GSM2664349	GSM2664350
SE_02_0314	Human	NCBI GEO/SRA	Cell line	Neuroblastoma	SK-N-FI	GSM2664351	GSM2664352
SE_02_0315	Human	NCBI GEO/SRA	Cell line	Neuroblastoma	TR14	GSM2664353	GSM2664354
SE_02_0316	Human	NCBI GEO/SRA	Cell line	Neuroblastoma	CHP212	GSM2664355	GSM2664356
SE_02_0317	Human	NCBI GEO/SRA	Cell line	Neuroblastoma	GICAN	GSM2664357	GSM2664358
SE_02_0318	Human	NCBI GEO/SRA	Cell line	Neuroblastoma	NB69	GSM2664359	GSM2664360
SE_02_0319	Human	NCBI GEO/SRA	Cell line	Neuroblastoma	NB-EBc1	GSM2664363	GSM2664364
SE_02_0320	Human	NCBI GEO/SRA	Cell line	Peripheral blood	MO1043_ICN1_HA_H3K27Ac_a	GSM2435527	GSM2435534
SE_02_0321	Human	NCBI GEO/SRA	Cell line	Peripheral blood	MO1043_ICN1_HA_H3K27Ac_b	GSM2435531	GSM2435534
SE_02_0322	Human	NCBI GEO/SRA	Cell line	Colon	Caco-2	GSM2532773	GSM2532774
SE_02_0323	Human	NCBI GEO/SRA	Cell line	Colon	RKO	GSM2532775	GSM2532776
SE_02_0324	Human	NCBI GEO/SRA	Cell line	Colon	SW48	GSM2532777	GSM2532778
SE_02_0325	Human	NCBI GEO/SRA	Primary cell	Liver	hepatocytes_d1	GSM2644050	GSM2644057
SE_02_0326	Human	NCBI GEO/SRA	Primary cell	Liver	hepatocytes_d3	GSM2644053	GSM2644058
SE_02_0327	Human	NCBI GEO/SRA	Primary cell	Liver	hepatocytes_d6	GSM2644056	GSM2644059
SE_02_0328	Human	NCBI GEO/SRA	Stem cell	Embryo	H9_naive	GSM2648925	GSM2648929
SE_02_0329	Human	NCBI GEO/SRA	Stem cell	Embryo	H9_primed	GSM2648926	GSM2648930
SE_02_0330	Human	NCBI GEO/SRA	Stem cell	Endoderm	MHG	GSM1273670	GSM1273667
SE_02_0331	Human	NCBI GEO/SRA	Cell line	Haematopoietic and lymphoid tissue	MOLM14_untreated	GSM1587893	GSM1587891
SE_02_0332	Human	NCBI GEO/SRA	Cell line	Haematopoietic and lymphoid tissue	MOLM14_DMSO_9	GSM1587909	GSM1587908
SE_02_0333	Human	NCBI GEO/SRA	Cell line	Haematopoietic and lymphoid tissue	MOLM14_DMSO_10	GSM1587911	GSM1587910
SE_02_0334	Human	NCBI GEO/SRA	Cell line	Haematopoietic and lymphoid tissue	MOLM14_CA25_11	GSM1587913	GSM1587912
SE_02_0335	Human	NCBI GEO/SRA	Cell line	Haematopoietic and lymphoid tissue	MOLM14_CA25_12	GSM1587915	GSM1587914
SE_02_0336	Human	NCBI GEO/SRA	Cell line	Haematopoietic and lymphoid tissue	SET2	GSM1587921	GSM1587920
SE_02_0337	Human	NCBI GEO/SRA	Cell line	Haematopoietic and lymphoid tissue	MV411_untreat	GSM1587925	GSM1587924
SE_02_0338	Human	NCBI GEO/SRA	Cell line	Neuroblastoma	BE2	GSM1680101	GSM1680103
SE_02_0339	Human	NCBI GEO/SRA	Cell line	Neuroblastoma	NGP	GSM1680104	GSM1680106
SE_02_0340	Human	NCBI GEO/SRA	Cell line	Brain	BE2C_2	GSM1680107	GSM1680108
SE_02_0341	Human	NCBI GEO/SRA	Cell line	Autonomic ganglia	SH-SY5Y_untreat	GSM1602665	GSM1602669
SE_02_0342	Human	NCBI GEO/SRA	Primary cell	Liver	HSPCs_F0	GSM1816073	GSM1816094
SE_02_0343	Human	NCBI GEO/SRA	Primary cell	Bone marrow	HSPC_A0	GSM1816075	GSM1816095
SE_02_0344	Human	NCBI GEO/SRA	Primary cell	Blood	CD34	GSM2152595	GSM2152598
SE_02_0345	Human	NCBI GEO/SRA	Primary cell	Blood	AML8	GSM2152602	GSM1846177
SE_02_0346	Human	NCBI GEO/SRA	Primary cell	Blood	AML10	GSM2152605	GSM1846207
SE_02_0347	Human	NCBI GEO/SRA	Primary cell	Blood	AML11	GSM2152609	GSM1846188
SE_02_0348	Human	NCBI GEO/SRA	Cell line	Peripheral blood	CUTLL1_wild-type	GSM1857031	GSM1857030
SE_02_0349	Human	NCBI GEO/SRA	Cell line	Peripheral blood	CUTLL1_dimer-mutant	GSM1857033	GSM1857032
SE_02_0350	Human	NCBI GEO/SRA	Tissue	Dorsolateral prefrontal cortex	dorsolateral-prefrontal-cortex	GSM1866052	GSM1866054
SE_02_0351	Human	NCBI GEO/SRA	Tissue	Hippocampus	hippocampus	GSM1866055	GSM1866057
SE_02_0352	Human	NCBI GEO/SRA	Cell line	Colon	HCT116	GSM1890730	GSM1890731
SE_02_0353	Human	NCBI GEO/SRA	Cell line	Colon	HT29	GSM1890734	GSM1890735
SE_02_0354	Human	NCBI GEO/SRA	Cell line	Colon	Colo205	GSM1890738	GSM1890739
SE_02_0355	Human	NCBI GEO/SRA	Cell line	Colon	HCT15	GSM1890742	GSM1890743
SE_02_0356	Human	NCBI GEO/SRA	Cell line	Colon	Sw480	GSM1890746	GSM1890747
SE_02_0357	Human	NCBI GEO/SRA	Cell line	Colon	Colo320	GSM1890750	GSM1890751
SE_02_0358	Human	NCBI GEO/SRA	Cell line	Colon	LS180	GSM1890754	GSM1890756
SE_02_0359	Human	NCBI GEO/SRA	Cell line	Colon	Colo741	GSM1890757	GSM1890759
SE_02_0360	Human	NCBI GEO/SRA	Cell line	Haematopoietic and lymphoid tissue	SEM	GSM1934089	GSM1934094
SE_02_0361	Human	NCBI GEO/SRA	Cell line	Colon	HT29_DMSO	GSM2042874	GSM2042894
SE_02_0362	Human	NCBI GEO/SRA	Cell line	Haematopoietic and lymphoid tissue	REH	GSM2107710	GSM2107711
SE_02_0363	Human	NCBI GEO/SRA	Cell line	Haematopoietic and lymphoid tissue	697	GSM2107712	GSM2107713
SE_02_0364	Human	NCBI GEO/SRA	Cell line	Skeletal muscle	CTR	GSM2214085	GSM2214086
SE_02_0365	Human	NCBI GEO/SRA	Tissue	Skeletal muscle	NCI0075	GSM2214087	GSM2214088
SE_02_0366	Human	NCBI GEO/SRA	Tissue	Skeletal muscle	NCI0082	GSM2214089	GSM2214090
SE_02_0367	Human	NCBI GEO/SRA	Tissue	Skeletal muscle	NS129	GSM2214091	GSM2214092
SE_02_0368	Human	NCBI GEO/SRA	Tissue	Skeletal muscle	NS134	GSM2214093	GSM2214094
SE_02_0369	Human	NCBI GEO/SRA	Cell line	Skeletal muscle	RD	GSM2214095	GSM2214096
SE_02_0370	Human	NCBI GEO/SRA	Cell line	Skeletal muscle	RH4	GSM2214104	GSM2214110
SE_02_0371	Human	NCBI GEO/SRA	Cell line	Skeletal muscle	RH5	GSM2214121	GSM2214122
SE_02_0372	Human	NCBI GEO/SRA	Tissue	Skeletal muscle	RMS008	GSM2214123	GSM2214124
SE_02_0373	Human	NCBI GEO/SRA	Tissue	Skeletal muscle	RMS206	GSM2214125	GSM2214126
SE_02_0374	Human	NCBI GEO/SRA	Tissue	Skeletal muscle	RMS209	GSM2214127	GSM2214128
SE_02_0375	Human	NCBI GEO/SRA	Tissue	Skeletal muscle	RMS216	GSM2214129	GSM2214130
SE_02_0376	Human	NCBI GEO/SRA	Tissue	Skeletal muscle	RMS237	GSM2214131	GSM2214132
SE_02_0377	Human	NCBI GEO/SRA	Tissue	Skeletal muscle	RMS238	GSM2214133	GSM2214134
SE_02_0378	Human	NCBI GEO/SRA	Cell line	Skeletal muscle	SCMC	GSM2214135	GSM2214136
SE_02_0379	Human	NCBI GEO/SRA	Cell line	Skeletal muscle	RD-Fusion-Negative-Rhabdomyosarcoma	GSM2243113	GSM2243114
SE_02_0380	Human	NCBI GEO/SRA	Cell line	Skeletal muscle	RH18	GSM2243115	GSM2243117
SE_02_0381	Human	NCBI GEO/SRA	Primary cell	Heart	purified cardiomyocyte WT	GSM2280005	GSM2280009
SE_02_0382	Human	NCBI GEO/SRA	Primary cell	Heart	purified cardiomyocyte G296S mutants	GSM2280036	GSM2280040
SE_02_0383	Human	NCBI GEO/SRA	Other	Blood	Ik6pre-BALL+TET-emptyvector	GSM2410100	GSM2410108
SE_02_0384	Human	NCBI GEO/SRA	Other	Blood	Ik6pre-BALL+TET-Ik1	GSM2410102	GSM2410109
SE_02_0385	Human	NCBI GEO/SRA	Primary cell	Lymph node	CD19+_B_cells_FL3A	GSM1523532	GSM1523533
SE_02_0386	Human	NCBI GEO/SRA	Primary cell	Lymph node	CD19+_B_cells_FL1-2	GSM1523535	GSM1523537
SE_02_0387	Human	NCBI GEO/SRA	Primary cell	Lymph node	CD19+_B_cells_nhl_FL1-2	GSM1523544	GSM1523546
SE_02_0388	Human	NCBI GEO/SRA	Primary cell	Tonsil	CD19+_CD10+_CD44low_CXCR4+_B_cells	GSM1523578	GSM1523580
SE_02_0389	Human	NCBI GEO/SRA	Primary cell	Peripheral blood	CD19+_B_cells_nhl	GSM1523620	GSM1523621
SE_02_0390	Human	NCBI GEO/SRA	Primary cell	Peripheral blood	CD19+_B_cells	GSM1523622	GSM1523623
SE_02_0391	Human	NCBI GEO/SRA	Primary cell	Activated IL4,anti-CD40,IgM,and IgD peripheral blood	CD19+_B_cells_Activated_M	GSM1523610	GSM1523612
SE_02_0393	Human	NCBI GEO/SRA	Primary cell	Activated IL4,anti-CD40,IgM,and IgD peripheral blood	CD19+_B_cells_Activated_F	GSM1523618	GSM1523619
SE_02_0394	Human	NCBI GEO/SRA	Cell line	Mammary gland	T-47D_2	GSM1589474	GSM1589473
SE_02_0395	Human	NCBI GEO/SRA	Cell line	Mammary gland	BT-549	GSM1589476	GSM1589475
SE_02_0396	Human	NCBI GEO/SRA	Other	Skin	NHEK-D	GSM1666386	GSM1666385
SE_02_0397	Human	NCBI GEO/SRA	Cell line	Mammary gland	CAL51-MCF-7	GSM1693016	GSM1693028
SE_02_0398	Human	NCBI GEO/SRA	Cell line	Mammary gland	MDA-MB-231-MCF-7	GSM1693019	GSM1693031
SE_02_0399	Human	NCBI GEO/SRA	Cell line	Mammary gland	SUM159PT-BT-474	GSM1693020	GSM1693032
SE_02_0400	Human	NCBI GEO/SRA	Cell line	Mammary gland	SUM159PT-MCF-7	GSM1693022	GSM1693033
SE_02_0401	Human	NCBI GEO/SRA	Cell line	Mammary gland	SUM159PT-T47D	GSM1693023	GSM1693034
SE_02_0402	Human	NCBI GEO/SRA	Cell line	Mammary gland	SUM159PT-ZR-75-1	GSM1693024	GSM1693035
SE_02_0403	Human	NCBI GEO/SRA	Cell line	Mammary gland	T-47D_untreat	GSM1693025	GSM1693036
SE_02_0404	Human	NCBI GEO/SRA	Cell line	Mammary gland	ZR-75-1_2	GSM1693026	GSM1693037
SE_02_0405	Human	NCBI GEO/SRA	Cell line	Mammary gland	ZR-75-30_KO	GSM1832647	GSM1832651
SE_02_0406	Human	NCBI GEO/SRA	Cell line	Mammary gland	ZR-75-30_parental	GSM1832646	GSM1832650
SE_02_0407	Human	NCBI GEO/SRA	Cell line	Brain	BT16	GSM1835890	GSM1835906
SE_02_0408	Human	NCBI GEO/SRA	Cell line	Kidney	G401_Dox	GSM1835873	GSM1835901
SE_02_0409	Human	NCBI GEO/SRA	Cell line	Kidney	G401_NoDox	GSM1835878	GSM1835902
SE_02_0410	Human	NCBI GEO/SRA	Cell line	Brain	BT16_NoDox	GSM1835887	GSM1835905
SE_02_0411	Human	NCBI GEO/SRA	Cell line	Liver	TTC549_untreated	GSM1835895	GSM1835907
SE_02_0412	Human	NCBI GEO/SRA	Cell line	Liver	TTC549_Doxycycline	GSM1835900	GSM1835908
SE_02_0413	Human	NCBI GEO/SRA	Tissue	Brain	GBM_2493	GSM1866060	GSM1866061
SE_02_0414	Human	NCBI GEO/SRA	Cell line	Foreskin	BJEL	GSM1869142	GSM1869145
SE_02_0415	Human	NCBI GEO/SRA	Cell line	Stomach	YCC22	GSM1969634	GSM1969635
SE_02_0416	Human	NCBI GEO/SRA	Stem cell	Embryo	H9_Het	GSM2029356	GSM2029358
SE_02_0417	Human	NCBI GEO/SRA	Stem cell	Embryo	H9_Null	GSM2029361	GSM2029363
SE_02_0418	Human	NCBI GEO/SRA	Stem cell	Embryo	H9_Null+EZH2	GSM2029366	GSM2029368
SE_02_0419	Human	NCBI GEO/SRA	Cell line	Pectoralis major muscle	LHCN-M2_nodox	GSM2068356	GSM2068355
SE_02_0420	Human	NCBI GEO/SRA	Cell line	Pectoralis major muscle	LHCN-M2_dox_6h	GSM2068364	GSM2068362
SE_02_0421	Human	NCBI GEO/SRA	Cell line	Brain	BE2C_3	GSM2120701	GSM2120703
SE_02_0422	Human	NCBI GEO/SRA	Other	Lung	NCI-H1299_EGFP-NEO_reporter_cells_DACSB	GSM2150354	GSM2150361
SE_02_0423	Human	NCBI GEO/SRA	Cell line	Skin	A375	GSM2190579	GSM2190580
SE_02_0424	Human	NCBI GEO/SRA	Cell line	Colon	SW620	GSM2532779	GSM2532780
SE_02_0425	Human	NCBI GEO/SRA	Cell line	Malignant pleural fluid posthumously	ZNF532-NUT_24335	GSM2543130	GSM2543126
SE_02_0426	Human	NCBI GEO/SRA	Cell line	Colon	HCT116_NONT	GSM2667958	GSM2571023
SE_02_0427	Human	NCBI GEO/SRA	Cell line	Colon	HCT116_shPAF1	GSM2667960	GSM2571026
SE_02_0428	Human	NCBI GEO/SRA	Cell line	Kidney	12364284_VHL-	GSM2723842	GSM2723845
SE_02_0429	Human	NCBI GEO/SRA	Cell line	Kidney	12364284_VHL+	GSM2723846	GSM2723849
SE_02_0430	Human	NCBI GEO/SRA	Cell line	Kidney	12364284	GSM2293322	GSM2293323
SE_02_0431	Human	NCBI GEO/SRA	Primary cell	Peripheral blood	CD34+HSPC-derived-erythroid-precursors	GSM2452104	GSM2452105
SE_02_0433	Human	NCBI GEO/SRA	Other	Lung	NCI-H1299_EGFP-NEO_reporter_cells_DAC	GSM2150346	GSM2150353
SE_02_0434	Human	NCBI GEO/SRA	Cell line	Kidney	HEK293	GSM2171416	GSM2171418
SE_02_0435	Human	NCBI GEO/SRA	Cell line	Kidney	HEK293A_WT-MEF2B_DMSO_6h	GSM1647364	GSM1647372
SE_02_0436	Human	NCBI GEO/SRA	Cell line	Kidney	HEK293A_empty-vector_DMSO_6h	GSM1647366	GSM1647374
SE_02_0437	Human	NCBI GEO/SRA	Cell line	Bone	143B	GSM1914981	GSM1914983
SE_02_0438	Human	NCBI GEO/SRA	Cell line	Bone	HOS	GSM1914985	GSM1914987
SE_02_0439	Human	NCBI GEO/SRA	Cell line	Bone	Hu09	GSM1914989	GSM1914991
SE_02_0440	Human	NCBI GEO/SRA	Cell line	Bone	LM7	GSM1914993	GSM1914995
SE_02_0441	Human	NCBI GEO/SRA	Cell line	Bone	M112	GSM1914997	GSM1914999
SE_02_0442	Human	NCBI GEO/SRA	Cell line	Bone	MG63.3	GSM1915001	GSM1915003
SE_02_0443	Human	NCBI GEO/SRA	Cell line	Bone	MG63	GSM1915005	GSM1915007
SE_02_0444	Human	NCBI GEO/SRA	Tissue	Bone	osteosarcoma tumor P10	GSM2870638	GSM2870639
SE_02_0445	Human	NCBI GEO/SRA	Tissue	Lung	lung metastasis from primary osteosarcoma tumor M10	GSM2870641	GSM2870642
SE_02_0446	Human	NCBI GEO/SRA	Tissue	Bone	osteosarcoma tumor P2	GSM2870644	GSM2870645
SE_02_0447	Human	NCBI GEO/SRA	Tissue	Lung	lung metastasis from primary osteosarcoma tumor M2	GSM2870647	GSM2870648
SE_02_0448	Human	NCBI GEO/SRA	Cell line	Bone	MNNG	GSM1915009	GSM1915011
SE_02_0449	Human	NCBI GEO/SRA	Cell line	Bone marrow	KMS27	GSM2690228	GSM2690226
SE_02_0450	Human	NCBI GEO/SRA	Cell line	Bone marrow	KMS27_siChe	GSM2690229	GSM2690226
SE_02_0451	Human	NCBI GEO/SRA	Tissue	Skin	in vitro transformedskin fibroblasts_tumourigenic	GSM2700091	GSM2700092
SE_02_0452	Human	NCBI GEO/SRA	Tissue	Skin	hTERT immortalised human skin fibroblasts_Non-tumourigenic	GSM2700098	GSM2700099
SE_02_0453	Human	NCBI GEO/SRA	Primary cell	Neuroblastoma	SJNB3	GSM2871002	GSM2871003
SE_02_0454	Human	NCBI GEO/SRA	Primary cell	Th17 lymphocytes	Th17-IL-10+ Day 0	GSM3021033	GSM2701844
SE_02_0455	Human	NCBI GEO/SRA	Primary cell	Th17 lymphocytes	Th17-IL-10+ Day 5	GSM3021034	GSM2701845
SE_02_0456	Human	NCBI GEO/SRA	Primary cell	Th17 lymphocytes	Th17-IL-10- Day 0	GSM3021035	GSM2701844
SE_02_0457	Human	NCBI GEO/SRA	Primary cell	Th17 lymphocytes	Th17-IL-10- Day 5	GSM3021036	GSM2701845
SE_02_0458	Human	NCBI GEO/SRA	Cell line	Colon	HCT116 DMSO	GSM2712746	GSM2712745
SE_02_0459	Human	NCBI GEO/SRA	Cell line	Blood	ME-1_DMSO_6h	GSM2715535	GSM2715539
SE_02_0460	Human	NCBI GEO/SRA	Cell line	Blood	ME-1_I-10-49_6h	GSM2715536	GSM2715540
SE_02_0461	Human	NCBI GEO/SRA	Cell line	Blood	MV-4-11-B cells	GSM2716701	GSM2716702
SE_02_0462	Human	NCBI GEO/SRA	Cell line	Lung	NCI-H2171 cells	GSM2716709	GSM2716710
SE_02_0463	Human	NCBI GEO/SRA	Cell line	Blood	OCI-AML3 cells	GSM2716711	GSM2716712
SE_02_0464	Human	NCBI GEO/SRA	Cell line	Bone marrow	MOLM-13	GSM2716691	GSM2716692
SE_02_0465	Human	NCBI GEO/SRA	Primary cell	Adipose	subcutaneous adipocytes	GSM2742099	GSM2742101
SE_02_0466	Human	NCBI GEO/SRA	Primary cell	Adipose	visceral adipocytes	GSM2742107	GSM2742109
SE_02_0467	Human	NCBI GEO/SRA	Cell line	Kidney	786-O_control	GSM2746619	GSM2746625
SE_02_0468	Human	NCBI GEO/SRA	Cell line	Kidney	786-O PBRM1 shRNA#1	GSM2746620	GSM2746626
SE_02_0469	Human	NCBI GEO/SRA	Cell line	Kidney	786-O PBRM1 shRNA#2	GSM2746621	GSM2746627
SE_02_0470	Human	NCBI GEO/SRA	Cell line	Blood	GM12878	GSM3074440	GSM2748915
SE_02_0471	Human	NCBI GEO/SRA	Cell line	Brain	Kelly DMSO	GSM2752686	GSM2752690
SE_02_0472	Human	NCBI GEO/SRA	Cell line	Brain	Kelly TAE resistant	GSM2752700	GSM2752704
SE_02_0473	Human	NCBI GEO/SRA	Cell line	Brain	Kelly JQ1 treated TAE resistant	GSM2752712	GSM2752716
SE_02_0474	Human	NCBI GEO/SRA	Tissue	Fibroblast	umbilical cord Fibroblast	GSM2753392	GSM2753391
SE_02_0475	Human	NCBI GEO/SRA	Primary cell	Induced hepatocyte-like cells	hepatocyte-like cells	GSM2753394	GSM2753393
SE_02_0476	Human	NCBI GEO/SRA	Induced pluripotent stem cell	iPSCs	hiPSC derived hepatocyte-like cells	GSM2753396	GSM2753395
SE_02_0477	Human	NCBI GEO/SRA	Primary cell	Colon	intestinal epithelial organoids_139a	GSM2771965	GSM2771975
SE_02_0478	Human	NCBI GEO/SRA	Tissue	Colon	normal colon mucosa	GSM2771988	GSM2771994
SE_02_0479	Human	NCBI GEO/SRA	Cell line	Head and neck	SCC25	GSM2773919	GSM2773925
SE_02_0480	Human	NCBI GEO/SRA	Cell line	Gingival epithelial	HGEP	GSM2773933	GSM2773939
SE_02_0481	Human	NCBI GEO/SRA	Cell line	Mammary gland	MDA-MB231	GSM2785558	GSM2785567
SE_02_0482	Human	NCBI GEO/SRA	Cell line	Bone marrow	HSCe_18y_CD34+,CD38-,Lineage-_	GSM2797234	GSM2797243
SE_02_0483	Human	NCBI GEO/SRA	Cell line	Bone marrow	HSCe_22y_CD34+,CD38-,Lineage-	GSM2797235	GSM2797244
SE_02_0484	Human	NCBI GEO/SRA	Cell line	Bone marrow	HSCe_23y_CD34+,CD38-,Lineage-	GSM2797237	GSM2797246
SE_02_0485	Human	NCBI GEO/SRA	Cell line	Bone marrow	HSCe_65y_CD34+,CD38-,Lineage-	GSM2797238	GSM2797257
SE_02_0486	Human	NCBI GEO/SRA	Cell line	Bone marrow	HSCe_66y_CD34+,CD38-,Lineage-	GSM2797239	GSM2797262
SE_02_0487	Human	NCBI GEO/SRA	Cell line	Bone marrow	HSCe_71y_CD34+,CD38-,Lineage-	GSM2797241	GSM2797269
SE_02_0488	Human	NCBI GEO/SRA	Cell line	Bone marrow	HSCe_74y_CD34+,CD38-,Lineage-	GSM2797242	GSM2797271
SE_02_0489	Human	NCBI GEO/SRA	Primary cell	Bone marrow	HSCe_23y_F_CD34+,CD38-,Lineage-	GSM2797236	GSM2797245
SE_02_0490	Human	NCBI GEO/SRA	Primary cell	Bone marrow	HSCe_68y_CD34+,CD38-,Lineage-	GSM2797240	GSM2797265
SE_02_0491	Human	NCBI GEO/SRA	Cell line	Pharyng	Detroit 562-Control	GSM2804428	GSM2804430
SE_02_0492	Human	NCBI GEO/SRA	Cell line	Pharyng	Detroit 562_LPS	GSM2804429	GSM2804431
SE_02_0493	Human	NCBI GEO/SRA	Primary cell	Islets	differentiated hESCs Early pancreatic progenitor cells	GSM2808677	GSM2808701
SE_02_0494	Human	NCBI GEO/SRA	Primary cell	Islets	differentiated hESCs Late pancreatic progenitor cells	GSM2808678	GSM2808702
SE_02_0495	Human	NCBI GEO/SRA	Primary cell	Islets	differentiated hESCs Early LSD1 inhibition PP2	GSM2808680	GSM2808704
SE_02_0496	Human	NCBI GEO/SRA	Cell line	Mammary gland	C49R	GSM2813058	GSM2813057
SE_02_0497	Human	NCBI GEO/SRA	Cell line	Fetal lung	IMR90_#1	GSM2830427	GSM2830399
SE_02_0498	Human	NCBI GEO/SRA	Cell line	Fetal lung	IMR90 Senescent_1	GSM2830430	GSM2830404
SE_02_0499	Human	NCBI GEO/SRA	Cell line	Fetal lung	IMR90 IR Senescence	GSM2830448	GSM2830442
SE_02_0500	Human	NCBI GEO/SRA	Cell line	Fetal lung	IMR90_#2	GSM2830428	GSM2830400
SE_02_0501	Human	NCBI GEO/SRA	Cell line	Blood	HL-60_CTRL	GSM2836486	GSM2836500
SE_02_0502	Human	NCBI GEO/SRA	Cell line	Blood	HL-60_PMA_16h	GSM2836487	GSM2836501
SE_02_0503	Human	NCBI GEO/SRA	Cell line	Esophagus	KYSE140_1	GSM2837601	GSM2837602
SE_02_0504	Human	NCBI GEO/SRA	Cell line	Esophagus	KYSE510_1	GSM2837603	GSM2837604
SE_02_0505	Human	NCBI GEO/SRA	Cell line	Esophagus	KYSE70_1	GSM2837605	GSM2837606
SE_02_0506	Human	NCBI GEO/SRA	Cell line	Esophagus	TE5_1	GSM2837607	GSM2837608
SE_02_0507	Human	NCBI GEO/SRA	Cell line	Esophagus	TE7_1	GSM2837609	GSM2837610
SE_02_0508	Human	NCBI GEO/SRA	Cell line	Esophagus	TT_1	GSM2837611	GSM2837612
SE_02_0509	Human	NCBI GEO/SRA	Cell line	Prostate	LNCaP95_shGFP_ETOH	GSM2842652	GSM2842658
SE_02_0510	Human	NCBI GEO/SRA	Cell line	Prostate	LNCaP95_shGFP_DHT	GSM2842653	GSM2842659
SE_02_0511	Human	NCBI GEO/SRA	Cell line	Prostate	LNCaP95_shARv7_ETOH	GSM2842654	GSM2842660
SE_02_0512	Human	NCBI GEO/SRA	Cell line	Prostate	LNCaP95_shARv7_DHT	GSM2842655	GSM2842661
SE_02_0513	Human	NCBI GEO/SRA	Cell line	Prostate	LNCaP95_shARfl_ETOH	GSM2842656	GSM2842662
SE_02_0514	Human	NCBI GEO/SRA	Cell line	Prostate	LNCaP95_shARfl_DHT	GSM2842657	GSM2842663
SE_02_0515	Human	NCBI GEO/SRA	Cell line	Esophagus	KYSE140	GSM2842760	GSM2842761
SE_02_0516	Human	NCBI GEO/SRA	Cell line	Esophagus	KYSE70	GSM2842762	GSM2842763
SE_02_0517	Human	NCBI GEO/SRA	Cell line	Esophagus	TE5	GSM2842764	GSM2842767
SE_02_0518	Human	NCBI GEO/SRA	Cell line	Esophagus	TT_Esophagus carcinoma	GSM2842768	GSM2842769
SE_02_0519	Human	NCBI GEO/SRA	Primary cell	Endometrial epithelial	endometrial epithelial cells ARID1A WT	GSM3537249	GSM3537189
SE_02_0520	Human	NCBI GEO/SRA	Primary cell	Endometrial epithelial	endometrial epithelial cells ARID1A KO	GSM3537252	GSM3537192
SE_02_0521	Human	NCBI GEO/SRA	Cell line	Colon	SW480	GSM2857645	GSM2857641
SE_02_0522	Human	NCBI GEO/SRA	Cell line	Colon	SW620	GSM2857651	GSM2857647
SE_02_0523	Human	NCBI GEO/SRA	Cell line	Lung	NCIH810	GSM2857607	GSM2857608
SE_02_0524	Human	NCBI GEO/SRA	Primary cell	Pancreas	iPS derived pancreatic precursor cells_Lane2	GSM2858065	GSM2858068
SE_02_0525	Human	NCBI GEO/SRA	Primary cell	Pancreas	iPS derived pancreatic precursor cells_Lane1	GSM2858064	GSM2858067
SE_02_0526	Human	NCBI GEO/SRA	Cell line	Mammary gland	MCF7 TRPS1 KO	GSM2859583	GSM2859578
SE_02_0527	Human	NCBI GEO/SRA	Cell line	Mammary gland	MCF7_WT	GSM2859580	GSM2859574
SE_02_0528	Human	NCBI GEO/SRA	Cell line	Blood	MV-411	GSM2860629	GSM2860638
SE_02_0529	Human	NCBI GEO/SRA	Induced pluripotent stem cell	Heart	Heart-derived sendai virus reprogrammed iPSC	GSM2862166	GSM2862161
SE_02_0530	Human	NCBI GEO/SRA	Primary cell	Mammary gland	MCF10A	GSM2862174	GSM2862169
SE_02_0531	Human	NCBI GEO/SRA	Cell line	Mammary gland	MDA-MB-231	GSM2862183	GSM2862178
SE_02_0532	Human	NCBI GEO/SRA	Cell line	Mammary gland	T47D	GSM2862201	GSM2862196
SE_02_0533	Human	NCBI GEO/SRA	Tissue	Blood vessel	Circle of Willis_54y	GSM2862457	GSM2862461
SE_02_0534	Human	NCBI GEO/SRA	Tissue	Blood vessel	Circle of Willis_60y	GSM2862458	GSM2862462
SE_02_0535	Human	NCBI GEO/SRA	Cell line	Brain	SK-N-BE_2_-C_naive_vehicle	GSM2876322	GSM2876318
SE_02_0536	Human	NCBI GEO/SRA	Cell line	Brain	SK-N-BE_2_-C_resistant_vehicle	GSM2876323	GSM2876319
SE_02_0537	Human	NCBI GEO/SRA	Cell line	Brain	SK-N-BE_2_-C_naive_JQ1	GSM2876324	GSM2876320
SE_02_0538	Human	NCBI GEO/SRA	Cell line	Brain	SK-N-BE_2_-C_resistant_JQ1	GSM2876325	GSM2876321
SE_02_0539	Human	NCBI GEO/SRA	Cell line	Brain	SK-N-BE_2_-C_GFP_control	GSM3231627	GSM3231625
SE_02_0540	Human	NCBI GEO/SRA	Cell line	Brain	SK-N-BE_2_-C_PI3K_engineered	GSM3231628	GSM3231626
SE_02_0541	Human	NCBI GEO/SRA	Cell line	Brain	Kelly_NaiveJQ1	GSM3231643	GSM3231639
SE_02_0542	Human	NCBI GEO/SRA	Cell line	Brain	Kelly_ResJQ1	GSM3231644	GSM3231640
SE_02_0543	Human	NCBI GEO/SRA	Cell line	Brain	Kelly_vehicle	GSM3231641	GSM3231637
SE_02_0544	Human	NCBI GEO/SRA	Cell line	Brain	Kelly_ResVeh	GSM3231642	GSM3231638
SE_02_0545	Human	NCBI GEO/SRA	Cell line	Bone marrow	K562 WT	GSM2877103	GSM2877109
SE_02_0546	Human	NCBI GEO/SRA	Cell line	Bone marrow	K562_MYO1D Non-hub KO	GSM2877111	GSM2877117
SE_02_0547	Human	NCBI GEO/SRA	Cell line	Bone marrow	K562_MYO1D_Hub_KO	GSM2877119	GSM2877125
SE_02_0548	Human	NCBI GEO/SRA	Cell line	Blood	THP-1_24h with EtOH	GSM2881831	GSM2881837
SE_02_0549	Human	NCBI GEO/SRA	Cell line	Other	Aska shCt	GSM2887571	GSM2887579
SE_02_0550	Human	NCBI GEO/SRA	Cell line	Other	Aska-BAF47KO1 shCt	GSM2887583	GSM2887585
SE_02_0551	Human	NCBI GEO/SRA	Cell line	Other	Aska-BAF47KO1 shSSX	GSM2887584	GSM2887586
SE_02_0552	Human	NCBI GEO/SRA	Cell line	Other	SYO1 shCt	GSM2887592	GSM2887594
SE_02_0553	Human	NCBI GEO/SRA	Cell line	Other	HSSY2 shCt	GSM2887599	GSM2887601
SE_02_0554	Human	NCBI GEO/SRA	Cell line	Other	Aska shSSX	GSM2887572	GSM2887580
SE_02_0555	Human	NCBI GEO/SRA	Cell line	Other	HAP1_WT	GSM2897181	GSM2897184
SE_02_0556	Human	NCBI GEO/SRA	Induced pluripotent stem cell	iPSCs	BOFS hiPSC cl1	GSM2902691	GSM2902690
SE_02_0557	Human	NCBI GEO/SRA	Induced pluripotent stem cell	iPSCs	WT hiPSC#1	GSM2902697	GSM2902696
SE_02_0558	Human	NCBI GEO/SRA	Induced pluripotent stem cell	iPSCs	FX52 iPSCs mock	GSM2742888	GSM2742890
SE_02_0559	Human	NCBI GEO/SRA	Induced pluripotent stem cell	iPSCs	FX52 iPSCs dC-T	GSM2742900	GSM2742902
SE_02_0560	Human	NCBI GEO/SRA	Primary cell	iPSCs	FX52_Cas9-inactive Tet1_CGG sgRNA	GSM2742894	GSM2742896
SE_02_0561	Human	NCBI GEO/SRA	Cell line	Lung	A549_1	GSM2905596	GSM2905602
SE_02_0562	Human	NCBI GEO/SRA	Cell line	Lung	A549_Dex-treated	GSM2905606	GSM2905612
SE_02_0563	Human	NCBI GEO/SRA	Cell line	Mammary gland	MCF7L-P_0h	GSM2913217	GSM2913215
SE_02_0564	Human	NCBI GEO/SRA	Cell line	Mammary gland	MCF7L-P_E2_1h	GSM2913225	GSM2913223
SE_02_0565	Human	NCBI GEO/SRA	Cell line	Mammary gland	MCF7L-P_E2_16h	GSM2913241	GSM2913239
SE_02_0566	Human	NCBI GEO/SRA	Cell line	Mammary gland	MCF7L-P_E2_24h	GSM2913249	GSM2913247
SE_02_0567	Human	NCBI GEO/SRA	Cell line	Mammary gland	MCF7L-P_TAMR	GSM2913261	GSM2913259
SE_02_0568	Human	NCBI GEO/SRA	Cell line	Mammary gland	MCF7L_E2_4h	GSM2913233	GSM2913231
SE_02_0569	Human	NCBI GEO/SRA	Stem cell	Periodontal ligament	mesenchymal stem cell	GSM4035008	GSM4035010
SE_02_0570	Human	NCBI GEO/SRA	Cell line	Brain	LN229_10_mM_glucose	GSM2940011	GSM2940023
SE_02_0571	Human	NCBI GEO/SRA	Cell line	Brain	LN229_1mM_glucose_5mM_acetate	GSM2940013	GSM2940025
SE_02_0572	Human	NCBI GEO/SRA	Cell line	Brain	LN229_1_mM_glucose	GSM2940015	GSM2940027
SE_02_0573	Human	NCBI GEO/SRA	Cell line	Blood	Nalm6_1	GSM2940709	GSM2940705
SE_02_0574	Human	NCBI GEO/SRA	Cell line	Blood	MOLM-13_sgNeg2	GSM2944358	GSM2944355
SE_02_0575	Human	NCBI GEO/SRA	Cell line	Blood	MOLM13_sgLKB1e2	GSM2944360	GSM2944357
SE_02_0576	Human	NCBI GEO/SRA	Cell line	Blood	HEL_sgLKB1e2	GSM2944366	GSM2944363
SE_02_0577	Human	NCBI GEO/SRA	Cell line	Blood	MOLM13_empty	GSM2944372	GSM2944369
SE_02_0578	Human	NCBI GEO/SRA	Cell line	Blood	MOLM-13_sgSIK3e4	GSM2944359	GSM2944356
SE_02_0579	Human	NCBI GEO/SRA	Cell line	Blood	HEL_sgNeg2	GSM2944364	GSM2944361
SE_02_0580	Human	NCBI GEO/SRA	Cell line	Blood	HEL_sgSIK3e4	GSM2944365	GSM2944362
SE_02_0581	Human	NCBI GEO/SRA	Cell line	Blood	MOLM13_empty_HG	GSM2944373	GSM2944370
SE_02_0582	Human	NCBI GEO/SRA	Cell line	Blood	MOLM13_SIK3TQ_HG	GSM2944374	GSM2944371
SE_02_0583	Human	NCBI GEO/SRA	Cell line	Liver	HuH-7	GSM2946721	GSM2946724
SE_02_0584	Human	NCBI GEO/SRA	Cell line	Lung	H1299 WT	GSM2946891	GSM2946892
SE_02_0585	Human	NCBI GEO/SRA	Primary cell	Umbilical vein	HUVEC 0hour	GSM2947429	GSM2947469
SE_02_0586	Human	NCBI GEO/SRA	Primary cell	Chordal	patient-derived chordoma MGH_4	GSM2967369	GSM2967370
SE_02_0587	Human	NCBI GEO/SRA	Primary cell	Chordal	matched normal adjacent to MGH_4 chordoma	GSM2967371	GSM2967372
SE_02_0588	Human	NCBI GEO/SRA	Cell line	Cervix	HeLa Kyoto_untreated	GSM2982894	GSM2982902
SE_02_0589	Human	NCBI GEO/SRA	Cell line	Cervix	HeLa Kyoto_Luci siRNA	GSM2982895	GSM2982903
SE_02_0590	Human	NCBI GEO/SRA	Cell line	Cervix	HeLa Kyoto_Luci PWWP2A siRNA	GSM2982896	GSM2982904
SE_02_0591	Human	NCBI GEO/SRA	Primary cell	PBMCs	adult CD4+CD25-CD45RA+CD27+ naive T cells	GSM2991633	GSM2991642
SE_02_0592	Human	NCBI GEO/SRA	Primary cell	PBMCs	adult CD4+CD25hiCD127lo regulatory T cells	GSM2991636	GSM2991645
SE_02_0593	Human	NCBI GEO/SRA	Primary cell	Fetal spleenocytes	fetal naive T cells	GSM2991639	GSM2991648
SE_02_0594	Human	NCBI GEO/SRA	Primary cell	iPSC-derived	neural progenitors	GSM3893738	GSM3893736
SE_02_0595	Human	NCBI GEO/SRA	Primary cell	Mammary gland	MCF10A_scrshRNA_Nutlin3A	GSM3020112	GSM3020114
SE_02_0596	Human	NCBI GEO/SRA	Primary cell	Mammary gland	MCF10A_ DMSO	GSM3020125	GSM3020128
SE_02_0597	Human	NCBI GEO/SRA	Primary cell	Mammary gland	MCF10A_Nutlin3A	GSM3020132	GSM3020133
SE_02_0598	Human	NCBI GEO/SRA	Cell line	Colon	HCT116 TP53-/-_Nutlin3A	GSM3020150	GSM3020144
SE_02_0599	Human	NCBI GEO/SRA	Cell line	Colon	HCT116_DMSO	GSM3020152	GSM3020145
SE_02_0600	Human	NCBI GEO/SRA	Cell line	Mammary gland	MCF10A_p53shRNA_DMSO	GSM3020097	GSM3020105
SE_02_0601	Human	NCBI GEO/SRA	Cell line	Mammary gland	MCF10A_p53shRNA_Nutlin3A	GSM3020099	GSM3020106
SE_02_0602	Human	NCBI GEO/SRA	Cell line	Mammary gland	MCF10A_p63shRNA_DMSO	GSM3020101	GSM3020107
SE_02_0603	Human	NCBI GEO/SRA	Cell line	Mammary gland	MCF10A_p63shRNA_Nutlin3A	GSM3020103	GSM3020108
SE_02_0604	Human	NCBI GEO/SRA	Cell line	Mammary gland	MCF10A_scrshRNA_DMSO	GSM3020109	GSM3020111
SE_02_0605	Human	NCBI GEO/SRA	Tissue	Skin	Skin Fibroblast_DMSO	GSM3020119	GSM3020120
SE_02_0606	Human	NCBI GEO/SRA	Tissue	Skin	Skin Fibroblast_Nutlin3A	GSM3020123	GSM3020124
SE_02_0607	Human	NCBI GEO/SRA	Cell line	Colon	HCT116 TP53-/-_Nutlin-3A	GSM3020148	GSM3020143
SE_02_0608	Human	NCBI GEO/SRA	Cell line	Colon	HCT116_Nutlin-3A	GSM3020154	GSM3020146
SE_02_0609	Human	NCBI GEO/SRA	Cell line	Liposarcoma	LPS141	GSM3027215	GSM3027214
SE_02_0610	Human	NCBI GEO/SRA	Cell line	Liposarcoma	MLS 1765-92	GSM3027231	GSM3027230
SE_02_0611	Human	NCBI GEO/SRA	Tissue	Liposarcoma	DDLPS_T1	GSM3307292	GSM3307291
SE_02_0612	Human	NCBI GEO/SRA	Tissue	Liposarcoma	DDLPS_T2	GSM3307294	GSM3307293
SE_02_0613	Human	NCBI GEO/SRA	Tissue	Liposarcoma	MLPS_T1	GSM3307296	GSM3307295
SE_02_0614	Human	NCBI GEO/SRA	Tissue	Liposarcoma	MLPS_T2	GSM3307298	GSM3307297
SE_02_0615	Human	NCBI GEO/SRA	Primary cell	Liposarcoma	liposarcoma cells_MLS402	GSM3027225	GSM3027224
SE_02_0616	Human	NCBI GEO/SRA	Primary cell	Liposarcoma	liposarcoma cells_LP6	GSM3027233	GSM3027232
SE_02_0617	Human	NCBI GEO/SRA	Primary cell	HSPC	FL CD34+CD38-/lowCD90+ HSPC	GSM3738884	GSM3032071
SE_02_0618	Human	NCBI GEO/SRA	Cell line	Head and Neck	HPV+ HNSCC_SCC-090	GSM3510061	GSM3510065
SE_02_0619	Human	NCBI GEO/SRA	Cell line	Head and Neck	HPV+ HNSCC_SCC-047	GSM3510066	GSM3510070
SE_02_0620	Human	NCBI GEO/SRA	Primary cell	Aortic	Aortic Endothelial Cells_DF	GSM3067882	GSM3067892
SE_02_0621	Human	NCBI GEO/SRA	Primary cell	Aortic	Aortic Endothelial Cells_UF	GSM3067883	GSM3067893
SE_02_0622	Human	NCBI GEO/SRA	Cell line	Blood	EOL1_Naive	GSM3094374	GSM3094366
SE_02_0623	Human	NCBI GEO/SRA	Cell line	Mammary gland	TAMR_E2	GSM3096443	GSM3096449
SE_02_0624	Human	NCBI GEO/SRA	Cell line	Mammary gland	TAMR_VEH	GSM3096458	GSM3096467
SE_02_0625	Human	NCBI GEO/SRA	Cell line	Mammary gland	WS8_4OHT	GSM3096473	GSM3096479
SE_02_0626	Human	NCBI GEO/SRA	Cell line	Mammary gland	WS8_E2	GSM3096485	GSM3096491
SE_02_0627	Human	NCBI GEO/SRA	Cell line	Mammary gland	WS8_VEH	GSM3096500	GSM3096509
SE_02_0628	Human	NCBI GEO/SRA	Cell line	Brain	CHP-134	GSM3097931	GSM3097932
SE_02_0629	Human	NCBI GEO/SRA	Cell line	Gastrointestinal Stromal	GIST-T1_DMSO	GSM3100241	GSM3100242
SE_02_0630	Human	NCBI GEO/SRA	Cell line	Gastrointestinal Stromal	GIST-T1_Imatinib	GSM3100243	GSM3100244
SE_02_0631	Human	NCBI GEO/SRA	Cell line	Gastrointestinal Stromal	GIST-T1_JQ1	GSM3100245	GSM3100246
SE_02_0632	Human	NCBI GEO/SRA	Cell line	Gastrointestinal Stromal	GIST-48B_DMSO	GSM3100247	GSM3100248
SE_02_0633	Human	NCBI GEO/SRA	Cell line	Gastrointestinal Stromal	GIST-48B_Imatinib	GSM3100249	GSM3100250
SE_02_0634	Human	NCBI GEO/SRA	Cell line	Gastrointestinal Stromal	GIST-48B_JQ1	GSM3100251	GSM3100252
SE_02_0635	Human	NCBI GEO/SRA	Cell line	Synovial sarcoma	HSSYII_Untreated	GSM3100601	GSM3100602
SE_02_0636	Human	NCBI GEO/SRA	Cell line	Skin	BJ5ta	GSM3102901	GSM3102890
SE_02_0637	Human	NCBI GEO/SRA	Primary cell	Fibroblast	fibroblast_WT_GM07492	GSM3970384	GSM3970386
SE_02_0638	Human	NCBI GEO/SRA	Primary cell	Fibroblast	HGPS fibroblast_LMNA_AG11498	GSM3970385	GSM3970392
SE_02_0639	Human	NCBI GEO/SRA	Tissue	Blood	T-ALL PDX	GSM3109178	GSM3109179
SE_02_0640	Human	NCBI GEO/SRA	Cell line	Mammary gland	MDA-MB-436_DMSO	GSM3111081	GSM3111078
SE_02_0641	Human	NCBI GEO/SRA	Cell line	Mammary gland	MDA-MB-436_20A paclitaxel	GSM3111086	GSM3111083
SE_02_0642	Human	NCBI GEO/SRA	Cell line	Mammary gland	MDA-MB-436_20C paclitaxel	GSM3111096	GSM3111093
SE_02_0643	Human	NCBI GEO/SRA	Cell line	Mammary gland	MDA-MB-436	GSM3111091	GSM3111088
SE_02_0644	Human	NCBI GEO/SRA	Primary cell	Tracheobronchial epithelial	HTBE_H1N1_12h	GSM3112320	GSM3112322
SE_02_0645	Human	NCBI GEO/SRA	Primary cell	Tracheobronchial epithelial	HTBE_H1N1_18h	GSM3112323	GSM3112325
SE_02_0646	Human	NCBI GEO/SRA	Primary cell	Tracheobronchial epithelial	HTBE_H1N1_24h	GSM3112326	GSM3112328
SE_02_0647	Human	NCBI GEO/SRA	Primary cell	Tracheobronchial epithelial	HTBE_H1N1_mock	GSM3112329	GSM3112331
SE_02_0648	Human	NCBI GEO/SRA	Primary cell	Tracheobronchial epithelial	HTBE_H3N2_03h	GSM3112332	GSM3112334
SE_02_0649	Human	NCBI GEO/SRA	Primary cell	Tracheobronchial epithelial	HTBE_H3N2_06h	GSM3112335	GSM3112337
SE_02_0650	Human	NCBI GEO/SRA	Primary cell	Tracheobronchial epithelial	HTBE_H3N2_12h	GSM3112338	GSM3112340
SE_02_0651	Human	NCBI GEO/SRA	Primary cell	Tracheobronchial epithelial	HTBE_H3N2_18h	GSM3112341	GSM3112343
SE_02_0652	Human	NCBI GEO/SRA	Primary cell	Tracheobronchial epithelial	HTBE_H3N2_mock	GSM3112344	GSM3112346
SE_02_0653	Human	NCBI GEO/SRA	Primary cell	Tracheobronchial epithelial	HTBE_H5N1_03h	GSM3112347	GSM3112349
SE_02_0654	Human	NCBI GEO/SRA	Primary cell	Tracheobronchial epithelial	HTBE_H5N1_06h	GSM3112351	GSM3112353
SE_02_0655	Human	NCBI GEO/SRA	Primary cell	Tracheobronchial epithelial	HTBE_H5N1_12h	GSM3112355	GSM3112357
SE_02_0656	Human	NCBI GEO/SRA	Primary cell	Tracheobronchial epithelial	HTBE_H5N1_mock	GSM3112363	GSM3112367
SE_02_0657	Human	NCBI GEO/SRA	Primary cell	Tracheobronchial epithelial	HTBE_H1N1_06h	GSM3112317	GSM3112319
SE_02_0658	Human	NCBI GEO/SRA	Primary cell	Tracheobronchial epithelial	HTBE_H5N1_18h	GSM3112359	GSM3112361
SE_02_0659	Human	NCBI GEO/SRA	Cell line	Lung	H23	GSM2801174	GSM2801192
SE_02_0660	Human	NCBI GEO/SRA	Primary cell	Mammary gland	MCF10DCIS	GSM3123433	GSM3123432
SE_02_0661	Human	NCBI GEO/SRA	Primary cell	Mammary gland	MCF10DCIS-TetTCF7	GSM3123434	GSM3123435
SE_02_0662	Human	NCBI GEO/SRA	Primary cell	Mammary gland	N250		
SE_02_0663	Human	NCBI GEO/SRA	Cell line	Thyroid	TT	GSM3132041	GSM3132042
SE_02_0664	Human	NCBI GEO/SRA	Cell line	Prostate	LNCaP_DMSO	GSM3138725	GSM3138729
SE_02_0665	Human	NCBI GEO/SRA	Cell line	Prostate	RWPE1 Schlap1 rep1	GSM3140961	GSM3140971
SE_02_0666	Human	NCBI GEO/SRA	Cell line	Prostate	RWPE1 Lacz rep1	GSM3140959	GSM3140977
SE_02_0667	Human	NCBI GEO/SRA	Tissue	Mammary gland	MCF7_FA	GSM3149036	GSM3149113
SE_02_0668	Human	NCBI GEO/SRA	Tissue	Prostate	prostate cancer FA	GSM3149042	GSM3149115
SE_02_0669	Human	NCBI GEO/SRA	Tissue	Prostate	prostate cancer_DSG	GSM3149043	GSM3149114
SE_02_0670	Human	NCBI GEO/SRA	Tissue	Mammary gland	breast cancer FA	GSM3149068	GSM3149117
SE_02_0671	Human	NCBI GEO/SRA	Tissue	Mammary gland	breast cancer_DSG	GSM3149069	GSM3149116
SE_02_0672	Human	NCBI GEO/SRA	Tissue	Endometrium	endometrium cancer_DSG	GSM3149097	GSM3149118
SE_02_0673	Human	NCBI GEO/SRA	Cell line	Prostate	LNCAP_FA	GSM3149028	GSM3149112
SE_02_0674	Human	NCBI GEO/SRA	Cell line	Endometrium	E1_FA	GSM3149096	GSM3149119
SE_02_0675	Human	NCBI GEO/SRA	Primary cell	Embryo	H1 hESC-derived neural progenitor cells_Smad_0hr	GSM3163826	GSM3163840
SE_02_0676	Human	NCBI GEO/SRA	Primary cell	Embryo	H1 hESC-derived neural progenitor cells_Smad_3hr	GSM3163827	GSM3163841
SE_02_0677	Human	NCBI GEO/SRA	Primary cell	Embryo	H1 hESC-derived neural progenitor cells_Smad_6hr	GSM3163828	GSM3163842
SE_02_0678	Human	NCBI GEO/SRA	Primary cell	Embryo	H1 hESC-derived neural progenitor cells_Smad_12hr	GSM3163829	GSM3163843
SE_02_0679	Human	NCBI GEO/SRA	Primary cell	Embryo	H1 hESC-derived neural progenitor cells_Smad_24hr	GSM3163830	GSM3163844
SE_02_0680	Human	NCBI GEO/SRA	Primary cell	Embryo	H1 hESC-derived neural progenitor cells_Smad_48hr	GSM3163831	GSM3163845
SE_02_0681	Human	NCBI GEO/SRA	Primary cell	Embryo	H1 hESC-derived neural progenitor cells_Smad_72hr	GSM3163832	GSM3163846
SE_02_0682	Human	NCBI GEO/SRA	Cell line	Blood	Kasumi-1	GSM3165517	GSM3165520
SE_02_0683	Human	NCBI GEO/SRA	Cell line	Lung	DMS114	GSM3165619	GSM3165620
SE_02_0684	Human	NCBI GEO/SRA	Cell line	Lung	DMS79	GSM3165623	GSM3165624
SE_02_0685	Human	NCBI GEO/SRA	Cell line	Lung	NCI-H1048_no infection	GSM3165627	GSM3165628
SE_02_0686	Human	NCBI GEO/SRA	Cell line	Lung	NCI-H128_no infection	GSM3165631	GSM3165632
SE_02_0687	Human	NCBI GEO/SRA	Cell line	Lung	NCI-H146_no infection	GSM3165635	GSM3165636
SE_02_0688	Human	NCBI GEO/SRA	Cell line	Lung	NCI-H211_no infection	GSM3165639	GSM3165640
SE_02_0689	Human	NCBI GEO/SRA	Cell line	Lung	NCI-H446_no infection	GSM3165643	GSM3165644
SE_02_0690	Human	NCBI GEO/SRA	Cell line	Lung	NCI-H510A_no infection	GSM3165647	GSM3165648
SE_02_0691	Human	NCBI GEO/SRA	Cell line	Lung	NCI-H524_no infection	GSM3165651	GSM3165652
SE_02_0692	Human	NCBI GEO/SRA	Cell line	Lung	NCI-H526_no infection	GSM3165655	GSM3165656
SE_02_0693	Human	NCBI GEO/SRA	Cell line	Lung	NCI-H69_no infection	GSM3165659	GSM3165660
SE_02_0694	Human	NCBI GEO/SRA	Cell line	Lung	NCI-H82_no infection	GSM3165663	GSM3165664
SE_02_0695	Human	NCBI GEO/SRA	Cell line	Lung	NCI-H889_no infection	GSM3165667	GSM3165668
SE_02_0696	Human	NCBI GEO/SRA	Cell line	Lung	COR-L311	GSM3165671	GSM3165672
SE_02_0697	Human	NCBI GEO/SRA	Cell line	Lung	NCI-H1048-cas9_sgHROSA	GSM3165675	GSM3165676
SE_02_0698	Human	NCBI GEO/SRA	Cell line	Lung	NCI-H1048-cas9_sgPOU2F3	GSM3165677	GSM3165678
SE_02_0699	Human	NCBI GEO/SRA	Cell line	Brain	Kelly_shB4_Res	GSM3172686	GSM3172688
SE_02_0700	Human	NCBI GEO/SRA	Cell line	Brain	Kelly_shLUC_Res	GSM3172698	GSM3172700
SE_02_0701	Human	NCBI GEO/SRA	Cell line	Bone	David_TC32	GSM3172713	GSM3172715
SE_02_0702	Human	NCBI GEO/SRA	Cell line	Bone	David_TC71	GSM3172721	GSM3172723
SE_02_0703	Human	NCBI GEO/SRA	Cell line	Pancreas	PATU8988S WT	GSM3178663	GSM3178662
SE_02_0704	Human	NCBI GEO/SRA	Cell line	Pancreas	HPAFII WT	GSM3178665	GSM3178664
SE_02_0705	Human	NCBI GEO/SRA	Cell line	Pancreas	AsPC1 WT	GSM3178667	GSM3178666
SE_02_0706	Human	NCBI GEO/SRA	Cell line	Pancreas	SUIT2 WT	GSM3178669	GSM3178668
SE_02_0707	Human	NCBI GEO/SRA	Cell line	Pancreas	BxPC3 WT	GSM3178671	GSM3178670
SE_02_0708	Human	NCBI GEO/SRA	Primary cell	Pancreas	hF3 organoid	GSM3178673	GSM3178672
SE_02_0709	Human	NCBI GEO/SRA	Primary cell	Pancreas	hT85_organoid	GSM3178675	GSM3178674
SE_02_0710	Human	NCBI GEO/SRA	Primary cell	Pancreas	hN34_organoid	GSM3178677	GSM3178676
SE_02_0711	Human	NCBI GEO/SRA	Primary cell	Pancreas	hN35_organoid	GSM3178679	GSM3178678
SE_02_0712	Human	NCBI GEO/SRA	Primary cell	Pancreas	BxPC3_sgNEG	GSM3178681	GSM3178680
SE_02_0713	Human	NCBI GEO/SRA	Primary cell	Pancreas	BxPC3_sgTP63	GSM3178683	GSM3178682
SE_02_0714	Human	NCBI GEO/SRA	Cell line	Pancreas	SUIT2_MTV	GSM3178687	GSM3178686
SE_02_0715	Human	NCBI GEO/SRA	Cell line	Pancreas	SUIT2_TP63dN	GSM3178689	GSM3178688
SE_02_0716	Human	NCBI GEO/SRA	Cell line	Pancreas	SUIT2_GFP	GSM3376436	GSM3178692
SE_02_0717	Human	NCBI GEO/SRA	Cell line	Pancreas	HPAFII_GFP_DOX	GSM3376440	GSM3376439
SE_02_0718	Human	NCBI GEO/SRA	Cell line	Pancreas	PATU8988S_GFP_DOX	GSM3376442	GSM3376441
SE_02_0719	Human	NCBI GEO/SRA	Cell line	Pancreas	SUIT2_TP63dN_DOX	GSM3376444	GSM3376443
SE_02_0720	Human	NCBI GEO/SRA	Cell line	Pancreas	AsPC1_TP63dN_DOX	GSM3376446	GSM3376445
SE_02_0721	Human	NCBI GEO/SRA	Cell line	Pancreas	HPAFII_TP63dN_DOX	GSM3376448	GSM3376447
SE_02_0722	Human	NCBI GEO/SRA	Cell line	Pancreas	PATU8988S_TP63dN_DOX	GSM3376450	GSM3376449
SE_02_0723	Human	NCBI GEO/SRA	Cell line	Pancreas	MIAPaca2 WT	GSM3376452	GSM3376451
SE_02_0724	Human	NCBI GEO/SRA	Primary cell	Pancreatic duct	AsPC1_GFP_DOX	GSM3376438	GSM3376437
SE_02_0725	Human	NCBI GEO/SRA	Cell line	Mammary gland	MCF10A-YAP5SA_ctrl	GSM3189840	GSM3189828
SE_02_0726	Human	NCBI GEO/SRA	Cell line	Mammary gland	MCF10A-YAP5SA_plusDOX	GSM3189841	GSM3189829
SE_02_0727	Human	NCBI GEO/SRA	Cell line	Fetal lung	IMR90_Etoposide	GSM3195624	GSM3195626
SE_02_0728	Human	NCBI GEO/SRA	Tissue	Lymphoma	I10_Mantle cell lymphoma tissue_DMSO	GSM3208904	GSM3208905
SE_02_0729	Human	NCBI GEO/SRA	Tissue	Lymphoma	I10_Mantle cell lymphoma tissue_THZ1	GSM3208906	GSM3208907
SE_02_0730	Human	NCBI GEO/SRA	Tissue	Lymphoma	J4_Mantle cell lymphoma tissue_DMSO	GSM3208908	GSM3208909
SE_02_0731	Human	NCBI GEO/SRA	Tissue	Lymphoma	J4_Mantle cell lymphoma tissue_THZ1	GSM3208910	GSM3208911
SE_02_0732	Human	NCBI GEO/SRA	Tissue	Lymphoma	L20_Mantle cell lymphoma tissue_DMSO	GSM3208912	GSM3208913
SE_02_0733	Human	NCBI GEO/SRA	Tissue	Lymphoma	L20_Mantle cell lymphoma tissue_THZ1	GSM3208914	GSM3208915
SE_02_0734	Human	NCBI GEO/SRA	Tissue	Lymphoma	PAR_Mantle cell lymphoma tissue_DMSO	GSM3208916	GSM3208917
SE_02_0735	Human	NCBI GEO/SRA	Tissue	Lymphoma	PAR_Mantle cell lymphoma tissue_THZ1	GSM3208918	GSM3208919
SE_02_0736	Human	NCBI GEO/SRA	Tissue	Blood	Pt24_leukemia cell_THZ1	GSM3208936	GSM3208937
SE_02_0737	Human	NCBI GEO/SRA	Tissue	Blood	Pt17_leukemia cell_THZ1	GSM3208938	GSM3208939
SE_02_0738	Human	NCBI GEO/SRA	Tissue	Blood	Pt22_leukemia cell_THZ1	GSM3208940	GSM3208941
SE_02_0739	Human	NCBI GEO/SRA	Cell line	Blood	Nalm6	GSM3210231	GSM3210233
SE_02_0740	Human	NCBI GEO/SRA	Cell line	Muscle	RH3	GSM3229488	GSM3229489
SE_02_0741	Human	NCBI GEO/SRA	Cell line	Muscle	RH30	GSM3229497	GSM3229498
SE_02_0742	Human	NCBI GEO/SRA	Stem cell	Embryo	ESCs_day0	GSM3262992	GSM3263052
SE_02_0743	Human	NCBI GEO/SRA	Primary cell	Embryo	ES derived mesoderm_day2	GSM3262994	GSM3263054
SE_02_0744	Human	NCBI GEO/SRA	Primary cell	Embryo	ES derived cardiac mesoderm_day5	GSM3262996	GSM3263056
SE_02_0745	Human	NCBI GEO/SRA	Primary cell	Embryo	ES derived cardiac progenitor cells_day7	GSM3262998	GSM3263058
SE_02_0746	Human	NCBI GEO/SRA	Primary cell	Embryo	ES derived primitive cardiomyocite_day15	GSM3263000	GSM3263060
SE_02_0747	Human	NCBI GEO/SRA	Primary cell	Embryo	ES derived ventricular cardiomyocyte_day80	GSM3263002	GSM3263062
SE_02_0748	Human	NCBI GEO/SRA	Cell line	Mammary gland	HCC1599_WO	GSM3263177	GSM3263199
SE_02_0749	Human	NCBI GEO/SRA	Cell line	Mammary gland	HCC1599_GSI	GSM3263179	GSM3263198
SE_02_0750	Human	NCBI GEO/SRA	Cell line	Lymphoma	Rec-1_GSI	GSM3263214	GSM3263217
SE_02_0751	Human	NCBI GEO/SRA	Cell line	Lymphoma	Rec-1_WO	GSM3263212	GSM3263218
SE_02_0752	Human	NCBI GEO/SRA	Primary cell	Embryo	ES-derived progenitors_DE_wild type	GSM3271971	GSM3272011
SE_02_0753	Human	NCBI GEO/SRA	Primary cell	Embryo	ES-derived progenitors_FG type	GSM3271973	GSM3272013
SE_02_0754	Human	NCBI GEO/SRA	Primary cell	Embryo	ES-derived progenitors Pancreatic Progenitors 1 WT	GSM3271975	GSM3272015
SE_02_0755	Human	NCBI GEO/SRA	Primary cell	Embryo	ES-derived progenitors_DE FOXA2 -/-	GSM3271977	GSM3272018
SE_02_0756	Human	NCBI GEO/SRA	Primary cell	Embryo	ES-derived progenitors_FG FOXA2 -/-	GSM3271979	GSM3272019
SE_02_0757	Human	NCBI GEO/SRA	Primary cell	Embryo	ES-derived progenitors_FOXA2 -/-	GSM3271981	GSM3272020
SE_02_0758	Human	NCBI GEO/SRA	Cell line	Peripheral blood	REH	GSM3307217	GSM3307218
SE_02_0759	Human	NCBI GEO/SRA	Cell line	Ovary	BIN-67_Control	GSM3307910	GSM3307882
SE_02_0760	Human	NCBI GEO/SRA	Cell line	Ovary	BIN-67_SMARCA4	GSM3307916	GSM3307887
SE_02_0761	Human	NCBI GEO/SRA	Cell line	Ovary	BIN-67_SMARCA4.T910M	GSM3307914	GSM3307908
SE_02_0762	Human	NCBI GEO/SRA	Primary cell	Podocyte	podocyte_CTL	GSM3314497	GSM3314499
SE_02_0763	Human	NCBI GEO/SRA	Primary cell	Podocyte	podocyte_DEX	GSM3314498	GSM3314499
SE_02_0764	Human	NCBI GEO/SRA	Cell line	Prostate	LNCaP_DHT_DMSO_6h	GSM3323539	GSM3323541
SE_02_0765	Human	NCBI GEO/SRA	Cell line	Prostate	22RV1-DHT-DMSO_6h	GSM3734773	GSM3734774
SE_02_0766	Human	NCBI GEO/SRA	Cell line	Ovary	PEO1	GSM3328052	GSM3328049
SE_02_0767	Human	NCBI GEO/SRA	Cell line	Ovary	OVCA429	GSM3328058	GSM3328055
SE_02_0768	Human	NCBI GEO/SRA	Cell line	Ovary	SKOV3	GSM3328064	GSM3328061
SE_02_0769	Human	NCBI GEO/SRA	Cell line	Ovary	HEYA8	GSM3328070	GSM3328067
SE_02_0770	Human	NCBI GEO/SRA	Cell line	Ovary	OVCA429_shLuc	GSM3328076	GSM3328073
SE_02_0771	Human	NCBI GEO/SRA	Cell line	Ovary	OVCA429_shGRHL2	GSM3328082	GSM3328079
SE_02_0772	Human	NCBI GEO/SRA	Cell line	Prostate	22Rv1_delSite1_Clone11/12-F6	GSM3356418	GSM3356423
SE_02_0773	Human	NCBI GEO/SRA	Cell line	Prostate	22Rv1_delSite4_Clone22/23-F8	GSM3356421	GSM3356424
SE_02_0774	Human	NCBI GEO/SRA	Cell line	Prostate	22Rv1_delSite1_Clone11/12-D8	GSM3356417	GSM3356422
SE_02_0775	Human	NCBI GEO/SRA	Cell line	Pancreas	EndoC-BH1_SE	GSM3333909	GSM3333910
SE_02_0776	Human	NCBI GEO/SRA	Cell line	Pancreas	EndoC-BH1	GSM3333900	GSM3333899
SE_02_0777	Human	NCBI GEO/SRA	Cell line	Mammary gland	MCF7_TAMR	GSM3336884	GSM3336888
SE_02_0778	Human	NCBI GEO/SRA	Cell line	Mammary gland	MCF7_FASR	GSM3336885	GSM3336889
SE_02_0779	Human	NCBI GEO/SRA	Cell line	Lymphoma	U2932	GSM3357687	GSM3357693
SE_02_0780	Human	NCBI GEO/SRA	Cell line	Liver	SMMC-7721	GSM3357691	GSM3357695
SE_02_0781	Human	NCBI GEO/SRA	Primary cell	Lymphoma	Pfeiffer_DMSO	GSM3357689	GSM3357694
SE_02_0782	Human	NCBI GEO/SRA	Cell line	Blood	MEC1	GSM3382050	GSM3382054
SE_02_0783	Human	NCBI GEO/SRA	Cell line	Blood	MEC2	GSM3382051	GSM3382055
SE_02_0784	Human	NCBI GEO/SRA	Cell line	Blood	OSU-CLL	GSM3382052	GSM3382056
SE_02_0785	Human	NCBI GEO/SRA	Cell line	Brain	2097	GSM3382201	GSM3382202
SE_02_0786	Human	NCBI GEO/SRA	Cell line	Brain	2489	GSM3382207	GSM3382208
SE_02_0787	Human	NCBI GEO/SRA	Cell line	Brain	2566	GSM3382213	GSM3382214
SE_02_0788	Human	NCBI GEO/SRA	Stem cell	Brain	3565	GSM3382287	GSM3382288
SE_02_0789	Human	NCBI GEO/SRA	Stem cell	Brain	3752	GSM3382305	GSM3382306
SE_02_0790	Human	NCBI GEO/SRA	Cell line	Brain	DI28	GSM3382197	GSM3382198
SE_02_0791	Human	NCBI GEO/SRA	Cell line	Brain	2455	GSM3382203	GSM3382204
SE_02_0792	Human	NCBI GEO/SRA	Cell line	Brain	2647	GSM3382217	GSM3382218
SE_02_0793	Human	NCBI GEO/SRA	Stem cell	Brain	MES20	GSM3382295	GSM3382296
SE_02_0794	Human	NCBI GEO/SRA	Stem cell	Brain	1552	GSM3382297	GSM3382298
SE_02_0795	Human	NCBI GEO/SRA	Stem cell	Brain	1953	GSM3382299	GSM3382300
SE_02_0796	Human	NCBI GEO/SRA	Stem cell	Brain	2229	GSM3382301	GSM3382302
SE_02_0797	Human	NCBI GEO/SRA	Stem cell	Brain	PNMNK1	GSM3382303	GSM3382304
SE_02_0798	Human	NCBI GEO/SRA	Stem cell	Brain	1919	GSM3382307	GSM3382308
SE_02_0799	Human	NCBI GEO/SRA	Stem cell	Brain	MESMN1	GSM3382309	GSM3382310
SE_02_0800	Human	NCBI GEO/SRA	Stem cell	Brain	3679	GSM3382313	GSM3382314
SE_02_0801	Human	NCBI GEO/SRA	Stem cell	Brain	2235	GSM3382317	GSM3382318
SE_02_0802	Human	NCBI GEO/SRA	Stem cell	Brain	3094	GSM3382319	GSM3382320
SE_02_0803	Human	NCBI GEO/SRA	Cell line	Brain	3128_GBM	GSM3382185	GSM3382186
SE_02_0804	Human	NCBI GEO/SRA	Cell line	Brain	2229_GBM	GSM3382187	GSM3382188
SE_02_0805	Human	NCBI GEO/SRA	Cell line	Brain	2223_GBM	GSM3382191	GSM3382192
SE_02_0806	Human	NCBI GEO/SRA	Cell line	Brain	3332_GBM	GSM3382193	GSM3382194
SE_02_0807	Human	NCBI GEO/SRA	Primary cell	Pancreatic duct	pancreatic epithelial cells_ARID1A_KO	GSM3386004	GSM3386005
SE_02_0808	Human	NCBI GEO/SRA	Cell line	Ovary	RMG1_ARID1A KO	GSM3392693	GSM3392699
SE_02_0809	Human	NCBI GEO/SRA	Cell line	Mammary gland	T47D Serum	GSM4001135	GSM3395054
SE_02_0810	Human	NCBI GEO/SRA	Cell line	Mammary gland	T47D noSerum	GSM4001136	GSM3395058
SE_02_0811	Human	NCBI GEO/SRA	Cell line	Thyroid	BCPAP	GSM3395255	GSM3395253
SE_02_0812	Human	NCBI GEO/SRA	Primary cell	Head and neck	HN120-Pri	GSM3406683	GSM3406681
SE_02_0813	Human	NCBI GEO/SRA	Primary cell	Head and neck	HN120-Met	GSM3406695	GSM3406684
SE_02_0814	Human	NCBI GEO/SRA	Primary cell	Head and neck	HN120-MCRDH	GSM3406694	GSM3406693
SE_02_0815	Human	NCBI GEO/SRA	Cell line	Mammary gland	SUM159PT	GSM3422109	GSM3422112
SE_02_0816	Human	NCBI GEO/SRA	Primary cell	Ovary	Clear cell ovarian cancer	GSM3426149	GSM3426169
SE_02_0817	Human	NCBI GEO/SRA	Primary cell	Ovary	Epithelial ovarian cancer	GSM3426154	GSM3426174
SE_02_0818	Human	NCBI GEO/SRA	Primary cell	Ovary	High-grade serous ovarian cancer	GSM3426159	GSM3426179
SE_02_0819	Human	NCBI GEO/SRA	Primary cell	Ovary	Mucinous ovarian cancer	GSM3426164	GSM3426184
SE_02_0820	Human	NCBI GEO/SRA	Cell line	Haematopoietic and lymphoid tissue	SET-2_WT_DMSO	GSM3436198	GSM3436194
SE_02_0821	Human	NCBI GEO/SRA	Cell line	Haematopoietic and lymphoid tissue	SET-2_WT_GSK-LSD1	GSM3436203	GSM3436199
SE_02_0822	Human	NCBI GEO/SRA	Cell line	Haematopoietic and lymphoid tissue	SET-2_insR_DMSO	GSM3436208	GSM3436204
SE_02_0823	Human	NCBI GEO/SRA	Cell line	Haematopoietic and lymphoid tissue	SET-2_insR_GSK-LSD1	GSM3436213	GSM3436209
SE_02_0824	Human	NCBI GEO/SRA	Cell line	Stomach	LMSU	GSM3438300	GSM3438301
SE_02_0825	Human	NCBI GEO/SRA	Cell line	Stomach	SNU484	GSM3438302	GSM3438303
SE_02_0826	Human	NCBI GEO/SRA	Tissue	Stomach	gastric tumor	GSM3438304	GSM3438305
SE_02_0827	Human	NCBI GEO/SRA	Tissue	Stomach	normal gastric	GSM3438306	GSM3438307
SE_02_0828	Human	NCBI GEO/SRA	Cell line	Lung	H1703 Control-infected	GSM3445661	GSM3445658
SE_02_0829	Human	NCBI GEO/SRA	Cell line	Lung	H1703 SMARCA4-infected	GSM3445662	GSM3445659
SE_02_0830	Human	NCBI GEO/SRA	Cell line	Lung	H1703 SMARCA2-infected	GSM3445663	GSM3445660
SE_02_0831	Human	NCBI GEO/SRA	Primary cell	Umblical vein	HUVECs_TNF0min	GSM3449580	GSM3449576
SE_02_0832	Human	NCBI GEO/SRA	Primary cell	Umblical vein	HUVECs_TNF30min	GSM3449581	GSM3449577
SE_02_0833	Human	NCBI GEO/SRA	Primary cell	Bone marrow	TEX-HIST1H3F-K27I-2-Rx_cells	GSM3462950	GSM3462953
SE_02_0834	Human	NCBI GEO/SRA	Primary cell	Bone marrow	TEX-HIST1H3F-WT-Rx_cells	GSM3462955	GSM3462957
SE_02_0835	Human	NCBI GEO/SRA	Primary cell	Bone marrow	TEX-HIST1H3H-K27M-Rx_cells	GSM3462959	GSM3462961
SE_02_0836	Human	NCBI GEO/SRA	Primary cell	Bone marrow	TEX-HIST1H3H-WT-Rx_cells	GSM3462963	GSM3462965
SE_02_0837	Human	NCBI GEO/SRA	Primary cell	Bone marrow	TEX-Luciferase-Rx_cells	GSM3462967	GSM3462969
SE_02_0838	Human	NCBI GEO/SRA	Primary cell	Embryo	hNPCs_WT	GSM3476773	GSM3476769
SE_02_0839	Human	NCBI GEO/SRA	Primary cell	Embryo	hNPCs_K755R/+	GSM3476778	GSM3476774
SE_02_0840	Human	NCBI GEO/SRA	Primary cell	Embryo	hNPCs_R1159Q/+	GSM3476783	GSM3476779
SE_02_0841	Human	NCBI GEO/SRA	Cell line	Blood	THP-1_untr	GSM3514952	GSM3514954
SE_02_0842	Human	NCBI GEO/SRA	Primary cell	Umbilical cord blood	HSPC-derived early erythroid progenitors	GSM3523234	GSM3523238
SE_02_0843	Human	NCBI GEO/SRA	Primary cell	Umbilical cord blood	HSPC-derived late erythroid precursors	GSM3523241	GSM3523245
SE_02_0844	Human	NCBI GEO/SRA	Cell line	Mammary gland	MCF-7_DMSO_sgARID1A-1_KO	GSM3526010	GSM3526016
SE_02_0845	Human	NCBI GEO/SRA	Cell line	Mammary gland	MCF-7_DMSO_sgARID1A-2_KO	GSM3526012	GSM3526018
SE_02_0846	Human	NCBI GEO/SRA	Cell line	Mammary gland	MDA-MB-231_untreat	GSM3530739	GSM3530741
SE_02_0847	Human	NCBI GEO/SRA	Cell line	Mammary gland	LM2-4175	GSM3530746	GSM3530748
SE_02_0848	Human	NCBI GEO/SRA	Induced pluripotent stem cell	iPSCs	iPSC_DMSO	GSM3537116	GSM3537134
SE_02_0849	Human	NCBI GEO/SRA	Induced pluripotent stem cell	iPSCs	iPSC_CBP-30	GSM3537141	GSM3537138
SE_02_0850	Human	NCBI GEO/SRA	Cell line	Mammary gland	MCF7L-P_FOXA1-Dox	GSM3538804	GSM3538808
SE_02_0851	Human	NCBI GEO/SRA	Cell line	Mammary gland	MCF7L-P_FOXA1+Dox	GSM3538805	GSM3538809
SE_02_0852	Human	NCBI GEO/SRA	Cell line	Mammary gland	MCF7L-P	GSM3538810	GSM3538812
SE_02_0853	Human	NCBI GEO/SRA	Cell line	Mammary gland	MCF7L-TamR	GSM3538811	GSM3538813
SE_02_0854	Human	NCBI GEO/SRA	Primary cell	Glioblastoma	Glioblastoma neurosphere cell_HF-2354	GSM4491256	GSM4491263
SE_02_0855	Human	NCBI GEO/SRA	Primary cell	Glioblastoma	Glioblastoma neurosphere cell_HF-2927	GSM4491257	GSM4491264
SE_02_0856	Human	NCBI GEO/SRA	Primary cell	Glioblastoma	Glioblastoma neurosphere cell_HF-3016	GSM4491258	GSM4491265
SE_02_0857	Human	NCBI GEO/SRA	Primary cell	Glioblastoma	Glioblastoma neurosphere cell_HF-3035	GSM4491259	GSM4491266
SE_02_0858	Human	NCBI GEO/SRA	Primary cell	Glioblastoma	Glioblastoma neurosphere cell_HF-3177	GSM4491260	GSM4491267
SE_02_0859	Human	NCBI GEO/SRA	Cell line	Prostate	PC3	GSM4491261	GSM4491268
SE_02_0860	Human	NCBI GEO/SRA	Induced pluripotent stem cell line	iPSCs	SAH_SMARCB1_K364del/+	GSM3558539	GSM3558541
SE_02_0861	Human	NCBI GEO/SRA	Induced pluripotent stem cell line	iPSCs	SAH_WT	GSM3558547	GSM3558549
SE_02_0862	Human	NCBI GEO/SRA	Cell line	Malignant rhaboid tumor	TTC1240_SMARCB1 FL	GSM3558591	GSM3558575
SE_02_0863	Human	NCBI GEO/SRA	Cell line	Malignant rhaboid tumor	TTC1240_empty	GSM3558592	GSM3558571
SE_02_0864	Human	NCBI GEO/SRA	Cell line	Malignant rhaboid tumor	TTC1240_SMARCB1_K364del	GSM3558593	GSM3558579
SE_02_0865	Human	NCBI GEO/SRA	Cell line	Malignant rhaboid tumor	TTC1240_SMARCB1_R377H	GSM3558594	GSM3558583
SE_02_0866	Human	NCBI GEO/SRA	Cell line	Malignant rhaboid tumor	TTC1240_SMARCB1_delCC	GSM3558595	GSM3558587
SE_02_0867	Human	NCBI GEO/SRA	Stem cell	Bone marrow	Bone marrow derived hMSC_d0	GSM3564514	GSM3564518
SE_02_0868	Human	NCBI GEO/SRA	Stem cell	Bone marrow	Bone marrow derived hMSC_d10	GSM3564515	GSM3564519
SE_02_0869	Human	NCBI GEO/SRA	Cell line	Fibroblast	VH10_NO_UV	GSM3564710	GSM3564714
SE_02_0870	Human	NCBI GEO/SRA	Cell line	Colon	HCT116_GLIS2.1-DMSO	GSM3585140	GSM3585134
SE_02_0871	Human	NCBI GEO/SRA	Cell line	Colon	HCT116_GLIS2.2-DMSO	GSM3585141	GSM3585135
SE_02_0872	Human	NCBI GEO/SRA	Cell line	Colon	HCT116_siCtrl-5FU	GSM3585142	GSM3585136
SE_02_0873	Human	NCBI GEO/SRA	Cell line	Colon	HCT116_siGLIS2.1-5FU	GSM3585143	GSM3585137
SE_02_0874	Human	NCBI GEO/SRA	Cell line	Colon	HCT116_siGLIS2.2-5FU	GSM3585144	GSM3585138
SE_02_0875	Human	NCBI GEO/SRA	Primary cell	Peripheral blood	Peripheral blood-derived mast cells	GSM3583936	GSM3583944
SE_02_0876	Human	NCBI GEO/SRA	Primary cell	Muscle	SMS-CTR_CASZ1b_Ctrl	GSM3592273	GSM3592281
SE_02_0877	Human	NCBI GEO/SRA	Primary cell	Muscle	SMS-CTR_CASZ1b_Dox	GSM3592274	GSM3592282
SE_02_0878	Human	NCBI GEO/SRA	Primary cell	Ovary	SVOG3e cells_noDox_control	GSM3592579	GSM3592573
SE_02_0879	Human	NCBI GEO/SRA	Primary cell	Ovary	SVOG3e cells_Dox_12h_control	GSM3592580	GSM3592574
SE_02_0880	Human	NCBI GEO/SRA	Primary cell	Ovary	SVOG3e cells_noDox_transduced_V5-FOXL2_WT	GSM3592581	GSM3592575
SE_02_0881	Human	NCBI GEO/SRA	Primary cell	Ovary	SVOG3e cells_Dox_12h_transduced_V5-FOXL2_WT	GSM3592582	GSM3592576
SE_02_0882	Human	NCBI GEO/SRA	Primary cell	Ovary	SVOG3e_cells_noDox_transduced with V5-FOXL2 C134W	GSM3592583	GSM3592577
SE_02_0883	Human	NCBI GEO/SRA	Primary cell	Ovary	SVOG3e_cells_Dox_12h_transduced with V5-FOXL2 C134W	GSM3592584	GSM3592578
SE_02_0884	Human	NCBI GEO/SRA	Cell line	Colon	LoVo	GSM3592807	GSM3592808
SE_02_0885	Human	NCBI GEO/SRA	Cell line	Blood	NALM6_2	GSM3595838	GSM3595842
SE_02_0886	Human	NCBI GEO/SRA	Primary cell	Skin	foreskin_ p63KLF4	GSM3597668	GSM3597670
SE_02_0887	Human	NCBI GEO/SRA	Tissue	Heart	left ventricle_LV1121	GSM3605873	GSM3605948
SE_02_0888	Human	NCBI GEO/SRA	Tissue	Heart	left ventricle_LV1160	GSM3605875	GSM3605950
SE_02_0889	Human	NCBI GEO/SRA	Tissue	Heart	left ventricle_LV1183	GSM3605877	GSM3605952
SE_02_0890	Human	NCBI GEO/SRA	Tissue	Heart	left ventricle_LV1200	GSM3605879	GSM3605954
SE_02_0891	Human	NCBI GEO/SRA	Tissue	Heart	left ventricle_LV1202	GSM3605880	GSM3605956
SE_02_0892	Human	NCBI GEO/SRA	Tissue	Heart	left ventricle_LV1215	GSM3605882	GSM3605957
SE_02_0893	Human	NCBI GEO/SRA	Tissue	Heart	left ventricle_LV1226	GSM3605884	GSM3605959
SE_02_0894	Human	NCBI GEO/SRA	Tissue	Heart	left ventricle_LV1248	GSM3605886	GSM3605961
SE_02_0895	Human	NCBI GEO/SRA	Tissue	Heart	left ventricle_LV1259	GSM3605888	GSM3605963
SE_02_0896	Human	NCBI GEO/SRA	Tissue	Heart	left ventricle_LV1294	GSM3605893	GSM3605968
SE_02_0897	Human	NCBI GEO/SRA	Tissue	Heart	left ventricle_LV1325	GSM3605895	GSM3605970
SE_02_0898	Human	NCBI GEO/SRA	Tissue	Heart	left ventricle_LV1356	GSM3605897	GSM3605972
SE_02_0899	Human	NCBI GEO/SRA	Tissue	Heart	left ventricle_LV1400	GSM3605899	GSM3605974
SE_02_0900	Human	NCBI GEO/SRA	Tissue	Heart	left ventricle_LV1452	GSM3605901	GSM3605976
SE_02_0901	Human	NCBI GEO/SRA	Tissue	Heart	left ventricle_LV1471	GSM3605903	GSM3605978
SE_02_0902	Human	NCBI GEO/SRA	Tissue	Heart	left ventricle_LV1558	GSM3605904	GSM3605979
SE_02_0903	Human	NCBI GEO/SRA	Tissue	Heart	left ventricle_DCM_LV1009	GSM3605906	GSM3605981
SE_02_0904	Human	NCBI GEO/SRA	Tissue	Heart	left ventricle_DCM_LV1028	GSM3605908	GSM3605983
SE_02_0905	Human	NCBI GEO/SRA	Tissue	Heart	left ventricle_DCM_LV1033	GSM3605910	GSM3605985
SE_02_0906	Human	NCBI GEO/SRA	Tissue	Heart	left ventricle_DCM_LV1072	GSM3605912	GSM3605986
SE_02_0907	Human	NCBI GEO/SRA	Tissue	Heart	left ventricle_DCM_LV1223	GSM3605914	GSM3605988
SE_02_0908	Human	NCBI GEO/SRA	Tissue	Heart	left ventricle_DCM_LV1262	GSM3605916	GSM3605990
SE_02_0909	Human	NCBI GEO/SRA	Tissue	Heart	left ventricle_DCM_LV1264	GSM3605918	GSM3605992
SE_02_0910	Human	NCBI GEO/SRA	Tissue	Heart	left ventricle_DCM_LV1275	GSM3605919	GSM3605994
SE_02_0911	Human	NCBI GEO/SRA	Tissue	Heart	left ventricle_DCM_LV1290	GSM3605921	GSM3605996
SE_02_0912	Human	NCBI GEO/SRA	Tissue	Heart	left ventricle_DCM_LV1300	GSM3605923	GSM3605997
SE_02_0913	Human	NCBI GEO/SRA	Tissue	Heart	left ventricle_DCM_LV1304	GSM3605925	GSM3605999
SE_02_0914	Human	NCBI GEO/SRA	Tissue	Heart	left ventricle_DCM_LV1342	GSM3605927	GSM3606001
SE_02_0915	Human	NCBI GEO/SRA	Tissue	Heart	left ventricle_DCM_LV1371	GSM3605928	GSM3606002
SE_02_0916	Human	NCBI GEO/SRA	Tissue	Heart	left ventricle_DCM_LV1392	GSM3605930	GSM3606004
SE_02_0917	Human	NCBI GEO/SRA	Tissue	Heart	left ventricle_DCM_LV1433	GSM3605932	GSM3606006
SE_02_0918	Human	NCBI GEO/SRA	Tissue	Heart	left ventricle_DCM_LV1437	GSM3605934	GSM3606007
SE_02_0919	Human	NCBI GEO/SRA	Tissue	Heart	left ventricle_DCM_LV1532	GSM3605936	GSM3606009
SE_02_0920	Human	NCBI GEO/SRA	Tissue	Heart	left ventricle_DCM_LV1535	GSM3605937	GSM3606011
SE_02_0921	Human	NCBI GEO/SRA	Tissue	Heart	embryonic heart_CS22	GSM3605939	GSM3606013
SE_02_0922	Human	NCBI GEO/SRA	Tissue	Heart	fetal heart_PCW10_12434	GSM3605941	GSM3606015
SE_02_0923	Human	NCBI GEO/SRA	Tissue	Heart	fetal heart_PCW10_12522	GSM3605943	GSM3606016
SE_02_0924	Human	NCBI GEO/SRA	Tissue	Heart	fetal heart_PCW10_12569	GSM3605945	GSM3606018
SE_02_0925	Human	NCBI GEO/SRA	Tissue	Heart	fetal heart_PCW17_12570	GSM3605947	GSM3606020
SE_02_0926	Human	NCBI GEO/SRA	Cell line	Blood	NB4_1	GSM3611810	GSM3611811
SE_02_0927	Human	NCBI GEO/SRA	Primary cell	Peripheral blood	neutrophils_US	GSM3612221	GSM3612231
SE_02_0928	Human	NCBI GEO/SRA	Primary cell	Peripheral blood	neutrophils_Ecoli	GSM3612222	GSM3612240
SE_02_0929	Human	NCBI GEO/SRA	Primary cell	Mid-gestation placenta	trophoblast__CytT	GSM3633660	GSM3633676
SE_02_0930	Human	NCBI GEO/SRA	Primary cell	Mid-gestation placenta	trophoblast__SynT	GSM3633662	GSM3633678
SE_02_0931	Human	NCBI GEO/SRA	Stem cell	Embryo	H9 UTXKO	GSM3635736	GSM3635755
SE_02_0932	Human	NCBI GEO/SRA	Stem cell	Embryo	H9 WT_1	GSM3635737	GSM3635757
SE_02_0933	Human	NCBI GEO/SRA	Stem cell	Embryo	H7 UTXKO	GSM3635734	GSM3635751
SE_02_0934	Human	NCBI GEO/SRA	Stem cell	Embryo	H7-WT	GSM3635735	GSM3635753
SE_02_0935	Human	NCBI GEO/SRA	Tissue	Retinal Pigmented Epithelial	RPE188_Con	GSM3665547	GSM3665546
SE_02_0936	Human	NCBI GEO/SRA	Tissue	Retinal Pigmented Epithelial	RPE188_TnT	GSM3665551	GSM3665550
SE_02_0937	Human	NCBI GEO/SRA	Primary cell	Retinal Pigmented Epithelial	RPE190_Con	GSM3665555	GSM3665554
SE_02_0938	Human	NCBI GEO/SRA	Primary cell	Retinal Pigmented Epithelial	RPE190_TnT	GSM3665557	GSM3665556
SE_02_0939	Human	NCBI GEO/SRA	Cell line	Mammary gland	MDA-MB-231_control	GSM3667685	GSM3667679
SE_02_0940	Human	NCBI GEO/SRA	Cell line	Brain	U87	GSM3670036	GSM3670037
SE_02_0941	Human	NCBI GEO/SRA	Cell line	Brain	T98G	GSM3670039	GSM3670041
SE_02_0942	Human	NCBI GEO/SRA	Cell line	Brain	LN229	GSM3670042	GSM3670044
SE_02_0943	Human	NCBI GEO/SRA	Cell line	Brain	LNZ308	GSM3670045	GSM3670047
SE_02_0944	Human	NCBI GEO/SRA	Cell line	Brain	TS576	GSM3670052	GSM3670054
SE_02_0945	Human	NCBI GEO/SRA	Cell line	Brain	SF767	GSM3670055	GSM3670057
SE_02_0946	Human	NCBI GEO/SRA	Cell line	Tongue	HN12	GSM3670058	GSM3670060
SE_02_0947	Human	NCBI GEO/SRA	Cell line	Tongue	Cal27	GSM3670062	GSM3670063
SE_02_0948	Human	NCBI GEO/SRA	Cell line	Pharyng	Detroit562	GSM3670065	GSM3670066
SE_02_0949	Human	NCBI GEO/SRA	Primary cell	Umbilical artery	HUAEC_WT	GSM3673407	GSM3673408
SE_02_0950	Human	NCBI GEO/SRA	Primary cell	Umbilical vein	HUVEC_WT	GSM3673415	GSM3673416
SE_02_0951	Human	NCBI GEO/SRA	Stem cell	HMSCs	hMSCs	GSM3691942	GSM3691939
SE_02_0952	Human	NCBI GEO/SRA	Stem cell	Chondrocytes	hMSCs differentiated chondrocytes		
SE_02_0953	Human	NCBI GEO/SRA	Primary cell	Brain	H3.3K27M_1840	GSM3701046	GSM3701087
SE_02_0954	Human	NCBI GEO/SRA	Primary cell	Brain	H3.3K27WT_2192	GSM3701049	GSM3701090
SE_02_0955	Human	NCBI GEO/SRA	Primary cell	Brain	IDH1_2469	GSM3701051	GSM3701092
SE_02_0956	Human	NCBI GEO/SRA	Primary cell	Brain	IDH1_2658	GSM3701053	GSM3701094
SE_02_0957	Human	NCBI GEO/SRA	Primary cell	Brain	429_Tumor_H3.3K27WT	GSM3701054	GSM3701095
SE_02_0958	Human	NCBI GEO/SRA	Primary cell	Brain	H3.3K27M_Tumor_BT245-X0-2-Rx_xenograft	GSM3701057	GSM3701098
SE_02_0959	Human	NCBI GEO/SRA	Cell line	Brain	H3.3K27M_BT245p6_cells	GSM3701064	GSM3701099
SE_02_0960	Human	NCBI GEO/SRA	Cell line	Brain	H3.3K27M_Tumor-derived cell-line_BT869p21-Rx_cells	GSM3701065	GSM3701100
SE_02_0961	Human	NCBI GEO/SRA	Cell line	Brain	H3.3K27M_Tumor-derived cell-line_DIPGVI_c27_cells	GSM3701066	GSM3701101
SE_02_0962	Human	NCBI GEO/SRA	Cell line	Brain	H3.3K27M_Tumor-derived cell-line_DIPGXIIIp11_cells	GSM3701067	GSM3701102
SE_02_0963	Human	NCBI GEO/SRA	Cell line	Brain	H3.3K27M_Tumor-derived cell-line_G477p6_cells	GSM3701068	GSM3701103
SE_02_0964	Human	NCBI GEO/SRA	Cell line	Brain	H3.3K27M_HSJ019-Tumor-Rx_brain	GSM3701058	GSM3701104
SE_02_0965	Human	NCBI GEO/SRA	Cell line	Brain	H3.3K27M_HSJ031-C3-Rx_cells	GSM3701069	GSM3701105
SE_02_0966	Human	NCBI GEO/SRA	Cell line	Brain	H3.3K27M_JN29-BS3	GSM3701060	GSM3701108
SE_02_0967	Human	NCBI GEO/SRA	Cell line	Brain	H3.3K27M_JN57	GSM3701061	GSM3701109
SE_02_0968	Human	NCBI GEO/SRA	Cell line	Brain	H3.3K27M_pcGBM2p18_cells	GSM3701071	GSM3701116
SE_02_0969	Human	NCBI GEO/SRA	Cell line	Brain	H3.3K27M_PL637	GSM3701062	GSM3701117
SE_02_0970	Human	NCBI GEO/SRA	Cell line	Brain	H3.3K27M_XHSJ019-X1-1-Rx_xenograft	GSM3701078	GSM3701118
SE_02_0971	Human	NCBI GEO/SRA	Cell line	Brain	H3.3K27M_XPS124018_xenograft	GSM3701079	GSM3701119
SE_02_0972	Human	NCBI GEO/SRA	Cell line	Brain	H3.3K27M-KO_BT245-D2p8-Rx_R1_cells	GSM3701080	GSM3701120
SE_02_0973	Human	NCBI GEO/SRA	Cell line	Brain	H3.3K27M-KO_BT245-c4p6-Rx_R2_cells	GSM3701081	GSM3701121
SE_02_0974	Human	NCBI GEO/SRA	Cell line	Brain	H3.3K27M-KO_DIPGXIII-C14-nKO-Rx_PARENTAL_cells	GSM3701083	GSM3701123
SE_02_0975	Human	NCBI GEO/SRA	Cell line	Brain	H3.3K27M-KO_DIPGXIII-c10p5-Rx_R2_cells	GSM3701084	GSM3701124
SE_02_0976	Human	NCBI GEO/SRA	Cell line	Brain	H3.3K27M-KO_DIPGXIII-c5p5-Rx_R1_cells_h3k27ac	GSM3701085	GSM3701125
SE_02_0977	Human	NCBI GEO/SRA	Primary cell	Brain	2089_H3.3K27WT	GSM3701047	GSM3701088
SE_02_0978	Human	NCBI GEO/SRA	Primary cell	Brain	2168_IDH1	GSM3701048	GSM3701089
SE_02_0979	Human	NCBI GEO/SRA	Primary cell	Brain	JN14-BS1_H3.3K27M	GSM3701059	GSM3701107
SE_02_0980	Human	NCBI GEO/SRA	Cell line	Brain	BT245	GSM3701082	GSM3701122
SE_02_0981	Human	NCBI GEO/SRA	Cell line	Brain	H3.3K27M-KO_BT245-C4P6	GSM3701126	GSM3701137
SE_02_0982	Human	NCBI GEO/SRA	Cell line	Brain	H3.3K27M-KO_BT245-C2P3	GSM3701127	GSM3701138
SE_02_0983	Human	NCBI GEO/SRA	Cell line	Brain	H3.3K27M_BT245-C1P5	GSM3701128	GSM3701139
SE_02_0984	Human	NCBI GEO/SRA	Cell line	Brain	H3.3K27M-KO_DIPGXIII-C5P5	GSM3701130	GSM3701141
SE_02_0985	Human	NCBI GEO/SRA	Cell line	Brain	H3.3K27M-DIPGXIII-C14	GSM3701131	GSM3701142
SE_02_0986	Human	NCBI GEO/SRA	Cell line	Brain	H3.3K27M-KO_Tumor-derived cell-line	GSM3701129	GSM3701140
SE_02_0987	Human	NCBI GEO/SRA	Cell line	Blood	K562_Control_1	GSM3712097	GSM3712101
SE_02_0988	Human	NCBI GEO/SRA	Cell line	Blood	K562_EPZ	GSM3712098	GSM3712102
SE_02_0989	Human	NCBI GEO/SRA	Tissue	Kidney	kidney cortex_WT	GSM3716714	GSM3716717
SE_02_0990	Human	NCBI GEO/SRA	Cell line	Breast cancer brain metastatic variant	MDA-MB-231 BrM2	GSM3718098	GSM3718104
SE_02_0991	Human	NCBI GEO/SRA	Cell line	Breast cancer cell line lung metastatic variant	MDA-MB-231 LM2	GSM3718107	GSM3718113
SE_02_0992	Human	NCBI GEO/SRA	Cell line	Mammary gland	MDA-MB-231_Par	GSM3718116	GSM3718122
SE_02_0993	Human	NCBI GEO/SRA	Cell line	Blood	MOLM-13_empty	GSM3723693	GSM3723689
SE_02_0994	Human	NCBI GEO/SRA	Cell line	Blood	MOLM13_SIK3TQ	GSM3723694	GSM3723690
SE_02_0995	Human	NCBI GEO/SRA	Cell line	Blood	MOLM-13_empty vector	GSM3723692	GSM3723688
SE_02_0996	Human	NCBI GEO/SRA	Primary cell	iPSCs	iPSC Derived Cardiomyocytes_2N	GSM3735239	GSM3735245
SE_02_0997	Human	NCBI GEO/SRA	Primary cell	iPSCs	iPSC Derived Cardiomyocytes_4N	GSM3735275	GSM3735279
SE_02_0998	Human	NCBI GEO/SRA	Cell line	Lymphoma	OCI-LY1_DMSO	GSM3741653	GSM3741657
SE_02_0999	Human	NCBI GEO/SRA	Cell line	Lymphoma	OCI-LY1_966	GSM3741654	GSM3741658
SE_02_1000	Human	NCBI GEO/SRA	Tissue	Brain	Lateral temporal lobe_15T_Young	GSM3752845	GSM3752931
SE_02_1001	Human	NCBI GEO/SRA	Tissue	Brain	Lateral temporal lobe_17T_Young	GSM3752847	GSM3752932
SE_02_1002	Human	NCBI GEO/SRA	Tissue	Brain	Lateral temporal lobe_18T_Young	GSM3752849	GSM3752933
SE_02_1003	Human	NCBI GEO/SRA	Tissue	Brain	Lateral temporal lobe_19T_Young	GSM3752851	GSM3752934
SE_02_1004	Human	NCBI GEO/SRA	Tissue	Brain	Lateral temporal lobe_10T_Old	GSM3752855	GSM3752935
SE_02_1005	Human	NCBI GEO/SRA	Tissue	Brain	Lateral temporal lobe_11T_Old	GSM3752857	GSM3752936
SE_02_1006	Human	NCBI GEO/SRA	Tissue	Brain	Lateral temporal lobe_13T_Old	GSM3752859	GSM3752937
SE_02_1007	Human	NCBI GEO/SRA	Tissue	Brain	Lateral temporal lobe_14T_Old	GSM3752860	GSM3752938
SE_02_1008	Human	NCBI GEO/SRA	Tissue	Brain	Lateral temporal lobe_1T_AD	GSM3752864	GSM3752939
SE_02_1009	Human	NCBI GEO/SRA	Tissue	Brain	Lateral temporal lobe_2T_AD	GSM3752866	GSM3752940
SE_02_1010	Human	NCBI GEO/SRA	Tissue	Brain	Lateral temporal lobe_3T_AD	GSM3752868	GSM3752941
SE_02_1011	Human	NCBI GEO/SRA	Tissue	Brain	Lateral temporal lobe_5T_AD	GSM3752869	GSM3752942
SE_02_1012	Human	NCBI GEO/SRA	Tissue	Brain	Lateral temporal lobe_8T_AD	GSM3752872	GSM3752943
SE_02_1013	Human	NCBI GEO/SRA	Tissue	Brain	Lateral temporal lobe_6T_AD	GSM3752873	GSM3752944
SE_02_1014	Human	NCBI GEO/SRA	Tissue	Brain	Lateral temporal lobe_7T_AD	GSM3752874	GSM3752945
SE_02_1015	Human	NCBI GEO/SRA	Stem cell	Embryo	H9_ Undifferentiated	GSM3754939	GSM3754931
SE_02_1016	Human	NCBI GEO/SRA	Stem cell	Embryo	H9_Mesendoderm_24h	GSM3754940	GSM3754932
SE_02_1017	Human	NCBI GEO/SRA	Stem cell	Embryo	H9_Mesendoderm 24h_Hydroxyurea	GSM3754941	GSM3754933
SE_02_1018	Human	NCBI GEO/SRA	Primary cell	Erythroblast	CD34+ Hematopoietic stem/progenitor cells_12 days	GSM3762806	GSM3762812
SE_02_1019	Human	NCBI GEO/SRA	Primary cell	Umbilical cord	HUDEP2_Day	GSM3762815	GSM3762820
SE_02_1020	Human	NCBI GEO/SRA	Cell line	Mammary gland	SUM159	GSM3763422	GSM3763423
SE_02_1021	Human	NCBI GEO/SRA	Cell line	Mammary gland	SUM159R	GSM3763432	GSM3763433
SE_02_1022	Human	NCBI GEO/SRA	Cell line	Mammary gland	SUM159_WT	GSM4409201	GSM4409198
SE_02_1023	Human	NCBI GEO/SRA	Cell line	Mammary gland	SUM159_BRD7_KO	GSM4409207	GSM4409204
SE_02_1024	Human	NCBI GEO/SRA	Cell line	Prostate	PC3 cells	GSM3768258	GSM3768260
SE_02_1025	Human	NCBI GEO/SRA	Cell line	Esophagus	KYSE150	GSM3781579	GSM3781580
SE_02_1026	Human	NCBI GEO/SRA	Cell line	Esophagus	KYSE200	GSM3781583	GSM3781584
SE_02_1027	Human	NCBI GEO/SRA	Cell line	Esophagus	KYSE180_1	GSM3781581	GSM3781582
SE_02_1028	Human	NCBI GEO/SRA	Cell line	Blood	HL-60_WT	GSM4378619	GSM4378629
SE_02_1029	Human	NCBI GEO/SRA	Cell line	Colon	HCT116	GSM3790848	GSM3790857
SE_02_1030	Human	NCBI GEO/SRA	Cell line	Colon	DKO	GSM3790854	GSM3790858
SE_02_1031	Human	NCBI GEO/SRA	Cell line	Head and neck	SCC1 contol	GSM3814486	GSM3814478
SE_02_1032	Human	NCBI GEO/SRA	Cell line	Head and neck	SCC1 JQ1	GSM3814487	GSM3814479
SE_02_1033	Human	NCBI GEO/SRA	Cell line	Haematopoietic and lymphoid tissue bone marrow	K562	GSM3820303	GSM3820301
SE_02_1034	Human	NCBI GEO/SRA	Primary cell	Blood	AML cell	GSM3820316	GSM3820315
SE_02_1035	Human	NCBI GEO/SRA	Cell line	Mammary gland	HCC70_Vehicle	GSM3597503	GSM3597505
SE_02_1036	Human	NCBI GEO/SRA	Cell line	Mammary gland	HCC70_XY018	GSM3597504	GSM3597506
SE_02_1037	Human	NCBI GEO/SRA	Cell line	Pharynx	FaDu Control	GSM3834448	GSM3834446
SE_02_1038	Human	NCBI GEO/SRA	Cell line	Pharynx	FaDu LPS	GSM3834449	GSM3834447
SE_02_1039	Human	NCBI GEO/SRA	Primary cell	Peripheral blood	CD4+ CD7- cells_CTCL1043	GSM3840028	GSM3840029
SE_02_1040	Human	NCBI GEO/SRA	Primary cell	Peripheral blood	CD4+ cells_CTCL1126	GSM3840034	GSM3840035
SE_02_1041	Human	NCBI GEO/SRA	Primary cell	Peripheral blood	CD4+ cells_CTCL1135	GSM3840037	GSM3840038
SE_02_1042	Human	NCBI GEO/SRA	Primary cell	Peripheral blood	CD4+ cells_CTCL1137	GSM3840040	GSM3840042
SE_02_1043	Human	NCBI GEO/SRA	Primary cell	Peripheral blood	Peripheral blood cells_CTCL1200	GSM3840044	GSM3840045
SE_02_1044	Human	NCBI GEO/SRA	Primary cell	Peripheral blood	CD4+ cells_CTCL409	GSM3840050	GSM3840051
SE_02_1045	Human	NCBI GEO/SRA	Primary cell	Peripheral blood	CD4+ CD7- cells_CTCL992	GSM3840057	GSM3840058
SE_02_1046	Human	NCBI GEO/SRA	Primary cell	Peripheral blood	CD4+ cells_CTCL1145	GSM3840059	GSM3840061
SE_02_1047	Human	NCBI GEO/SRA	Primary cell	Peripheral blood	CD4+ cells_CTCL1181	GSM3840063	GSM3840064
SE_02_1048	Human	NCBI GEO/SRA	Primary cell	Peripheral blood	CD4+ cell_UNTREATED	GSM3840073	GSM3840074
SE_02_1049	Human	NCBI GEO/SRA	Primary cell	Peripheral blood	CD4+ cell_ROMI	GSM3840077	GSM3840079
SE_02_1050	Human	NCBI GEO/SRA	Cell line	Highly metastatic osteosarcoma	MG63-3_DMSO	GSM3854547	GSM3854551
SE_02_1051	Human	NCBI GEO/SRA	Cell line	Esophagus	Eso26	GSM3886296	GSM3886301
SE_02_1052	Human	NCBI GEO/SRA	Cell line	Esophagus	JH-EsoAd1	GSM3886304	GSM3886305
SE_02_1053	Human	NCBI GEO/SRA	Cell line	Esophagus	OACM5.1	GSM3886308	GSM3886309
SE_02_1054	Human	NCBI GEO/SRA	Cell line	Esophagus	SKGT4	GSM3886317	GSM3886318
SE_02_1055	Human	NCBI GEO/SRA	Cell line	Esophagus	KYAE1	GSM3886306	GSM3886307
SE_02_1056	Human	NCBI GEO/SRA	Cell line	Esophagus	ChTRT	GSM3886319	GSM3886320
SE_02_1057	Human	NCBI GEO/SRA	Cell line	Esophagus	GihTRT	GSM3886321	GSM3886322
SE_02_1058	Human	NCBI GEO/SRA	Cell line	Bone	A673_SA2 Rescue	GSM3901150	GSM3901152
SE_02_1059	Human	NCBI GEO/SRA	Cell line	Bone	A673_WT	GSM3901159	GSM3901161
SE_02_1060	Human	NCBI GEO/SRA	Cell line	Bone	TC71_SA2 KO	GSM3901168	GSM3901170
SE_02_1061	Human	NCBI GEO/SRA	Cell line	Bone	TC71_WT	GSM3901185	GSM3901187
SE_02_1062	Human	NCBI GEO/SRA	Primary cell	Glioma	TS543 glioma cells	GSM4811809	GSM4811811
SE_02_1063	Human	NCBI GEO/SRA	Cell line	Brain	CLB-GA-control	GSM3908769	GSM3908773
SE_02_1064	Human	NCBI GEO/SRA	Cell line	Brain	CLB-GA-Dinaciclib_8h	GSM3908770	GSM3908774
SE_02_1065	Human	NCBI GEO/SRA	Cell line	Lymphoma	KARPAS-422_DMSO_8d	GSM3937775	GSM3937774
SE_02_1066	Human	NCBI GEO/SRA	Cell line	Bone	U2-OS	GSM3958054	GSM3958057
SE_02_1067	Human	NCBI GEO/SRA	Cell line	Bone	SJSA-1	GSM3958060	GSM3958063
SE_02_1068	Human	NCBI GEO/SRA	Cell line	Brain	NGP_ctrl	GSM3959453	GSM3959454
SE_02_1069	Human	NCBI GEO/SRA	Primary cell	Bone marrow	Bone marrow aspirate	GSM3983897	GSM3983899
SE_02_1070	Human	NCBI GEO/SRA	Cell line	Blood	SupT1_WT	GSM4551178	GSM4551180
SE_02_1071	Human	NCBI GEO/SRA	Cell line	Blood	Jurkat_WT	GSM4551183	GSM4551185
SE_02_1072	Human	NCBI GEO/SRA	Cell line	Blood	Jurkat_LEDGIN	GSM4551188	GSM4551190
SE_02_1073	Human	NCBI GEO/SRA	Stem cell	Keratinocyte	keratinocytes stem cell	GSM4025784	GSM4025787
SE_02_1074	Human	NCBI GEO/SRA	Cell line	Lymphoma	BC-1	GSM4027066	GSM4027065
SE_02_1075	Human	NCBI GEO/SRA	Cell line	Lymphoma	BC-3	GSM4027074	GSM4027072
SE_02_1076	Human	NCBI GEO/SRA	Cell line	Mammary gland	MCF7_TET2WT-E2	GSM4055003	GSM4054999
SE_02_1077	Human	NCBI GEO/SRA	Cell line	Mammary gland	MCF7_TET2KO-E2	GSM4055008	GSM4055002
SE_02_1078	Human	NCBI GEO/SRA	Tissue	Muscle	RMS235_PAX3-NCOA1	GSM4058219	GSM4058220
SE_02_1079	Human	NCBI GEO/SRA	Tissue	Muscle	RMS246_PAX3-NCOA1	GSM4058221	GSM4058222
SE_02_1080	Human	NCBI GEO/SRA	Cell line	Muscle	JR1 shCtrl	GSM4072339	GSM4072341
SE_02_1081	Human	NCBI GEO/SRA	Cell line	Muscle	CTR shCtrl	GSM4072342	GSM4072346
SE_02_1082	Human	NCBI GEO/SRA	Tissue	Retina	retina	GSM4075081	GSM4075082
SE_02_1083	Human	NCBI GEO/SRA	Tissue	Macula	macula	GSM4075139	GSM4075140
SE_02_1084	Human	NCBI GEO/SRA	Primary cell	Blood	KBM7-derived near haploid cells	GSM4077775	GSM4077778
SE_02_1085	Human	NCBI GEO/SRA	Cell line	Retinal Pigmented Epithelial	hTERT-RPE1	GSM4079558	GSM4079555
SE_02_1086	Human	NCBI GEO/SRA	Cell line	Mammary gland	T47D_shCtrl_0hr	GSM4081944	GSM4081943
SE_02_1087	Human	NCBI GEO/SRA	Cell line	Mammary gland	T47D_shCtrl_shRING1B_0	GSM4081949	GSM4081948
SE_02_1088	Human	NCBI GEO/SRA	Cell line	Mammary gland	T47D_shCtrl_45min	GSM4081954	GSM4081953
SE_02_1089	Human	NCBI GEO/SRA	Cell line	Mammary gland	T47D_shCtrl_shRING1B_45min	GSM4081959	GSM4081958
SE_02_1090	Human	NCBI GEO/SRA	Cell line	Mammary gland	T47D_shCtrl_8hr	GSM4081964	GSM4081963
SE_02_1091	Human	NCBI GEO/SRA	Cell line	Mammary gland	T47D_shCtrl_shRING1B_8hr	GSM4081969	GSM4081968
SE_02_1092	Human	NCBI GEO/SRA	Cell line	Mammary gland	T47D_shCtrl_24hr	GSM4081973	GSM4081972
SE_02_1093	Human	NCBI GEO/SRA	Cell line	Mammary gland	T47D_shCtrl_shRING1B_24hr	GSM4081978	GSM4081977
SE_02_1094	Human	NCBI GEO/SRA	Stem cell	Embryo	H9_0Dox	GSM4083968	GSM4083965
SE_02_1095	Human	NCBI GEO/SRA	Primary cell	Blood	CD34 Erythroid cells_Don002	GSM4096238	GSM4096245
SE_02_1096	Human	NCBI GEO/SRA	Primary cell	Blood	CD34 Erythroid cells_Don003	GSM4096239	GSM4096247
SE_02_1097	Human	NCBI GEO/SRA	Cell line	Haematopoietic and lymphoid tissue	697	GSM4097048	GSM4097047
SE_02_1098	Human	NCBI GEO/SRA	Cell line	Blood	THP1_DMSO_noPMA	GSM4099021	GSM4098986
SE_02_1099	Human	NCBI GEO/SRA	Cell line	Haematopoietic and lymphoid tissue bone marrow	K562_DMSO_noIFNG	GSM4099042	GSM4098988
SE_02_1100	Human	NCBI GEO/SRA	Cell line	Brain	COG-N-415	GSM4105303	GSM4105307
SE_02_1101	Human	NCBI GEO/SRA	Cell line	Brain	KELLY	GSM4105308	GSM4105312
SE_02_1102	Human	NCBI GEO/SRA	Cell line	Brain	LA-N-5	GSM4105313	GSM4105317
SE_02_1103	Human	NCBI GEO/SRA	Cell line	Brain	NB-1643	GSM4105318	GSM4105322
SE_02_1104	Human	NCBI GEO/SRA	Cell line	Brain	NB-69	GSM4105323	GSM4105327
SE_02_1105	Human	NCBI GEO/SRA	Cell line	Brain	NBL-S	GSM4105328	GSM4105332
SE_02_1106	Human	NCBI GEO/SRA	Cell line	Brain	NGP	GSM4105333	GSM4105337
SE_02_1107	Human	NCBI GEO/SRA	Cell line	Brain	SK-N-AS	GSM4105338	GSM4105342
SE_02_1108	Human	NCBI GEO/SRA	Cell line	Brain	SK-N-BE_2_-C	GSM4105343	GSM4105347
SE_02_1109	Human	NCBI GEO/SRA	Cell line	Brain	SK-N-FI	GSM4105348	GSM4105352
SE_02_1110	Human	NCBI GEO/SRA	Cell line	Other	HGrC1	GSM4109851	GSM4109847
SE_02_1111	Human	NCBI GEO/SRA	Cell line	Other	HGrC1_SMAD2/3KO	GSM4109863	GSM4109859
SE_02_1112	Human	NCBI GEO/SRA	Cell line	T lymphocyte	THP-6 T-ALL	GSM4110141	GSM4110134
SE_02_1113	Human	NCBI GEO/SRA	Cell line	Bone	U2OS	GSM4133285	GSM4133293
SE_02_1114	Human	NCBI GEO/SRA	Cell line	Embryonic kidney	HEK293	GSM4133287	GSM4133294
SE_02_1115	Human	NCBI GEO/SRA	Cell line	Liver	HepG2	GSM4133289	GSM4133295
SE_02_1116	Human	NCBI GEO/SRA	Cell line	Haematopoietic and lymphoid tissue bone marrow	K562_native	GSM4133291	GSM4133296
SE_02_1117	Human	NCBI GEO/SRA	Primary cell	Mammary gland	Ductal carcino in situ MCFDCIS cells_WT	GSM4138858	GSM4138864
SE_02_1118	Human	NCBI GEO/SRA	Primary cell	Mammary gland	Ductal carcino in situ MCFDCIS-D4-1 cells_WT		
SE_02_1119	Human	NCBI GEO/SRA	Cell line	Blood	KBM7	GSM4142031	GSM4142033
SE_02_1120	Human	NCBI GEO/SRA	Primary cell	Neonatal foreskin	keratinocytes_CTR	GSM4146240	GSM4146237
SE_02_1121	Human	NCBI GEO/SRA	Primary cell	Neonatal foreskin	keratinocytes_Mi2KD	GSM4146241	GSM4146239
SE_02_1122	Human	NCBI GEO/SRA	Tissue	Adipose	visceral adipose_CS_H507	GSM4663965	GSM4663989
SE_02_1123	Human	NCBI GEO/SRA	Tissue	Adipose	visceral adipose_CS_VC02	GSM4663966	GSM4663989
SE_02_1124	Human	NCBI GEO/SRA	Tissue	Adipose	visceral adipose_CS_VC04	GSM4663967	GSM4663989
SE_02_1125	Human	NCBI GEO/SRA	Tissue	Adipose	visceral adipose_CS_VC06	GSM4663968	GSM4663989
SE_02_1126	Human	NCBI GEO/SRA	Tissue	Adipose	visceral adipose_CTL_H425	GSM4663969	GSM4663990
SE_02_1127	Human	NCBI GEO/SRA	Tissue	Adipose	visceral adipose_CTL_H465	GSM4663970	GSM4663990
SE_02_1128	Human	NCBI GEO/SRA	Tissue	Adipose	visceral adipose_CTL_HCTR10	GSM4663971	GSM4663990
SE_02_1129	Human	NCBI GEO/SRA	Tissue	Adipose	visceral adipose_CTL_HCTR13	GSM4663972	GSM4663990
SE_02_1130	Human	NCBI GEO/SRA	Cell line	Haematopoietic and lymphoid tissue bone marrow	K562_Np63_expressing	GSM4159322	GSM4159326
SE_02_1131	Human	NCBI GEO/SRA	Cell line	Pancreas	T3M4 wt	GSM4162781	GSM4162780
SE_02_1132	Human	NCBI GEO/SRA	Cell line	Pancreas	KLM1 wt	GSM4162783	GSM4162782
SE_02_1133	Human	NCBI GEO/SRA	Primary cell	Liver	Hepatic stellate cells	GSM4176118	GSM4176120
SE_02_1134	Human	NCBI GEO/SRA	Cell line	Bone	U2OS-interphase	GSM4194659	GSM4194677
SE_02_1135	Human	NCBI GEO/SRA	Cell line	Bone	U2OS-prometaphase	GSM4194661	GSM4194678
SE_02_1136	Human	NCBI GEO/SRA	Cell line	Bone	U2OS-anaphase/telophase	GSM4194663	GSM4194679
SE_02_1137	Human	NCBI GEO/SRA	Cell line	Retinal Pigmented Epithelial	RPE1-interphase	GSM4194692	GSM4194710
SE_02_1138	Human	NCBI GEO/SRA	Cell line	Retinal Pigmented Epithelial	RPE1-prometaphase	GSM4194694	GSM4194711
SE_02_1139	Human	NCBI GEO/SRA	Cell line	Retinal Pigmented Epithelial	RPE1-anaphase/telophase	GSM4194696	GSM4194712
SE_02_1140	Human	NCBI GEO/SRA	Cell line	Peripheral nerve	MPNST007_PRC2 WT	GSM4202746	GSM4202750
SE_02_1141	Human	NCBI GEO/SRA	Cell line	Peripheral nerve	MPNST3813E_PRC2 mutant	GSM4202753	GSM4202757
SE_02_1142	Human	NCBI GEO/SRA	Cell line	Peripheral nerve	MPNST642_PRC2 mutant	GSM4202760	GSM4202764
SE_02_1143	Human	NCBI GEO/SRA	Cell line	Peripheral nerve	MPNST724_PRC2 WT	GSM4202767	GSM4202771
SE_02_1144	Human	NCBI GEO/SRA	Cell line	Peripheral nerve	S462_PRC2 mutant	GSM4202781	GSM4202785
SE_02_1145	Human	NCBI GEO/SRA	Cell line	Peripheral nerve	SNF02.2_PRC2 WT	GSM4202788	GSM4202792
SE_02_1146	Human	NCBI GEO/SRA	Cell line	Peripheral nerve	STS26T PRC2 WT	GSM4202795	GSM4202799
SE_02_1147	Human	NCBI GEO/SRA	Cell line	Peripheral nerve	T265_PRC2 mutant		
SE_02_1148	Human	NCBI GEO/SRA	Cell line	Kidney	WT 9-12_control_vehicle	GSM4212629	GSM4212634
SE_02_1149	Human	NCBI GEO/SRA	Cell line	Kidney	WT 9-12_control_Nrf2_SFN	GSM4212637	GSM4212636
SE_02_1150	Human	NCBI GEO/SRA	Cell line	Kidney	WT 9-12_Nrf2 knockout_vehicle	GSM4404156	GSM4212642
SE_02_1151	Human	NCBI GEO/SRA	Cell line	Mammary gland	MCF-7_UNTR	GSM4217615	GSM4217623
SE_02_1152	Human	NCBI GEO/SRA	Cell line	Lymphoma	RL_WT_gRNA1	GSM4226258	GSM4226259
SE_02_1153	Human	NCBI GEO/SRA	Cell line	Lymphoma	RL_R1446C_gRNA1	GSM4226266	GSM4226267
SE_02_1154	Human	NCBI GEO/SRA	Cell line	Lymphoma	RL_R1446C_gRNA1_KDAC001	GSM4226296	GSM4226297
SE_02_1155	Human	NCBI GEO/SRA	Cell line	Lymphoma	RL_R1446C_gRNA1_KDAC005	GSM4226300	GSM4226301
SE_02_1156	Human	NCBI GEO/SRA	Primary cell	Peripheral blood	Day6 Plasmablast CD23- memory B cell	GSM4230464	GSM4230468
SE_02_1157	Human	NCBI GEO/SRA	Primary cell	Peripheral blood	Day6 Plasmablast CD23- memory B cell_G9A-Inhibited	GSM4230471	GSM4230475
SE_02_1158	Human	NCBI GEO/SRA	Cell line	Mammary gland	MCF7_siYTHDC1_E2	GSM4729636	GSM5135070
SE_02_1159	Human	NCBI GEO/SRA	Cell line	Mammary gland	MCF7	GSM4278462	GSM4278463
SE_02_1160	Human	NCBI GEO/SRA	Stem cell	Embryo	H1_shLuc	GSM4282149	GSM4282164
SE_02_1161	Human	NCBI GEO/SRA	Stem cell	Embryo	H1_shZNF587	GSM4282151	GSM4282166
SE_02_1162	Human	NCBI GEO/SRA	Cell line	Stomach	YCC11	GSM4294254	GSM4294264
SE_02_1163	Human	NCBI GEO/SRA	Cell line	Embryonic kidney	HEK293 no dox	GSM4301082	GSM4301085
SE_02_1164	Human	NCBI GEO/SRA	Tissue	Testis	pachytene spermatocytes	GSM4308651	GSM4308652
SE_02_1165	Human	NCBI GEO/SRA	Tissue	Testis	round spermatids	GSM4308654	GSM4308655
SE_02_1166	Human	NCBI GEO/SRA	Cell line	Biliary	H69_TGF beta_16h_1	GSM4310184	GSM4310188
SE_02_1167	Human	NCBI GEO/SRA	Cell line	Biliary	H69_TGF Vehicle_1	GSM4310189	GSM4310193
SE_02_1168	Human	NCBI GEO/SRA	Cell line	Biliary	H69_TGF Vehicle_2	GSM4310191	GSM4310196
SE_02_1169	Human	NCBI GEO/SRA	Cell line	Biliary	H69_TGF beta_16h_2	GSM4310186	GSM4310199
SE_02_1170	Human	NCBI GEO/SRA	Cell line	Blood	HEL92.1.7	GSM4304436	GSM4304437
SE_02_1171	Human	NCBI GEO/SRA	Cell line	Blood	HEL92.1.7_Drug resistant	GSM4304438	GSM4304439
SE_02_1172	Human	NCBI GEO/SRA	Stem cell	Embryo	H9 WT	GSM4314790	GSM4773201
SE_02_1173	Human	NCBI GEO/SRA	Tissue	Brain	GBM01	GSM4322904	GSM4322905
SE_02_1174	Human	NCBI GEO/SRA	Tissue	Brain	GBM02	GSM4322906	GSM4322907
SE_02_1175	Human	NCBI GEO/SRA	Tissue	Brain	GBM03	GSM4322908	GSM4322909
SE_02_1176	Human	NCBI GEO/SRA	Tissue	Brain	GBM04	GSM4322910	GSM4322911
SE_02_1177	Human	NCBI GEO/SRA	Tissue	Brain	GBM05	GSM4322912	GSM4322913
SE_02_1178	Human	NCBI GEO/SRA	Tissue	Brain	GBM07	GSM4322914	GSM4322915
SE_02_1179	Human	NCBI GEO/SRA	Tissue	Brain	GBM08	GSM4322916	GSM4322917
SE_02_1180	Human	NCBI GEO/SRA	Tissue	Brain	GBM09	GSM4322918	GSM4322919
SE_02_1181	Human	NCBI GEO/SRA	Tissue	Brain	GBM10	GSM4322920	GSM4322921
SE_02_1182	Human	NCBI GEO/SRA	Tissue	Brain	GBM11	GSM4322922	GSM4322923
SE_02_1183	Human	NCBI GEO/SRA	Tissue	Brain	GBM12	GSM4322924	GSM4322925
SE_02_1184	Human	NCBI GEO/SRA	Tissue	Brain	GBM13	GSM4322926	GSM4322927
SE_02_1185	Human	NCBI GEO/SRA	Tissue	Brain	GBM14	GSM4322928	GSM4322929
SE_02_1186	Human	NCBI GEO/SRA	Tissue	Brain	GBM15	GSM4322930	GSM4322931
SE_02_1187	Human	NCBI GEO/SRA	Tissue	Brain	GBM16	GSM4322932	GSM4322933
SE_02_1188	Human	NCBI GEO/SRA	Tissue	Brain	GBM18	GSM4322936	GSM4322937
SE_02_1189	Human	NCBI GEO/SRA	Tissue	Brain	GBM22	GSM4322940	GSM4322941
SE_02_1190	Human	NCBI GEO/SRA	Tissue	Brain	GBM24	GSM4322942	GSM4322943
SE_02_1191	Human	NCBI GEO/SRA	Tissue	Brain	GBM25	GSM4322944	GSM4322945
SE_02_1192	Human	NCBI GEO/SRA	Tissue	Brain	GBM26	GSM4322946	GSM4322947
SE_02_1193	Human	NCBI GEO/SRA	Tissue	Brain	GBM27	GSM4322948	GSM4322949
SE_02_1194	Human	NCBI GEO/SRA	Tissue	Brain	GBM28	GSM4322950	GSM4322951
SE_02_1195	Human	NCBI GEO/SRA	Tissue	Brain	GBM29	GSM4322952	GSM4322953
SE_02_1196	Human	NCBI GEO/SRA	Tissue	Brain	GBM32	GSM4322958	GSM4322959
SE_02_1197	Human	NCBI GEO/SRA	Tissue	Brain	GBM33	GSM4322960	GSM4322961
SE_02_1198	Human	NCBI GEO/SRA	Tissue	Brain	GBM34	GSM4322962	GSM4322963
SE_02_1199	Human	NCBI GEO/SRA	Tissue	Brain	GBM35	GSM4322964	GSM4322965
SE_02_1200	Human	NCBI GEO/SRA	Tissue	Brain	GBM36	GSM4322966	GSM4322967
SE_02_1201	Human	NCBI GEO/SRA	Tissue	Brain	GBM37	GSM4322968	GSM4322969
SE_02_1202	Human	NCBI GEO/SRA	Tissue	Brain	GBM38	GSM4322970	GSM4322971
SE_02_1203	Human	NCBI GEO/SRA	Tissue	Brain	NB1	GSM4322972	GSM4322973
SE_02_1204	Human	NCBI GEO/SRA	Tissue	Brain	NB2	GSM4322974	GSM4322975
SE_02_1205	Human	NCBI GEO/SRA	Tissue	Brain	NB3	GSM4322976	GSM4322977
SE_02_1206	Human	NCBI GEO/SRA	Cell line	Brain	DBTRG	GSM4322978	GSM4322979
SE_02_1207	Human	NCBI GEO/SRA	Cell line	Brain	NNI11	GSM4322980	GSM4322981
SE_02_1208	Human	NCBI GEO/SRA	Cell line	Brain	U251	GSM4322988	GSM4322989
SE_02_1209	Human	NCBI GEO/SRA	Cell line	Brain	U343	GSM4322990	GSM4322991
SE_02_1210	Human	NCBI GEO/SRA	Tissue	Brain	GBM17	GSM4322934	GSM4322935
SE_02_1211	Human	NCBI GEO/SRA	Tissue	Brain	GBM21	GSM4322938	GSM4322939
SE_02_1212	Human	NCBI GEO/SRA	Tissue	Brain	GBM30	GSM4322954	GSM4322955
SE_02_1213	Human	NCBI GEO/SRA	Tissue	Brain	GBM31	GSM4322956	GSM4322957
SE_02_1214	Human	NCBI GEO/SRA	Cell line	Blood	Jurkat ZBTB1 KO_ZBTB1_expressing FLAG-ZBTB1	GSM4332952	GSM4332933
SE_02_1215	Human	NCBI GEO/SRA	Cell line	Blood	Jurkat ZBTB1 KO_Asparagine deprivation	GSM4332937	GSM4332938
SE_02_1216	Human	NCBI GEO/SRA	Cell line	Blood	Jurkat ZBTB1 KO	GSM4332942	GSM4332943
SE_02_1217	Human	NCBI GEO/SRA	Cell line	Blood	Jurkat ZBTB1 KO_ZBTB1_expressing FLAG-ZBTB1_Asparagine deprivation	GSM4332947	GSM4332948
SE_02_1218	Human	NCBI GEO/SRA	Cell line	Bone marrow	Daudi	GSM4338484	GSM4338485
SE_02_1219	Human	NCBI GEO/SRA	Cell line	Bone marrow	H929	GSM4338486	GSM4338487
SE_02_1220	Human	NCBI GEO/SRA	Cell line	Bone marrow	JJN3	GSM4338488	GSM4338489
SE_02_1221	Human	NCBI GEO/SRA	Cell line	Bone marrow	KMS11	GSM4338490	GSM4338491
SE_02_1222	Human	NCBI GEO/SRA	Cell line	Bone marrow	KMS12	GSM4338492	GSM4338493
SE_02_1223	Human	NCBI GEO/SRA	Cell line	Bone marrow	KMS28BM	GSM4338494	GSM4338495
SE_02_1224	Human	NCBI GEO/SRA	Primary cell	Bone marrow	normal plasma cell	GSM4338496	GSM4338497
SE_02_1225	Human	NCBI GEO/SRA	Cell line	Bone marrow	RAJI	GSM4338498	GSM4338499
SE_02_1226	Human	NCBI GEO/SRA	Cell line	Bone marrow	RPMI-8226	GSM4338500	GSM4338501
SE_02_1227	Human	NCBI GEO/SRA	Cell line	Bone marrow	U266	GSM4338502	GSM4338503
SE_02_1228	Human	NCBI GEO/SRA	Cell line	Mammary gland	MDA-MB-231_2	GSM4407530	GSM4407524
SE_02_1229	Human	NCBI GEO/SRA	Cell line	Haematopoietic and lymphoid tissue bone marrow	K562_Control	GSM4407571	GSM4407574
SE_02_1230	Human	NCBI GEO/SRA	Cell line	Lung	PC9	GSM4417560	GSM4417561
SE_02_1231	Human	NCBI GEO/SRA	Cell line	Lung	PC9_siMED13L-1	GSM4417562	GSM4417563
SE_02_1232	Human	NCBI GEO/SRA	Cell line	Lung	PC9_siMED13L-2	GSM4417564	GSM4417565
SE_02_1233	Human	NCBI GEO/SRA	Cell line	Lung	PC9_miR-4497 mimic	GSM4417566	GSM4417567
SE_02_1234	Human	NCBI GEO/SRA	Cell line	Mammary gland	T47D_Full	GSM4547431	GSM4547432
SE_02_1235	Human	NCBI GEO/SRA	Primary cell	Brain	Neuroblastoma PDX tumour cells	GSM4420014	GSM4420016
SE_02_1236	Human	NCBI GEO/SRA	Cell line	Skin	MKL1_virus_positive	GSM4430113	GSM4430106
SE_02_1237	Human	NCBI GEO/SRA	Cell line	Skin	MKL2_virus_positive	GSM4430114	GSM4430107
SE_02_1238	Human	NCBI GEO/SRA	Cell line	Skin	MS1_virus_positive	GSM4430115	GSM4430108
SE_02_1239	Human	NCBI GEO/SRA	Cell line	Skin	Waga_virus_positive	GSM4430116	GSM4430109
SE_02_1240	Human	NCBI GEO/SRA	Cell line	Skin	MCC13_virus_negative	GSM4430117	GSM4430110
SE_02_1241	Human	NCBI GEO/SRA	Cell line	Skin	MCC26_virus_negative	GSM4430118	GSM4430111
SE_02_1242	Human	NCBI GEO/SRA	Cell line	Skin	UISO_virus_negative	GSM4430119	GSM4430112
SE_02_1243	Human	NCBI GEO/SRA	Cell line	Brain	KCNR_Ethanol	GSM4430156	GSM4430150
SE_02_1244	Human	NCBI GEO/SRA	Cell line	Brain	KCNR_ATRA	GSM4430157	GSM4430151
SE_02_1245	Human	NCBI GEO/SRA	Cell line	Brain	LAN5_Ethanol	GSM4430158	GSM4430164
SE_02_1246	Human	NCBI GEO/SRA	Cell line	Brain	LAN5_ATRA	GSM4430159	GSM4430165
SE_02_1247	Human	NCBI GEO/SRA	Cell line	Colon	HCT116_IFN-beta_1h	GSM4443577	GSM4443581
SE_02_1248	Human	NCBI GEO/SRA	Cell line	Bladder	RT4	GSM4453791	GSM4453801
SE_02_1249	Human	NCBI GEO/SRA	Cell line	Bone marrow	RS4_11_DMSO_4h	GSM4455976	GSM4455982
SE_02_1250	Human	NCBI GEO/SRA	Cell line	Bone marrow	RS4_11_AZD1775_4h	GSM4455977	GSM4455983
SE_02_1251	Human	NCBI GEO/SRA	Cell line	Bone marrow	RS4_11_AZD1775_10h	GSM4455979	GSM4455984
SE_02_1252	Human	NCBI GEO/SRA	Cell line	Bone marrow	RS4_11_DMSO_10h	GSM4455986	GSM4455990
SE_02_1253	Human	NCBI GEO/SRA	Cell line	Mammary gland	CAMA1 ER+/FGFR1-amplified	GSM4460127	GSM4460129
SE_02_1254	Human	NCBI GEO/SRA	Primary cell	Bladder	Bladder tumor Basal1	GSM4483246	GSM4483244
SE_02_1255	Human	NCBI GEO/SRA	Primary cell	Bladder	Bladder tumor Luminal2	GSM4483257	GSM4483255
SE_02_1256	Human	NCBI GEO/SRA	Primary cell	Pancreatic duct	pancreatic ductal epithelium cell	GSM4490496	GSM4490506
SE_02_1257	Human	NCBI GEO/SRA	Primary cell	Pancreas	pancreatic cancer cells	GSM4490518	GSM4490528
SE_02_1258	Human	NCBI GEO/SRA	Tissue	Liver	Pancreatic cancer cells derived from liver metastasis	GSM4490540	GSM4490550
SE_02_1259	Human	NCBI GEO/SRA	Cell line	Bone	Im-GCT-3504_G34W-repair_WT_4C7	GSM4492042	GSM4492046
SE_02_1260	Human	NCBI GEO/SRA	Cell line	Bone	Im-GCT-3504_G34W-repair_4F5	GSM4492047	GSM4492051
SE_02_1261	Human	NCBI GEO/SRA	Cell line	Bone	Im-GCT-3504_G34W_unedited	GSM4492052	GSM4492056
SE_02_1262	Human	NCBI GEO/SRA	Cell line	Bone	Im-GCT-3504_G34W	GSM4492057	GSM4492061
SE_02_1263	Human	NCBI GEO/SRA	Cell line	Bone	Im-GCT-4072_G34W unedited	GSM4492080	GSM4492069
SE_02_1264	Human	NCBI GEO/SRA	Cell line	Bone	Im-GCT-4072_G34W KO	GSM4492086	GSM4492078
SE_02_1265	Human	NCBI GEO/SRA	Cell line	Bone	Im-GCT-4072_G34W-repair_WT_D6	GSM4492094	GSM4492081
SE_02_1266	Human	NCBI GEO/SRA	Cell line	Bone	Im-GCT-4072_G34W-repair_WT_E3	GSM4492095	GSM4492088
SE_02_1267	Human	NCBI GEO/SRA	Cell line	Bone	Im-GCT-4072_G34W	GSM4492085	GSM4492097
SE_02_1268	Human	NCBI GEO/SRA	Cell line	Bone	Im-GCT-4072_G34W unedited_U3	GSM4712068	GSM4712064
SE_02_1269	Human	NCBI GEO/SRA	Cell line	Bone	Im-GCT-4072_G34W-repair_WT_A4	GSM4712069	GSM4712067
SE_02_1270	Human	NCBI GEO/SRA	Primary cell	Blood	CD4/CD8 T cells	GSM4495711	GSM4495715
SE_02_1271	Human	NCBI GEO/SRA	Cell line	Leiomyosarcoma	SK-LMS-1_WT	GSM4506464	GSM4506461
SE_02_1272	Human	NCBI GEO/SRA	Cell line	Leiomyosarcoma	SK-LMS-1_HDAC4KO	GSM4506465	GSM4506462
SE_02_1273	Human	NCBI GEO/SRA	Cell line	Cervix	HeLa	GSM4542948	GSM4542964
SE_02_1274	Human	NCBI GEO/SRA	Cell line	Prostate	PC3_DMSO	GSM4547024	GSM4547020
SE_02_1275	Human	NCBI GEO/SRA	Cell line	Prostate	PC3_Vorinostat	GSM4547025	GSM4547021
SE_02_1276	Human	NCBI GEO/SRA	Cell line	Prostate	PC3_GSK126	GSM4547026	GSM4547022
SE_02_1277	Human	NCBI GEO/SRA	Cell line	Prostate	PC3_COMBO	GSM4547027	GSM4547023
SE_02_1278	Human	NCBI GEO/SRA	Cell line	Chordoma	UCH1_DMSO_48h	GSM4553009	GSM4552997
SE_02_1279	Human	NCBI GEO/SRA	Stem cell	Bone	Mesenchymal stem cells	GSM4558635	GSM4558637
SE_02_1280	Human	NCBI GEO/SRA	Stem cell	Bone	Mesenchymal stem cells_SPC_mutation_ EF1	GSM4558638	GSM4558640
SE_02_1281	Human	NCBI GEO/SRA	Cell line	Lung	NCI-H1048_p8-15	GSM4563897	GSM4563898
SE_02_1282	Human	NCBI GEO/SRA	Cell line	Lung	NCI-H1092_p8-15	GSM4563899	GSM4563900
SE_02_1283	Human	NCBI GEO/SRA	Cell line	Lung	NCI-H2107_p8-15	GSM4563901	GSM4563902
SE_02_1284	Human	NCBI GEO/SRA	Cell line	Lung	NCI-H211_p8-15	GSM4563903	GSM4563904
SE_02_1285	Human	NCBI GEO/SRA	Cell line	Lung	NCI-H2171_p8-15	GSM4563905	GSM4563906
SE_02_1286	Human	NCBI GEO/SRA	Cell line	Lung	NCI-H378_p8-15	GSM4563907	GSM4563908
SE_02_1287	Human	NCBI GEO/SRA	Cell line	Lung	NCI-H510_p8-15	GSM4563909	GSM4563910
SE_02_1288	Human	NCBI GEO/SRA	Cell line	Lung	NCI-H524_p8-15	GSM4563911	GSM4563912
SE_02_1289	Human	NCBI GEO/SRA	Cell line	Lung	NCI-H526_p8-15	GSM4563913	GSM4563914
SE_02_1290	Human	NCBI GEO/SRA	Cell line	Lung	NCI-H69_p8-15	GSM4563915	GSM4563916
SE_02_1291	Human	NCBI GEO/SRA	Cell line	Lung	NCI-H889_p8-15	GSM4563918	GSM4563919
SE_02_1292	Human	NCBI GEO/SRA	Cell line	Lung	JHU-LX110-SCLC PDX	GSM4563920	GSM4563921
SE_02_1293	Human	NCBI GEO/SRA	Cell line	Lung	JHU-LX22-SCLC PDX	GSM4563922	GSM4563923
SE_02_1294	Human	NCBI GEO/SRA	Cell line	Lung	JHU-LX44-SCLC PDX	GSM4563924	GSM4563925
SE_02_1295	Human	NCBI GEO/SRA	Cell line	Lung	JHU-LX48-SCLC PDX	GSM4563926	GSM4563927
SE_02_1296	Human	NCBI GEO/SRA	Tissue	Perigastric lymph node	Perigastric lymph node	GSM4586725	GSM4586733
SE_02_1297	Human	NCBI GEO/SRA	Tissue	Lung	lung	GSM4586726	GSM4586734
SE_02_1298	Human	NCBI GEO/SRA	Tissue	Hilar lymph node	Hilar lymph node	GSM4586727	GSM4586735
SE_02_1299	Human	NCBI GEO/SRA	Tissue	Liver	liver	GSM4586728	GSM4586736
SE_02_1300	Human	NCBI GEO/SRA	Cell line	Blood	KARPAS-45	GSM4591425	GSM4591423
SE_02_1301	Human	NCBI GEO/SRA	Cell line	Blood	PER-117	GSM4591428	GSM4591426
SE_02_1302	Human	NCBI GEO/SRA	Cell line	Lymphoma	RL DMSO	GSM4600714	GSM4600722
SE_02_1303	Human	NCBI GEO/SRA	Cell line	Lymphoma	RL_tazemetostat	GSM4600718	GSM4600726
SE_02_1304	Human	NCBI GEO/SRA	Cell line	Lymphoma	RL_lenalidomide_tazemetostat	GSM4600720	GSM4600728
SE_02_1305	Human	NCBI GEO/SRA	Tissue	Pancreas	Gemcitabine resistant L3.6pl	GSM4603453	GSM4603455
SE_02_1306	Human	NCBI GEO/SRA	Cell line	Skin	Toledo_CARM1i	GSM4623068	GSM4623080
SE_02_1307	Human	NCBI GEO/SRA	Stem cell	Brain	Glioblastoma patient derived cancer stem cell	GSM4628182	GSM4628184
SE_02_1308	Human	NCBI GEO/SRA	Primary cell	Artery	Pulmonary artery endothelial cells_caMEK5	GSM4629108	GSM4629088
SE_02_1309	Human	NCBI GEO/SRA	Primary cell	Artery	Pulmonary artery endothelial cells_Control	GSM4629111	GSM4629091
SE_02_1310	Human	NCBI GEO/SRA	Stem cell	Bone marrow	ASMSCs	GSM4640014	GSM4640013
SE_02_1311	Human	NCBI GEO/SRA	Stem cell	Bone marrow	HDMSCs	GSM4640016	GSM4640015
SE_02_1312	Human	NCBI GEO/SRA	Primary cell	Brain	hMGLs_WT	GSM4648836	GSM4648850
SE_02_1313	Human	NCBI GEO/SRA	Primary cell	Brain	hMGLs_CD33_SNP	GSM4648838	GSM4648852
SE_02_1314	Human	NCBI GEO/SRA	Primary cell	Brain	hMGLs_TREM2-KO	GSM4648840	GSM4648854
SE_02_1315	Human	NCBI GEO/SRA	Primary cell	Brain	hMGLs_INPP5D SNP	GSM4648842	GSM4648856
SE_02_1316	Human	NCBI GEO/SRA	Primary cell	Brain	hMGLs_TREM2-R47H	GSM4648844	GSM4648858
SE_02_1317	Human	NCBI GEO/SRA	Primary cell	Brain	hMGLs_SORL1-KO	GSM4648846	GSM4648860
SE_02_1318	Human	NCBI GEO/SRA	Primary cell	Brain	hMGLs_SORL1-A528T	GSM4648848	GSM4648862
SE_02_1319	Human	NCBI GEO/SRA	Cell line	Connective Tissue	HT1080_DDIT3	GSM4656264	GSM4656292
SE_02_1320	Human	NCBI GEO/SRA	Cell line	Connective Tissue	HT1080_EWS-FLI1	GSM4656271	GSM4656296
SE_02_1321	Human	NCBI GEO/SRA	Cell line	Connective Tissue	HT1080_FUS-DDIT3	GSM4656278	GSM4656300
SE_02_1322	Human	NCBI GEO/SRA	Cell line	Connective Tissue	HT1080_WT	GSM4656288	GSM4656302
SE_02_1323	Human	NCBI GEO/SRA	Cell line	Colon	DLD1_WT	GSM4663757	GSM4663759
SE_02_1324	Human	NCBI GEO/SRA	Stem cell	Hindbrain	Hindbrain derived neural stem cells_NS19_H3.3K27M	GSM4668068	GSM4668076
SE_02_1325	Human	NCBI GEO/SRA	Stem cell	Hindbrain	Hindbrain derived neural stem cells_NS19_H3.3K27M_WT	GSM4668069	GSM4668077
SE_02_1326	Human	NCBI GEO/SRA	Stem cell	Hindbrain	Hindbrain derived neural stem cells_NS13_H3.3K27M	GSM4668070	GSM4668078
SE_02_1327	Human	NCBI GEO/SRA	Stem cell	Hindbrain	Hindbrain derived neural stem cells_NS13_H3.3K27M_WT	GSM4668071	GSM4668079
SE_02_1328	Human	NCBI GEO/SRA	Primary cell	Non-mineralized aortic valves	aortic valve interstitial cells	GSM4672358	GSM4672359
SE_02_1329	Human	NCBI GEO/SRA	Primary cell	Blood	CD34+ cell_9d_differentiation	GSM4684993	GSM4684996
SE_02_1330	Human	NCBI GEO/SRA	Cell line	Blood	AMU-AML1	GSM4685436	GSM4685449
SE_02_1331	Human	NCBI GEO/SRA	Cell line	Blood	Molm13_CTRL	GSM4685439	GSM4685450
SE_02_1332	Human	NCBI GEO/SRA	Cell line	Blood	Monomac6_CTRL	GSM4685443	GSM4685451
SE_02_1333	Human	NCBI GEO/SRA	Cell line	Lung	NCI-H1299_wtSMARCA4	GSM4695897	GSM4695909
SE_02_1334	Human	NCBI GEO/SRA	Cell line	Lung	NCI-H1299_mutSMARCA4	GSM4695898	GSM4695910
SE_02_1335	Human	NCBI GEO/SRA	Cell line	Lung	NCI-H1299_wtSMARCA4_Dox	GSM4695899	GSM4695911
SE_02_1336	Human	NCBI GEO/SRA	Cell line	Lung	NCI-H1299_mutSMARCA4_Dox	GSM4695900	GSM4695912
SE_02_1337	Human	NCBI GEO/SRA	Cell line	Lung	NCI-H1299-wtSMARCA4_Dox_SAHA	GSM4695901	GSM4695913
SE_02_1338	Human	NCBI GEO/SRA	Cell line	Esophagus	KYSE180	GSM4696923	GSM4696929
SE_02_1339	Human	NCBI GEO/SRA	Tissue	Bone marrow	ficolled whole bone marrow	GSM4706145	GSM4706146
SE_02_1340	Human	NCBI GEO/SRA	Cell line	Blood	acute myeloid leukemia	GSM4706147	GSM4706150
SE_02_1341	Human	NCBI GEO/SRA	Cell line	Blood	MV411	GSM4706153	GSM4706154
SE_02_1342	Human	NCBI GEO/SRA	Cell line	Blood	NB4	GSM4706155	GSM4706156
SE_02_1343	Human	NCBI GEO/SRA	Tissue	Leukophereses	leukophereses_p195	GSM4706157	GSM4706158
SE_02_1344	Human	NCBI GEO/SRA	Tissue	Leukophereses	leukophereses_p217	GSM4706159	GSM4706160
SE_02_1345	Human	NCBI GEO/SRA	Tissue	Leukophereses	leukophereses_p358	GSM4706161	GSM4706162
SE_02_1346	Human	NCBI GEO/SRA	Tissue	Leukophereses	leukophereses_p400	GSM4706163	GSM4706164
SE_02_1347	Human	NCBI GEO/SRA	Tissue	Leukophereses	leukophereses_p401	GSM4706165	GSM4706166
SE_02_1348	Human	NCBI GEO/SRA	Tissue	Leukophereses	leukophereses_p408	GSM4706167	GSM4706168
SE_02_1349	Human	NCBI GEO/SRA	Tissue	Leukophereses	leukophereses_p411	GSM4706169	GSM4706170
SE_02_1350	Human	NCBI GEO/SRA	Tissue	Leukophereses	leukophereses_p456	GSM4706171	GSM4706172
SE_02_1351	Human	NCBI GEO/SRA	Cell line	Mammary gland	MDA-MB-231-Erbeta_vehicle	GSM4710498	GSM4710482
SE_02_1352	Human	NCBI GEO/SRA	Cell line	Mammary gland	MDA-MB-231-Erbeta_E2	GSM4710500	GSM4710484
SE_02_1353	Human	NCBI GEO/SRA	Cell line	Mammary gland	MDA-MB-231-Erbeta_TNFa	GSM4710502	GSM4710486
SE_02_1354	Human	NCBI GEO/SRA	Cell line	Mammary gland	MDA-MB-231-Erbeta_E2_TNFa	GSM4710504	GSM4710488
SE_02_1355	Human	NCBI GEO/SRA	Stem cell	Umbilical cord	umbilical cord-derived mesenchymal stem cells_old	GSM4730282	GSM4730288
SE_02_1356	Human	NCBI GEO/SRA	Stem cell	Umbilical cord	umbilical cord-derived mesenchymal stem cells_Young	GSM4730293	GSM4730299
SE_02_1357	Human	NCBI GEO/SRA	Cell line	Other	IC8-deltaEGF-L1596H_GSI_0h	GSM4732247	GSM4732251
SE_02_1358	Human	NCBI GEO/SRA	Cell line	Other	IC8-deltaEGF-L1596H_GSI_2h	GSM4732249	GSM4732253
SE_02_1359	Human	NCBI GEO/SRA	Cell line	Other	IC8-deltaEGF-L1596H_GSI_4h	GSM4732250	GSM4732254
SE_02_1360	Human	NCBI GEO/SRA	Cell line	Bladder	UMUC1_sonic_pSIN-puro_EV	GSM4752827	GSM4752839
SE_02_1361	Human	NCBI GEO/SRA	Cell line	Bladder	UMUC1_sonic_pSIN-puro_WTUTX	GSM4752828	GSM4752840
SE_02_1362	Human	NCBI GEO/SRA	Cell line	Bladder	UMUC1_sonic_pSIN-puro H1146A/E1148A-mutant UTX	GSM4752829	GSM4752841
SE_02_1363	Human	NCBI GEO/SRA	Cell line	Blood	Hudep2	GSM4761255	GSM4761259
SE_02_1364	Human	NCBI GEO/SRA	Tissue	Pancreas	pancreatic tumor_associated fibroblasts_triptolide_18h	GSM4780999	GSM4781000
SE_02_1365	Human	NCBI GEO/SRA	Cell line	Pancreas	AsPC1-untreated	GSM4781001	GSM4781002
SE_02_1366	Human	NCBI GEO/SRA	Cell line	Pancreas	BxPC3-untreated	GSM4781003	GSM4781004
SE_02_1367	Human	NCBI GEO/SRA	Cell line	Pancreas	Capan1-untreated	GSM4781005	GSM4781006
SE_02_1368	Human	NCBI GEO/SRA	Cell line	Pancreas	MIA PaCa-2-untreated	GSM4781007	GSM4781008
SE_02_1369	Human	NCBI GEO/SRA	Cell line	Pancreas	P4057-untreated	GSM4781009	GSM4781010
SE_02_1370	Human	NCBI GEO/SRA	Cell line	Pancreas	Patu8902-untreated	GSM4781011	GSM4781012
SE_02_1371	Human	NCBI GEO/SRA	Cell line	Pancreas	Patu899S-untreated	GSM4781013	GSM4781014
SE_02_1372	Human	NCBI GEO/SRA	Cell line	Pancreas	PSN1-untreated	GSM4781015	GSM4781016
SE_02_1373	Human	NCBI GEO/SRA	Cell line	Pancreas	PANC1-untreated	GSM4781017	GSM4781018
SE_02_1374	Human	NCBI GEO/SRA	Tissue	Pancreas	Pancreatic_tumor_associated_fibroblasts_B009B_untreated	GSM4781019	GSM4781020
SE_02_1375	Human	NCBI GEO/SRA	Tissue	Pancreas	Pancreatic_tumor_associated_fibroblasts_B0010A_untreated	GSM4781021	GSM4781022
SE_02_1376	Human	NCBI GEO/SRA	Tissue	Pancreas	Pancreatic_tumor_associated_fibroblasts_B011C_untreated	GSM4781023	GSM4781024
SE_02_1377	Human	NCBI GEO/SRA	Tissue	Pancreas	Pancreatic_tumor_associated_fibroblasts_BF1_untreated	GSM4781025	GSM4781026
SE_02_1378	Human	NCBI GEO/SRA	Tissue	Pancreas	Pancreatic_tumor_associated_fibroblasts_CAF08_untreated	GSM4781027	GSM4781028
SE_02_1379	Human	NCBI GEO/SRA	Tissue	Pancreas	Pancreatic_tumor_associated_fibroblasts_PS1_untreated	GSM4781029	GSM4781030
SE_02_1380	Human	NCBI GEO/SRA	Tissue	Pancreas	Pancreatic_tumor_associated_fibroblasts_CW1_untreated	GSM4781031	GSM4781032
SE_02_1381	Human	NCBI GEO/SRA	Cell line	Pancreas	Pancreatic cancer cells_DMSO	GSM4781033	GSM4781034
SE_02_1382	Human	NCBI GEO/SRA	Cell line	Pancreas	Pancreatic cancer cells_Triptolide	GSM4781035	GSM4781036
SE_02_1383	Human	NCBI GEO/SRA	Cell line	Pancreas	Pancreatic cancer cells_THZ1	GSM4781037	GSM4781038
SE_02_1384	Human	NCBI GEO/SRA	Induced pluripotent stem cell	Other	induced pluripotent stem cell derived Neuronal progenitor cell	GSM4798657	GSM4798667
SE_02_1385	Human	NCBI GEO/SRA	Induced pluripotent stem cell	Other	iPSCs	GSM4798655	GSM4798669
SE_02_1386	Human	NCBI GEO/SRA	Cell line	Peripheral blood	Karpas-299_ALK+	GSM4815740	GSM4815739
SE_02_1387	Human	NCBI GEO/SRA	Cell line	Peripheral blood	Mac-1_ALK-	GSM4815743	GSM4815742
SE_02_1388	Human	NCBI GEO/SRA	Cell line	Peripheral blood	JB6_ALK+	GSM5277976	GSM5277975
SE_02_1389	Human	NCBI GEO/SRA	Cell line	Peripheral blood	SUP-M2_ALK+	GSM5277978	GSM5277977
SE_02_1390	Human	NCBI GEO/SRA	Cell line	Peripheral blood	SU-DHL-1_ALK+	GSM5277982	GSM5277981
SE_02_1391	Human	NCBI GEO/SRA	Cell line	Peripheral blood	FE-PD_ALK-	GSM5277984	GSM5277983
SE_02_1392	Human	NCBI GEO/SRA	Cell line	Peripheral blood	Mac-2A_ALK-	GSM5277986	GSM5277985
SE_02_1393	Human	NCBI GEO/SRA	Primary cell	Lymph node	anaplastic large cell lymphoma cells_ALK+#54	GSM5277988	GSM5277987
SE_02_1394	Human	NCBI GEO/SRA	Primary cell	Lymph node	anaplastic large cell lymphoma cells_ALK+#208	GSM5277990	GSM5277989
SE_02_1395	Human	NCBI GEO/SRA	Primary cell	Colon	COLO320-DM_DMSO	GSM4851905	GSM4851909
SE_02_1396	Human	NCBI GEO/SRA	Primary cell	Colon	COLO320HSR_DMSO	GSM4851913	GSM4851917
SE_02_1397	Human	NCBI GEO/SRA	Primary cell	Stomach	SNU16	GSM4851921	GSM4851925
SE_02_1398	Human	NCBI GEO/SRA	Cell line	Bone	U2OS_siNC	GSM4861709	GSM4861705
SE_02_1399	Human	NCBI GEO/SRA	Cell line	Bone	U2OS_siMLL3.1	GSM4861710	GSM4861707
SE_02_1400	Human	NCBI GEO/SRA	Cell line	Blood	MM1.S_DMSO_6h	GSM4871752	GSM4871757
SE_02_1401	Human	NCBI GEO/SRA	Cell line	Blood	MM1.S_A-485	GSM4871753	GSM4871758
SE_02_1402	Human	NCBI GEO/SRA	Cell line	Blood	MM.1S_GNE-781	GSM4871754	GSM4871759
SE_02_1403	Human	NCBI GEO/SRA	Cell line	Blood	MM.1S_A-485/GNE-781	GSM4871755	GSM4871760
SE_02_1404	Human	NCBI GEO/SRA	Primary cell	Embryonic kidney	HEK293_siBAHD1_WT	GSM4859387	GSM4859385
SE_02_1405	Human	NCBI GEO/SRA	Primary cell	Embryonic kidney	HEK293_siBAHD1_W667G_mutant	GSM4859388	GSM4859386
SE_02_1406	Human	NCBI GEO/SRA	Cell line	Prostate	LNCaP_EtOH_vehicle_4h	GSM4890950	GSM4890974
SE_02_1407	Human	NCBI GEO/SRA	Cell line	Prostate	LNCaP_R1881 4h	GSM4890953	GSM4890977
SE_02_1408	Human	NCBI GEO/SRA	Cell line	Prostate	LNCaP_EtOH_vehicle_4h_MED19_OE	GSM4890956	GSM4890980
SE_02_1409	Human	NCBI GEO/SRA	Cell line	Prostate	LNCaP_R1881 4h_MED19_OE	GSM4890959	GSM4890983
SE_02_1410	Human	NCBI GEO/SRA	Stem cell	Brain	GSC6	GSM4907321	GSM4907320
SE_02_1411	Human	NCBI GEO/SRA	Cell line	Colon	KM12C	GSM4910065	GSM4910064
SE_02_1412	Human	NCBI GEO/SRA	Cell line	Liver	KM12SM	GSM4910067	GSM4910066
SE_02_1413	Human	NCBI GEO/SRA	Cell line	Muscle	RH4_sgBRG1	GSM4932341	GSM4932338
SE_02_1414	Human	NCBI GEO/SRA	Cell line	Brain	IMR32	GSM4932412	GSM4932415
SE_02_1415	Human	NCBI GEO/SRA	Cell line	Brain	DIPGIV	GSM4969588	GSM4969615
SE_02_1416	Human	NCBI GEO/SRA	Cell line	Brain	SF9402	GSM4969612	GSM4969618
SE_02_1417	Human	NCBI GEO/SRA	Cell line	Brain	SF7761	GSM4969604	GSM4969620
SE_02_1418	Human	NCBI GEO/SRA	Cell line	Brain	SF9427	GSM4969613	GSM4969621
SE_02_1419	Human	NCBI GEO/SRA	Stem cell	Brain	hNSC	GSM4969598	GSM4969622
SE_02_1420	Human	NCBI GEO/SRA	Cell line	Brain	DIPG007	GSM4969594	GSM4969623
SE_02_1421	Human	NCBI GEO/SRA	Cell line	Brain	NHA	GSM4969602	GSM4969624
SE_02_1422	Human	NCBI GEO/SRA	Cell line	Haematopoietic and lymphoid tissue bone marrow	K562_Triptolide_0h	GSM4971072	GSM4971130
SE_02_1423	Human	NCBI GEO/SRA	Cell line	Haematopoietic and lymphoid tissue bone marrow	K562_Triptolide_1h	GSM4971073	GSM4971131
SE_02_1424	Human	NCBI GEO/SRA	Cell line	Haematopoietic and lymphoid tissue bone marrow	K562_Triptolide_4h	GSM4971074	GSM4971132
SE_02_1425	Human	NCBI GEO/SRA	Tissue	Shoulder	fibroblast_384	GSM4981451	GSM4981449
SE_02_1426	Human	NCBI GEO/SRA	Tissue	Shoulder	fibroblast_341	GSM4981459	GSM4981457
SE_02_1427	Human	NCBI GEO/SRA	Tissue	Shoulder	fibroblast_343	GSM4981467	GSM4981465
SE_02_1428	Human	NCBI GEO/SRA	Tissue	Shoulder	fibroblast_316	GSM4981475	GSM4981473
SE_02_1429	Human	NCBI GEO/SRA	Cell line	Blood	GM12878_WT	GSM5014620	GSM5014626
SE_02_1430	Human	NCBI GEO/SRA	Cell line	Blood	Kasumi-3_mock-infected	GSM5020858	GSM5020855
SE_02_1431	Human	NCBI GEO/SRA	Primary cell	Blood	T cell	GSM5024539	GSM5024542
SE_02_1432	Human	NCBI GEO/SRA	Cell line	Bone	A673 STAG2 WT	GSM3240319	GSM3240321
SE_02_1433	Human	NCBI GEO/SRA	Cell line	Bone	A673 STAG2 null	GSM3240325	GSM3240327
SE_02_1434	Human	NCBI GEO/SRA	Stem cell	Trophoblast	trophoblast stem cells	GSM5468531	GSM5468519
SE_02_1435	Human	NCBI GEO/SRA	Stem cell	Trophoblast	trophoblast stem cells_MSX2_KD	GSM5468533	GSM5468521
SE_02_1436	Human	NCBI GEO/SRA	Primary cell	Liver	LSEC-Ctrl	GSM5060170	GSM5060171
SE_02_1437	Human	NCBI GEO/SRA	Primary cell	Liver	LSEC-TNF	GSM5060174	GSM5060175
SE_02_1438	Human	NCBI GEO/SRA	Primary cell	Liver	LSEC	GSM5075784	GSM5075785
SE_02_1439	Human	NCBI GEO/SRA	Induced pluripotent stem cell	iPSCs	WTC11 iPSCs	GSM5086285	GSM5086283
SE_02_1440	Human	NCBI GEO/SRA	Primary cell	Cytotrophoblast	Cytotrophoblast	GSM5104910	GSM5104918
SE_02_1441	Human	NCBI GEO/SRA	Primary cell	Peripheral blood	peripheral blood monocyte-derived SC cells	GSM5124337	GSM5124341
SE_02_1442	Human	NCBI GEO/SRA	Cell line	Lung	H69	GSM5133638	GSM5133637
SE_02_1443	Human	NCBI GEO/SRA	Cell line	Lung	H69M	GSM5133641	GSM5133640
SE_02_1444	Human	NCBI GEO/SRA	Cell line	Adipose	SW872_Empty Vector	GSM5133878	GSM5133879
SE_02_1445	Human	NCBI GEO/SRA	Cell line	Adipose	SW872_TAZ4SA	GSM5133882	GSM5133883
SE_02_1446	Human	NCBI GEO/SRA	Cell line	Adipose	SW872_TAZ_CAMTA1	GSM5133886	GSM5133887
SE_02_1447	Human	NCBI GEO/SRA	Cell line	Adipose	SW872_CAMTA1	GSM5133890	GSM5133891
SE_02_1448	Human	NCBI GEO/SRA	Cell line	Adipose	SW872_YAP5SA	GSM5133894	GSM5133895
SE_02_1449	Human	NCBI GEO/SRA	Cell line	Adipose	SW872_YAP_TFE3	GSM5133898	GSM5133899
SE_02_1450	Human	NCBI GEO/SRA	Cell line	Adipose	SW872_TFE3	GSM5133902	GSM5133903
SE_02_1451	Human	NCBI GEO/SRA	Primary cell	Arter	pulmonary arterial smooth muscle cells_PAH1_sictrl	GSM5172177	GSM5172183
SE_02_1452	Human	NCBI GEO/SRA	Primary cell	Arter	pulmonary arterial smooth muscle cells_PAH2_sictrl	GSM5172178	GSM5172184
SE_02_1453	Human	NCBI GEO/SRA	Primary cell	Arter	pulmonary arterial smooth muscle cells_PAH8_sictrl	GSM5172179	GSM5172185
SE_02_1454	Human	NCBI GEO/SRA	Primary cell	Arter	pulmonary arterial smooth muscle cells_PAH1_sialdh1a3	GSM5172180	GSM5172186
SE_02_1455	Human	NCBI GEO/SRA	Primary cell	Arter	pulmonary arterial smooth muscle cells_PAH2_sialdh1a3	GSM5172181	GSM5172187
SE_02_1456	Human	NCBI GEO/SRA	Primary cell	Arter	pulmonary arterial smooth muscle cells_PAH8_sialdh1a3	GSM5172182	GSM5172188
SE_02_1457	Human	NCBI GEO/SRA	Stem cell	Embryo	HUES8 WT	GSM5183544	GSM5183579
SE_02_1458	Human	NCBI GEO/SRA	Cell line	Pancreas	THP1+PANC1_shNC	GSM5203338	GSM5203344
SE_02_1459	Human	NCBI GEO/SRA	Cell line	Pancreas	THP1+PANC1_shCTCF	GSM5203339	GSM5203344
SE_02_1460	Human	NCBI GEO/SRA	Cell line	Blood	Mutz-3	GSM5224825	GSM5224827
SE_02_1461	Human	NCBI GEO/SRA	Cell line	Ovary	A2780_shRen	GSM5258235	GSM5258236
SE_02_1462	Human	NCBI GEO/SRA	Cell line	Ovary	A2780_shMBD3.26	GSM5258237	GSM5258238
SE_02_1463	Human	NCBI GEO/SRA	Cell line	Ovary	A2780_shMBD3.232	GSM5258239	GSM5258240
SE_02_1464	Human	NCBI GEO/SRA	Cell line	Ovary	CAOV4	GSM5258241	GSM5258242
SE_02_1465	Human	NCBI GEO/SRA	Cell line	Ovary	CAOV4cis	GSM5258243	GSM5258244
SE_02_1466	Human	NCBI GEO/SRA	Cell line	Blood	HUDEP-2_BCL11AKO	GSM5267244	GSM5267252
SE_02_1467	Human	NCBI GEO/SRA	Cell line	Blood	HUDEP-2_LRFKO	GSM5267245	GSM5267253
SE_02_1468	Human	NCBI GEO/SRA	Cell line	Blood	HUDEP-2_WT	GSM5267246	GSM5267254
SE_02_1469	Human	NCBI GEO/SRA	Cell line	Umbilical Vein	HUVEC	GSM5348078	GSM5348080
SE_02_1470	Human	NCBI GEO/SRA	Cell line	Umbilical Vein	H441	GSM5348081	GSM5348083
SE_02_1471	Human	NCBI GEO/SRA	Cell line	Blood Outgrowth Endothelia	BOEC	GSM5348084	GSM5348085
SE_02_1472	Human	NCBI GEO/SRA	Cell line	Fetal lung	IMR-90	GSM5348086	GSM5348088
SE_02_1473	Human	NCBI GEO/SRA	Cell line	Bone	A-673	GSM5363939	GSM5363940
SE_02_1474	Human	NCBI GEO/SRA	Cell line	Bone	CHLA-10	GSM5363944	GSM5363945
SE_02_1475	Human	NCBI GEO/SRA	Cell line	Bone	CHLA-25	GSM5363949	GSM5363950
SE_02_1476	Human	NCBI GEO/SRA	Cell line	Bone	EW-1	GSM5363954	GSM5363955
SE_02_1477	Human	NCBI GEO/SRA	Cell line	Bone	EW-22	GSM5363959	GSM5363960
SE_02_1478	Human	NCBI GEO/SRA	Cell line	Bone	EW-3	GSM5363969	GSM5363970
SE_02_1479	Human	NCBI GEO/SRA	Cell line	Bone	EW-7	GSM5363974	GSM5363975
SE_02_1480	Human	NCBI GEO/SRA	Cell line	Bone	MHH-ES-1	GSM5363979	GSM5363980
SE_02_1481	Human	NCBI GEO/SRA	Cell line	Bone	MIC	GSM5363984	GSM5363985
SE_02_1482	Human	NCBI GEO/SRA	Cell line	Bone	POE	GSM5363989	GSM5363990
SE_02_1483	Human	NCBI GEO/SRA	Cell line	Bone	RD-ES	GSM5363994	GSM5363995
SE_02_1484	Human	NCBI GEO/SRA	Cell line	Bone	Rh1	GSM5363999	GSM5364000
SE_02_1485	Human	NCBI GEO/SRA	Cell line	Bone	SK-ES-1	GSM5364004	GSM5364005
SE_02_1486	Human	NCBI GEO/SRA	Cell line	Bone	SK-N-MC	GSM5364009	GSM5364010
SE_02_1487	Human	NCBI GEO/SRA	Cell line	Bone	TC-32	GSM5364014	GSM5364015
SE_02_1488	Human	NCBI GEO/SRA	Cell line	Bone	TC-71	GSM5364019	GSM5364020
SE_02_1489	Human	NCBI GEO/SRA	Cell line	Bone	TC-106	GSM5364024	GSM5364025
SE_02_1490	Human	NCBI GEO/SRA	Cell line	Lung	H2087	GSM5528145	GSM5528147
SE_02_1491	Human	NCBI GEO/SRA	Cell line	Blood	KBM-7	GSM5536169	GSM5536179
SE_02_1492	Human	NCBI GEO/SRA	Primary cell	Peripheral blood	CD34+ derived peripheral blood-derived mast cells	GSM2864753	GSM2864745
SE_02_1493	Human	NCBI GEO/SRA	Cell line	Skin	SK-MEL-5_DMSO_6h	GSM1968285	GSM1968284
SE_02_1494	Human	NCBI GEO/SRA	Primary cell	Other	monocyte-derived dendritic cells_0h	GSM2081238	GSM2081244
SE_02_1495	Human	NCBI GEO/SRA	Primary cell	Other	monocyte-derived dendritic cells_R848_1h	GSM2081239	GSM2081245
SE_02_1496	Human	NCBI GEO/SRA	Primary cell	Other	monocyte-derived dendritic cells_R848_24h	GSM2081240	GSM2081246
SE_02_1497	Human	NCBI GEO/SRA	Cell line	Brain	SHEP-21N	GSM2113505	GSM2113506
SE_02_1498	Human	NCBI GEO/SRA	Cell line	Brain	SHEP-21N_DOX_2h	GSM2113513	GSM2113514
SE_02_1499	Human	NCBI GEO/SRA	Cell line	Brain	BE_2_-C	GSM2113518	GSM2113520
SE_02_1500	Human	NCBI GEO/SRA	Cell line	Brain	KELLY_untreat	GSM2113524	GSM2113525
SE_02_1501	Human	NCBI GEO/SRA	Cell line	Brain	SHEP-21N_NOSPIKE	GSM2113530	GSM2113531
SE_02_1502	Human	NCBI GEO/SRA	Cell line	Brain	SHEP-21N_DOX_24h_NOSPIKE	GSM2113535	GSM2113536
SE_02_1503	Human	NCBI GEO/SRA	Cell line	Brain	SHEP-21N_DOX_2h_NOSPIKE	GSM2113539	GSM2113540
SE_02_1504	Human	NCBI GEO/SRA	Cell line	Brain	SHEP with tetracycline inducible MYCN_0HR	GSM2572341	GSM2572342
SE_02_1505	Human	NCBI GEO/SRA	Cell line	Brain	SHEP with tetracycline inducible MYC_DOX_2HR	GSM2572344	GSM2572345
SE_02_1506	Human	NCBI GEO/SRA	Cell line	Brain	SHEP with tetracycline inducible MYC_DOX_6HR	GSM2572347	GSM2572348
SE_02_1507	Human	NCBI GEO/SRA	Cell line	Brain	SHEP-21N_DOX_24h	GSM2113509	GSM2113510
SE_02_1508	Human	NCBI GEO/SRA	Cell line	Brain	NGPz_untreat	GSM2113527	GSM2113528
SE_02_1509	Human	NCBI GEO/SRA	Cell line	Lung	H3122_LR	GSM2154738	GSM2154737
SE_02_1510	Human	NCBI GEO/SRA	Cell line	Lung	H3122_LR_Pano	GSM2154741	GSM2154740
SE_02_1511	Human	NCBI GEO/SRA	Cell line	Lung	H3122_untreated	GSM2154735	GSM2154734
SE_02_1512	Human	NCBI GEO/SRA	Primary cell	Lung	Purified AT2 cells	GSM2230654	GSM2230657
SE_02_1513	Human	NCBI GEO/SRA	Primary cell	Lung	Transitional AT2->1 cells	GSM2230655	GSM2230658
SE_02_1514	Human	NCBI GEO/SRA	Primary cell	Lung	Differentiated AT1-like cells	GSM2230656	GSM2230659
SE_02_1515	Human	NCBI GEO/SRA	Primary cell	Non-transformed mammary epithelial	IMEC WT	GSM2301910	GSM2301907
SE_02_1516	Human	NCBI GEO/SRA	Primary cell	Non-transformed mammary epithelial	IMEC MYC	GSM2301915	GSM2301912
SE_02_1517	Human	NCBI GEO/SRA	Tissue	Mammary gland	non-transformed human mammary epithelial cell	GSM2301920	GSM2301917
SE_02_1518	Human	NCBI GEO/SRA	Primary cell	Umbilical vein	HUVEC_Scr	GSM2333682	GSM2333688
SE_02_1519	Human	NCBI GEO/SRA	Primary cell	Umbilical vein	HUVEC_Scr_IL1beta	GSM2333683	GSM2333689
SE_02_1520	Human	NCBI GEO/SRA	Primary cell	Umbilical vein	HUVEC_Notch1kd_IL1beta	GSM2333684	GSM2333690
SE_02_1521	Human	NCBI GEO/SRA	Cell line	Skin	A375 DMSO	GSM2359487	GSM2359462
SE_02_1522	Human	NCBI GEO/SRA	Cell line	Skin	A375 RTKi	GSM2359493	GSM2359463
SE_02_1523	Human	NCBI GEO/SRA	Cell line	Lung	A549 DMSO	GSM2359488	GSM2359467
SE_02_1524	Human	NCBI GEO/SRA	Cell line	Lung	H3122 DMSO	GSM2359489	GSM2359470
SE_02_1525	Human	NCBI GEO/SRA	Cell line	Stomach	N87 DMSO	GSM2359490	GSM2359473
SE_02_1526	Human	NCBI GEO/SRA	Cell line	Lung	PC9 DMSO	GSM2359491	GSM2359482
SE_02_1527	Human	NCBI GEO/SRA	Primary cell	Embryo	naive embryonic stem cell	GSM2410285	GSM2410295
SE_02_1528	Human	NCBI GEO/SRA	Primary cell	Embryo	Primed embryonic stem cells	GSM2410297	GSM2410307
SE_02_1529	Human	NCBI GEO/SRA	Primary cell	Peripheral blood	neutrophils_0BC75	GSM2428952	GSM2428954
SE_02_1530	Human	NCBI GEO/SRA	Primary cell	Peripheral blood	neutrophils_0BA0X	GSM2428946	GSM2428948
SE_02_1531	Human	NCBI GEO/SRA	Primary cell	Peripheral blood	neutrophils_0B9ZK	GSM2428949	GSM2428951
SE_02_1532	Human	NCBI GEO/SRA	Cell line	Mammary gland	MCF10A	GSM2442940	GSM2442939
SE_02_1533	Human	NCBI GEO/SRA	Primary cell	Lung	purified primary alveolar epithelial type 2 cells	GSM2493806	GSM2493808
SE_02_1534	Human	NCBI GEO/SRA	Cell line	Mammary gland	MDA-MB-231_ERα-wt_E2_100nM_0min	GSM2496511	GSM2496463
SE_02_1535	Human	NCBI GEO/SRA	Cell line	Mammary gland	MDA-MB-231_ERα-wt_E2_100nM_45min	GSM2496513	GSM2496467
SE_02_1536	Human	NCBI GEO/SRA	Cell line	Mammary gland	MDA-MB-231_ERα-L540Q_E2_100nM_0min	GSM2496515	GSM2496471
SE_02_1537	Human	NCBI GEO/SRA	Cell line	Mammary gland	MDA-MB-231_ERα-L540Q_E2_100nM_45min	GSM2496517	GSM2496477
SE_02_1538	Human	NCBI GEO/SRA	Cell line	Mammary gland	MDA-MB-231	GSM2500251	GSM2500253
SE_02_1539	Human	NCBI GEO/SRA	Cell line	Nasopharyngeal	C666-1	GSM2523126	GSM2523130
SE_02_1540	Human	NCBI GEO/SRA	Cell line	Nasopharyngeal	HK1	GSM2523132	GSM2523135
SE_02_1541	Human	NCBI GEO/SRA	Cell line	Nasopharyngeal	HNE1	GSM2523136	GSM2523139
SE_02_1542	Human	NCBI GEO/SRA	Cell line	Gastrointestinal Stromal	GIST-T1	GSM2527250	GSM2527251
SE_02_1543	Human	NCBI GEO/SRA	Cell line	Gastrointestinal Stromal	GIST-48	GSM2527252	GSM2527253
SE_02_1544	Human	NCBI GEO/SRA	Cell line	Gastrointestinal Stromal	GIST-882	GSM2527254	GSM2527255
SE_02_1545	Human	NCBI GEO/SRA	Cell line	Gastrointestinal Stromal	GIST-T1/816	GSM2527258	GSM2527259
SE_02_1546	Human	NCBI GEO/SRA	Cell line	Gastrointestinal Stromal	GIST-430/654	GSM2527260	GSM2527261
SE_02_1547	Human	NCBI GEO/SRA	Cell line	Gastrointestinal Stromal	GIST-48B	GSM2527262	GSM2527263
SE_02_1548	Human	NCBI GEO/SRA	Cell line	Gastrointestinal Stromal	GIST-226	GSM2527264	GSM2527265
SE_02_1549	Human	NCBI GEO/SRA	Cell line	Gastrointestinal Stromal	GIST-430B	GSM2527266	GSM2527267
SE_02_1550	Human	NCBI GEO/SRA	Cell line	Bone	EWS502	GSM2527268	GSM2527269
SE_02_1551	Human	NCBI GEO/SRA	Cell line	Gastrointestinal Stromal	MaMel	GSM2527270	GSM2527271
SE_02_1552	Human	NCBI GEO/SRA	Stem cell	HMSCs	hMSC ATCC SCRC-4000	GSM2527272	GSM2527273
SE_02_1553	Human	NCBI GEO/SRA	Cell line	Gastrointestinal Stromal	GIST-2_KIT e11	GSM2527276	GSM2527277
SE_02_1554	Human	NCBI GEO/SRA	Cell line	Gastrointestinal Stromal	GIST-3_KIT e11	GSM2527278	GSM2527279
SE_02_1555	Human	NCBI GEO/SRA	Cell line	Gastrointestinal Stromal	GIST-4_KIT e9	GSM2527280	GSM2527281
SE_02_1556	Human	NCBI GEO/SRA	Cell line	Gastrointestinal Stromal	GIST-5_KIT e9	GSM2527282	GSM2527283
SE_02_1557	Human	NCBI GEO/SRA	Cell line	Gastrointestinal Stromal	GIST-6_KIT e11/16	GSM2527284	GSM2527285
SE_02_1558	Human	NCBI GEO/SRA	Cell line	Gastrointestinal Stromal	GIST-7_PDGFRA e18	GSM2527286	GSM2527287
SE_02_1559	Human	NCBI GEO/SRA	Cell line	Gastrointestinal Stromal	GIST-8_PDGFRA e18	GSM2527288	GSM2527289
SE_02_1560	Human	NCBI GEO/SRA	Cell line	Gastrointestinal Stromal	GIST-9_PDGFRA e18	GSM2527290	GSM2527291
SE_02_1561	Human	NCBI GEO/SRA	Cell line	Gastrointestinal Stromal	GIST-10_PDGFRA e1	GSM2527292	GSM2527293
SE_02_1562	Human	NCBI GEO/SRA	Cell line	Gastrointestinal Stromal	GIST-11_SDHC deletion	GSM2527294	GSM2527295
SE_02_1563	Human	NCBI GEO/SRA	Cell line	Gastrointestinal Stromal	GIST-12_SDHC deletion	GSM2527296	GSM2527297
SE_02_1564	Human	NCBI GEO/SRA	Cell line	Gastrointestinal Stromal	GIST-430	GSM2527256	GSM2527257
SE_02_1565	Human	NCBI GEO/SRA	Tissue	Gastrointestinal Stromal	Gastrointestinal stromal tumor	GSM2527274	GSM2527275
SE_02_1566	Human	NCBI GEO/SRA	Tissue	Dermal	Dermal fibroblast	GSM3665211	GSM3665215
SE_02_1567	Human	NCBI GEO/SRA	Induced pluripotent stem cell	iPSCs	CiPSC	GSM2550184	GSM2550183
SE_02_1568	Human	NCBI GEO/SRA	Primary cell	Heart	Cardiac progenitor cells	GSM2550191	GSM2550190
SE_02_1569	Human	NCBI GEO/SRA	Primary cell	Endothelial	Endothelial cells	GSM2550198	GSM2550197
SE_02_1570	Human	NCBI GEO/SRA	Induced pluripotent stem cell	iPSCs	EiPSC	GSM2550205	GSM2550204
SE_02_1571	Human	NCBI GEO/SRA	Primary cell	Fibroblast	Fibroblast cells	GSM2550212	GSM2550211
SE_02_1572	Human	NCBI GEO/SRA	Induced pluripotent stem cell	iPSCs	FiPSC	GSM2550219	GSM2550218
SE_02_1573	Human	NCBI GEO/SRA	Primary cell	Endothelial	Undifferentiated Pleomorphic Sarcoma	GSM2561126	GSM2561127
SE_02_1574	Human	NCBI GEO/SRA	Cell line	Blood	JURKAT	GSM2684349	GSM2684357
SE_02_1575	Human	NCBI GEO/SRA	Primary cell	Mammary gland	MCF7_Mock	GSM2570002	GSM2570000
SE_02_1576	Human	NCBI GEO/SRA	Primary cell	Mammary gland	MCF7_CPI-455	GSM2570005	GSM2570003
SE_02_1577	Human	NCBI GEO/SRA	Primary cell	Mammary gland	MCF7_DAC	GSM2570008	GSM2570006
SE_02_1578	Human	NCBI GEO/SRA	Primary cell	Mammary gland	MCF7_DAC+455	GSM2570011	GSM2570009
SE_02_1579	Human	NCBI GEO/SRA	Cell line	Renal	786-M1A	GSM2585464	GSM2585469
SE_02_1580	Human	NCBI GEO/SRA	Cell line	Renal	786-O	GSM2585472	GSM2585477
SE_02_1581	Human	NCBI GEO/SRA	Cell line	Renal	OS-LM1	GSM2585480	GSM2585483
SE_02_1582	Human	NCBI GEO/SRA	Cell line	Renal	OS-RC-2	GSM2585485	GSM2585488
SE_02_1583	Human	NCBI GEO/SRA	Cell line	Fetal lung	IMR90_empty_GM	GSM3938576	GSM3938577
SE_02_1584	Human	NCBI GEO/SRA	Cell line	Brain	U87 GBM_Mock	GSM2634760	GSM2634764
SE_02_1585	Human	NCBI GEO/SRA	Cell line	Blood	SupB15 DMSO	GSM2644087	GSM2644096
SE_02_1586	Human	NCBI GEO/SRA	Cell line	Blood	SupB15 ACY1035	GSM2644090	GSM2644099
SE_02_1587	Human	NCBI GEO/SRA	Cell line	pancreas	EndoC-βH3 control	GSM6319746	GSM6319752
SE_02_1588	Human	NCBI GEO/SRA	Cell line	pancreas	EndoC-βH3 Senescence induction	GSM6319749	GSM6319755
SE_02_1589	Human	NCBI GEO/SRA	Cell line	Breast	MCF7 DMSO, ethanol	GSM8187000	GSM7733826
SE_02_1590	Human	NCBI GEO/SRA	Cell line	Breast	MCF7 DMSO, E2	GSM8187001	GSM7733826
SE_02_1591	Human	NCBI GEO/SRA	Cell line	Breast	MCF7 dTAG, E2	GSM8187002	GSM7733826
SE_02_1592	Human	NCBI GEO/SRA	Cell line	lung	NCIH1048 DMSO	GSM7937498	GSM7937501
SE_02_1593	Human	NCBI GEO/SRA	Cell line	lung	NCIH1048 FHD286	GSM7937503	GSM7937506
SE_02_1594	Human	NCBI GEO/SRA	Cell line	lung	NCIH1048 DMSO	GSM7937508	GSM7937509
SE_02_1595	Human	NCBI GEO/SRA	Cell line	Squamous cell	SC2 GSI washout	GSM8306510	GSM8306512
SE_02_1596	Human	NCBI GEO/SRA	Cell line	Squamous cell	SC3 GSI washout	GSM8306526	GSM8306528
SE_02_1597	Human	NCBI GEO/SRA	Cell line	skin	A375 Cells TGFB1	GSM6579002	GSM6578999
SE_02_1598	Human	NCBI GEO/SRA	Cell line	skin	A375 Cells TGFB1	GSM6579000	GSM6578998
SE_02_1599	Human	NCBI GEO/SRA	Cell line	Breast	MCF7 Tet1 knockdown	GSM7880519	GSM7880525
SE_02_1600	Human	NCBI GEO/SRA	Cell line	Breast	MCF7 Tet2 knockdown	GSM7880520	GSM7880526
SE_02_1601	Human	NCBI GEO/SRA	Cell line	Breast	MCF7 Control cells	GSM7880521	GSM7880527
SE_02_1602	Human	NCBI GEO/SRA	Cell line	Breast	SKBR3_UT_K27_rep1	GSM7989319	GSM7989323
SE_02_1603	Human	NCBI GEO/SRA	Cell line	Breast	SKBR3_TWEAK_K27_rep1	GSM7989321	GSM7989323
SE_02_1604	Human	NCBI GEO/SRA	Cell line	Breast	MDA-MB-453_UT_K27_rep1	GSM7989324	GSM7989328
SE_02_1605	Human	NCBI GEO/SRA	Cell line	Breast	MDA-MB-453_TWEAK_K27_rep1	GSM7989326	GSM7989328
SE_02_1606	Human	NCBI GEO/SRA	Cell line	Breast	MDA-MB-231  UT_K27_rep1	GSM7286588	GSM7286594
SE_02_1607	Human	NCBI GEO/SRA	Cell line	Breast	MDA-MB-231_TWEAK_K27_rep1	GSM7286591	GSM7286594
SE_02_1608	Human	NCBI GEO/SRA	Cell line	Breast	Hs578T_UT_K27_rep1	GSM7286595	GSM7286601
SE_02_1609	Human	NCBI GEO/SRA	Cell line	Breast	Hs578T_TWEAK_K27_rep1	GSM7286598	GSM7286601
SE_02_1610	Human	NCBI GEO/SRA	Cell line	Breast	MCF7_UT_K27_rep1	GSM7286602	GSM7286606
SE_02_1611	Human	NCBI GEO/SRA	Cell line	Breast	MCF7_TWEAK1_K27_rep1	GSM7286604	GSM7286606
SE_02_1612	Human	NCBI GEO/SRA	Cell line	Breast	CAMA1_UT_K27_rep1	GSM7286607	GSM7286611
SE_02_1613	Human	NCBI GEO/SRA	Cell line	Breast	CAMA1_TWEAK1_K27_rep1	GSM7286609	GSM7286611
SE_02_1614	Human	NCBI GEO/SRA	Tissue	Renal	renal Sarcomatoid K27_RCCT0156	GSM8286523	GSM8286539
SE_02_1615	Human	NCBI GEO/SRA	Tissue	Renal	renal Sarcomatoid K27_RCCT0164	GSM8286524	GSM8286540
SE_02_1616	Human	NCBI GEO/SRA	Tissue	Renal	renal Sarcomatoid K27_RCCT0826	GSM8286525	GSM8286541
SE_02_1617	Human	NCBI GEO/SRA	Tissue	Renal	renal Sarcomatoid K27_RCCT1063	GSM8286526	GSM8286542
SE_02_1618	Human	NCBI GEO/SRA	Tissue	Renal	renal Sarcomatoid K27_RCCT1072	GSM8286527	GSM8286543
SE_02_1619	Human	NCBI GEO/SRA	Tissue	Renal	renal Sarcomatoid K27_RCCT1116	GSM8286528	GSM8286544
SE_02_1620	Human	NCBI GEO/SRA	Tissue	Renal	renal Sarcomatoid K27_RCCT1120	GSM8286529	GSM8286545
SE_02_1621	Human	NCBI GEO/SRA	Tissue	Renal	renal Sarcomatoid K27_RCCT1306	GSM8286530	GSM8286546
SE_02_1622	Human	NCBI GEO/SRA	Cell line	Xenograft	Cells freshly constructed from SHH-MB_PDX1 xenograft	GSM8246101	GSM8246102
SE_02_1623	Human	NCBI GEO/SRA	Cell line	Xenograft	Cells freshly constructed from SHH-MB_PDX2 xenograft	GSM8246103	GSM8246104
SE_02_1624	Human	NCBI GEO/SRA	Primary cell	Adipose	primary adipose stem cells white adipogenic differentiation	GSM8092138	GSM8092142
SE_02_1625	Human	NCBI GEO/SRA	Primary cell	Adipose	primary adipose stem cells beige adipogenic differentiation	GSM8092139	GSM8092143
SE_02_1626	Human	NCBI GEO/SRA	Cell line	Hydrothorax	K562 knockout silencer1 region S1KO	GSM5808349	GSM5808350
SE_02_1627	Human	NCBI GEO/SRA	Cell line	Hydrothorax	K562 EV	GSM5808355	GSM5808356
SE_02_1628	Human	NCBI GEO/SRA	Cell line	Hydrothorax	K562 knockout silencer1 and 2 regions DKO	GSM5808367	GSM5808368
SE_02_1629	Human	NCBI GEO/SRA	Cell line	lymphocyte	AML191_Control	GSM7883126	GSM7883132
SE_02_1630	Human	NCBI GEO/SRA	Cell line	lymphocyte	AML191 100 nM BC2059, 16 hrs	GSM7883127	GSM7883133
SE_02_1631	Human	NCBI GEO/SRA	Tissue	Alveoli	ASPS_Tumor-1	GSM7508707	GSM7508708
SE_02_1632	Human	NCBI GEO/SRA	Tissue	Alveoli	ASPS_PDX	GSM7508715	GSM7508716
SE_02_1633	Human	NCBI GEO/SRA	Cell line	Alveoli	ASPS-1	GSM7508717	GSM7508718
SE_02_1634	Human	NCBI GEO/SRA	Cell line	Alveoli	ASPS-KY	GSM7508719	GSM7508720
SE_02_1635	Human	NCBI GEO/SRA	Cell line	Renal	FU-UR-1	GSM7508722	GSM7508723
SE_02_1636	Human	NCBI GEO/SRA	Cell line	Neuroblastoma	KELLY cells, DMSO,6 hours	GSM6506066	GSM6506074
SE_02_1637	Human	NCBI GEO/SRA	Cell line	Neuroblastoma	KELLY cells, dTAGv1 TADA2B, H3K27ac antibody, 6 hours	GSM6506067	GSM6506075
SE_02_1638	Human	NCBI GEO/SRA	Cell line	Neuroblastoma	PROTAC experiment, KELLY cells, DMSO, 6 hours, replicate 1	GSM7871847	GSM7871851
SE_02_1639	Human	NCBI GEO/SRA	Cell line	Neuroblastoma	PROTAC experiment, KELLY cells, GSK6991, 6 hours, replicate 1	GSM7871854	GSM7871858
SE_02_1640	Human	NCBI GEO/SRA	Cell line	colon	HCT116_Nut0h_BR1 DMSO	GSM7528822	GSM7528834
SE_02_1641	Human	NCBI GEO/SRA	Cell line	colon	HCT116_Nut0h_BR2 DMSO	GSM7528823	GSM7528835
SE_02_1642	Human	NCBI GEO/SRA	Cell line	colon	HCT116_Nut1h_BR1 Nutlin3a 1h	GSM7528824	GSM7528836
SE_02_1643	Human	NCBI GEO/SRA	Cell line	colon	HCT116_Nut1h_BR2 Nutlin3a 1h	GSM7528825	GSM7528837
SE_02_1644	Human	NCBI GEO/SRA	Cell line	colon	HCT116_Nut10h_BR1 Nutlin3a 10h	GSM7528826	GSM7528838
SE_02_1645	Human	NCBI GEO/SRA	Cell line	colon	HCT116_Nut10h_BR2 Nutlin3a 10h	GSM7528827	GSM7528839
SE_02_1646	Human	NCBI GEO/SRA	Cell line	colon	HCT116_RAD21_Nut0h_BR1 DMSO	GSM7528840	GSM7528844
SE_02_1647	Human	NCBI GEO/SRA	Cell line	colon	HCT116_RAD21_Nut0h_BR2 DMSO	GSM7528841	GSM7528845
SE_02_1648	Human	NCBI GEO/SRA	Cell line	colon	HCT116_RAD21_Nut1h_BR1 Nutlin3a 1h	GSM7528842	GSM7528846
SE_02_1649	Human	NCBI GEO/SRA	Cell line	colon	HCT116_RAD21_Nut1h_BR2 Nutlin3a 1h	GSM7528843	GSM7528847
SE_02_1650	Human	NCBI GEO/SRA	Cell line	Pancreas	hPSC_H1 input_control WT_PFG	GSM8141938	GSM8141941
SE_02_1651	Human	NCBI GEO/SRA	Cell line	Pancreas	hPSC_H1 input_control Het2_PFG	GSM8141942	GSM8141945
SE_02_1652	Human	NCBI GEO/SRA	Cell line	Pancreas	hPSC_H1 input_control homo_PFG	GSM8141946	GSM8141949
SE_02_1653	Human	NCBI GEO/SRA	Cell line	Pancreas	MiaPaca-2_shNTC	GSM6940293	GSM6940297
SE_02_1654	Human	NCBI GEO/SRA	Cell line	Pancreas	MiaPaca-2_shPRMT1	GSM6940295	GSM6940297
SE_02_1655	Human	NCBI GEO/SRA	Cell line	neuroblastoma	BE2C DMSO 0.1% treatment	GSM5009732	GSM5009726
SE_02_1656	Human	NCBI GEO/SRA	Cell line	neuroblastoma	BE2C QC6352 200nM treatment	GSM5009736	GSM5009728
SE_02_1657	Human	NCBI GEO/SRA	Cell line	Acute myeloid leukemia	Patient-derived AML cells DF16835, Control	GSM8010550	GSM8010552
SE_02_1658	Human	NCBI GEO/SRA	Cell line	Acute myeloid leukemia	Patient-derived AML cells DF16835, 100 nM FHD-286	GSM8010551	GSM8010553
SE_02_1659	Human	NCBI GEO/SRA	Cell line	blood	MOLT14_EV Transduction of empty vector	GSM7795537	GSM7795539
SE_02_1660	Human	NCBI GEO/SRA	Cell line	blood	MOLT14_STAG2 Transduction of STAG2	GSM7795545	GSM7795547
SE_02_1661	Human	NCBI GEO/SRA	Cell line	blood	PF382_SA19_WT	GSM7795553	GSM7795554
SE_02_1662	Human	NCBI GEO/SRA	Cell line	blood	PF382_SA20_STAG2KO_homo STAG2 knockout by using Cas9-gRNA ribonucleoprotein (RNP) delivery	GSM7795557	GSM7795558
SE_02_1663	Human	NCBI GEO/SRA	Cell line	blood	PF382_SA28_WT	GSM7795561	GSM7795562
SE_02_1664	Human	NCBI GEO/SRA	Cell line	blood	PF382_SB23_STAG2KO_homo STAG2 knockout by using Cas9-gRNA ribonucleoprotein (RNP) delivery	GSM7795565	GSM7795566
SE_02_1665	Human	NCBI GEO/SRA	Cell line	Haematopoietic and Lymphoid	JJN3, untreated	GSM7224167	GSM7224182
SE_02_1666	Human	NCBI GEO/SRA	Cell line	Haematopoietic and Lymphoid	LP1, untreated	GSM7224173	GSM7224184
SE_02_1667	Human	NCBI GEO/SRA	Cell line	Haematopoietic and Lymphoid	KMS11, control	GSM7224203	GSM7224209
SE_02_1668	Human	NCBI GEO/SRA	Cell line	Placenta	CT27, ST differentiation for 1 day EVT_d3	GSM7778033	GSM7778035
SE_02_1669	Human	NCBI GEO/SRA	Cell line	Placenta	CT27, EVT differentiation for 3 days EVT_d3	GSM7778043	GSM7778044
SE_02_1670	Human	NCBI GEO/SRA	Cell line	blood	CUTLL1 CT shRNA	GSM7808520	GSM7808522
SE_02_1671	Human	NCBI GEO/SRA	Cell line	blood	CUTLL1 CHMP5 shRNA	GSM7808521	GSM7808523
SE_02_1672	Human	NCBI GEO/SRA	Cell line	colon	CTRL [DLD-1]	GSM6204417	GSM6204413
SE_02_1673	Human	NCBI GEO/SRA	Cell line	colon	OXA [DLD-1]	GSM6204418	GSM6204414
SE_02_1674	Human	NCBI GEO/SRA	Cell line	colon	Palb [DLD-1]	GSM6204419	GSM6204415
SE_02_1675	Human	NCBI GEO/SRA	Cell line	colon	Comb [DLD-1]	GSM6204420	GSM6204416
SE_02_1676	Human	NCBI GEO/SRA	Cell line	skin	1205Lu-R DMSO R1	GSM8049107	GSM8049093
SE_02_1677	Human	NCBI GEO/SRA	Cell line	skin	1205Lu-R corin R1	GSM8049118	GSM8049097
SE_02_1678	Human	NCBI GEO/SRA	Cell line	skin	1205Lu-R DMSO R2	GSM8049123	GSM8049119
SE_02_1679	Human	NCBI GEO/SRA	Cell line	skin	1205Lu-R corin R2	GSM8049126	GSM8049120
SE_02_1680	Human	NCBI GEO/SRA	Cell line	skin	451Lu-R DMSO R1	GSM8049131	GSM8049127
SE_02_1681	Human	NCBI GEO/SRA	Cell line	skin	451Lu-R corin R1	GSM8049134	GSM8049128
SE_02_1682	Human	NCBI GEO/SRA	Cell line	skin	451Lu-R DMSO R2	GSM8049139	GSM8049135
SE_02_1683	Human	NCBI GEO/SRA	Cell line	skin	451Lu-R corin R2	GSM8049142	GSM8049136
SE_02_1684	Human	NCBI GEO/SRA	Tissue	blood	GMR-AML1,ChIP	GSM8006146	GSM8006145
SE_02_1685	Human	NCBI GEO/SRA	Cell line	Teratoma	H1_hESC_teratoma	GSM7173998	GSM7174010
SE_02_1686	Human	NCBI GEO/SRA	Cell line	colon	HCT116 ENL-AID ctrl	GSM7221839	GSM7221836
SE_02_1687	Human	NCBI GEO/SRA	Cell line	colon	HCT116 ENL-AID IAA	GSM7221840	GSM7221837
SE_02_1688	Human	NCBI GEO/SRA	Cell line	colon	HCT116 ENL-AID IAA washout	GSM7221841	GSM7221838
SE_02_1689	Human	NCBI GEO/SRA	Cell line	Cervix	HeLa_Parental	GSM7519156	GSM7519160
SE_02_1690	Human	NCBI GEO/SRA	Cell line	Cervix	HeLa_sgKDM5C	GSM7519157	GSM7519161
SE_02_1691	Human	NCBI GEO/SRA	Stem cell	Placenta	CT27 TSC, ChIP-seq, rep1	GSM6522548	GSM6522578
SE_02_1692	Human	NCBI GEO/SRA	Stem cell	Placenta	CT27 EVT_D3, ChIP-seq, rep1	GSM6522551	GSM6522579
SE_02_1693	Human	NCBI GEO/SRA	Stem cell	Placenta	CT27 EVT_D8, ChIP-seq, rep1	GSM6522554	GSM6522580
SE_02_1694	Human	NCBI GEO/SRA	Stem cell	Ileum	Tam-inducible, Day0	GSM7661344	GSM7661347
SE_02_1695	Human	NCBI GEO/SRA	Stem cell	Ileum	Tam-inducible, Day1	GSM7661345	GSM7661347
SE_02_1696	Human	NCBI GEO/SRA	Stem cell	Ileum	Tam-inducible, Day3	GSM7661346	GSM7661347
SE_02_1697	Human	NCBI GEO/SRA	Cell line	Brain	U251-H3K27ac-Rep1	GSM7166145	GSM7166147
SE_02_1698	Human	NCBI GEO/SRA	Cell line	Renal	786-O	GSM7509632	GSM7509634
SE_02_1699	Human	NCBI GEO/SRA	Stem cell	Embryonic	Human male naive hESC WIN1	GSM7729053	GSM7729062
SE_02_1700	Human	NCBI GEO/SRA	Cell line	stomach	MGC806	GSM6020362	GSM6020360
SE_02_1701	Human	NCBI GEO/SRA	Cell line	colon	HCT116 parental_ChIP_Fig4	GSM7854706	GSM7854709
SE_02_1702	Human	NCBI GEO/SRA	Cell line	colon	HCT116 KI1_ChIP_Fig4	GSM7854707	GSM7854710
SE_02_1703	Human	NCBI GEO/SRA	Stem cell	Limbus corneae	primary limbal stem cells control	GSM7923053	GSM7923067
SE_02_1704	Human	NCBI GEO/SRA	Stem cell	Limbus corneae	primary limbal stem cells RORA overexpression	GSM7923059	GSM7923068
SE_02_1705	Human	NCBI GEO/SRA	Cell line	lung	calu3 ChIPseq_Covid_24h_rep1 SARS-CoV2	GSM4952841	GSM4952842
SE_02_1706	Human	NCBI GEO/SRA	Cell line	lung	calu3 ChIPseq_Covid_6h_rep1 SARS-CoV2	GSM4952847	GSM4952848
SE_02_1707	Human	NCBI GEO/SRA	Cell line	lung	calu3 ChIPseq_Covid_24h_rep1 Uninfected	GSM4952853	GSM4952854
SE_02_1708	Human	NCBI GEO/SRA	Cell line	lung	calu3 ChIPseq_Covid_6h_rep1 Uninfected	GSM4952859	GSM4952860
SE_02_1709	Human	NCBI GEO/SRA	Cell line	lung	calu3 ChIPseq_Covid_24h_rep1 Influenza	GSM4952865	GSM4952866
SE_02_1710	Human	NCBI GEO/SRA	Cell line	lung	calu3 ChIPseq_Covid_6h_rep1 Influenza	GSM4952871	GSM4952872
SE_02_1711	Human	NCBI GEO/SRA	Cell line	Clear Cell Sarcoma	SU-CCS-1 EWSR1::ATF1	GSM7919412	GSM7919409
SE_02_1712	Human	NCBI GEO/SRA	Cell line	brain	histone H3_acetyl K27_DIPG4_with_DMSO 1	GSM6454192	GSM6454194
SE_02_1713	Human	NCBI GEO/SRA	Cell line	brain	histone H3_acetyl K27_DIPG4_with_DMSO_Radiation 1	GSM6454195	GSM6454197
SE_02_1714	Human	NCBI GEO/SRA	Cell line	brain	histone H3_acetyl K27_DIPG4_with_AZD_Radiation 1	GSM6454199	GSM6454201
SE_02_1715	Human	NCBI GEO/SRA	Cell line	blood	K562 clone 16h 100nM PCI-24781	GSM8328418	GSM8328413
SE_02_1716	Human	NCBI GEO/SRA	Cell line	blood	K562 clone 16h 10uM Tubastatin A	GSM8328421	GSM8328414
SE_02_1717	Human	NCBI GEO/SRA	Cell line	blood	THP1 TS162_05-CCS1477_6h_100nM	GSM6284890	GSM6284892
SE_02_1718	Human	NCBI GEO/SRA	Cell line	blood	THP1 TS162_09-DMSO_6h	GSM6284891	GSM6284892
SE_02_1719	Human	NCBI GEO/SRA	Cell line	Breast	MDA-MB-231 EV No antibody	GSM7849729	GSM7849733
SE_02_1720	Human	NCBI GEO/SRA	Cell line	Breast	SUM185_wt_no_dox_short_ChIP_1	GSM7311801	GSM7311833
SE_02_1721	Human	NCBI GEO/SRA	Cell line	Breast	SUM185_wt_dox_short_ChIP_1	GSM7311803	GSM7311835
SE_02_1722	Human	NCBI GEO/SRA	Cell line	Breast	SUM185_dH3_no_dox_short_ChIP_1	GSM7311805	GSM7311837
SE_02_1723	Human	NCBI GEO/SRA	Cell line	Breast	SUM185_dH3_dox_short_ChIP_1	GSM7311807	GSM7311839
SE_02_1724	Human	NCBI GEO/SRA	Cell line	Breast	SUM185_wt_no_dox_long_ChIP_1	GSM7311809	GSM7311841
SE_02_1725	Human	NCBI GEO/SRA	Cell line	Breast	SUM185_wt_dox_long_ChIP_1	GSM7311811	GSM7311843
SE_02_1726	Human	NCBI GEO/SRA	Cell line	Breast	SUM185_dH3_no_dox_long_ChIP_1	GSM7311813	GSM7311845
SE_02_1727	Human	NCBI GEO/SRA	Cell line	Breast	SUM185_dH3_dox_long_ChIP_1	GSM7311815	GSM7311847
SE_02_1728	Human	NCBI GEO/SRA	Cell line	Breast	HCC3153_wt_no_dox_short_ChIP_1	GSM7311817	GSM7311849
SE_02_1729	Human	NCBI GEO/SRA	Cell line	Breast	HCC3153_dH3_no_dox_short_ChIP_1	GSM7311821	GSM7311853
SE_02_1730	Human	NCBI GEO/SRA	Cell line	Breast	HCC3153_dH3_dox_short_ChIP_1	GSM7311823	GSM7311855
SE_02_1731	Human	NCBI GEO/SRA	Cell line	Breast	HCC3153_wt_no_dox_long_ChIP_1	GSM7311825	GSM7311857
SE_02_1732	Human	NCBI GEO/SRA	Cell line	Breast	HCC3153_wt_dox_long_ChIP_1	GSM7311827	GSM7311859
SE_02_1733	Human	NCBI GEO/SRA	Cell line	Breast	HCC3153_dH3_no_dox_long_ChIP_1	GSM7311829	GSM7311861
SE_02_1734	Human	NCBI GEO/SRA	Cell line	Breast	HCC3153_dH3_dox_long_ChIP_1	GSM7311831	GSM7311863
SE_02_1735	Human	NCBI GEO/SRA	Cell line	Cholangio	NHC P5-Ctrl Control	GSM7662884	GSM7662883
SE_02_1736	Human	NCBI GEO/SRA	Cell line	Cholangio	NHC P7-Ctrl Control	GSM7662886	GSM7662885
SE_02_1737	Human	NCBI GEO/SRA	Cell line	Cholangio	NHC P8-Ctrl Control	GSM7662888	GSM7662887
SE_02_1738	Human	NCBI GEO/SRA	Cell line	Cholangio	NHC P5-Irr Control	GSM7662890	GSM7662889
SE_02_1739	Human	NCBI GEO/SRA	Cell line	Cholangio	NHC P7-Irr Control	GSM7662892	GSM7662891
SE_02_1740	Human	NCBI GEO/SRA	Cell line	Cholangio	NHC P8-Irr Control	GSM7662894	GSM7662893
SE_02_1741	Human	NCBI GEO/SRA	Stem cell	Pluripotent stem cells	PtoN transition day8 RFP+	GSM7868867	GSM7868876
SE_02_1742	Human	NCBI GEO/SRA	Stem cell	Pluripotent stem cells	PtoN transition day8 RFP-	GSM7868873	GSM7868878
SE_02_1743	Human	NCBI GEO/SRA	Cell line	stomach	JSC15-3 DMSO for 5 days	GSM7850352	GSM7850350
SE_02_1744	Human	NCBI GEO/SRA	Cell line	stomach	JSC15-3 3μM 5-FU for 5 days	GSM7850353	GSM7850351
SE_02_1745	Human	NCBI GEO/SRA	Cell line	Brain	U87-Erastin 10 μM 72 h	GSM7520423	GSM7520431
SE_02_1746	Human	NCBI GEO/SRA	Cell line	Brain	U87	GSM7520425	GSM7520432
SE_02_1747	Human	NCBI GEO/SRA	Cell line	stomach	SNU719	GSM7679478	GSM7679482
SE_02_1748	Human	NCBI GEO/SRA	Cell line	stomach	YCCEL1	GSM7679484	GSM7679488
SE_02_1749	Human	NCBI GEO/SRA	Cell line	Breast	MDA-MB-231 control	GSM7597450	GSM7597446
SE_02_1750	Human	NCBI GEO/SRA	Cell line	Breast	MDA-MB-231 ARID1A knockout	GSM7597452	GSM7597448
SE_02_1751	Human	NCBI GEO/SRA	Stem cell	Limbal stem cells	LSC_aberdam	GSM6266886	GSM6266888
SE_02_1752	Human	NCBI GEO/SRA	Cell line	liver	SK-Hep-1	GSM7790674	GSM7790675
SE_02_1753	Human	NCBI GEO/SRA	Cell line	liver	Huh7	GSM7790676	GSM7790677
SE_02_1754	Human	NCBI GEO/SRA	Cell line	liver	SNU387	GSM7790678	GSM7790679
SE_02_1755	Human	NCBI GEO/SRA	Cell line	liver	SNU182	GSM7790680	GSM7790681
SE_02_1756	Human	NCBI GEO/SRA	Stem cell	hESC	hPGCLCs WT treated with BMP4 and BMP8a for 2 hours, then infect DAZL-P2A-mCherry lentivirus for 6 hours, then culture in differentiation medium for 12 days	GSM4952933	GSM4952932
SE_02_1757	Human	NCBI GEO/SRA	Stem cell	hESC	hPGCLCs EF1A promoter KI upstream of LNC1845 on chromosome 1 (heterozygote) treated with BMP4 and BMP8a for 2 hours, then infect DAZL-P2A-mCherry lentivirus for 6 hours, then culture in differentiation medium for 12 days	GSM4952936	GSM4952935
SE_02_1758	Human	NCBI GEO/SRA	Stem cell	hESC	hPGCLCs treated with BMP4 and BMP8a for 2 hours, then infect DAZL-P2A-mCherry lentivirus for 6 hours, then culture in differentiation medium for 12 days	GSM4952939	GSM4952938
SE_02_1759	Human	NCBI GEO/SRA	Cell line	Brain	hAstro astrocytes, cells, control	GSM6703836	GSM6703852
SE_02_1760	Human	NCBI GEO/SRA	Cell line	Glioblastoma	U3008, cells, GBM proneural and neural	GSM6703837	GSM6703855
SE_02_1761	Human	NCBI GEO/SRA	Cell line	Glioblastoma	U3009, cells, GBM classical	GSM6703838	GSM6703853
SE_02_1762	Human	NCBI GEO/SRA	Cell line	Glioblastoma	U3013, cells, GBM proneural and neural	GSM6703839	GSM6703855
SE_02_1763	Human	NCBI GEO/SRA	Cell line	Glioblastoma	U3028, cells, GBM classical	GSM6703840	GSM6703853
SE_02_1764	Human	NCBI GEO/SRA	Cell line	Glioblastoma	U3031, cells, GBM mesenchymal	GSM6703841	GSM6703854
SE_02_1765	Human	NCBI GEO/SRA	Cell line	Glioblastoma	U3039, cells, GBM classical	GSM6703842	GSM6703853
SE_02_1766	Human	NCBI GEO/SRA	Cell line	Glioblastoma	U3042, cells, GBM classical	GSM6703843	GSM6703853
SE_02_1767	Human	NCBI GEO/SRA	Cell line	Glioblastoma	U3047, cells, GBM proneural and neural	GSM6703844	GSM6703855
SE_02_1768	Human	NCBI GEO/SRA	Cell line	Glioblastoma	U3054, cells, GBM mesenchymal	GSM6703845	GSM6703854
SE_02_1769	Human	NCBI GEO/SRA	Cell line	Glioblastoma	U3073, cells, GBM mesenchymal	GSM6703846	GSM6703854
SE_02_1770	Human	NCBI GEO/SRA	Cell line	Glioblastoma	U3078, cells, GBM mesenchymal	GSM6703847	GSM6703854
SE_02_1771	Human	NCBI GEO/SRA	Cell line	Glioblastoma	U3085, cells, GBM proneural and neural	GSM6703848	GSM6703855
SE_02_1772	Human	NCBI GEO/SRA	Cell line	Glioblastoma	U3086, cells, GBM classical	GSM6703849	GSM6703853
SE_02_1773	Human	NCBI GEO/SRA	Cell line	Glioblastoma	U3118, cells, GBM proneural and neural	GSM6703850	GSM6703855
SE_02_1774	Human	NCBI GEO/SRA	Cell line	Glioblastoma	U3121, cells, GBM mesenchymal	GSM6703851	GSM6703854
SE_02_1775	Human	NCBI GEO/SRA	Cell line	Glioblastoma	OPC WT	GSM7446474	GSM7446476
SE_02_1776	Human	NCBI GEO/SRA	Cell line	Breast	MDA-MB-231,control	GSM7062260	GSM7062239
SE_02_1777	Human	NCBI GEO/SRA	Cell line	Breast	MDA-MB-231 PML knockdown	GSM7062262	GSM7062240
SE_02_1778	Human	NCBI GEO/SRA	Cell line	prostate	DU145	GSM7029495	GSM7029499
SE_02_1779	Human	NCBI GEO/SRA	Cell line	prostate	LNCaP	GSM7029496	GSM7029500
SE_02_1780	Human	NCBI GEO/SRA	Stem cell	hESC	H1, S0,WT	GSM6205968	GSM6205984
SE_02_1781	Human	NCBI GEO/SRA	Stem cell	hESC	H1, ZNF808KO, S0	GSM6205969	GSM6205985
SE_02_1782	Human	NCBI GEO/SRA	Stem cell	hESC	H1, S1,WT	GSM6205970	GSM6205986
SE_02_1783	Human	NCBI GEO/SRA	Stem cell	hESC	H1, ZNF808KO, S1	GSM6205971	GSM6205987
SE_02_1784	Human	NCBI GEO/SRA	Stem cell	hESC	H1, S2,WT	GSM6205972	GSM6205988
SE_02_1785	Human	NCBI GEO/SRA	Stem cell	hESC	H1, ZNF808KO, S2	GSM6205973	GSM6205989
SE_02_1786	Human	NCBI GEO/SRA	Stem cell	hESC	H1, S3,WT	GSM6205974	GSM6205990
SE_02_1787	Human	NCBI GEO/SRA	Stem cell	hESC	H1, ZNF808KO, S3	GSM6205975	GSM6205991
SE_02_1788	Human	NCBI GEO/SRA	Stem cell	hESC	H1, S4, WT	GSM6205976	GSM6205992
SE_02_1789	Human	NCBI GEO/SRA	Stem cell	hESC	H1, ZNF808KO, S4	GSM6205977	GSM6205993
SE_02_1790	Human	NCBI GEO/SRA	Primary cell	Fibroblast	Fibroblast	GSM4761825	GSM4761826
SE_02_1791	Human	NCBI GEO/SRA	Stem cell	hiDP	hiDP-reprogramming_day16	GSM4761828	GSM4761829
SE_02_1792	Human	NCBI GEO/SRA	Cell line	hiDP	hiDP	GSM4761831	GSM4761832
SE_02_1793	Human	NCBI GEO/SRA	Cell line	Brain	SU-DIPG-XIII DMSO	GSM6659840	GSM6659842
SE_02_1794	Human	NCBI GEO/SRA	Cell line	Brain	SU-DIPG-XIII GSK458	GSM6659843	GSM6659845
SE_02_1795	Human	NCBI GEO/SRA	Primary cell	HUVEC	HUVEC siCTL NT biol rep 1	GSM7494225	GSM7494237
SE_02_1796	Human	NCBI GEO/SRA	Primary cell	HUVEC	siCTL TNFa ChIP-seq biol rep 1	GSM7494226	GSM7494238
SE_02_1797	Human	NCBI GEO/SRA	Primary cell	HUVEC	siPDHA1 NT biol rep 1	GSM7494227	GSM7494239
SE_02_1798	Human	NCBI GEO/SRA	Primary cell	HUVEC	siPDHA1 TNFa biol rep 1	GSM7494228	GSM7494240
SE_02_1799	Human	NCBI GEO/SRA	Cell line	Breast	MCF-7 Veh UNTR	GSM4217615	GSM7731528
SE_02_1800	Human	NCBI GEO/SRA	Cell line	Breast	MCF-7 MG132 4H MG4H	GSM4217629	GSM7731531
SE_02_1801	Human	NCBI GEO/SRA	Cell line	Breast	MCF-7 MG132 4H MG24H	GSM4217643	GSM7731534
SE_02_1802	Human	NCBI GEO/SRA	Tissue	Uveal	MP41_R1_p10 UM sorted cells	GSM5971720	GSM5971716
SE_02_1803	Human	NCBI GEO/SRA	Tissue	Uveal	MP46_R1_p24 UM sorted cells	GSM5971724	GSM5971722
SE_02_1804	Human	NCBI GEO/SRA	Cell line	Bone marrow	DMSO-treated MM1.S cells with PAF1 endogenously tagged with FKBP12(F36V)	GSM7567309	GSM7567308
SE_02_1805	Human	NCBI GEO/SRA	Cell line	Bone marrow	dTAG13-treated MM1.S cells with PAF1 endogenously tagged with FKBP12(F36V)	GSM7567311	GSM7567310
SE_02_1806	Human	NCBI GEO/SRA	Cell line	stomach	SNU1750 Homo clone #1,TEAD1 KO	GSM6160208	GSM6160218
SE_02_1807	Human	NCBI GEO/SRA	Cell line	stomach	SNU1750 WT clone #1,EAD1 WT	GSM6160213	GSM6160223
SE_02_1808	Human	NCBI GEO/SRA	Cell line	neuroblastoma	SK-N-BE(2)C BE2C_control	GSM6666063	GSM6666093
SE_02_1809	Human	NCBI GEO/SRA	Cell line	neuroblastoma	SK-N-BE(2)C BE2C_7dPB_rep1 [ChIP-Seq]	GSM6666068	GSM6666098
SE_02_1810	Human	NCBI GEO/SRA	Cell line	neuroblastoma	IMR32_control	GSM6666073	GSM6666103
SE_02_1811	Human	NCBI GEO/SRA	Cell line	neuroblastoma	IMR32_5dPB	GSM6666078	GSM6666108
SE_02_1812	Human	NCBI GEO/SRA	Cell line	neuroblastoma	SHSY5Y_control	GSM6666083	GSM6666113
SE_02_1813	Human	NCBI GEO/SRA	Cell line	neuroblastoma	SHSY5Y_5dPB	GSM6666088	GSM6666118
SE_02_1814	Human	NCBI GEO/SRA	Cell line	neuroblastoma	SK-N-BE(2)C BE2C_DMSO	GSM7517375	GSM7517391
SE_02_1815	Human	NCBI GEO/SRA	Cell line	neuroblastoma	SK-N-BE(2)C BE2C_RA	GSM7517379	GSM7517395
SE_02_1816	Human	NCBI GEO/SRA	Cell line	neuroblastoma	SK-N-BE(2)C BE2C_PB	GSM7517383	GSM7517399
SE_02_1817	Human	NCBI GEO/SRA	Cell line	neuroblastoma	SK-N-BE(2)C BE2C_PBandRA	GSM7517387	GSM7517403
SE_02_1818	Human	NCBI GEO/SRA	Tissue	Bone marrow	TOPmentation seq for chALL patient sample 3	GSM6122663	GSM6122653
SE_02_1819	Human	NCBI GEO/SRA	Tissue	Bone marrow	TOPmentation seq for iALL patient sample 2	GSM6122671	GSM6122656
SE_02_1820	Human	NCBI GEO/SRA	Cell line	Bone marrow	NT siRNA-transfected SEM cells	GSM6124582	GSM6124581
SE_02_1821	Human	NCBI GEO/SRA	Cell line	Bone marrow	MLL-AF4 KD SEM cells siRNA-mediated KD of MLL-AF4 for 96h	GSM6124584	GSM6124583
SE_02_1822	Human	NCBI GEO/SRA	Cell line	Bone marrow	DMSO-treated SEM cells with PAF1 endogenously tagged with FKBP12(F36V) DMSO for 24h	GSM6124594	GSM6124593
SE_02_1823	Human	NCBI GEO/SRA	Cell line	Bone marrow	dTAG13-treated SEM cells with PAF1 endogenously tagged with FKBP12(F36V) dTag-13 at 0.5 microM for 24h	GSM6124596	GSM6124595
SE_02_1824	Human	NCBI GEO/SRA	Cell line	Bone marrow	DMSO-treated SEM cells with SSRP1 endogenously tagged with FKBP12(F36V) DMSO for 24h	GSM6124602	GSM6124601
SE_02_1825	Human	NCBI GEO/SRA	Cell line	Bone marrow	dTAG13-treated SEM cells with SSRP1 endogenously tagged with FKBP12(F36V) dTag-13 at 0.5 microM for 24h	GSM6124604	GSM6124603
SE_02_1826	Human	NCBI GEO/SRA	Cell line	colon	DLD-1 GFP sg1	GSM5815607	GSM5815614
SE_02_1827	Human	NCBI GEO/SRA	Cell line	colon	DLD-1 p300 TAZ2 sg1	GSM5815608	GSM5815614
SE_02_1828	Human	NCBI GEO/SRA	Cell line	colon	DLD-1 p300 TAZ2 sg2	GSM5815609	GSM5815614
SE_02_1829	Human	NCBI GEO/SRA	Cell line	colon	DLD-1 p300 HAT sg1	GSM5815610	GSM5815614
SE_02_1830	Human	NCBI GEO/SRA	Cell line	colon	DLD-1 CBP TAZ2 sg1	GSM5815611	GSM5815614
SE_02_1831	Human	NCBI GEO/SRA	Cell line	colon	DLD-1 CBP TAZ2 sg2	GSM5815612	GSM5815614
SE_02_1832	Human	NCBI GEO/SRA	Cell line	colon	DLD-1 CBP HAT sg1	GSM5815613	GSM5815614
SE_02_1833	Human	NCBI GEO/SRA	Cell line	dorsolateral prefrontal cortex	Subject_10 Mature Oligodendrocytes	GSM7669569	GSM7669570
SE_02_1834	Human	NCBI GEO/SRA	Cell line	dorsolateral prefrontal cortex	Subject_10 Oligodendrocyte Precursor Cells	GSM7669571	GSM7669572
SE_02_1835	Human	NCBI GEO/SRA	Cell line	dorsolateral prefrontal cortex	Subject_4 Mature Oligodendrocytes	GSM7669579	GSM7669580
SE_02_1836	Human	NCBI GEO/SRA	Cell line	dorsolateral prefrontal cortex	Subject_4 Oligodendrocyte Precursor Cells	GSM7669581	GSM7669582
SE_02_1837	Human	NCBI GEO/SRA	Cell line	Breast	MCF7 ser +Serine media for 24h	GSM6921266	GSM6921273
SE_02_1838	Human	NCBI GEO/SRA	Cell line	Breast	MCF7 noser -Serine media for 24h	GSM6921268	GSM6921274
SE_02_1839	Human	NCBI GEO/SRA	Cell line	Breast	MCF7 noserGTA -Serine+GTA media for 24h	GSM6921270	GSM6921275
SE_02_1840	Human	NCBI GEO/SRA	Cell line	Breast	MCF10A_shANCO1	GSM7184771	GSM7184777
SE_02_1841	Human	NCBI GEO/SRA	Cell line	Breast	MCF10A_shCTRL	GSM7184774	GSM7184780
SE_02_1842	Human	NCBI GEO/SRA	Cell line	Breast	MCFDCIS_shANCO1	GSM7184783	GSM7184789
SE_02_1843	Human	NCBI GEO/SRA	Cell line	Breast	MCFDCIS_shCTRL	GSM7184786	GSM7184792
SE_02_1844	Human	NCBI GEO/SRA	Cell line	Bone marrow	K562	GSM7109959	GSM7109960
SE_02_1845	Human	NCBI GEO/SRA	Cell line	Bone marrow	Vcap,ABCAM_1	GSM7179321	GSM7179325
SE_02_1846	Human	NCBI GEO/SRA	Cell line	Cranium	H9 Day 5 Chondrocyte, bio rep 1	GSM6514267	GSM6514270
SE_02_1847	Human	NCBI GEO/SRA	Cell line	Cranium	H9 Day 5 Chondrocyte,  for tracks	GSM6514273	GSM6514274
SE_02_1848	Human	NCBI GEO/SRA	Cell line	Cranium	H9 Passage 4 CNCC,  for tracks	GSM6514275	GSM6514276
SE_02_1849	Human	NCBI GEO/SRA	Stem cell	trophoblast	CT27,EVT	GSM7498138	GSM7498140
SE_02_1850	Human	NCBI GEO/SRA	Stem cell	trophoblast	CT27, Stem,	GSM7498141	GSM7498140
SE_02_1851	Human	NCBI GEO/SRA	Cell line	Adipose	Adipose tissue endothelial cells were infected with adenoviruses expressing the GFP protein.	GSM5840015	GSM5840019
SE_02_1852	Human	NCBI GEO/SRA	Cell line	Adipose	Adipose tissue endothelial cells were infected with adenoviruses expressing the N1ICD protein.	GSM5840017	GSM5840020
SE_02_1853	Human	NCBI GEO/SRA	Cell line	Bone marrow	OCIAML3 sgNeg 3d	GSM7090134	GSM7090138
SE_02_1854	Human	NCBI GEO/SRA	Cell line	Bone marrow	OCIAML3 sgNpm1A 3d	GSM7090135	GSM7090139
SE_02_1855	Human	NCBI GEO/SRA	Cell line	Rhabdomyosarcoma	RH4, rep1	GSM6626425	GSM6626424
SE_02_1856	Human	NCBI GEO/SRA	Cell line	Rhabdomyosarcoma	RD RH30, rep1	GSM6626427	GSM6626426
SE_02_1857	Human	NCBI GEO/SRA	Cell line	Rhabdomyosarcoma	RH4 RD, rep1	GSM6626429	GSM6626428
SE_02_1858	Human	NCBI GEO/SRA	Cell line	Rhabdomyosarcoma	RD SMS-CTR, rep1	GSM6626431	GSM6626430
SE_02_1859	Human	NCBI GEO/SRA	Cell line	NK92	NK92_Control	GSM7104826	GSM7104825
SE_02_1860	Human	NCBI GEO/SRA	Cell line	NK92	NK92_SAHA	GSM7104830	GSM7104825
SE_02_1861	Human	NCBI GEO/SRA	Cell line	lung	TT A549 cells homozygous mutation	GSM7045656	GSM7045654
SE_02_1862	Human	NCBI GEO/SRA	Cell line	lung	CC A549 cells homozygous mutation	GSM7045660	GSM7045658
SE_02_1863	Human	NCBI GEO/SRA	Cell line	lung	H460 cells TT	GSM6574294	GSM6574292
SE_02_1864	Human	NCBI GEO/SRA	Cell line	lung	H460 cells CC	GSM6574298	GSM6574296
SE_02_1865	Human	NCBI GEO/SRA	Stem cell	Bone marrow	Mesenchymal stem cells Normal control	GSM5769858	GSM5769857
SE_02_1866	Human	NCBI GEO/SRA	Stem cell	Bone marrow	Mesenchymal stem cells Osteogenesis	GSM5769860	GSM5769859
SE_02_1867	Human	NCBI GEO/SRA	Cell line	Podocyte	ChIP_6_DMOG 16h_podocytes	GSM7025739	GSM7025735
SE_02_1868	Human	NCBI GEO/SRA	Cell line	Bone	U2OS33_T0h	GSM6751551	GSM6751586
SE_02_1869	Human	NCBI GEO/SRA	Cell line	colon	HCT116 Control	GSM5904689	GSM5904695
SE_02_1870	Human	NCBI GEO/SRA	Cell line	colon	HCT116 FOXD2	GSM5904691	GSM5904696
SE_02_1871	Human	NCBI GEO/SRA	Cell line	Bone marrow	K562-0.31-T32	GSM6032684	GSM6032683
SE_02_1872	Human	NCBI GEO/SRA	Cell line	Bone marrow	K562-0.62-T16	GSM6032685	GSM6032683
SE_02_1873	Human	NCBI GEO/SRA	Cell line	Bone marrow	K562-1.25-T8	GSM6032686	GSM6032683
SE_02_1874	Human	NCBI GEO/SRA	Cell line	Bone marrow	K562-2.5-T4	GSM6032687	GSM6032683
SE_02_1875	Human	NCBI GEO/SRA	Cell line	Bone marrow	K562-5-T2	GSM6032688	GSM6032683
SE_02_1876	Human	NCBI GEO/SRA	Cell line	Bone marrow	K562-10-T1a	GSM6032689	GSM6032683
SE_02_1877	Human	NCBI GEO/SRA	Cell line	Bone marrow	K562-20-T0.5	GSM6032690	GSM6032683
SE_02_1878	Human	NCBI GEO/SRA	Cell line	Bone marrow	K562-0.31-T1	GSM6032692	GSM6032691
SE_02_1879	Human	NCBI GEO/SRA	Cell line	Bone marrow	K562-0.62-T1	GSM6032693	GSM6032691
SE_02_1880	Human	NCBI GEO/SRA	Cell line	Bone marrow	K562-1.25-T1	GSM6032694	GSM6032691
SE_02_1881	Human	NCBI GEO/SRA	Cell line	Bone marrow	K562-2.5-T1	GSM6032695	GSM6032691
SE_02_1882	Human	NCBI GEO/SRA	Cell line	Bone marrow	K562-5-T1	GSM6032696	GSM6032691
SE_02_1883	Human	NCBI GEO/SRA	Cell line	Bone marrow	K562-10-T1b	GSM6032697	GSM6032691
SE_02_1884	Human	NCBI GEO/SRA	Cell line	Bone marrow	K562-20-T1	GSM6032698	GSM6032691
SE_02_1885	Human	NCBI GEO/SRA	Cell line	colon	220317_HCT116_untreated_S20	GSM6836712	GSM6836714
SE_02_1886	Human	NCBI GEO/SRA	Cell line	Bone	220324_U2OS_untreated_S19	GSM6836721	GSM6836724
SE_02_1887	Human	NCBI GEO/SRA	Cell line	prostate	THP-1, CST	GSM6046965	GSM6046968
SE_02_1888	Human	NCBI GEO/SRA	Cell line	prostate	M2, CST	GSM6046967	GSM6046969
SE_02_1889	Human	NCBI GEO/SRA	Cell line	Bone marrow	CUTLL1_RUNX1-On non-silencing control	GSM2650733	GSM2650735
SE_02_1890	Human	NCBI GEO/SRA	Cell line	Bone marrow	CUTLL1_RUNX1-OffGFP-tagged shRUNX1-90 lentiviruses	GSM2650734	GSM2650736
SE_02_1891	Human	NCBI GEO/SRA	Cell line	Bone marrow	KOPTK1_NOTCH1-OffGSI inhibition	GSM4085183	GSM4085189
SE_02_1892	Human	NCBI GEO/SRA	Cell line	Bone marrow	KOPTK1_NOTCH1-On DMSO control	GSM4085190	GSM4085196
SE_02_1893	Human	NCBI GEO/SRA	Cell line	Bone marrow	KOPTK1_RUNX1-Off2 GFP-tagged shRUNX1-59 lentiviruses	GSM4085197	GSM4085203
SE_02_1894	Human	NCBI GEO/SRA	Cell line	Bone marrow	KOPTK1_RUNX1-Off GFP-tagged shRUNX1-58 lentiviruses	GSM4085204	GSM4085210
SE_02_1895	Human	NCBI GEO/SRA	Cell line	Bone marrow	KOPTK1_RUNX1-On non-silencing control	GSM4085211	GSM4085217
SE_02_1896	Human	NCBI GEO/SRA	Cell line	Bone marrow	KOPTK1_I-BET151_control_DMSO_72h control	GSM6047316	GSM6047317
SE_02_1897	Human	NCBI GEO/SRA	Cell line	Bone marrow	KOPTK1_I-BET151_treatment_72h	GSM6047318	GSM6047319
SE_02_1898	Human	NCBI GEO/SRA	Cell line	liver	HepG2 cells, DMSO	GSM5684963	GSM5684962
SE_02_1899	Human	NCBI GEO/SRA	Cell line	liver	HepG2 cells, Isoginkgetin	GSM5684965	GSM5684964
SE_02_1900	Human	NCBI GEO/SRA	Stem cell	Glioblastoma	GSC23 shCONT WT	GSM6355712	GSM6355710
SE_02_1901	Human	NCBI GEO/SRA	Stem cell	Glioblastoma	GSC23 shGCDH	GSM6355715	GSM6355713
SE_02_1902	Human	NCBI GEO/SRA	Stem cell	Glioblastoma	GSC23 2mM	GSM7061326	GSM7061324
SE_02_1903	Human	NCBI GEO/SRA	Stem cell	Glioblastoma	GSC23 0.2mM	GSM7061329	GSM7061327
SE_02_1904	Human	NCBI GEO/SRA	Cell line	pancreas	BxPC3_ChIP_R1	GSM5508102	GSM5508104
SE_02_1905	Human	NCBI GEO/SRA	Cell line	pancreas	Panc327_ChIP_R1	GSM5508106	GSM5508108
SE_02_1906	Human	NCBI GEO/SRA	Cell line	pancreas	SUIT2_ChIP_R1	GSM5508110	GSM5508112
SE_02_1907	Human	NCBI GEO/SRA	Cell line	prostate	Con1	GSM6016308	GSM6016312
SE_02_1908	Human	NCBI GEO/SRA	Cell line	prostate	MYC1	GSM6016310	GSM6016314
SE_02_1909	Human	NCBI GEO/SRA	Cell line	prostate	MYC2	GSM6016311	GSM6016315
SE_02_1910	Human	NCBI GEO/SRA	Cell line	Liposarcoma	Lipo863B	GSM6049736	GSM6049766
SE_02_1911	Human	NCBI GEO/SRA	Cell line	Prostate	22Rv1	GSM5930913	GSM5930914
SE_02_1912	Human	NCBI GEO/SRA	Cell line	HUVEC	HUVEC NM	GSM6209683	GSM6209689
SE_02_1913	Human	NCBI GEO/SRA	Cell line	HUVEC	HUVEC HT_3d	GSM6209685	GSM6209691
SE_02_1914	Human	NCBI GEO/SRA	Cell line	HUVEC	HUVEC HT_7d	GSM6209687	GSM6209693
SE_02_1915	Human	NCBI GEO/SRA	Stem cell	trophoblast	hTSC	GSM6411965	GSM6411968
SE_02_1916	Human	NCBI GEO/SRA	Stem cell	Syncytiotrophoblast	STB24h,CHIP-seq, rep1	GSM6411966	GSM6411969
SE_02_1917	Human	NCBI GEO/SRA	Stem cell	Syncytiotrophoblast	STB48h, CHIP-seq, rep1	GSM6411967	GSM6411970
SE_02_1918	Human	NCBI GEO/SRA	Cell line	prostate	WCM154_Neuroendocrine_prostate_cancer	GSM6890317	GSM6890322
SE_02_1919	Human	NCBI GEO/SRA	Cell line	prostate	WCM155_Neuroendocrine_prostate_cancer	GSM6890318	GSM6890323
SE_02_1920	Human	NCBI GEO/SRA	Cell line	prostate	WCM1078_Neuroendocrine_prostate_cancer	GSM6890319	GSM6890324
SE_02_1921	Human	NCBI GEO/SRA	Cell line	prostate	WCM1262_Neuroendocrine_prostate_cancer	GSM6890320	GSM6890325
SE_02_1922	Human	NCBI GEO/SRA	Cell line	prostate	22Rv1_WT, Cell line, Abcam 4729 Not applicable	GSM6890321	GSM6890326
SE_02_1923	Human	NCBI GEO/SRA	Cell line	lung	H2087-LCC, bio rep 1	GSM6443214	GSM6443218
SE_02_1924	Human	NCBI GEO/SRA	Cell line	lung	H2087-LCC-TGFb	GSM6443220	GSM6443223
SE_02_1925	Human	NCBI GEO/SRA	Cell line	lung	H2087-LCC-SO1	GSM6443224	GSM6443227
SE_02_1926	Human	NCBI GEO/SRA	Cell line	lung	H2030	GSM6443228	GSM6443231
SE_02_1927	Human	NCBI GEO/SRA	Cell line	Kidney	HEK293T Nabhb	GSM5689639	GSM6923794
SE_02_1928	Human	NCBI GEO/SRA	Cell line	Kidney	HEK293T NC	GSM5689650	GSM6923795
SE_02_1929	Human	NCBI GEO/SRA	Cell line	Kidney	786O_EV_Day0_Rep1  300nM DAC	GSM5954760	GSM5954796
SE_02_1930	Human	NCBI GEO/SRA	Cell line	Kidney	786O_EV_Day5_Rep1 H3K27ac_ChIP_786O_EV_Day5_Rep1	GSM5954761	GSM5954796
SE_02_1931	Human	NCBI GEO/SRA	Cell line	Kidney	786O_EV_Day23_Rep1 300nM DAC	GSM5954762	GSM5954796
SE_02_1932	Human	NCBI GEO/SRA	Cell line	Kidney	786O_KO_Day0_Rep1 300nM DAC	GSM5954763	GSM5954798
SE_02_1933	Human	NCBI GEO/SRA	Cell line	Kidney	786O_KO_Day5_Rep1 300nM DAC	GSM5954764	GSM5954798
SE_02_1934	Human	NCBI GEO/SRA	Cell line	Kidney	786O_KO_Day23_Rep1 300nM DAC	GSM5954765	GSM5954798
SE_02_1935	Human	NCBI GEO/SRA	Cell line	blood	ChIP_NCO20_d10jf	GSM3585059	GSM3585062
SE_02_1936	Human	NCBI GEO/SRA	Cell line	blood	ChIP_NCO9_d10jf	GSM3585064	GSM3585067
SE_02_1937	Human	NCBI GEO/SRA	Cell line	HUDEP-2	rs10758656_A_d7_clone13D7 CRISPR/Cas9 Edited	GSM3580843	GSM3580847
SE_02_1938	Human	NCBI GEO/SRA	Cell line	HUDEP-2	rs10758656_G_d7_clone1E4 CRISPR/Cas9 Edited	GSM3580844	GSM3580850
SE_02_1939	Human	NCBI GEO/SRA	Cell line	HUDEP-2	rs10758656_G_d7_clone3A6 CRISPR/Cas9 Edited	GSM3580845	GSM3580851
SE_02_1940	Human	NCBI GEO/SRA	Stem cell	Gonad	hPGC_wk8_F_r1	GSM6631078	GSM6631122
SE_02_1941	Human	NCBI GEO/SRA	Stem cell	Gonad	hPGC_wk8_M_r1	GSM6631080	GSM6631123
SE_02_1942	Human	NCBI GEO/SRA	Stem cell	Gonad	Soma_wk8_F_r1	GSM6631082	GSM6631124
SE_02_1943	Human	NCBI GEO/SRA	Stem cell	Gonad	Soma_wk8_M_r1	GSM6631084	GSM6631125
SE_02_1944	Human	NCBI GEO/SRA	Cell line	colon	C1,CST	GSM6931994	GSM6932004
SE_02_1945	Human	NCBI GEO/SRA	Cell line	Retinal epithelium	RPE TP53-/-, 20w pWGD, tumour 1	GSM6922350	GSM6922354
SE_02_1946	Human	NCBI GEO/SRA	Cell line	Retinal epithelium	RPE TP53-/-, 20w pWGD, tumour 2, H3K27ac	GSM6922356	GSM6922360
SE_02_1947	Human	NCBI GEO/SRA	Cell line	Retinal epithelium	RPE TP53-/-, 20w pWGD, tumour 3	GSM6922362	GSM6922366
SE_02_1948	Human	NCBI GEO/SRA	Cell line	Retinal epithelium	RPE TP53-/-, control	GSM6922367	GSM6922371
SE_02_1949	Human	NCBI GEO/SRA	Cell line	liver	ChIP-seq_97H_OGT_IP	GSM6919398	GSM6919408
SE_02_1950	Human	NCBI GEO/SRA	Cell line	liver	ChIP-seq_97L_OGT_IP_R1	GSM6919414	GSM6919424
SE_02_1951	Human	NCBI GEO/SRA	Cell line	Kidney	HEK293T WT	GSM6672008	GSM6672014
SE_02_1952	Human	NCBI GEO/SRA	Cell line	Kidney	HEK293T R617Q	GSM6672010	GSM6672016
SE_02_1953	Human	NCBI GEO/SRA	Cell line	TSCs	hTSC, IFN-gamma stimulated	GSM6374055	GSM6374059
SE_02_1954	Human	NCBI GEO/SRA	Cell line	TSCs	hTSC, unstimulated	GSM6374057	GSM6374060
SE_02_1955	Human	NCBI GEO/SRA	Cell line	Alveoli	10894	GSM4952669	GSM4952673
SE_02_1956	Human	NCBI GEO/SRA	Cell line	Alveoli	ASPS_Human_soft_thigh	GSM4952674	GSM4952678
SE_02_1957	Human	NCBI GEO/SRA	Cell line	Ewing sarcoma	SKNMC	GSM5851061	GSM5851060
SE_02_1958	Human	NCBI GEO/SRA	Cell line	Bone marrow	M13-Wt shRNA kd-EV-pLKO	GSM6893218	GSM6893220
SE_02_1959	Human	NCBI GEO/SRA	Cell line	Bone marrow	M13-SAFBkd shRNA kd-SAFBpLKO-4ddox	GSM6893219	GSM6893221
SE_02_1960	Human	NCBI GEO/SRA	Cell line	hESC	H9, shGFP pLKO.1 GFP shRNA (Addgene #30323) + pLKO.1 ZBTB12 shRNA (Sigma TRCN0000164972)	GSM6210718	GSM6210722
SE_02_1961	Human	NCBI GEO/SRA	Cell line	hESC	H9, shZBTB12 pLKO.1 GFP shRNA (Addgene #30323) + pLKO.1 ZBTB12 shRNA (Sigma TRCN0000164972)	GSM6210719	GSM6210722
SE_02_1962	Human	NCBI GEO/SRA	Cell line	MRC	Infected+shield_ChIP_Rep1	GSM5226525	GSM5226523
SE_02_1963	Human	NCBI GEO/SRA	Cell line	MRC	Infected-shield_ChIP_Rep1	GSM5226533	GSM5226531
SE_02_1964	Human	NCBI GEO/SRA	Cell line	Glioma neurospheres	S602	GSM6813022	GSM6813028
SE_02_1965	Human	NCBI GEO/SRA	Cell line	Glioma neurospheres	INH AGI-5198	GSM6813034	GSM6813040
SE_02_1966	Human	NCBI GEO/SRA	Cell line	MRC	MRC-5 ChIP_Rep1	GSM5226458	GSM5226461
SE_02_1967	Human	NCBI GEO/SRA	Cell line	MRC	MRC-5 24hpi_ChIP_Rep1	GSM5226485	GSM5226483
SE_02_1968	Human	NCBI GEO/SRA	Cell line	Rhabdomyosarcoma	Rh30_PAX3-FOXO1-FKBP cells ChIP-seq_DMSO_rep1	GSM5555067	GSM5555075
SE_02_1969	Human	NCBI GEO/SRA	Cell line	Fibroblast	MRC5 empty vector overexpression	GSM5876165	GSM5876164
SE_02_1970	Human	NCBI GEO/SRA	Cell line	Cortical neuron	CHIP-SEQ in neuron	GSM2109209	GSM2109210
SE_02_1971	Human	NCBI GEO/SRA	Cell line	Bone marrow	Kasumi1, shNC, 1	GSM6282804	GSM6282808
SE_02_1972	Human	NCBI GEO/SRA	Cell line	Bone marrow	Kasumi1, shAE, 1	GSM6282806	GSM6282808
SE_02_1973	Human	NCBI GEO/SRA	Cell line	Bone marrow	AML2_control	GSM6602942	GSM6602939
SE_02_1974	Human	NCBI GEO/SRA	Cell line	Bone marrow	AML2_sgUTX_2	GSM6602943	GSM6602940
SE_02_1975	Human	NCBI GEO/SRA	Cell line	Vascular	Eahy926, ctrl, 0.1	GSM6431168	GSM6431170
SE_02_1976	Human	NCBI GEO/SRA	Cell line	Vascular	TeloHAEC, ctrl, 0.1	GSM6431172	GSM6431174
SE_02_1977	Human	NCBI GEO/SRA	Cell line	Breast	MDA-MB-231 treated with GFP-sgRNA as a control	GSM5624360	GSM5624365
SE_02_1978	Human	NCBI GEO/SRA	Cell line	Breast	MDA-MB-231 treated with TRIM11-sgRNA1 to knockdown TRIM11	GSM5624361	GSM5624366
SE_02_1979	Human	NCBI GEO/SRA	Cell line	Breast	MDA-MB-231 treated with TRIM11-sgRNA2 to knockdown TRIM11	GSM5624362	GSM5624367
SE_02_1980	Human	NCBI GEO/SRA	Cell line	Breast	MDA-MB-231 treated with KDM5C-sgRNA1 to knockdown KDM5C	GSM5624363	GSM5624368
SE_02_1981	Human	NCBI GEO/SRA	Cell line	Breast	MDA-MB-231 treated with KDM5C-sgRNA2 to knockdown KDM5C	GSM5624364	GSM5624369
SE_02_1982	Human	NCBI GEO/SRA	Cell line	blood	Hut78-untreated	GSM4851794	GSM4851797
SE_02_1983	Human	NCBI GEO/SRA	Cell line	blood	Jurkat-untreated	GSM4851798	GSM4851801
SE_02_1984	Human	NCBI GEO/SRA	Cell line	Hydrothorax	K562-untreated	GSM4851802	GSM4851805
SE_02_1985	Human	NCBI GEO/SRA	Cell line	Burkitt's lymphoma	RAJI-untreated	GSM4851806	GSM4851809
SE_02_1986	Human	NCBI GEO/SRA	Cell line	lung	AT1	GSM5663986	GSM5664010
SE_02_1987	Human	NCBI GEO/SRA	Cell line	lung	AT2	GSM5663987	GSM5664011
SE_02_1988	Human	NCBI GEO/SRA	Cell line	blood	HAL01	GSM5663988	GSM5664012
SE_02_1989	Human	NCBI GEO/SRA	Cell line	blood	KOPN8	GSM5663989	GSM5664013
SE_02_1990	Human	NCBI GEO/SRA	Cell line	blood	MHHCALL3	GSM5663990	GSM5664014
SE_02_1991	Human	NCBI GEO/SRA	Cell line	Bone marrow	MUTZ5	GSM5663991	GSM5664015
SE_02_1992	Human	NCBI GEO/SRA	Cell line	blood	NALM6	GSM5663992	GSM5664016
SE_02_1993	Human	NCBI GEO/SRA	Cell line	Bone marrow	OCILy3	GSM5663993	GSM5664017
SE_02_1994	Human	NCBI GEO/SRA	Cell line	Hydrothorax	Pfeiffer	GSM5663994	GSM5664018
SE_02_1995	Human	NCBI GEO/SRA	Cell line	blood	Reh	GSM5664001	GSM5664019
SE_02_1996	Human	NCBI GEO/SRA	Cell line	Bone marrow	RS411	GSM5664002	GSM5664020
SE_02_1997	Human	NCBI GEO/SRA	Cell line	Bone marrow	SEM	GSM5664003	GSM5664021
SE_02_1998	Human	NCBI GEO/SRA	Cell line	Ascites	SUDHL4	GSM5664005	GSM5664022
SE_02_1999	Human	NCBI GEO/SRA	Cell line	Ascites	SUDHL6	GSM5664006	GSM5664023
SE_02_2000	Human	NCBI GEO/SRA	Cell line	Ascites	SUDHL13	GSM5664007	GSM5664024
SE_02_2001	Human	NCBI GEO/SRA	Cell line	Ascites	SUDHL15	GSM5664008	GSM5664025
SE_02_2002	Human	NCBI GEO/SRA	Cell line	blood	UoCB6	GSM5664009	GSM5664026
SE_02_2003	Human	NCBI GEO/SRA	Cell line	blood	UoCB6_ETV6_Atlas_ChIP-Seq	GSM6398672	GSM6398676
SE_02_2004	Human	NCBI GEO/SRA	Cell line	heart	WT_CPC	GSM5688847	GSM5688850
SE_02_2005	Human	NCBI GEO/SRA	Cell line	heart	RING1A-KO_CPC_rep1	GSM5688848	GSM5688850
SE_02_2006	Human	NCBI GEO/SRA	Cell line	Breast	MDA-MB-231 sgNT1, biological replicate1	GSM6260177	GSM6260171
SE_02_2007	Human	NCBI GEO/SRA	Cell line	Breast	MDA-MB-231 sgMLL3, biological replicate1	GSM6260185	GSM6260179
SE_02_2008	Human	NCBI GEO/SRA	Cell line	Ewing sarcoma	A673 ETV6 dTAG cells - 6 hour DMSO treated	GSM5506008	GSM5506012
SE_02_2009	Human	NCBI GEO/SRA	Cell line	Ewing sarcoma	A673 ETV6 dTAG cells - 6 hour dTAGV-1 treated	GSM5506010	GSM5506014
SE_02_2010	Human	NCBI GEO/SRA	Cell line	Ewing sarcoma	EW8 ETV6 dTAG cells - 6 hour DMSO treated	GSM5506020	GSM5506024
SE_02_2011	Human	NCBI GEO/SRA	Cell line	Ewing sarcoma	EW8 ETV6 dTAG cells - 6 hour dTAGV-1 treated	GSM5506022	GSM5506025
SE_02_2012	Human	NCBI GEO/SRA	Cell line	Breast	HCC1599	GSM6599892	GSM6599894
SE_02_2013	Human	NCBI GEO/SRA	Cell line	lung	H526	GSM5917226	GSM5917229
SE_02_2014	Human	NCBI GEO/SRA	Cell line	lung	sgNONT	GSM5917230	GSM5917236
SE_02_2015	Human	NCBI GEO/SRA	Cell line	lung	sgC11orf53-1	GSM5917231	GSM5917237
SE_02_2016	Human	NCBI GEO/SRA	Cell line	Nasopharyngeal carcinoma	HONE-1_ChIPSeq_siScr	GSM4095994	GSM4095996
SE_02_2017	Human	NCBI GEO/SRA	Cell line	Nasopharyngeal carcinoma	Nasopharyngeal carcinoma	GSM4095995	GSM4095997
SE_02_2018	Human	NCBI GEO/SRA	Cell line	Vascular	HASMCs, siCtrl_transfected with control siRNA	GSM5465295	GSM5465293
SE_02_2019	Human	NCBI GEO/SRA	Cell line	Vascular	HASMCs, siBAF60c_transfected with BAF60c siRNA	GSM5465303	GSM5465301
SE_02_2020	Human	NCBI GEO/SRA	Cell line	lung	FiTAc-seq for  Human SCLC Tumor_27622	GSM5556374	GSM5556380
SE_02_2021	Human	NCBI GEO/SRA	Cell line	lung	FiTAc-seq for  Human SCLC Tumor_27812	GSM5556375	GSM5556381
SE_02_2022	Human	NCBI GEO/SRA	Cell line	lung	FiTAc-seq for  Human SCLC Tumor_27187	GSM5556376	GSM5556382
SE_02_2023	Human	NCBI GEO/SRA	Cell line	lung	FiTAc-seq for  Human SCLC Tumor_27814	GSM5556378	GSM5556384
SE_02_2024	Human	NCBI GEO/SRA	Cell line	lung	FiTAc-seq for  Human SCLC Tumor_27810	GSM5556379	GSM5556385
SE_02_2025	Human	NCBI GEO/SRA	Cell line	lung	COR-L88	GSM5556298	GSM5556323
SE_02_2026	Human	NCBI GEO/SRA	Cell line	lung	H209	GSM5556299	GSM5556324
SE_02_2027	Human	NCBI GEO/SRA	Cell line	lung	H345	GSM5556300	GSM5556325
SE_02_2028	Human	NCBI GEO/SRA	Cell line	lung	DMS 79	GSM5556301	GSM5556326
SE_02_2029	Human	NCBI GEO/SRA	Cell line	lung	H187	GSM5556302	GSM5556327
SE_02_2030	Human	NCBI GEO/SRA	Cell line	lung	SHP-77	GSM5556303	GSM5556328
SE_02_2031	Human	NCBI GEO/SRA	Cell line	lung	H2171	GSM5556304	GSM5556329
SE_02_2032	Human	NCBI GEO/SRA	Cell line	lung	H1963	GSM5556305	GSM5556330
SE_02_2033	Human	NCBI GEO/SRA	Cell line	lung	HCC33	GSM5556306	GSM5556331
SE_02_2034	Human	NCBI GEO/SRA	Cell line	lung	H196	GSM5556307	GSM5556332
SE_02_2035	Human	NCBI GEO/SRA	Cell line	lung	H841	GSM5556308	GSM5556333
SE_02_2036	Human	NCBI GEO/SRA	Cell line	lung	H1436_1	GSM5556309	GSM5556319
SE_02_2037	Human	NCBI GEO/SRA	Cell line	lung	H1436_2	GSM5556310	GSM5556320
SE_02_2038	Human	NCBI GEO/SRA	Cell line	lung	H2081_1	GSM5556311	GSM5556321
SE_02_2039	Human	NCBI GEO/SRA	Cell line	lung	H2081_2	GSM5556312	GSM5556322
SE_02_2040	Human	NCBI GEO/SRA	Cell line	lung	H82	GSM5556313	GSM5556318
SE_02_2041	Human	NCBI GEO/SRA	Cell line	lung	H526	GSM5556314	GSM5556317
SE_02_2042	Human	NCBI GEO/SRA	Cell line	lung	H69	GSM5556315	GSM5556316
SE_02_2043	Human	NCBI GEO/SRA	Cell line	blood	Thp1-mono	GSM6333442	GSM6333450
SE_02_2044	Human	NCBI GEO/SRA	Cell line	blood	Thp1-macro	GSM6333453	GSM6333461
SE_02_2045	Human	NCBI GEO/SRA	Cell line	blood	Thp1-M.tb	GSM6333464	GSM6333472
SE_02_2046	Human	NCBI GEO/SRA	Stem cell	Glioblstoma	4121 GSC	GSM6500144	GSM6500141
SE_02_2047	Human	NCBI GEO/SRA	Cell line	Glioblstoma	4121 NSTC	GSM6500149	GSM6500146
SE_02_2048	Human	NCBI GEO/SRA	Stem cell	Embryonic stem cells	Naive	GSM5212117	GSM5212113
SE_02_2049	Human	NCBI GEO/SRA	Cell line	Mouse xenograft	Q13Xeno_MWZ8047	GSM6508944	GSM6508947
SE_02_2050	Human	NCBI GEO/SRA	Cell line	blood	THP1 transfection with control gapmer	GSM5723263	GSM5723268
SE_02_2051	Human	NCBI GEO/SRA	Cell line	blood	THP1 transfection with gapmer targetting CHROME	GSM5723265	GSM5723270
SE_02_2052	Human	NCBI GEO/SRA	Stem cell	Mesenchymal	ChIP_hMSC	GSM4572330	GSM4572334
SE_02_2053	Human	NCBI GEO/SRA	Stem cell	Mesenchymal	ChIP_AC	GSM4572336	GSM4572340
SE_02_2054	Human	NCBI GEO/SRA	Cell line	Mesenchymal	ChIP_OB	GSM4572342	GSM4572346
SE_02_2055	Human	NCBI GEO/SRA	Cell line	colon	HCT116_WT	GSM6062081	GSM6062083
SE_02_2056	Human	NCBI GEO/SRA	Cell line	colon	HCT116_D1KO	GSM6062084	GSM6062086
SE_02_2057	Human	NCBI GEO/SRA	Cell line	MPNST	WT_Vehicle	GSM5420919	GSM5420925
SE_02_2058	Human	NCBI GEO/SRA	Cell line	MPNST	WT_GSK862	GSM5420920	GSM5420926
SE_02_2059	Human	NCBI GEO/SRA	Cell line	MPNST	WT_DAC	GSM5420921	GSM5420927
SE_02_2060	Human	NCBI GEO/SRA	Cell line	MPNST	KO_Vehicle	GSM5420922	GSM5420928
SE_02_2061	Human	NCBI GEO/SRA	Cell line	MPNST	KO_GSK862	GSM5420923	GSM5420929
SE_02_2062	Human	NCBI GEO/SRA	Cell line	MPNST	KO_DAC	GSM5420924	GSM5420930
SE_02_2063	Human	NCBI GEO/SRA	Cell line	colon	SW480 cells, WT	GSM5418684	GSM5418685
SE_02_2064	Human	NCBI GEO/SRA	Cell line	colon	SW480 cells, D1KO	GSM5418691	GSM5418692
SE_02_2065	Human	NCBI GEO/SRA	Cell line	colon	HCT116	GSM5941074	GSM5941075
SE_02_2066	Human	NCBI GEO/SRA	Cell line	Endometrioid adenocarcinoma	HCI-EC-23_8hrDMSO	GSM6727284	GSM6421757
SE_02_2067	Human	NCBI GEO/SRA	Cell line	Endometrioid adenocarcinoma	Ishikawa_8hrDMSO	GSM6727286	GSM6421760
SE_02_2068	Human	NCBI GEO/SRA	Cell line	Neuroblastoma	BE2C-Rep-1-Reverted	GSM6106870	GSM6106869
SE_02_2069	Human	NCBI GEO/SRA	Cell line	Neuroblastoma	BE2C-Rep-1-Treated	GSM6106871	GSM6106869
SE_02_2070	Human	NCBI GEO/SRA	Cell line	Neuroblastoma	BE2C-Rep-1-Untreated	GSM6106872	GSM6106869
SE_02_2071	Human	NCBI GEO/SRA	Cell line	Neuroblastoma	SHSY-Rep-1-Treated	GSM6106895	GSM6106893
SE_02_2072	Human	NCBI GEO/SRA	Cell line	Neuroblastoma	SHSY-Rep-1-Untreated	GSM6106896	GSM6106893
SE_02_2073	Human	NCBI GEO/SRA	Stem cell	Induced pluripotent stem cells	DE DAY3 - WT	GSM5538075	GSM5538158
SE_02_2074	Human	NCBI GEO/SRA	Stem cell	Induced pluripotent stem cells	DE DAY3 - SOX17KO	GSM5538076	GSM5538160
SE_02_2075	Human	NCBI GEO/SRA	Cell line	Definitive Endoderm	DE	GSM6256943	GSM6256951
SE_02_2076	Human	NCBI GEO/SRA	Cell line	Definitive Endoderm	PE	GSM6256953	GSM6256961
SE_02_2077	Human	NCBI GEO/SRA	Cell line	Bone marrow	NB4	GSM5689239	GSM5689241
SE_02_2078	Human	NCBI GEO/SRA	Cell line	Bone marrow	AML1	GSM5686705	GSM5686716
SE_02_2079	Human	NCBI GEO/SRA	Cell line	Cervix	HeLa, treated with A485	GSM6318206	GSM6318209
SE_02_2080	Human	NCBI GEO/SRA	Cell line	Cervix	HeLa, treated with CBP30	GSM6318207	GSM6318210
SE_02_2081	Human	NCBI GEO/SRA	Cell line	Cervix	HeLa, treated with DMSO	GSM6318208	GSM6318211
SE_02_2082	Human	NCBI GEO/SRA	Cell line	hESC	S9CC13_R4_dTAG0h	GSM6235195	GSM6235207
SE_02_2083	Human	NCBI GEO/SRA	Cell line	hESC	S9CC13_R4_dTAG3h	GSM6235196	GSM6235208
SE_02_2084	Human	NCBI GEO/SRA	Cell line	hESC	S9CC13_R4_dTAG24h	GSM6235197	GSM6235209
SE_02_2085	Human	NCBI GEO/SRA	Cell line	hESC	WT_R4_dTAG0h	GSM6235198	GSM6235210
SE_02_2086	Human	NCBI GEO/SRA	Cell line	hESC	WT_R4_dTAG3h	GSM6235199	GSM6235211
SE_02_2087	Human	NCBI GEO/SRA	Cell line	hESC	WT_R4_dTAG24h	GSM6235200	GSM6235212
SE_02_2088	Human	NCBI GEO/SRA	Cell line	hESC	S9CC47_R5_dTAG0h	GSM6235201	GSM6235213
SE_02_2089	Human	NCBI GEO/SRA	Cell line	hESC	S9CC47_R5_dTAG3h	GSM6235202	GSM6235214
SE_02_2090	Human	NCBI GEO/SRA	Cell line	hESC	S9CC47_R5_dTAG24h	GSM6235203	GSM6235215
SE_02_2091	Human	NCBI GEO/SRA	Cell line	hESC	WT_R5_dTAG0h	GSM6235204	GSM6235216
SE_02_2092	Human	NCBI GEO/SRA	Cell line	hESC	WT_R5_dTAG3h	GSM6235205	GSM6235217
SE_02_2093	Human	NCBI GEO/SRA	Cell line	hESC	WT_R5_dTAG24h	GSM6235206	GSM6235218
SE_02_2094	Human	NCBI GEO/SRA	Cell line	Ascites	SUDHL6-Active Motif	GSM5525188	GSM5525190
SE_02_2095	Human	NCBI GEO/SRA	Cell line	Kidney	HEK293 FLAG-TDG-N140A-CD replicate 1 stably expressing 3XFLAG-TDG-N140A-CD	GSM7135340	GSM7135343
SE_02_2096	Human	NCBI GEO/SRA	Cell line	KARPAS	KARPAS-422, DMSO	GSM7050764	GSM7050794
SE_02_2097	Human	NCBI GEO/SRA	Cell line	KARPAS	KARPAS-422, 15min 10 nM TCIP1	GSM7050766	GSM6460435
SE_02_2098	Human	NCBI GEO/SRA	Cell line	KARPAS	KARPAS-422, 1hr 10 nM TCIP1	GSM7050768	GSM6460435
SE_02_2099	Human	NCBI GEO/SRA	Cell line	KARPAS	KARPAS-422, 2hr 10 nM TCIP1	GSM7050770	GSM6460435
SE_02_2100	Human	NCBI GEO/SRA	Cell line	KARPAS	KARPAS-422, 4hr 10 nM TCIP1	GSM7050772	GSM6460435
SE_02_2101	Human	NCBI GEO/SRA	Cell line	blood	4167_Naive_S28	GSM6935109	GSM6935112
SE_02_2102	Human	NCBI GEO/SRA	Cell line	blood	4167_d15_S14	GSM6935113	GSM6935116
SE_02_2103	Human	NCBI GEO/SRA	Cell line	blood	4167_d5_S17	GSM6935117	GSM6935120
SE_02_2104	Human	NCBI GEO/SRA	Cell line	blood	4167_d8_S8	GSM6935121	GSM6935124
SE_02_2105	Human	NCBI GEO/SRA	Cell line	blood	4213_Naive_S28	GSM6935125	GSM6935128
SE_02_2106	Human	NCBI GEO/SRA	Cell line	blood	4213_d15_S14	GSM6935129	GSM6935132
SE_02_2107	Human	NCBI GEO/SRA	Cell line	blood	4213_d5_S17	GSM6935133	GSM6935136
SE_02_2108	Human	NCBI GEO/SRA	Cell line	blood	4213_d8_S8	GSM6935137	GSM6935140
SE_02_2109	Human	NCBI GEO/SRA	Cell line	blood	Donor88-naMDM	GSM6947034	GSM6947025
SE_02_2110	Human	NCBI GEO/SRA	Cell line	blood	Donor88-aMDM	GSM6947035	GSM6947026
SE_02_2111	Human	NCBI GEO/SRA	Cell line	blood	Donor88-aMDM+LCC-12	GSM6947036	GSM6947027
SE_02_2112	Human	NCBI GEO/SRA	Cell line	blood	Donor90-naMDM	GSM6947046	GSM6947037
SE_02_2113	Human	NCBI GEO/SRA	Cell line	blood	Donor90-aMDM	GSM6947047	GSM6947038
SE_02_2114	Human	NCBI GEO/SRA	Cell line	blood	Donor90-aMDM+LCC-12	GSM6947048	GSM6947039
SE_02_2115	Human	NCBI GEO/SRA	Cell line	NPCs	NPCs D868D	GSM6519840	GSM6519844
SE_02_2116	Human	NCBI GEO/SRA	Cell line	NPCs	NPCs D868N	GSM6519845	GSM6519849
SE_02_2117	Human	NCBI GEO/SRA	Cell line	embryonic lung	IMR-90_IR_control2_1	GSM3290361	GSM3290357
SE_02_2118	Human	NCBI GEO/SRA	Cell line	embryonic lung	IMR-90_IR_senescent_1	GSM3290364	GSM3290355
SE_02_2119	Human	NCBI GEO/SRA	Cell line	Hydrothorax	K562 Con Sp ChIP-seq	GSM6463418	GSM6463421
SE_02_2120	Human	NCBI GEO/SRA	Cell line	RPMI-8402	RPMI-RomiMS	GSM8056706	GSM8056707
SE_02_2121	Human	NCBI GEO/SRA	Cell line	Human Brinchial epithelial	ChIP, DMSO_1	GSM8059241	GSM8059247
SE_02_2122	Human	NCBI GEO/SRA	Cell line	Human Brinchial epithelial	ChIP, Pano_1	GSM8059244	GSM8059246
SE_02_2123	Human	NCBI GEO/SRA	Cell line	fibroblast	IMR-90, Pro	GSM7897862	GSM7897861
SE_02_2124	Human	NCBI GEO/SRA	Cell line	fibroblast	IMR-90, Sen	GSM7897864	GSM7897863
SE_02_2125	Human	NCBI GEO/SRA	Cell line	fibroblast	IMR-90, Sen-siACLY	GSM7897866	GSM7897865
SE_02_2126	Human	NCBI GEO/SRA	Cell line	stomach	AGS	GSM6294440	GSM6294438
SE_02_2127	Human	NCBI GEO/SRA	Cell line	Osteosarcoma	U2OS wildtype cells, no UV, biol rep1	GSM8133846	GSM8133847
SE_02_2128	Human	NCBI GEO/SRA	Cell line	Osteosarcoma	U2OS wildtype cells, 3h post UV, biol rep1	GSM8133852	GSM8133853
SE_02_2129	Human	NCBI GEO/SRA	Cell line	Osteosarcoma	U2OS ASH1L knockout cells, no UV, biol rep1	GSM8133858	GSM8133859
SE_02_2130	Human	NCBI GEO/SRA	Cell line	Osteosarcoma	U2OS ASH1L knockout cells, 3h post UV, biol rep1	GSM8133864	GSM8133865
SE_02_2131	Human	NCBI GEO/SRA	Cell line	colon	HCT116	GSM7371669	GSM7371667
SE_02_2132	Human	NCBI GEO/SRA	Cell line	blood	Th0_0.5h Cells activated with CD3 CD28 in absense of cytokines	GSM7778475	GSM7778472
SE_02_2133	Human	NCBI GEO/SRA	Cell line	blood	Th17_0.5h Cells activated with CD3 CD28 in presence of Th17 polarising cytokines (IL-6, IL-1Beta, TGF-Beta) and neutralizing antibody against IL-4 and IFNgamma	GSM7778479	GSM7778476
SE_02_2134	Human	NCBI GEO/SRA	Cell line	blood	Th0_72h Cells activated with CD3 CD28 in absense of cytokines	GSM7778483	GSM7778480
SE_02_2135	Human	NCBI GEO/SRA	Cell line	blood	Th17_72h Cells activated with CD3 CD28 in presence of Th17 polarising cytokines (IL-6, IL-1Beta, TGF-Beta) and neutralizing antibody against IL-4 and IFNgamma	GSM7778487	GSM7778484
SE_02_2136	Human	NCBI GEO/SRA	Cell line	liver	LX-2_Control	GSM7779376	GSM7779374
SE_02_2137	Human	NCBI GEO/SRA	Cell line	liver	LX-2_OSMI-1_H3K27ac_ChIPseq_rep1	GSM7779377	GSM7779375
SE_02_2138	Human	NCBI GEO/SRA	Cell line	lung	H128-0	GSM8112569	GSM8112568
SE_02_2139	Human	NCBI GEO/SRA	Cell line	lung	H128-DN5	GSM8112571	GSM8112570
SE_02_2140	Human	NCBI GEO/SRA	Primary cell	Melanoma	WM35	GSM5911386	GSM5911390
SE_02_2141	Human	NCBI GEO/SRA	Primary cell	Melanoma	WM1552	GSM5911387	GSM5911391
SE_02_2142	Human	NCBI GEO/SRA	Primary cell	Melanoma	YUPEET	GSM5911388	GSM5911392
SE_02_2143	Human	NCBI GEO/SRA	Primary cell	Melanoma	YUCHIME_H3K27Ac	GSM5911389	GSM5911393
SE_02_2144	Human	NCBI GEO/SRA	Cell line	Lymphoid	U2932_NOTCH2_WT	GSM7294672	GSM7294675
SE_02_2145	Human	NCBI GEO/SRA	Cell line	Ewing sarcoma	TC-32 siNEG	GSM7780186	GSM7780184
SE_02_2146	Human	NCBI GEO/SRA	Cell line	Ewing sarcoma	TC-32 siFLI1	GSM7780194	GSM7780192
SE_02_2147	Human	NCBI GEO/SRA	Cell line	colon	HCT116 cells	GSM5234459	GSM5234456
SE_02_2148	Human	NCBI GEO/SRA	Cell line	colon	HCT116 cells (SAE2-kd) Doxycyclin 1ug/mL for 5 days	GSM5234466	GSM5234463
SE_02_2149	Human	NCBI GEO/SRA	Cell line	Fibroblast	V_8_1_8, p601, day8, DonorI	GSM7233784	GSM7233788
SE_02_2150	Human	NCBI GEO/SRA	Cell line	Fibroblast	V_8_1_8, p601, day8, DonorII	GSM7233785	GSM7233789
SE_02_2151	Human	NCBI GEO/SRA	Cell line	Fibroblast	V_8_1_8, p604, day8, DonorI	GSM7233786	GSM7233790
SE_02_2152	Human	NCBI GEO/SRA	Cell line	Fibroblast	V_8_1_8, p604, day8, DonorII	GSM7233787	GSM7233791
SE_02_2153	Human	NCBI GEO/SRA	Cell line	Neuroblastoma	Kelly, DMSO, replicate 1	GSM7210931	GSM7210946
SE_02_2154	Human	NCBI GEO/SRA	Cell line	Neuroblastoma	Kelly, Doxycycline, replicate 1	GSM7210948	GSM7210963
SE_02_2155	Human	NCBI GEO/SRA	Cell line	Rhabdomyosarcoma	G401dTAGDCAF5 DMSO 4h AbCam rep1 [2585563]	GSM7747712	GSM7747704
SE_02_2156	Human	NCBI GEO/SRA	Cell line	Haematopoietic and Lymphoid	KMS11, untreated, biorep1	GSM7224170	GSM7224183
SE_02_2157	Human	NCBI GEO/SRA	Cell line	Haematopoietic and Lymphoid	MM1S, untreated, biorep1	GSM7224176	GSM7224185
SE_02_2158	Human	NCBI GEO/SRA	Cell line	Haematopoietic and Lymphoid	U266, untreated,  biorep1	GSM7224179	GSM7224186
SE_02_2159	Human	NCBI GEO/SRA	Cell line	Placenta	CT27 TSC	GSM7778025	GSM7778027
SE_02_2160	Human	NCBI GEO/SRA	Cell line	Placenta	CT27 ST	GSM7778030	GSM7778032
SE_02_2161	Human	NCBI GEO/SRA	Cell line	Placenta	CT27 EVT	GSM7778039	GSM7778041
SE_02_2162	Human	NCBI GEO/SRA	Cell line	Heart	Human CM	GSM8080472	GSM8080473
SE_02_2163	Human	NCBI GEO/SRA	Stem cell	embryonic	DAY15_CHIR	GSM7973538	GSM7973540
SE_02_2164	Human	NCBI GEO/SRA	Cell line	colon	Normoxia - No Bacteria (NN)	GSM7872950	GSM7872962
SE_02_2165	Human	NCBI GEO/SRA	Cell line	colon	Normoxia - infection with E. coli (NE)	GSM7872952	GSM7872963
SE_02_2166	Human	NCBI GEO/SRA	Cell line	colon	Normoxia - infection with Fnn (NF)	GSM7872954	GSM7872964
SE_02_2167	Human	NCBI GEO/SRA	Cell line	colon	Hypoxia - No Bacteria (HN)	GSM7872956	GSM7872965
SE_02_2168	Human	NCBI GEO/SRA	Cell line	colon	Hypoxia - infection with E. coli (HE)	GSM7872958	GSM7872966
SE_02_2169	Human	NCBI GEO/SRA	Cell line	colon	Hypoxia - infection with Fnn (HF)	GSM7872960	GSM7872967
SE_02_2170	Human	NCBI GEO/SRA	Cell line	Neuroblastoma	NBLS,ABCAM, control1	GSM6560199	GSM6560215
SE_02_2171	Human	NCBI GEO/SRA	Cell line	Neuroblastoma	NBLS, ABCAM, taz1	GSM6560201	GSM6560215
SE_02_2172	Human	NCBI GEO/SRA	Cell line	Neuroblastoma	BE2, ABCAM, control1	GSM6560203	GSM6560216
SE_02_2173	Human	NCBI GEO/SRA	Cell line	Neuroblastoma	BE2, ABCAM, taz1	GSM6560205	GSM6560216
SE_02_2174	Human	NCBI GEO/SRA	Cell line	Neuroblastoma	55N, ABCAM, control1	GSM6560207	GSM6560217
SE_02_2175	Human	NCBI GEO/SRA	Cell line	Neuroblastoma	55N, ABCAM, taz1	GSM6560209	GSM6560217
SE_02_2176	Human	NCBI GEO/SRA	Cell line	Neuroblastoma	5S,ABCAM, control1	GSM6560211	GSM6560218
SE_02_2177	Human	NCBI GEO/SRA	Cell line	Neuroblastoma	5S, ABCAM, taz1	GSM6560213	GSM6560218
SE_02_2178	Human	NCBI GEO/SRA	Cell line	Neuroblastoma	SHEP, ABCAM, control1	GSM6560219	GSM6560235
SE_02_2179	Human	NCBI GEO/SRA	Cell line	Neuroblastoma	SHEP, ABCAM, taz1	GSM6560221	GSM6560235
SE_02_2180	Human	NCBI GEO/SRA	Cell line	Neuroblastoma	SY5Y, ABCAM, control1	GSM6560223	GSM6560236
SE_02_2181	Human	NCBI GEO/SRA	Cell line	Neuroblastoma	SY5Y, ABCAM, taz1	GSM6560225	GSM6560236
SE_02_2182	Human	NCBI GEO/SRA	Cell line	Neuroblastoma	WN, ABCAM, control1	GSM6560227	GSM6560237
SE_02_2183	Human	NCBI GEO/SRA	Cell line	Neuroblastoma	WN,ABCAM, taz1	GSM6560229	GSM6560237
SE_02_2184	Human	NCBI GEO/SRA	Cell line	Neuroblastoma	WS, ABCAM, control1	GSM6560231	GSM6560238
SE_02_2185	Human	NCBI GEO/SRA	Cell line	Neuroblastoma	WS, ABCAM, taz1	GSM6560233	GSM6560238
SE_02_2186	Human	NCBI GEO/SRA	Cell line	Sarcoma	CDS1_siCTRL	GSM7905067	GSM7905068
SE_02_2187	Human	NCBI GEO/SRA	Cell line	Sarcoma	CDS1_siQ	GSM7905069	GSM7905070
SE_02_2188	Human	NCBI GEO/SRA	Cell line	Sarcoma	CDS1_siS	GSM7905071	GSM7905072
SE_02_2189	Human	NCBI GEO/SRA	Cell line	Sarcoma	CDS1	GSM7905075	GSM7905081
SE_02_2190	Human	NCBI GEO/SRA	Cell line	Sarcoma	CDS2	GSM7905087	GSM7905093
SE_02_2191	Human	NCBI GEO/SRA	Cell line	Ascites	HBL1	GSM7663845	GSM7663847
SE_02_2192	Human	NCBI GEO/SRA	Cell line	blood	M101	GSM7974400	GSM7974401
SE_02_2193	Human	NCBI GEO/SRA	Cell line	stomach	HGC27, wt	GSM7979651	GSM7979666
SE_02_2194	Human	NCBI GEO/SRA	Cell line	stomach	HGC27, RUNX3KO	GSM7979653	GSM7979668
SE_02_2195	Human	NCBI GEO/SRA	Cell line	pancreas	klm1-ko-rosa26	GSM7151522	GSM7151526
SE_02_2196	Human	NCBI GEO/SRA	Cell line	pancreas	klm1-ko-tp63-1	GSM7151527	GSM7151531
SE_02_2197	Human	NCBI GEO/SRA	Cell line	Neuroblastoma	GI-MEN_ASCL1_neg_rep1	GSM6616005	GSM6616009
SE_02_2198	Human	NCBI GEO/SRA	Cell line	Neuroblastoma	GI-MEN_ASCL1_pos_rep1	GSM6616007	GSM6616011
SE_02_2199	Human	NCBI GEO/SRA	Cell line	skin	HaCaT_Tet-on-Luc, DoxD3 Treated with 0.1mg/ml Dox for 3 days	GSM7310684	GSM7310691
SE_02_2200	Human	NCBI GEO/SRA	Cell line	skin	HaCaT_Tet-on-Ikzf1, DoxD3 Treated with 0.1mg/ml Dox for 3 days	GSM7310685	GSM7310692
SE_02_2201	Human	NCBI GEO/SRA	Cell line	Breast	BT549	GSM6132804	GSM6132834
SE_02_2202	Human	NCBI GEO/SRA	Cell line	Breast	CAL851	GSM6132807	GSM6132837
SE_02_2203	Human	NCBI GEO/SRA	Cell line	Breast	DU4475	GSM6132808	GSM6132838
SE_02_2204	Human	NCBI GEO/SRA	Cell line	Breast	EMG3	GSM6132809	GSM6132839
SE_02_2205	Human	NCBI GEO/SRA	Cell line	Breast	FCIBC02	GSM6132810	GSM6132840
SE_02_2206	Human	NCBI GEO/SRA	Cell line	Breast	HCC1143	GSM6132811	GSM6132841
SE_02_2207	Human	NCBI GEO/SRA	Cell line	Breast	HCC1187	GSM6132812	GSM6132842
SE_02_2208	Human	NCBI GEO/SRA	Cell line	Breast	HCC1395	GSM6132813	GSM6132843
SE_02_2209	Human	NCBI GEO/SRA	Cell line	Breast	HCC1806	GSM6132815	GSM6132845
SE_02_2210	Human	NCBI GEO/SRA	Cell line	Breast	HCC2185	GSM6132817	GSM6132847
SE_02_2211	Human	NCBI GEO/SRA	Cell line	Breast	HCC3153	GSM6132818	GSM6132848
SE_02_2212	Human	NCBI GEO/SRA	Cell line	Breast	HCC70	GSM6132820	GSM6132850
SE_02_2213	Human	NCBI GEO/SRA	Cell line	Breast	Hs578	GSM6132822	GSM6132852
SE_02_2214	Human	NCBI GEO/SRA	Cell line	Breast	MDAMB436	GSM6132824	GSM6132854
SE_02_2215	Human	NCBI GEO/SRA	Cell line	Breast	MDAMB468	GSM6132825	GSM6132855
SE_02_2216	Human	NCBI GEO/SRA	Cell line	Breast	MFM223	GSM6132826	GSM6132856
SE_02_2217	Human	NCBI GEO/SRA	Cell line	Breast	PMC42	GSM6132827	GSM6132857
SE_02_2218	Human	NCBI GEO/SRA	Cell line	Breast	SUM102	GSM6132828	GSM6132858
SE_02_2219	Human	NCBI GEO/SRA	Cell line	Breast	SUM1315	GSM6132829	GSM6132859
SE_02_2220	Human	NCBI GEO/SRA	Cell line	Breast	SUM149	GSM6132830	GSM6132860
SE_02_2221	Human	NCBI GEO/SRA	Cell line	Breast	SUM185	GSM6132831	GSM6132861
SE_02_2222	Human	NCBI GEO/SRA	Cell line	Breast	SUM229	GSM6132832	GSM6132862
SE_02_2223	Human	NCBI GEO/SRA	Cell line	Breast	UACC3199	GSM6132833	GSM6132863
SE_02_2224	Human	NCBI GEO/SRA	Cell line	Breast	4272-TG5	GSM6133016	GSM6133028
SE_02_2225	Human	NCBI GEO/SRA	Cell line	Breast	5998-TG5	GSM6133017	GSM6133029
SE_02_2226	Human	NCBI GEO/SRA	Cell line	Breast	BCM-3107	GSM6133018	GSM6133030
SE_02_2227	Human	NCBI GEO/SRA	Cell line	Breast	HCI-009	GSM6133019	GSM6133031
SE_02_2228	Human	NCBI GEO/SRA	Cell line	Breast	T272X	GSM6133020	GSM6133032
SE_02_2229	Human	NCBI GEO/SRA	Cell line	Breast	BCM-2665	GSM6133021	GSM6133033
SE_02_2230	Human	NCBI GEO/SRA	Cell line	Breast	4195-TG5	GSM6133022	GSM6133034
SE_02_2231	Human	NCBI GEO/SRA	Cell line	Breast	HCI-001	GSM6133023	GSM6133035
SE_02_2232	Human	NCBI GEO/SRA	Cell line	Breast	4013-TG6	GSM6133024	GSM6133036
SE_02_2233	Human	NCBI GEO/SRA	Cell line	Breast	2147-TG5	GSM6133025	GSM6133037
SE_02_2234	Human	NCBI GEO/SRA	Cell line	Breast	HCI-002	GSM6133026	GSM6133038
SE_02_2235	Human	NCBI GEO/SRA	Cell line	Breast	IDC50X	GSM6133027	GSM6133039
SE_02_2236	Human	NCBI GEO/SRA	Cell line	prostate	22Rv1 dexamethasone	GSM6615527	GSM6615533
SE_02_2237	Human	NCBI GEO/SRA	Cell line	prostate	22Rv1_ENZ3w dexamethasone	GSM6615531	GSM6615534
SE_02_2238	Human	NCBI GEO/SRA	Cell line	Bone marrow	MM1S Control	GSM7868741	GSM7868745
SE_02_2239	Human	NCBI GEO/SRA	Cell line	Bone marrow	MM1S H3K27ac Len 1	GSM7868742	GSM7868745
SE_02_2240	Human	NCBI GEO/SRA	Cell line	Bone marrow	RPMI8226 Control	GSM7868752	GSM7868756
SE_02_2241	Human	NCBI GEO/SRA	Cell line	Bone marrow	RPMI8226 Control	GSM7868753	GSM7868756
SE_02_2242	Human	NCBI GEO/SRA	Cell line	Retina	RPE	GSM7083700	GSM7083703
SE_02_2243	Human	NCBI GEO/SRA	Cell line	Neuroblastoma	IMR32_siMYCN	GSM6346078	GSM6346068
SE_02_2244	Human	NCBI GEO/SRA	Tissue	Lymphoblast	sample_1	GSM7074419	GSM7074430
SE_02_2245	Human	NCBI GEO/SRA	Cell line	Glioblastoma	U87_DMSO	GSM7831846	GSM7831848
SE_02_2246	Human	NCBI GEO/SRA	Cell line	Glioblastoma	U87_MZ1	GSM7831847	GSM7831848
SE_02_2247	Human	NCBI GEO/SRA	Cell line	pancreas	vehicle rep 1 DMSO	GSM6473061	GSM6473101
SE_02_2248	Human	NCBI GEO/SRA	Cell line	pancreas	SN38 rep 1 DMSO	GSM6473063	GSM6473101
SE_02_2249	Human	NCBI GEO/SRA	Cell line	pancreas	JQ1 rep 1 DMSO	GSM6473065	GSM6473101
SE_02_2250	Human	NCBI GEO/SRA	Cell line	pancreas	combo rep 1 DMSO	GSM6473067	GSM6473101
SE_02_2251	Human	NCBI GEO/SRA	Cell line	Xenograft	AB1-SJMLL015091_X2-MLL-AF4	GSM6656478	GSM6656482
SE_02_2252	Human	NCBI GEO/SRA	Cell line	Xenograft	AB1-SJMLL066702_C2-SEM	GSM6656479	GSM6656483
SE_02_2253	Human	NCBI GEO/SRA	Cell line	Xenograft	AB1-SJMLL066704_C2-OCI-AML2	GSM6656481	GSM6656485
SE_02_2254	Human	NCBI GEO/SRA	Cell line	Small Round Cell Tumors	JN-DSRCT	GSM6568001	GSM6568006
SE_02_2255	Human	NCBI GEO/SRA	Cell line	Small Round Cell Tumors	JN-DSRCT.shEWSWT1	GSM6568007	GSM6568011
SE_02_2256	Human	NCBI GEO/SRA	Cell line	Small Round Cell Tumors	JN-DSRCT.shGFP	GSM6568016	GSM6568020
SE_02_2257	Human	NCBI GEO/SRA	Cell line	Small Round Cell Tumors	MeT-5A.control.	GSM6568027	GSM6568041
SE_02_2258	Human	NCBI GEO/SRA	Cell line	Bone marrow	DMSO_KASUMI	GSM5098248	GSM5098246
SE_02_2259	Human	NCBI GEO/SRA	Cell line	Bone marrow	BETi_KASUMI	GSM5098249	GSM5098247
SE_02_2260	Human	NCBI GEO/SRA	Cell line	Bone marrow	SEM	GSM7235291	GSM7235292
SE_02_2261	Human	NCBI GEO/SRA	Cell line	Bone marrow	SEM_PINO_RES	GSM7235299	GSM7235300
SE_02_2262	Human	NCBI GEO/SRA	Cell line	Bone marrow	SEM_DOT1Li 50uM pinometostat for 7 days	GSM7235307	GSM7235308
SE_02_2263	Human	NCBI GEO/SRA	Cell line	Bone marrow	SEM_PINO_RES_DOT1Li 50uM pinometostat for 7 days	GSM7235315	GSM7235316
SE_02_2264	Human	NCBI GEO/SRA	Cell line	Placenta villous core	P09_39wks_M	GSM6911973	GSM6911975
SE_02_2265	Human	NCBI GEO/SRA	Cell line	Placenta villous core	P10_39wks_F	GSM6911976	GSM6911978
SE_02_2266	Human	NCBI GEO/SRA	Cell line	Placenta villous core	P22_21wks_F	GSM6911979	GSM6911981
SE_02_2267	Human	NCBI GEO/SRA	Cell line	Placenta villous core	P23_16wks_F	GSM6911982	GSM6911984
SE_02_2268	Human	NCBI GEO/SRA	Cell line	Placenta villous core	P26_19wks_M	GSM6911985	GSM6911987
SE_02_2269	Human	NCBI GEO/SRA	Cell line	Placenta villous core	P28_12wks_F	GSM6911988	GSM6911990
SE_02_2270	Human	NCBI GEO/SRA	Cell line	Placenta villous core	P29_10wks_M	GSM6911991	GSM6911993
SE_02_2271	Human	NCBI GEO/SRA	Cell line	Placenta villous core	P32_39wks_F	GSM6911994	GSM6911996
SE_02_2272	Human	NCBI GEO/SRA	Cell line	Placenta villous core	P34_12wks_F	GSM6911997	GSM6911999
SE_02_2273	Human	NCBI GEO/SRA	Cell line	Placenta villous core	P41_10wks_F	GSM6912000	GSM6912002
SE_02_2274	Human	NCBI GEO/SRA	Cell line	Placenta villous core	P42_10wks_M	GSM6912003	GSM6912005
SE_02_2275	Human	NCBI GEO/SRA	Cell line	Placenta villous core	P43_15wks_M	GSM6912006	GSM6912008
SE_02_2276	Human	NCBI GEO/SRA	Cell line	Placenta villous core	P44_19wks_M	GSM6912009	GSM6912011
SE_02_2277	Human	NCBI GEO/SRA	Cell line	Placenta villous core	P48_39wks_M	GSM6912012	GSM6912014
SE_02_2278	Human	NCBI GEO/SRA	Cell line	Placenta villous core	P50_39wks_M	GSM6912015	GSM6912017
SE_02_2279	Human	NCBI GEO/SRA	Cell line	pancreas	PDX4	GSM6585282	GSM6585283
SE_02_2280	Human	NCBI GEO/SRA	Cell line	Breast	CT_1607	GSM7372123	GSM7372131
SE_02_2281	Human	NCBI GEO/SRA	Cell line	Breast	CTE_1608	GSM7372124	GSM7372132
SE_02_2282	Human	NCBI GEO/SRA	Cell line	Breast	MA_1609	GSM7372125	GSM7372133
SE_02_2283	Human	NCBI GEO/SRA	Cell line	Breast	MAE_1610	GSM7372126	GSM7372134
SE_02_2284	Human	NCBI GEO/SRA	Cell line	Uveal	92-1,DMSO,4h	GSM7729121	GSM7729131
SE_02_2285	Human	NCBI GEO/SRA	Cell line	endoderm	hES_rep1_re-analyzed	GSM6923433	GSM6923439
SE_02_2286	Human	NCBI GEO/SRA	Cell line	endoderm	hDE_rep1	GSM6923440	GSM6923446
SE_02_2287	Human	NCBI GEO/SRA	Cell line	endoderm	hAFE_rep1	GSM6923447	GSM6923451
SE_02_2288	Human	NCBI GEO/SRA	Cell line	endoderm	hPFE_rep1	GSM6923452	GSM6923457
SE_02_2289	Human	NCBI GEO/SRA	Cell line	stomach	AGS	GSM5655082	GSM5655108
SE_02_2290	Human	NCBI GEO/SRA	Cell line	stomach	CLS145	GSM5655083	GSM5655109
SE_02_2291	Human	NCBI GEO/SRA	Cell line	stomach	FU97	GSM5655084	GSM5655110
SE_02_2292	Human	NCBI GEO/SRA	Cell line	stomach	HGC27	GSM5655085	GSM5655111
SE_02_2293	Human	NCBI GEO/SRA	Cell line	stomach	Hs746T	GSM5655086	GSM5655112
SE_02_2294	Human	NCBI GEO/SRA	Cell line	stomach	IM95	GSM5655087	GSM5655113
SE_02_2295	Human	NCBI GEO/SRA	Cell line	stomach	KATOIII	GSM5655088	GSM5655114
SE_02_2296	Human	NCBI GEO/SRA	Cell line	stomach	LMSU	GSM5655089	GSM5655115
SE_02_2297	Human	NCBI GEO/SRA	Cell line	stomach	MKN1	GSM5655090	GSM5655116
SE_02_2298	Human	NCBI GEO/SRA	Cell line	stomach	MKN7	GSM5655091	GSM5655117
SE_02_2299	Human	NCBI GEO/SRA	Cell line	stomach	NCC19	GSM5655092	GSM5655118
SE_02_2300	Human	NCBI GEO/SRA	Cell line	stomach	NCC59	GSM5655093	GSM5655119
SE_02_2301	Human	NCBI GEO/SRA	Cell line	stomach	OCUM1	GSM5655094	GSM5655120
SE_02_2302	Human	NCBI GEO/SRA	Cell line	stomach	RERFGC1B	GSM5655095	GSM5655121
SE_02_2303	Human	NCBI GEO/SRA	Cell line	stomach	SNU16	GSM5655096	GSM5655122
SE_02_2304	Human	NCBI GEO/SRA	Cell line	stomach	SNU1750	GSM5655097	GSM5655123
SE_02_2305	Human	NCBI GEO/SRA	Cell line	stomach	SNU1967	GSM5655098	GSM5655124
SE_02_2306	Human	NCBI GEO/SRA	Cell line	stomach	SNU484	GSM5655099	GSM5655125
SE_02_2307	Human	NCBI GEO/SRA	Cell line	stomach	SNU719	GSM5655100	GSM5655126
SE_02_2308	Human	NCBI GEO/SRA	Cell line	stomach	TMK1	GSM5655101	GSM5655127
SE_02_2309	Human	NCBI GEO/SRA	Cell line	stomach	YCC10	GSM5655102	GSM5655128
SE_02_2310	Human	NCBI GEO/SRA	Cell line	stomach	YCC11	GSM5655103	GSM5655129
SE_02_2311	Human	NCBI GEO/SRA	Cell line	stomach	YCC20	GSM5655104	GSM5655130
SE_02_2312	Human	NCBI GEO/SRA	Cell line	stomach	YCC21	GSM5655105	GSM5655131
SE_02_2313	Human	NCBI GEO/SRA	Cell line	stomach	YCC22	GSM5655106	GSM5655132
SE_02_2314	Human	NCBI GEO/SRA	Cell line	stomach	YCC3	GSM5655107	GSM5655133
SE_02_2315	Human	NCBI GEO/SRA	Cell line	stomach	LMSU shLuc	GSM5655153	GSM5655159
SE_02_2316	Human	NCBI GEO/SRA	Cell line	stomach	LMSU shTEAD1	GSM5655156	GSM5655162
SE_02_2317	Human	NCBI GEO/SRA	Cell line	stomach	SNU1750 shLuc	GSM5655171	GSM5655177
SE_02_2318	Human	NCBI GEO/SRA	Cell line	stomach	SNU1750 shTEAD1	GSM5655174	GSM5655180
SE_02_2319	Human	NCBI GEO/SRA	Tissue	stomach	P001	GSM5655189	GSM5655198
SE_02_2320	Human	NCBI GEO/SRA	Tissue	stomach	P002	GSM5655190	GSM5655199
SE_02_2321	Human	NCBI GEO/SRA	Tissue	stomach	P004	GSM5655192	GSM5655201
SE_02_2322	Human	NCBI GEO/SRA	Tissue	stomach	P005	GSM5655193	GSM5655202
SE_02_2323	Human	NCBI GEO/SRA	Tissue	stomach	P006	GSM5655194	GSM5655203
SE_02_2324	Human	NCBI GEO/SRA	Tissue	stomach	P009	GSM5655197	GSM5655206
SE_02_2325	Human	NCBI GEO/SRA	Cell line	Bone marrow	OPM2_2hours_DMSO	GSM5683115	GSM5683116
SE_02_2326	Human	NCBI GEO/SRA	Cell line	prostate	16D_CRPC	GSM7022016	GSM7022015
SE_02_2327	Human	NCBI GEO/SRA	Cell line	prostate	NCI-H660	GSM7022018	GSM7022017
SE_02_2328	Human	NCBI GEO/SRA	Cell line	Bone marrow	JJN3_rep1	GSM6439269	GSM6439270
SE_02_2329	Human	NCBI GEO/SRA	Cell line	Retina	Control	GSM5899629	GSM5899638
SE_02_2330	Human	NCBI GEO/SRA	Cell line	Retina	siNIPBL	GSM5899630	GSM5899639
SE_02_2331	Human	NCBI GEO/SRA	Cell line	Retina	siRad21	GSM5899631	GSM5899640
SE_02_2332	Human	NCBI GEO/SRA	Stem cell	glioblastoma	GSC316.DMSO.R1	GSM5392202	GSM5392216
SE_02_2333	Human	NCBI GEO/SRA	Stem cell	glioblastoma	GSC316.JQ1.R2	GSM5392204	GSM5392216
SE_02_2334	Human	NCBI GEO/SRA	Stem cell	glioblastoma	GSC316.untreated.R1	GSM5392206	GSM5392216
SE_02_2335	Human	NCBI GEO/SRA	Cell line	glioblastoma	U87.DMSO.R1	GSM5392223	GSM5392237
SE_02_2336	Human	NCBI GEO/SRA	Cell line	glioblastoma	U87.JQ1.R1	GSM5392225	GSM5392237
SE_02_2337	Human	NCBI GEO/SRA	Cell line	glioblastoma	U87.untreated.R1	GSM5392227	GSM5392237
SE_02_2338	Human	NCBI GEO/SRA	Cell line	Microglia	C13.DMSO.R1	GSM5392244	GSM5392258
SE_02_2339	Human	NCBI GEO/SRA	Cell line	Microglia	C13.JQ1.R1	GSM5392246	GSM5392258
SE_02_2340	Human	NCBI GEO/SRA	Cell line	Microglia	C13.untreated.R1	GSM5392248	GSM5392258
SE_02_2341	Human	NCBI GEO/SRA	Tissue	skin	N1	GSM4889297	GSM4889309
SE_02_2342	Human	NCBI GEO/SRA	Tissue	skin	P1	GSM4889301	GSM4889310
SE_02_2343	Human	NCBI GEO/SRA	Tissue	skin	UI1	GSM4889305	GSM4889311
SE_02_2344	Human	NCBI GEO/SRA	Cell line	Oral cavity	A253	GSM6544407	GSM6544413
SE_02_2345	Human	NCBI GEO/SRA	Cell line	Cranium	CNCC	GSM5919229	GSM5919222
SE_02_2346	Human	NCBI GEO/SRA	Primary cell	Endometrial stromal	P1-Pre-dec	GSM6213353	GSM6213351
SE_02_2347	Human	NCBI GEO/SRA	Primary cell	Endometrial stromal	P2-Pre-dec	GSM6213354	GSM6213352
SE_02_2348	Human	NCBI GEO/SRA	Cell line	Lung tumoroids	UK022 DMSO	GSM7429012	GSM7429020
SE_02_2349	Human	NCBI GEO/SRA	Cell line	Lung tumoroids	UK022 EPZ	GSM7429013	GSM7429020
SE_02_2350	Human	NCBI GEO/SRA	Cell line	Lung tumoroids	UK022 IFN	GSM7429014	GSM7429020
SE_02_2351	Human	NCBI GEO/SRA	Cell line	Lung tumoroids	UK022 IFN + EPZ	GSM7429015	GSM7429020
SE_02_2352	Human	NCBI GEO/SRA	Cell line	Epithelial	HEK293 T-Rex Flp-In cells, BRD4-NUT(MIN)	GSM7421839	GSM7421835
SE_02_2353	Human	NCBI GEO/SRA	Cell line	Epithelial	HEK293 T-Rex Flp-In cells, BRD4-p300	GSM7421842	GSM7421841
SE_02_2354	Human	NCBI GEO/SRA	Cell line	blood	RS4.11 DMSO 4h	GSM4455976	GSM4455982
SE_02_2355	Human	NCBI GEO/SRA	Cell line	blood	RS4.11 AZD1775 4h	GSM4455977	GSM4455983
SE_02_2356	Human	NCBI GEO/SRA	Cell line	blood	RS4.11 DMSO 10h	GSM4455978	GSM4455982
SE_02_2357	Human	NCBI GEO/SRA	Cell line	blood	RS4.11 AZD1775 10h	GSM4455979	GSM4455984
SE_02_2358	Human	NCBI GEO/SRA	Cell line	blood	RS4.11 DMSO 24h	GSM4455980	GSM4455982
SE_02_2359	Human	NCBI GEO/SRA	Cell line	blood	RS4.11 AZD1775 24h	GSM4455981	GSM4455985
SE_02_2360	Human	NCBI GEO/SRA	Cell line	blood	RS4.11 DMSO 10h	GSM4455986	GSM4455990
SE_02_2361	Human	NCBI GEO/SRA	Cell line	Breast	MCF10A	GSM7158099	GSM7158109
SE_02_2362	Human	NCBI GEO/SRA	Cell line	Breast	MCF10AT1	GSM7158110	GSM7158120
SE_02_2363	Human	NCBI GEO/SRA	Cell line	tumor	DHEP	GSM5512742	GSM5512744
SE_02_2364	Human	NCBI GEO/SRA	Cell line	tumor	THEP	GSM5512743	GSM5512745
SE_02_2365	Human	NCBI GEO/SRA	Cell line	Adrenal	NCI-H295R, baseline	GSM6209256	GSM6209258
SE_02_2366	Human	NCBI GEO/SRA	Cell line	Adrenal	NCI-H295R,EZH2i	GSM6209257	GSM6209258
SE_02_2367	Human	NCBI GEO/SRA	Tissue	blood	ChIP-seq_UT242	GSM5981779	GSM5981780
SE_02_2368	Human	NCBI GEO/SRA	Tissue	blood	ChIP-seq_UT308	GSM5981781	GSM5981782
SE_02_2369	Human	NCBI GEO/SRA	Cell line	Neuron	KOLF2.1J_Neuron_Rep2	GSM7114654	GSM7114656
SE_02_2370	Human	NCBI GEO/SRA	Cell line	umbilical cord blood	H1_1	GSM7152455	GSM7152468
SE_02_2371	Human	NCBI GEO/SRA	Cell line	skin	GM21, Day 0	GSM6235098	GSM6235102
SE_02_2372	Human	NCBI GEO/SRA	Cell line	skin	GM21, Day 10	GSM6235104	GSM6235108
SE_02_2373	Human	NCBI GEO/SRA	Cell line	skin	GM21, Day 18	GSM6235110	GSM6235114
SE_02_2374	Human	NCBI GEO/SRA	Cell line	skin	GM21, Day 22	GSM6235116	GSM6235120
SE_02_2375	Human	NCBI GEO/SRA	Cell line	skin	GM21, Day 32	GSM6235122	GSM6235126
SE_02_2376	Human	NCBI GEO/SRA	Cell line	Bone marrow	BM	GSM5530197	GSM5530189
SE_02_2377	Human	NCBI GEO/SRA	Cell line	chondrocytes	CH	GSM5530208	GSM5530200
SE_02_2378	Human	NCBI GEO/SRA	Cell line	skin	FB	GSM5530220	GSM5530211
SE_02_2379	Human	NCBI GEO/SRA	Cell line	umbilical cord blood	UC	GSM5530231	GSM5530223
SE_02_2380	Human	NCBI GEO/SRA	Cell line	White adipose	WAT	GSM5530242	GSM5530234
SE_02_2381	Human	NCBI GEO/SRA	Cell line	H9	WT_CNCC_ChIP-seq	GSM5944460	GSM5944453
SE_02_2382	Human	NCBI GEO/SRA	Cell line	Neuroblastoma	IMR32_1_siCtrl_72h	GSM5576969	GSM5576981
SE_02_2383	Human	NCBI GEO/SRA	Cell line	Neuroblastoma	IMR32_2_siHAND2_72h	GSM5576970	GSM5576982
SE_02_2384	Human	NCBI GEO/SRA	Stem cell	Placenta	hTSC	GSM7036266	GSM6341904
SE_02_2385	Human	NCBI GEO/SRA	Tissue	tumor	3395	GSM5823195	GSM5823194
SE_02_2386	Human	NCBI GEO/SRA	Tissue	tumor	1156	GSM5823201	GSM5823200
SE_02_2387	Human	NCBI GEO/SRA	Tissue	tumor	924-1	GSM5823207	GSM5823206
SE_02_2388	Human	NCBI GEO/SRA	Tissue	tumor	1033	GSM5823214	GSM5823197
SE_02_2389	Human	NCBI GEO/SRA	Tissue	tumor	813-1	GSM5823215	GSM5823204
SE_02_2390	Human	NCBI GEO/SRA	Tissue	tumor	2542	GSM5823217	GSM5823210
SE_02_2391	Human	NCBI GEO/SRA	Tissue	tumor	391	GSM5823218	GSM5823227
SE_02_2392	Human	NCBI GEO/SRA	Tissue	tumor	1087-1	GSM5823221	GSM5823228
SE_02_2393	Human	NCBI GEO/SRA	Tissue	tumor	791-2	GSM5823224	GSM5823229
SE_02_2394	Human	NCBI GEO/SRA	Tissue	tumor	1211-2	GSM5823230	GSM5823252
SE_02_2395	Human	NCBI GEO/SRA	Tissue	tumor	1175	GSM5823234	GSM5823233
SE_02_2396	Human	NCBI GEO/SRA	Tissue	tumor	447	GSM5823238	GSM5823237
SE_02_2397	Human	NCBI GEO/SRA	Tissue	tumor	1025	GSM5823241	GSM5823253
SE_02_2398	Human	NCBI GEO/SRA	Tissue	tumor	877	GSM5823245	GSM5823244
SE_02_2399	Human	NCBI GEO/SRA	Tissue	tumor	839	GSM5823249	GSM5823248
SE_02_2400	Human	NCBI GEO/SRA	Cell line	tumor	RT112	GSM2808155	GSM2808149
SE_02_2401	Human	NCBI GEO/SRA	Cell line	tumor	L1207	GSM4189730	GSM4189724
SE_02_2402	Human	NCBI GEO/SRA	Cell line	tumor	5637	GSM5821795	GSM5821789
SE_02_2403	Human	NCBI GEO/SRA	Cell line	tumor	KK47	GSM5822227	GSM5822228
SE_02_2404	Human	NCBI GEO/SRA	Cell line	tumor	MGHU3	GSM5822545	GSM5822546
SE_02_2405	Human	NCBI GEO/SRA	Cell line	Ureter	NHU12	GSM5822607	GSM5822601
SE_02_2406	Human	NCBI GEO/SRA	Cell line	Ureter	NHU11	GSM5822615	GSM5822609
SE_02_2407	Human	NCBI GEO/SRA	Cell line	tumor	SCaBER	GSM5822827	GSM5822828
SE_02_2408	Human	NCBI GEO/SRA	Cell line	tumor	SD48	GSM5823033	GSM5823029
SE_02_2409	Human	NCBI GEO/SRA	Cell line	tumor	RD-1_Control_1	GSM6280733	GSM6280741
SE_02_2410	Human	NCBI GEO/SRA	Cell line	tumor	RD-1_TWIST2 KD_1	GSM6280735	GSM6280743
SE_02_2411	Human	NCBI GEO/SRA	Cell line	Kidney	IP RMC2C-mCherry	GSM5481879	GSM5481877
SE_02_2412	Human	NCBI GEO/SRA	Cell line	Kidney	IP RMC2C-SMARCB1	GSM5481882	GSM5481880
SE_02_2413	Human	NCBI GEO/SRA	Cell line	Kidney	IP RMC2C-mCherry 24h	GSM6595178	GSM6595176
SE_02_2414	Human	NCBI GEO/SRA	Cell line	Kidney	IP RMC2C-SMARCB1 24h	GSM6595179	GSM6595177
SE_02_2415	Human	NCBI GEO/SRA	Cell line	tumor	SNK6	GSM4605709	GSM4605708
SE_02_2416	Human	NCBI GEO/SRA	Stem cell	tumor	GSC11 Vector[GBMC-GSC1_C]	GSM4131806	GSM4131809
SE_02_2417	Human	NCBI GEO/SRA	Stem cell	tumor	GSC11 TAZ WT[GBMC-GSC2_C]	GSM4131812	GSM4131815
SE_02_2418	Human	NCBI GEO/SRA	Stem cell	tumor	GSC11 TAZ 4SA[GBMC-GSC3_C]	GSM4131818	GSM4131821
SE_02_2419	Human	NCBI GEO/SRA	Stem cell	tumor	GSC11 TAZ S51A[GSCS-S51A_C]	GSM4131822	GSM4131823
SE_02_2420	Human	NCBI GEO/SRA	Stem cell	tumor	GSC8-11 IDH Mutant TAZ low [GSCS-8-11_C]	GSM4131824	GSM4131825
SE_02_2421	Human	NCBI GEO/SRA	Stem cell	tumor	GSC8-18 IDH WT TAZ low[GSCS-8-18_C]	GSM4131826	GSM4131827
SE_02_2422	Human	NCBI GEO/SRA	Stem cell	tumor	GSC8-18 IDH WT TAZ high Mesenchymal[GSCS-OO20_C]	GSM4131828	GSM4131829
SE_02_2423	Human	NCBI GEO/SRA	Stem cell	tumor	GSC11 TAZ 4SA + HDACi[GSCS-V4SA_C]	GSM5512927	GSM5512928
SE_02_2424	Human	NCBI GEO/SRA	Cell line	blood	K562 cell line rep1	GSM5866899	GSM5866902
SE_02_2425	Human	NCBI GEO/SRA	Cell line	bladder	T24 cell line	GSM6588848	GSM6588849
SE_02_2426	Human	NCBI GEO/SRA	Cell line	bladder	HT1376 cell line	GSM6588850	GSM6588851
SE_02_2427	Human	NCBI GEO/SRA	Cell line	bladder	5637 cell line	GSM6588852	GSM6588853
SE_02_2428	Human	NCBI GEO/SRA	Cell line	bladder	J82 cell line	GSM6588854	GSM6588855
SE_02_2429	Human	NCBI GEO/SRA	Cell line	bladder	RT112 cell line	GSM6588856	GSM6588857
SE_02_2430	Human	NCBI GEO/SRA	Cell line	bladder	RT4 cell line	GSM6588858	GSM6588859
SE_02_2431	Human	NCBI GEO/SRA	Cell line	lung	H446	GSM5736394	GSM5736395
SE_02_2432	Human	NCBI GEO/SRA	Cell line	lung	H446, shGFP	GSM5736397	GSM5736398
SE_02_2433	Human	NCBI GEO/SRA	Cell line	lung	H446, shNFIB	GSM5736400	GSM5736401
SE_02_2434	Human	NCBI GEO/SRA	Cell line	tumor	SKNMC, OE, EV	GSM5736405	GSM5736406
SE_02_2435	Human	NCBI GEO/SRA	Cell line	tumor	SKNMC, OE, NFIB, del, IDR	GSM5736408	GSM5736409
SE_02_2436	Human	NCBI GEO/SRA	Cell line	tumor	SKNMC, OE, NFIB, wt	GSM5736411	GSM5736412
SE_02_2437	Human	NCBI GEO/SRA	Cell line	tumor	UPCI-SCC-090_WT	GSM6473173	GSM6473174
SE_02_2438	Human	NCBI GEO/SRA	Cell line	tumor	UM-SCC-104_WT	GSM6473181	GSM6473182
SE_02_2439	Human	NCBI GEO/SRA	Cell line	tumor	FaDu_WT	GSM6473189	GSM6473190
SE_02_2440	Human	NCBI GEO/SRA	Cell line	Nasopharyngeal epithelial	NP69SV40T_WT	GSM6473197	GSM6473198
SE_02_2441	Human	NCBI GEO/SRA	Cell line	Bone marrow	LP-1_DMSO_4h	GSM1755006	GSM1755005
SE_02_2442	Human	NCBI GEO/SRA	Cell line	Breast	MDA::ER::pCDNA 10-8M Estradiol (Sigma)	GSM1342618	GSM1342613
SE_02_2443	Human	NCBI GEO/SRA	Cell line	Breast	MDA::ER::FOXA1 10-8M Estradiol (Sigma)	GSM1342623	GSM1342613
SE_02_2444	Human	NCBI GEO/SRA	Cell line	lung	H446 NTgRNA, Abcam	GSM6421552	GSM6421550
SE_02_2445	Human	NCBI GEO/SRA	Cell line	lung	H446 ND1-KO, Abcam	GSM6421553	GSM6421551
SE_02_2446	Human	NCBI GEO/SRA	Cell line	Breast	MWC208_SUM159 CD104-low	GSM5255094	GSM5255095
SE_02_2447	Human	NCBI GEO/SRA	Cell line	Breast	MWC210_SUM159 CD104-high	GSM5255096	GSM5255097
SE_02_2448	Human	NCBI GEO/SRA	Cell line	Breast	MWC226 SUM159 CD104-low	GSM5255098	GSM5255099
SE_02_2449	Human	NCBI GEO/SRA	Cell line	Breast	MWC228 SUM159 CD104-high	GSM5255100	GSM5255101
SE_02_2450	Human	NCBI GEO/SRA	Cell line	Breast	WB1_NT [SUM159(Non-targeting control)]	GSM5255102	GSM5255103
SE_02_2451	Human	NCBI GEO/SRA	Cell line	Breast	WB3_p63_KO [SUM159(p63 KO)]	GSM5255104	GSM5255105
SE_02_2452	Human	NCBI GEO/SRA	Cell line	Breast	WB5_p73_KO [SUM159(p73 KO)]	GSM5255106	GSM5255107
SE_02_2453	Human	NCBI GEO/SRA	Cell line	Breast	WB7_dKO [SUM159(p63 and p73 KO)]	GSM5255108	GSM5255109
SE_02_2454	Human	NCBI GEO/SRA	Cell line	Breast	WB13_dKO-EV [SUM159(p63 and p73 KO) with exogenous Empty vector]	GSM5255110	GSM5255111
SE_02_2455	Human	NCBI GEO/SRA	Cell line	Breast	WB15_dKO-p63 [SUM159(p63 and p73 KO) with exogenous p63]	GSM5255112	GSM5255113
SE_02_2456	Human	NCBI GEO/SRA	Cell line	Breast	WB17_dKO-p73 [SUM159(p63 and p73 KO) with exogenous p73]	GSM5255114	GSM5255115
SE_02_2457	Human	NCBI GEO/SRA	Cell line	Breast	WB19_dKO-dual [SUM159(p63 and p73 KO) with exogenous p63/p73]	GSM5255116	GSM5255117
SE_02_2458	Human	NCBI GEO/SRA	Cell line	blood	Kasumi1	GSM6282797	GSM6282799
SE_02_2459	Human	NCBI GEO/SRA	Cell line	tumor	U87_DMSO	GSM6123050	GSM6123052
SE_02_2460	Human	NCBI GEO/SRA	Cell line	tumor	U87_GNE987	GSM6123051	GSM6123052
SE_02_2461	Human	NCBI GEO/SRA	Tissue	blood	CTRL1_00251228 pool of Control and Abexinostat treated cells	GSM6666016	GSM6666022
SE_02_2462	Human	NCBI GEO/SRA	Tissue	blood	Treated1_00251228 pool of Control and Abexinostat treated cells	GSM6666017	GSM6666022
SE_02_2463	Human	NCBI GEO/SRA	Tissue	blood	CTRL2_00251275 pool of Control and Abexinostat treated cells	GSM6666018	GSM6666022
SE_02_2464	Human	NCBI GEO/SRA	Tissue	blood	Treated2_00251275 pool of Control and Abexinostat treated cells	GSM6666019	GSM6666022
SE_02_2465	Human	NCBI GEO/SRA	Tissue	blood	CTRL3_00251766 pool of Control and Abexinostat treated cells	GSM6666020	GSM6666022
SE_02_2466	Human	NCBI GEO/SRA	Tissue	blood	Treated3_00251766 pool of Control and Abexinostat treated cells	GSM6666021	GSM6666022
SE_02_2467	Human	NCBI GEO/SRA	Cell line	tumor	SY5YtetCASZ1b_Ctrl	GSM5542261	GSM5542265
SE_02_2468	Human	NCBI GEO/SRA	Cell line	tumor	SY5YtetCASZ1b_Tet	GSM5542262	GSM5542266
SE_02_2469	Human	NCBI GEO/SRA	Cell line	lung	Control_1 siRNA	GSM5640074	GSM5640078
SE_02_2470	Human	NCBI GEO/SRA	Cell line	lung	CEBPB_KD1 siRNA-1	GSM5640075	GSM5640079
SE_02_2471	Human	NCBI GEO/SRA	Cell line	tumor	Parental A673 cell line	GSM5505996	GSM5505997
SE_02_2472	Human	NCBI GEO/SRA	Cell line	tumor	Parental EW8 cell line	GSM5506000	GSM5506001
SE_02_2473	Human	NCBI GEO/SRA	Cell line	tumor	T265-SUZ12 no Dox	GSM5555311	GSM5555307
SE_02_2474	Human	NCBI GEO/SRA	Cell line	tumor	T265-SUZ12 plus Dox for 5 days	GSM5555312	GSM5555308
SE_02_2475	Human	NCBI GEO/SRA	Cell line	tumor	ST88-14-SUZ12 no Dox	GSM5555323	GSM5555319
SE_02_2476	Human	NCBI GEO/SRA	Cell line	tumor	ST88-14-SUZ12 plus Dox for 5 days	GSM5555324	GSM5555320
SE_02_2477	Human	NCBI GEO/SRA	Cell line	tumor	PT2002-SUZ12 no Dox	GSM5555331	GSM5555327
SE_02_2478	Human	NCBI GEO/SRA	Cell line	tumor	PT2002-SUZ12 plus Dox for 5 days	GSM5555332	GSM5555328
SE_02_2479	Human	NCBI GEO/SRA	Cell line	tumor	ChIP_H3K27ac	GSM4802681	GSM4802679
SE_02_2480	Human	NCBI GEO/SRA	Cell line	tumor	ChIP	GSM4802689	GSM4802683
SE_02_2481	Human	NCBI GEO/SRA	Cell line	tumor	ChIP_sgNeg	GSM4802690	GSM4802684
SE_02_2482	Human	NCBI GEO/SRA	Cell line	tumor	ChIP_sgBRD8	GSM6543707	GSM6543704
SE_02_2483	Human	NCBI GEO/SRA	Cell line	tumor	ChIPseqBT869_SMARCA4ko	GSM6543708	GSM6543705
SE_02_2484	Human	NCBI GEO/SRA	Cell line	lung	293T	GSM5903247	GSM6422774
SE_02_2485	Human	NCBI GEO/SRA	Cell line	bladder	ChIPSEQ_Ctrl	GSM5255986	GSM5255990
SE_02_2486	Human	NCBI GEO/SRA	Cell line	bladder	ChIPSEQ_FOXA1KO	GSM5255988	GSM5255990
SE_02_2487	Human	NCBI GEO/SRA	Cell line	blood	MOLM13_dI8_4hr_DMSO	GSM5638972	GSM5638971
SE_02_2488	Human	NCBI GEO/SRA	Cell line	blood	MOLM13_dI8_4hr_dTAG	GSM5638976	GSM5638975
SE_02_2489	Human	NCBI GEO/SRA	Cell line	blood	MOLM13_dI8_24hr_DMSO	GSM5638980	GSM5638979
SE_02_2490	Human	NCBI GEO/SRA	Cell line	blood	MOLM13_dI8_24hr_dTAG	GSM5638983	GSM5638982
SE_02_2491	Human	NCBI GEO/SRA	Cell line	blood	MOLM13	GSM5638985	GSM5638986
SE_02_2492	Human	NCBI GEO/SRA	Cell line	tumor	ChIP-seq_RH30-Ctrl	GSM4752882	GSM4752874
SE_02_2493	Human	NCBI GEO/SRA	Cell line	tumor	ChIP-seq_RH30-QC6352	GSM4752884	GSM4752876
SE_02_2494	Human	NCBI GEO/SRA	Cell line	prostate	C4-2B 3-20nM treated with YDGY-3 20nM for 24 hours	GSM5414205	GSM5414207
SE_02_2495	Human	NCBI GEO/SRA	Cell line	prostate	C4-2B-CON	GSM5414206	GSM5414208
SE_02_2496	Human	NCBI GEO/SRA	Cell line	Breast	MCF7-WM-E2 Estrogen	GSM4613587	GSM4613566
SE_02_2497	Human	NCBI GEO/SRA	Cell line	Breast	MDA134-WM-E2-Estrogen	GSM4613589	GSM4613567
SE_02_2498	Human	NCBI GEO/SRA	Cell line	Breast	SUM44-WM-E2-Estrogen	GSM4613591	GSM4613568
SE_02_2499	Human	NCBI GEO/SRA	Cell line	Breast	T47D-WM-E2-Estrogen	GSM4613593	GSM4613569
SE_02_2500	Human	NCBI GEO/SRA	Stem cell	embryonic	Primed WT	GSM5733267	GSM5733268
SE_02_2501	Human	NCBI GEO/SRA	Cell line	blood	MOLM13_DMSO	GSM6448421	GSM6448420
SE_02_2502	Human	NCBI GEO/SRA	Cell line	blood	MOLM13_A485	GSM6448422	GSM6448420
SE_02_2503	Human	NCBI GEO/SRA	Cell line	blood	HL60_DMSO	GSM6448437	GSM6448434
SE_02_2504	Human	NCBI GEO/SRA	Cell line	blood	HL60_A485	GSM6448438	GSM6448434
SE_02_2505	Human	NCBI GEO/SRA	Cell line	muscle	LX2 cells	GSM5617722	GSM5617723
SE_02_2506	Human	NCBI GEO/SRA	Cell line	Ascites	OCI_LY3_0h_r1	GSM6429353	GSM6429369
SE_02_2507	Human	NCBI GEO/SRA	Cell line	Ascites	OCI_LY3_3h_r1	GSM6429355	GSM6429370
SE_02_2508	Human	NCBI GEO/SRA	Cell line	Ascites	OCI_LY3_8h_r1	GSM6429357	GSM6429371
SE_02_2509	Human	NCBI GEO/SRA	Cell line	Ascites	OCI_LY3_24h_r1	GSM6429359	GSM6429372
SE_02_2510	Human	NCBI GEO/SRA	Cell line	Ascites	VAL_3h_r1	GSM6429363	GSM6429374
SE_02_2511	Human	NCBI GEO/SRA	Cell line	Ascites	VAL_24h_r1	GSM6429367	GSM6429376
SE_02_2512	Human	NCBI GEO/SRA	Cell line	Bone	hFOB_EV1	GSM4629770	GSM4629763
SE_02_2513	Human	NCBI GEO/SRA	Cell line	Bone	hFOB_WT1	GSM4629772	GSM4629765
SE_02_2514	Human	NCBI GEO/SRA	Cell line	Bone	hFOB_G34W1	GSM4629775	GSM4629768
SE_02_2515	Human	NCBI GEO/SRA	Cell line	tumor	Solv_1 Solvent	GSM4710956	GSM4710948
SE_02_2516	Human	NCBI GEO/SRA	Tissue	colon	17627N	GSM5066839	GSM5066868
SE_02_2517	Human	NCBI GEO/SRA	Tissue	colon	17753T	GSM5066840	GSM5066869
SE_02_2518	Human	NCBI GEO/SRA	Tissue	colon	17753N	GSM5066841	GSM5066870
SE_02_2519	Human	NCBI GEO/SRA	Tissue	colon	17787T	GSM5066842	GSM5066871
SE_02_2520	Human	NCBI GEO/SRA	Tissue	colon	18081T	GSM5066843	GSM5066872
SE_02_2521	Human	NCBI GEO/SRA	Tissue	colon	18081N	GSM5066844	GSM5066873
SE_02_2522	Human	NCBI GEO/SRA	Tissue	colon	18481T	GSM5066845	GSM5066874
SE_02_2523	Human	NCBI GEO/SRA	Tissue	colon	18481N	GSM5066846	GSM5066875
SE_02_2524	Human	NCBI GEO/SRA	Tissue	colon	18607T	GSM5066847	GSM5066876
SE_02_2525	Human	NCBI GEO/SRA	Tissue	colon	18607N	GSM5066848	GSM5066877
SE_02_2526	Human	NCBI GEO/SRA	Tissue	colon	18739T	GSM5066849	GSM5066878
SE_02_2527	Human	NCBI GEO/SRA	Tissue	colon	18739N	GSM5066850	GSM5066879
SE_02_2528	Human	NCBI GEO/SRA	Tissue	colon	18810T	GSM5066851	GSM5066880
SE_02_2529	Human	NCBI GEO/SRA	Tissue	colon	18810N	GSM5066852	GSM5066881
SE_02_2530	Human	NCBI GEO/SRA	Tissue	colon	18946T	GSM5066853	GSM5066882
SE_02_2531	Human	NCBI GEO/SRA	Tissue	colon	18946N	GSM5066854	GSM5066883
SE_02_2532	Human	NCBI GEO/SRA	Tissue	colon	19106T	GSM5066855	GSM5066884
SE_02_2533	Human	NCBI GEO/SRA	Tissue	colon	19106N	GSM5066856	GSM5066885
SE_02_2534	Human	NCBI GEO/SRA	Tissue	colon	19282T	GSM5066857	GSM5066886
SE_02_2535	Human	NCBI GEO/SRA	Tissue	colon	19282N	GSM5066858	GSM5066887
SE_02_2536	Human	NCBI GEO/SRA	Tissue	colon	19342T	GSM5066859	GSM5066888
SE_02_2537	Human	NCBI GEO/SRA	Tissue	colon	19342N	GSM5066860	GSM5066889
SE_02_2538	Human	NCBI GEO/SRA	Tissue	colon	19395T	GSM5066861	GSM5066890
SE_02_2539	Human	NCBI GEO/SRA	Tissue	colon	19395N	GSM5066862	GSM5066891
SE_02_2540	Human	NCBI GEO/SRA	Tissue	colon	19441T	GSM5066863	GSM5066892
SE_02_2541	Human	NCBI GEO/SRA	Tissue	colon	19441N	GSM5066864	GSM5066893
SE_02_2542	Human	NCBI GEO/SRA	Tissue	colon	19442T	GSM5066865	GSM5066894
SE_02_2543	Human	NCBI GEO/SRA	Tissue	colon	19442N	GSM5066866	GSM5066895
SE_02_2544	Human	NCBI GEO/SRA	Tissue	colon	HT29 xenograft tumor	GSM5066897	GSM5066900
SE_02_2545	Human	NCBI GEO/SRA	Cell line	Breast	T47D_LTED9M	GSM5154426	GSM5154416
SE_02_2546	Human	NCBI GEO/SRA	Cell line	Breast	T47D_FM_H3K27ac	GSM5972261	GSM5972263
SE_02_2547	Human	NCBI GEO/SRA	Cell line	hiPSC	2-d4	GSM2974341	GSM2974338
SE_02_2548	Human	NCBI GEO/SRA	Cell line	hiPSC	20-d4	GSM2974343	GSM2974339
SE_02_2549	Human	NCBI GEO/SRA	Cell line	hiPSC	DMOG-d4	GSM2974347	GSM2974340
SE_02_2550	Human	NCBI GEO/SRA	Cell line	tumor	C4-2	GSM6355451	GSM6355452
SE_02_2551	Human	NCBI GEO/SRA	Cell line	blood	HAP1	GSM6241397	GSM6241400
SE_02_2552	Human	NCBI GEO/SRA	Tissue	tumor	ST1	GSM3956282	GSM3956288
SE_02_2553	Human	NCBI GEO/SRA	Tissue	tumor	PF1	GSM3956285	GSM3956291
SE_02_2554	Human	NCBI GEO/SRA	Cell line	Oral cavity	HSC-3 control	GSM6213089	GSM6213093
SE_02_2555	Human	NCBI GEO/SRA	Cell line	Oral cavity	HSC-3 cetuximab resistant	GSM6213090	GSM6213093
SE_02_2556	Human	NCBI GEO/SRA	Cell line	Oral cavity	SAS control	GSM6213091	GSM6213094
SE_02_2557	Human	NCBI GEO/SRA	Cell line	Oral cavity	SAS cetuximab resistant	GSM6213092	GSM6213094
SE_02_2558	Human	NCBI GEO/SRA	Cell line	tumor	SKNMC transduced with GFP_replicate 1	GSM4989359	GSM4989363
SE_02_2559	Human	NCBI GEO/SRA	Cell line	tumor	A673 transduced with GFP_replicate 1	GSM4989375	GSM4989377
SE_02_2560	Human	NCBI GEO/SRA	Cell line	tumor	A673 transduced with KRAB-ZFA7_replicate 1	GSM4989380	GSM4989382
SE_02_2561	Human	NCBI GEO/SRA	Cell line	blood	AB1-SJMLL066703_C2-MOLM13	GSM6656480	GSM6656484
SE_02_2562	Human	NCBI GEO/SRA	Cell line	Breast	MDA-MB-468_1	GSM4874881	GSM4874883
SE_02_2563	Human	NCBI GEO/SRA	Cell line	Kidney	HEK293 T-Rex Flp-In cells	GSM7421845	GSM7421844
SE_02_2564	Human	NCBI GEO/SRA	Cell line	blood	NCO18_d10jf	GSM3585054	GSM3585057
SE_02_2565	Human	NCBI GEO/SRA	Cell line	blood	LDHD	GSM5242243	GSM5242244
SE_02_2566	Human	NCBI GEO/SRA	Cell line	blood	HD	GSM5242245	GSM5242246
SE_02_2567	Human	NCBI GEO/SRA	Cell line	blood	UT	GSM5242247	GSM5242248
SE_02_2568	Human	NCBI GEO/SRA	Cell line	blood	ChIP-Seq HUDEP2 cells WT	GSM5271207	GSM5271204
SE_02_2569	Human	NCBI GEO/SRA	Cell line	blood	ChIP-Seq HUDEP2 cells HIC2-OE	GSM5271211	GSM5271208
SE_02_2570	Human	NCBI GEO/SRA	Cell line	skin	A375, P (ChIP-seq) vemurafenib	GSM6176083	GSM6176099
SE_02_2571	Human	NCBI GEO/SRA	Cell line	skin	A375, S (ChIP-seq)	GSM6176084	GSM6176100
SE_02_2572	Human	NCBI GEO/SRA	Cell line	skin	SK-MEL-28, P (ChIP-seq) vemurafenib	GSM6176085	GSM6176101
SE_02_2573	Human	NCBI GEO/SRA	Cell line	skin	SK-MEL-28, S (ChIP-seq)	GSM6176086	GSM6176102
SE_02_2574	Human	NCBI GEO/SRA	Cell line	skin	K4, P (ChIP-seq) vemurafenib	GSM6176087	GSM6176103
SE_02_2575	Human	NCBI GEO/SRA	Cell line	skin	K4, S (ChIP-seq)	GSM6176088	GSM6176104
SE_02_2576	Human	NCBI GEO/SRA	Cell line	skin	SK-MEL-37, P (ChIP-seq) vemurafenib	GSM6176089	GSM6176105
SE_02_2577	Human	NCBI GEO/SRA	Cell line	skin	SK-MEL-37, S (ChIP-seq)	GSM6176090	GSM6176106
SE_02_2578	Human	NCBI GEO/SRA	Cell line	skin	UACC903, P (ChIP-seq) vemurafenib	GSM6176091	GSM6176107
SE_02_2579	Human	NCBI GEO/SRA	Cell line	skin	UACC903, S (ChIP-seq)	GSM6176092	GSM6176108
SE_02_2580	Human	NCBI GEO/SRA	Cell line	skin	WM1205, P (ChIP-seq) vemurafenib	GSM6176093	GSM6176109
SE_02_2581	Human	NCBI GEO/SRA	Cell line	skin	WM1205, S (ChIP-seq)	GSM6176094	GSM6176110
SE_02_2582	Human	NCBI GEO/SRA	Cell line	skin	WM164, P (ChIP-seq) vemurafenib	GSM6176095	GSM6176111
SE_02_2583	Human	NCBI GEO/SRA	Cell line	skin	WM164, S (ChIP-seq)	GSM6176096	GSM6176112
SE_02_2584	Human	NCBI GEO/SRA	Cell line	skin	MGH-CH-1, P (ChIP-seq) vemurafenib	GSM6176097	GSM6176113
SE_02_2585	Human	NCBI GEO/SRA	Cell line	skin	MGH-CH-1, S (ChIP-seq)	GSM6176098	GSM6176114
SE_02_2586	Human	NCBI GEO/SRA	Cell line	pancreas	siControl_rep1	GSM5020330	GSM5020336
SE_02_2587	Human	NCBI GEO/SRA	Cell line	pancreas	siControl_TGFb_rep1	GSM5020332	GSM5020338
SE_02_2588	Human	NCBI GEO/SRA	Cell line	pancreas	siPHF13_TGFb_rep1	GSM5020334	GSM5020340
SE_02_2589	Human	NCBI GEO/SRA	Cell line	blood	MV411_DMSO_24h	GSM5155152	GSM5155153
SE_02_2590	Human	NCBI GEO/SRA	Cell line	blood	MV411_dTAG13_24h	GSM5155154	GSM5155155
SE_02_2591	Human	NCBI GEO/SRA	Cell line	blood	THP1_P0	GSM5908691	GSM5908692
SE_02_2592	Human	NCBI GEO/SRA	Cell line	blood	PDX1601_P0	GSM5908695	GSM5908696
SE_02_2593	Human	NCBI GEO/SRA	Cell line	blood	PDX1714_P0	GSM5908699	GSM5908700
SE_02_2594	Human	NCBI GEO/SRA	Cell line	colon	RKO_shZNF280C-DOX	GSM5512963	GSM5512958
SE_02_2595	Human	NCBI GEO/SRA	Cell line	colon	RKO_shZNF280C	GSM5512970	GSM5512959
SE_02_2596	Human	NCBI GEO/SRA	Cell line	lung	NCI-H441 CST, 100nM dexamethasone, biol rep1	GSM6152851	GSM6152859
SE_02_2597	Human	NCBI GEO/SRA	Cell line	lung	NCI-H441 CST, Vehicle, biol rep1	GSM6152853	GSM6152861
SE_02_2598	Human	NCBI GEO/SRA	Cell line	liver	Huh7CTL_PBS	GSM5597562	GSM5597563
SE_02_2599	Human	NCBI GEO/SRA	Cell line	liver	Huh7NaAc_acetate (5 mM)	GSM5597564	GSM5597565
SE_02_2600	Human	NCBI GEO/SRA	Cell line	liver	siNC	GSM5597569	GSM5597570
SE_02_2601	Human	NCBI GEO/SRA	Cell line	liver	siEP300	GSM5597571	GSM5597572
SE_02_2602	Human	NCBI GEO/SRA	Cell line	liver	siNCOA3	GSM5597573	GSM5597574
SE_02_2603	Human	NCBI GEO/SRA	Cell line	skin	MEL624_shNC1 ChIP-seq	GSM4590862	GSM4590860
SE_02_2604	Human	NCBI GEO/SRA	Cell line	skin	MEL624_shFTO1 ChIP-seq	GSM4590864	GSM4590861
SE_02_2605	Human	NCBI GEO/SRA	Cell line	Retinal_Pigment_Epithelium	iPSC-induced RPE, biol rep1	GSM6069393	GSM6069392
SE_02_2606	Human	NCBI GEO/SRA	Cell line	blood	BJAB	GSM5525119	GSM5525121
SE_02_2607	Human	NCBI GEO/SRA	Cell line	blood	DB	GSM5525122	GSM5525124
SE_02_2608	Human	NCBI GEO/SRA	Cell line	blood	DOHH2	GSM5525125	GSM5525127
SE_02_2609	Human	NCBI GEO/SRA	Cell line	blood	FARAGE	GSM5525128	GSM5525130
SE_02_2610	Human	NCBI GEO/SRA	Cell line	blood	HBL1	GSM5525131	GSM5525133
SE_02_2611	Human	NCBI GEO/SRA	Cell line	blood	HLY1	GSM5525134	GSM5525136
SE_02_2612	Human	NCBI GEO/SRA	Cell line	blood	HT	GSM5525137	GSM5525139
SE_02_2613	Human	NCBI GEO/SRA	Cell line	blood	Karpas422	GSM5525140	GSM5525142
SE_02_2614	Human	NCBI GEO/SRA	Cell line	blood	LY1	GSM5525143	GSM5525145
SE_02_2615	Human	NCBI GEO/SRA	Cell line	blood	LY10	GSM5525146	GSM5525148
SE_02_2616	Human	NCBI GEO/SRA	Cell line	blood	LY18	GSM5525149	GSM5525151
SE_02_2617	Human	NCBI GEO/SRA	Cell line	blood	LY3	GSM5525152	GSM5525154
SE_02_2618	Human	NCBI GEO/SRA	Cell line	blood	LY7	GSM5525155	GSM5525157
SE_02_2619	Human	NCBI GEO/SRA	Cell line	blood	LY8	GSM5525158	GSM5525160
SE_02_2620	Human	NCBI GEO/SRA	Cell line	blood	NU-DHL1	GSM5525161	GSM5525163
SE_02_2621	Human	NCBI GEO/SRA	Cell line	blood	PFEIFFER	GSM5525164	GSM5525166
SE_02_2622	Human	NCBI GEO/SRA	Cell line	blood	RCK8	GSM5525167	GSM5525169
SE_02_2623	Human	NCBI GEO/SRA	Cell line	blood	RIVA	GSM5525170	GSM5525172
SE_02_2624	Human	NCBI GEO/SRA	Cell line	blood	RL	GSM5525173	GSM5525175
SE_02_2625	Human	NCBI GEO/SRA	Cell line	blood	SUDHL10	GSM5525176	GSM5525178
SE_02_2626	Human	NCBI GEO/SRA	Cell line	blood	SUDHL2	GSM5525179	GSM5525181
SE_02_2627	Human	NCBI GEO/SRA	Cell line	blood	SUDHL4	GSM5525182	GSM5525184
SE_02_2628	Human	NCBI GEO/SRA	Cell line	blood	SUDHL5	GSM5525185	GSM5525187
SE_02_2629	Human	NCBI GEO/SRA	Cell line	blood	TMD8	GSM5525194	GSM5525196
SE_02_2630	Human	NCBI GEO/SRA	Cell line	blood	U2932_Lib-5_LE047	GSM5525197	GSM5525199
SE_02_2631	Human	NCBI GEO/SRA	Cell line	blood	WSU-DLCL2	GSM5525200	GSM5525202
SE_02_2632	Human	NCBI GEO/SRA	Cell line	Lymphoblastoid	Ctr1_LCL	GSM5790352	GSM5790313
SE_02_2633	Human	NCBI GEO/SRA	Cell line	Lymphoblastoid	Case1_LCL	GSM5790354	GSM5790316
SE_02_2634	Human	NCBI GEO/SRA	Cell line	blood	Ctr1_Ery	GSM5771696	GSM5771695
SE_02_2635	Human	NCBI GEO/SRA	Cell line	blood	Case1_Ery	GSM5771699	GSM5771703
SE_02_2636	Human	NCBI GEO/SRA	Cell line	lymph node	SUDHL1_P	GSM5258130	GSM5258122
SE_02_2637	Human	NCBI GEO/SRA	Cell line	lymph node	SUDHL1_RG1	GSM5258131	GSM5258123
SE_02_2638	Human	NCBI GEO/SRA	Cell line	Ascites	SMZ1	GSM5258152	GSM5258150
SE_02_2639	Human	NCBI GEO/SRA	Cell line	Cerebrospinal fluid	SUPM2	GSM5258157	GSM5258155
SE_02_2640	Human	NCBI GEO/SRA	Stem cell	trophoblast	hTSC	GSM6043300	GSM6043303
SE_02_2641	Human	NCBI GEO/SRA	Stem cell	tumor	GSC6 sh HOXA-AS2	GSM5962777	GSM5962776
SE_02_2642	Human	NCBI GEO/SRA	Cell line	pancreas	WT_PP 1	GSM4387098	GSM4387102
SE_02_2643	Human	NCBI GEO/SRA	Tissue	blood	OCIAML2 Runx1R174/wt Control	GSM5516051	GSM5516049
SE_02_2644	Human	NCBI GEO/SRA	Tissue	blood	OCIAML2 Runx1R174/wt 100nM HHT	GSM5516052	GSM5516050
SE_02_2645	Human	NCBI GEO/SRA	Cell line	embryonic kidney	WT 293T cells	GSM5954237	GSM5954242
SE_02_2646	Human	NCBI GEO/SRA	Cell line	embryonic kidney	NSL3KO 293T cells	GSM5954250	GSM5954255
SE_02_2647	Human	NCBI GEO/SRA	Cell line	umbilical vein	Control ChIP-Seq Rep1	GSM5941052	GSM5941050
SE_02_2648	Human	NCBI GEO/SRA	Cell line	umbilical vein	Shear ChIP-Seq Rep1	GSM5941056	GSM5941054
SE_02_2649	Human	NCBI GEO/SRA	Cell line	blood	MOLM13 Control	GSM5729754	GSM5729756
SE_02_2650	Human	NCBI GEO/SRA	Cell line	blood	MOLM13 SNDX-50469	GSM5729755	GSM5729757
SE_02_2651	Human	NCBI GEO/SRA	Cell line	Breast	ChIP-seq MCF-7 DMSO	GSM5717466	GSM5717465
SE_02_2652	Human	NCBI GEO/SRA	Cell line	Breast	ChIP-seq MCF-7 50nM CPI-1612	GSM5717472	GSM5717471
SE_02_2653	Human	NCBI GEO/SRA	Cell line	blood	HCB1_DMSO_24h_REP1_190814_TCTGCTGT_S18	GSM5271694	GSM5271710
SE_02_2654	Human	NCBI GEO/SRA	Cell line	blood	MOLM13_DMSO_d4_REP1_201007_TTAGGC_S2	GSM5271712	GSM5271716
SE_02_2655	Human	NCBI GEO/SRA	Cell line	liver	Huh7_siNC	GSM5621756	GSM5621757
SE_02_2656	Human	NCBI GEO/SRA	Cell line	liver	Huh7_siDHX37	GSM5621758	GSM5621759
SE_02_2657	Human	NCBI GEO/SRA	Cell line	liver	Huh7	GSM5597553	GSM5597556
SE_02_2658	Human	NCBI GEO/SRA	Cell line	liver	HepG2	GSM5597548	GSM5597551
SE_02_2659	Human	NCBI GEO/SRA	Cell line	Breast	MCF7	GSM4287400	GSM4287407
SE_02_2660	Human	NCBI GEO/SRA	Cell line	blood	CHIP-seq_THP1	GSM5908232	GSM5908234
SE_02_2661	Human	NCBI GEO/SRA	Cell line	hPSC	DMSO_ChIP_rep1	GSM4742953	GSM4742954
SE_02_2662	Human	NCBI GEO/SRA	Cell line	hPSC	I-BET151_ChIP_rep1	GSM4742957	GSM4742958
SE_02_2663	Human	NCBI GEO/SRA	Cell line	Bone marrow	Human bone marrow mononuclear cells	GSM5720272	GSM5720299
SE_02_2664	Human	NCBI GEO/SRA	Cell line	Nucleus pulposus	nucleus pulposus cells	GSM5625174	GSM5625173
SE_02_2665	Human	NCBI GEO/SRA	Cell line	tumor	SMS-CTR SCRAMBLE	GSM5261164	GSM5261161
SE_02_2666	Human	NCBI GEO/SRA	Cell line	tumor	SMS-CTR SIX1 KD5	GSM5261165	GSM5261162
SE_02_2667	Human	NCBI GEO/SRA	Cell line	Breast	ChIP-MCF7	GSM5683959	GSM5237162
SE_02_2668	Human	NCBI GEO/SRA	Cell line	Definitive endoderm	DE_r1	GSM4836837	GSM4836885
SE_02_2669	Human	NCBI GEO/SRA	Cell line	Week7-9 human embyro	hPGC_r2	GSM4836842	GSM4836887
SE_02_2670	Human	NCBI GEO/SRA	Cell line	hESC	hPGCLC_d4_r1	GSM4836843	GSM4836888
SE_02_2671	Human	NCBI GEO/SRA	Cell line	Mesendoderm	ME_r1	GSM4836845	GSM4836889
SE_02_2672	Human	NCBI GEO/SRA	Cell line	Pre-mesendoderm	PreME_r1	GSM4836847	GSM4836890
SE_02_2673	Human	NCBI GEO/SRA	Cell line	ovary	SKOV3(AA)-WT_IP_rep1	GSM5629056	GSM5629054
SE_02_2674	Human	NCBI GEO/SRA	Cell line	ovary	SKOV3(AA)-iEZH2_IP_rep1	GSM5629060	GSM5629058
SE_02_2675	Human	NCBI GEO/SRA	Cell line	ovary	SKOV3(CC)-WT_IP_rep1	GSM5629064	GSM5629062
SE_02_2676	Human	NCBI GEO/SRA	Cell line	ovary	SKOV3(CC)-iEZH2_IP_rep1	GSM5629068	GSM5629066
SE_02_2677	Human	NCBI GEO/SRA	Cell line	ovary	SKOV3(AA)_IP_rep1	GSM5526963	GSM5526961
SE_02_2678	Human	NCBI GEO/SRA	Cell line	ovary	SKOV3(CC)_IP_rep1	GSM5526967	GSM5526965
SE_02_2679	Human	NCBI GEO/SRA	Cell line	colon	Auxin- rep1	GSM5420211	GSM5420215
SE_02_2680	Human	NCBI GEO/SRA	Cell line	colon	Auxin+ rep1	GSM5420212	GSM5420216
SE_02_2681	Human	NCBI GEO/SRA	Cell line	peripheral blood	CTR2	GSM4782061	GSM4782063
SE_02_2682	Human	NCBI GEO/SRA	Tissue	Buffy coat	104-28	GSM4222147	GSM4222146
SE_02_2683	Human	NCBI GEO/SRA	Tissue	Buffy coat	17-15	GSM4222155	GSM4222154
SE_02_2684	Human	NCBI GEO/SRA	Tissue	Buffy coat	18-Nov	GSM4222159	GSM4222158
SE_02_2685	Human	NCBI GEO/SRA	Tissue	Buffy coat	0775-37_Delayed	GSM4132330	GSM4132329
SE_02_2686	Human	NCBI GEO/SRA	Tissue	Buffy coat	1045-34_Normal	GSM4132333	GSM4132332
SE_02_2687	Human	NCBI GEO/SRA	Tissue	Buffy coat	2028-14_Rapid	GSM4132335	GSM4132338
SE_02_2688	Human	NCBI GEO/SRA	Cell line	lymph node	NKYS_cellLine	GSM5734089	GSM5734090
SE_02_2689	Human	NCBI GEO/SRA	Cell line	lymph node	HANK1_cellLine	GSM5734091	GSM5734092
SE_02_2690	Human	NCBI GEO/SRA	Cell line	Brain	CIC-WT (IDH1-WT)	GSM5708671	GSM5708635
SE_02_2691	Human	NCBI GEO/SRA	Cell line	Brain	CIC-KO1 (IDH1-WT)	GSM5708673	GSM5708637
SE_02_2692	Human	NCBI GEO/SRA	Cell line	Brain	CIC-WT (IDH1-R132H)	GSM5708677	GSM5708641
SE_02_2693	Human	NCBI GEO/SRA	Cell line	Brain	CIC-KO1 (IDH1-R132H)	GSM5708679	GSM5708643
SE_02_2694	Human	NCBI GEO/SRA	Cell line	Aortic endothelial	HAEC-CTRL	GSM5694220	GSM5694219
SE_02_2695	Human	NCBI GEO/SRA	Cell line	Aortic endothelial	HAEC-CoCl2	GSM5694222	GSM5694221
SE_02_2696	Human	NCBI GEO/SRA	Cell line	Renal	ChIP-Seq SETD2_mut	GSM4391916	GSM4391932
SE_02_2697	Human	NCBI GEO/SRA	Cell line	Renal	ChIP-Seq SETD2_rescue	GSM4391918	GSM4391933
SE_02_2698	Human	NCBI GEO/SRA	Stem cell	hiPSC	M2	GSM5051763	GSM5051761
SE_02_2699	Human	NCBI GEO/SRA	Cell line	Breast	MCF10a_in_serum	GSM4915934	GSM4915940
SE_02_2700	Human	NCBI GEO/SRA	Cell line	Breast	MCF10a_serumWD_24h	GSM4915935	GSM4915941
SE_02_2701	Human	NCBI GEO/SRA	Cell line	Breast	MCF10a_serumWD_back1h	GSM4915936	GSM4915942
SE_02_2702	Human	NCBI GEO/SRA	Cell line	Breast	MCF10a_serumWD_back30min	GSM4915937	GSM4915943
SE_02_2703	Human	NCBI GEO/SRA	Cell line	Breast	MCF10a_serumWD_back3h	GSM4915938	GSM4915944
SE_02_2704	Human	NCBI GEO/SRA	Cell line	Breast	MCF10a_serumWD_back6h	GSM4915939	GSM4915945
SE_02_2705	Human	NCBI GEO/SRA	Cell line	liver	shCon	GSM3484230	GSM3484232
SE_02_2706	Human	NCBI GEO/SRA	Cell line	liver	shSMARCB1	GSM3484231	GSM3484232
SE_02_2707	Human	NCBI GEO/SRA	Cell line	embryonic lung	IMR-90_IR_control1_1	GSM3290356	GSM3290355
SE_02_2708	Human	NCBI GEO/SRA	Cell line	cerebellum	MB002	GSM5603051	GSM5603052
SE_02_2709	Human	NCBI GEO/SRA	Cell line	cerebellum	HDMB03	GSM5603055	GSM5603056
SE_02_2710	Human	NCBI GEO/SRA	Cell line	cerebellum	UW228	GSM5603057	GSM5603058
SE_02_2711	Human	NCBI GEO/SRA	Cell line	colon	HCT116	GSM4115602	GSM4115606
SE_02_2712	Human	NCBI GEO/SRA	Cell line	colon	CT116OxR	GSM4115603	GSM4115607
SE_02_2713	Human	NCBI GEO/SRA	Cell line	colon	DMSO-3h_SPT5-N-PURO-Fkbp12_DLD1_rep1	GSM5471906	GSM5471910
SE_02_2714	Human	NCBI GEO/SRA	Cell line	colon	dTAG-3h_SPT5-N-PURO-Fkbp12_DLD1_rep1	GSM5471908	GSM5471912
SE_02_2715	Human	NCBI GEO/SRA	Cell line	tumor	Hu1545	GSM5133443	GSM5133440
SE_02_2716	Human	NCBI GEO/SRA	Cell line	liver	Huh7.5	GSM5133455	GSM5133452
SE_02_2717	Human	NCBI GEO/SRA	Cell line	Hydrothorax	K562	GSM4830084	GSM4830088
SE_02_2718	Human	NCBI GEO/SRA	Cell line	Hydrothorax	K562 + IFNa 6h	GSM4830085	GSM4830088
SE_02_2719	Human	NCBI GEO/SRA	Cell line	blood	engineered_AA	GSM4349495	GSM4349548
SE_02_2720	Human	NCBI GEO/SRA	Cell line	blood	GM12878_AA	GSM4349497	GSM4349549
SE_02_2721	Human	NCBI GEO/SRA	Stem cell	tumor	ChIP-Seq_TS543	GSM4628182	GSM4628184
SE_02_2722	Human	NCBI GEO/SRA	Cell line	Cervix	W12 cells	GSM5550308	GSM5550316
SE_02_2723	Human	NCBI GEO/SRA	Cell line	Retina	RPE-20	GSM5975187	GSM5975177
SE_02_2724	Human	NCBI GEO/SRA	Cell line	tumor	T265 siC	GSM6128193	GSM6128191
SE_02_2725	Human	NCBI GEO/SRA	Cell line	tumor	T265 siF	GSM6128194	GSM6128192
SE_02_2726	Human	NCBI GEO/SRA	Cell line	lymph node	BJAB-Diagenode	GSM5525120	GSM5525121
SE_02_2727	Human	NCBI GEO/SRA	Cell line	lymph node	DB-Diagenode	GSM5525123	GSM5525124
SE_02_2728	Human	NCBI GEO/SRA	Cell line	lymph node	DOHH2-Diagenode	GSM5525126	GSM5525127
SE_02_2729	Human	NCBI GEO/SRA	Cell line	lymph node	FARAGE-Diagenode	GSM5525129	GSM5525130
SE_02_2730	Human	NCBI GEO/SRA	Cell line	lymph node	HBL1-Diagenode	GSM5525132	GSM5525133
SE_02_2731	Human	NCBI GEO/SRA	Cell line	lymph node	HLY1-Diagenode	GSM5525135	GSM5525136
SE_02_2732	Human	NCBI GEO/SRA	Cell line	lymph node	HT-Diagenode	GSM5525138	GSM5525139
SE_02_2733	Human	NCBI GEO/SRA	Cell line	lymph node	Karpas422-Diagenode	GSM5525141	GSM5525142
SE_02_2734	Human	NCBI GEO/SRA	Cell line	lymph node	LY1-Diagenode	GSM5525144	GSM5525145
SE_02_2735	Human	NCBI GEO/SRA	Cell line	lymph node	LY10-Diagenode	GSM5525147	GSM5525148
SE_02_2736	Human	NCBI GEO/SRA	Cell line	lymph node	LY18-Diagenode	GSM5525150	GSM5525151
SE_02_2737	Human	NCBI GEO/SRA	Cell line	lymph node	LY3-Diagenode	GSM5525153	GSM5525154
SE_02_2738	Human	NCBI GEO/SRA	Cell line	lymph node	LY7-Diagenode	GSM5525156	GSM5525157
SE_02_2739	Human	NCBI GEO/SRA	Cell line	lymph node	LY8-Diagenode	GSM5525159	GSM5525160
SE_02_2740	Human	NCBI GEO/SRA	Cell line	lymph node	NU-DHL1-Diagenode	GSM5525162	GSM5525163
SE_02_2741	Human	NCBI GEO/SRA	Cell line	lymph node	PFEIFFER-Diagenode	GSM5525165	GSM5525166
SE_02_2742	Human	NCBI GEO/SRA	Cell line	lymph node	RCK8-Diagenode	GSM5525168	GSM5525169
SE_02_2743	Human	NCBI GEO/SRA	Cell line	lymph node	RIVA-Diagenode	GSM5525171	GSM5525172
SE_02_2744	Human	NCBI GEO/SRA	Cell line	lymph node	RL-Diagenode	GSM5525174	GSM5525175
SE_02_2745	Human	NCBI GEO/SRA	Cell line	lymph node	SUDHL10-Diagenode	GSM5525177	GSM5525178
SE_02_2746	Human	NCBI GEO/SRA	Cell line	lymph node	SUDHL2-Diagenode	GSM5525180	GSM5525181
SE_02_2747	Human	NCBI GEO/SRA	Cell line	lymph node	SUDHL4-Diagenode	GSM5525183	GSM5525184
SE_02_2748	Human	NCBI GEO/SRA	Cell line	lymph node	SUDHL5-Diagenode	GSM5525186	GSM5525187
SE_02_2749	Human	NCBI GEO/SRA	Cell line	lymph node	SUDHL6-Diagenode	GSM5525189	GSM5525190
SE_02_2750	Human	NCBI GEO/SRA	Cell line	lymph node	SUDHL7-Diagenode	GSM5525192	GSM5525193
SE_02_2751	Human	NCBI GEO/SRA	Cell line	lymph node	TMD8-Diagenode_Lib-6_LE056	GSM5525195	GSM5525196
SE_02_2752	Human	NCBI GEO/SRA	Cell line	lymph node	U2932-Diagenode_Lib-6_LE057	GSM5525198	GSM5525199
SE_02_2753	Human	NCBI GEO/SRA	Cell line	lymph node	WSU-DLCL2-Diagenode	GSM5525201	GSM5525202
SE_02_2754	Human	NCBI GEO/SRA	Cell line	Brain	CIC-KO2 (IDH1-WT)	GSM5708675	GSM5708639
SE_02_2755	Human	NCBI GEO/SRA	Cell line	Brain	CIC-KO2 (IDH1-R132H)	GSM5708681	GSM5708645
SE_02_2756	Human	NCBI GEO/SRA	Cell line	tumor	Hu1545_HCV	GSM5133449	GSM5133446
SE_02_2757	Human	NCBI GEO/SRA	Cell line	liver	Huh7.5_HCV	GSM5133461	GSM5133458
SE_02_2758	Human	NCBI GEO/SRA	Cell line	tumor	SH-SY5Y Neuroblastoma cells	GSM5049446	GSM5049448
SE_02_2759	Human	NCBI GEO/SRA	Cell line	tumor	SH-SY5Y-LDK-resistant Neuroblastoma cells	GSM5049449	GSM5049451
SE_02_2760	Human	NCBI GEO/SRA	Cell line	tumor	SH-EP Neuroblastoma cells	GSM5049452	GSM5049454
SE_02_2761	Human	NCBI GEO/SRA	Cell line	tumor	AR ASO	GSM4577072	GSM4577073
SE_02_2762	Human	NCBI GEO/SRA	Cell line	tumor	DHT AR ASO	GSM4577075	GSM4577076
SE_02_2763	Human	NCBI GEO/SRA	Cell line	tumor	JN-DSRCT_AR	GSM4577078	GSM4577079
SE_02_2764	Human	NCBI GEO/SRA	Cell line	Brain	AC7.SMARCE1_KO	GSM5689231	GSM5689232
SE_02_2765	Human	NCBI GEO/SRA	Cell line	Brain	AC7.WT	GSM5292675	GSM5292681
SE_02_2766	Human	NCBI GEO/SRA	Cell line	Brain	AC7.SMARCE1.KO.GFP	GSM5292676	GSM5292682
SE_02_2767	Human	NCBI GEO/SRA	Cell line	Brain	AC7.SMARCE1.KO.GFP	GSM5765310	GSM5765311
SE_02_2768	Human	NCBI GEO/SRA	Cell line	Brain	AC7.SMARCE1.KO.SMARCE1.WT	GSM5765314	GSM5765315
SE_02_2769	Human	NCBI GEO/SRA	Cell line	endometrium	CMV Ishikawa cells empty vector	GSM5775744	GSM5775746
SE_02_2770	Human	NCBI GEO/SRA	Cell line	endometrium	Ishikawa cells transfected with FOXA2	GSM5775745	GSM5775747
SE_02_2771	Human	NCBI GEO/SRA	Cell line	Bronchia	IL13 Treatment HBE Donor 1605 [D24_13_K27ac_T]	GSM5608003	GSM5607999
SE_02_2772	Human	NCBI GEO/SRA	Cell line	Bronchia	Untreated Control HBE Donor 1243 [D24_UT_K27ac_repHBE1243]	GSM5608021	GSM5608016
SE_02_2773	Human	NCBI GEO/SRA	Tissue	Brain	human HGG	GSM6139251	GSM6139250
SE_02_2774	Human	NCBI GEO/SRA	Cell line	blood	Loucy cell line with MEF2C overexpression on DL1	GSM4873030	GSM4873033
SE_02_2775	Human	NCBI GEO/SRA	Cell line	Retina	Retina	GSM5373171	GSM5373175
SE_02_2776	Human	NCBI GEO/SRA	Cell line	Fibroblast	Fibroblast_CdLS	GSM5373180	GSM5373195
SE_02_2777	Human	NCBI GEO/SRA	Cell line	Bone marrow	Fibroblast_CHOPS	GSM5373181	GSM5373196
SE_02_2778	Human	NCBI GEO/SRA	Cell line	Fibroblast	Fibroblast_Normal	GSM5373182	GSM5373197
SE_02_2779	Human	NCBI GEO/SRA	Cell line	tumor	POE22_nodox	GSM5008060	GSM5008062
SE_02_2780	Human	NCBI GEO/SRA	Primary cell	Breast	HMEC_rep1	GSM5098095	GSM5532081
SE_02_2781	Human	NCBI GEO/SRA	Cell line	Breast	T47D_rep1	GSM5098097	GSM5532083
SE_02_2782	Human	NCBI GEO/SRA	Cell line	Breast	ZR7530_rep1	GSM5098099	GSM5532085
SE_02_2783	Human	NCBI GEO/SRA	Cell line	Breast	HCC1954_rep1	GSM5098101	GSM5532087
SE_02_2784	Human	NCBI GEO/SRA	Cell line	Breast	HCC70_rep1	GSM5098103	GSM5532089
SE_02_2785	Human	NCBI GEO/SRA	Cell line	Breast	BT549_rep1	GSM5098105	GSM5532091
SE_02_2786	Human	NCBI GEO/SRA	Cell line	Myometrium	Patient 1, Term not in labor, IP	GSM6086861	GSM6086864
SE_02_2787	Human	NCBI GEO/SRA	Cell line	Myometrium	Patient 2, Term in Labor, IP	GSM6086875	GSM6086877
SE_02_2788	Human	NCBI GEO/SRA	Cell line	lung	CORL311 endogeneous	GSM5657725	GSM5657724
SE_02_2789	Human	NCBI GEO/SRA	Cell line	lung	NCIH1048 endogeneous	GSM5657733	GSM5657732
SE_02_2790	Human	NCBI GEO/SRA	Cell line	lung	NCIH211 endogeneous	GSM5657739	GSM5657740
SE_02_2791	Human	NCBI GEO/SRA	Cell line	lung	NCIH526 endogeneous	GSM5657749	GSM5657750
SE_02_2792	Human	NCBI GEO/SRA	Cell line	prostate	22Rv1 DMSO	GSM5399505	GSM5399509
SE_02_2793	Human	NCBI GEO/SRA	Cell line	prostate	22Rv1 1hr	GSM5399521	GSM5399523
SE_02_2794	Human	NCBI GEO/SRA	Cell line	prostate	22Rv1 4hr	GSM5399535	GSM5399537
SE_02_2795	Human	NCBI GEO/SRA	Cell line	prostate	22Rv1 8hr	GSM5399549	GSM5399551
SE_02_2796	Human	NCBI GEO/SRA	Cell line	prostate	22Rv1 24hr	GSM5399563	GSM5399567
SE_02_2797	Human	NCBI GEO/SRA	Cell line	prostate	22Rv1 48hr	GSM5399579	GSM5399581
SE_02_2798	Human	NCBI GEO/SRA	Cell line	Neck	SCC104_R1	GSM5519126	GSM5519127
SE_02_2799	Human	NCBI GEO/SRA	Cell line	Neck	SCC152_R1	GSM5519130	GSM5519131
SE_02_2800	Human	NCBI GEO/SRA	Cell line	Liposarcoma	20201216_HJZ067_3AA3_shSCR_S11_R1_001	GSM5429778	GSM5429774
SE_02_2801	Human	NCBI GEO/SRA	Cell line	Liposarcoma	20201216_HJZ072_3AA3_shDDIT3_S16_R1_001	GSM5429783	GSM5429779
SE_02_2802	Human	NCBI GEO/SRA	Cell line	Liposarcoma	20201217_HJZ077_1BD5_shSCR_S12_R1_001	GSM5429788	GSM5429784
SE_02_2803	Human	NCBI GEO/SRA	Cell line	Liposarcoma	20201217_HJZ082_1BD5_shDDIT3_S17_R1_001	GSM5429793	GSM5429789
SE_02_2804	Human	NCBI GEO/SRA	Cell line	lung	H1975_DMSO_1	GSM5777987	GSM5777986
SE_02_2805	Human	NCBI GEO/SRA	Cell line	lung	H1975_osi_DTP_1	GSM5777990	GSM5777986
SE_02_2806	Human	NCBI GEO/SRA	Cell line	lung	H1975_osi_DTP_AZD5153_combo_1	GSM5777993	GSM5777986
SE_02_2807	Human	NCBI GEO/SRA	Cell line	blood	OCI-AML3	GSM5997588	GSM5997596
SE_02_2808	Human	NCBI GEO/SRA	Cell line	tumor	SK-N-BE2 GNE987 10nm	GSM5835586	GSM5835587
SE_02_2809	Human	NCBI GEO/SRA	Cell line	blood	WTIP-1	GSM5593404	GSM5593401
SE_02_2810	Human	NCBI GEO/SRA	Cell line	blood	KOIP-1	GSM5593410	GSM5593407
SE_02_2811	Human	NCBI GEO/SRA	Cell line	Pleural effusion	SUCCS1_wt	GSM5454984	GSM5454988
SE_02_2812	Human	NCBI GEO/SRA	Cell line	Malignant pleural effusion	DTC1_wt	GSM5454999	GSM5455004
SE_02_2813	Human	NCBI GEO/SRA	Primary cell	Bone marrow	MSC_2_empty	GSM5455013	GSM5455016
SE_02_2814	Human	NCBI GEO/SRA	Primary cell	Bone marrow	MSC_2_EACTD	GSM5455017	GSM5455020
SE_02_2815	Human	NCBI GEO/SRA	Primary cell	Bone marrow	MSC_2_EANTD	GSM5455021	GSM5455024
SE_02_2816	Human	NCBI GEO/SRA	Cell line	Malignant pleural effusion	DTC1_siCTL_96h	GSM5455025	GSM5455028
SE_02_2817	Human	NCBI GEO/SRA	Cell line	Malignant pleural effusion	DTC1_siEA_96h	GSM5455029	GSM5455032
SE_02_2818	Human	NCBI GEO/SRA	Cell line	Pleural effusion	SUCCS1_siCTL_96h	GSM5455038	GSM5455039
SE_02_2819	Human	NCBI GEO/SRA	Cell line	Pleural effusion	SUCCS1_siEA_96h	GSM5455043	GSM5455046
SE_02_2820	Human	NCBI GEO/SRA	Tissue	tumor	Primary_CCS1	GSM5455068	GSM5455071
SE_02_2821	Human	NCBI GEO/SRA	Cell line	blood	M07e_sgR-1	GSM4471605	GSM4471611
SE_02_2822	Human	NCBI GEO/SRA	Cell line	blood	M07e_sg2-1	GSM4471606	GSM4471612
SE_02_2823	Human	NCBI GEO/SRA	Cell line	blood	M07e_sg7-1	GSM4471607	GSM4471613
SE_02_2824	Human	NCBI GEO/SRA	Cell line	blood	CD34	GSM3780894	GSM3780892
SE_02_2825	Human	NCBI GEO/SRA	Cell line	blood	AMKL7	GSM3780897	GSM3780896
SE_02_2826	Human	NCBI GEO/SRA	Cell line	blood	HEL_5J20_NonInduced	GSM3780899	GSM3780898
SE_02_2827	Human	NCBI GEO/SRA	Cell line	blood	HEL_5J20_DoxInduced	GSM3780901	GSM3780900
SE_02_2828	Human	NCBI GEO/SRA	Cell line	blood	Kasumi1	GSM3780903	GSM3780902
SE_02_2829	Human	NCBI GEO/SRA	Cell line	blood	K562_WT	GSM5114233	GSM5114246
SE_02_2830	Human	NCBI GEO/SRA	Cell line	blood	K562_PCGF1KO	GSM5114234	GSM5114248
SE_02_2831	Human	NCBI GEO/SRA	Cell line	blood	K562_BCORKO	GSM5114235	GSM5114247
SE_02_2832	Human	NCBI GEO/SRA	Cell line	blood	AML_BCORWT	GSM5114264	GSM5114266
SE_02_2833	Human	NCBI GEO/SRA	Cell line	iPSCs	CHD8sh1 (knock-down treatment)	GSM4453179	GSM4453194
SE_02_2834	Human	NCBI GEO/SRA	Cell line	iPSCs	GFPsh (knock-down treatment)	GSM4453182	GSM4453197
SE_02_2835	Human	NCBI GEO/SRA	Cell line	lung	0h	GSM5406006	GSM5406004
SE_02_2836	Human	NCBI GEO/SRA	Cell line	lung	treated with biotinilated PM01183 50nM for 4 hours	GSM5406007	GSM5406005
SE_02_2837	Human	NCBI GEO/SRA	Cell line	prostate	DMSO-IP_Rep1	GSM4648970	GSM4648968
SE_02_2838	Human	NCBI GEO/SRA	Cell line	prostate	Furamidine-IP_Rep1	GSM4648978	GSM4648976
SE_02_2839	Human	NCBI GEO/SRA	Cell line	prostate	shLacZ-IP_Rep1	GSM4648986	GSM4648984
SE_02_2840	Human	NCBI GEO/SRA	Cell line	prostate	shPRMT1-IP_Rep1	GSM4648994	GSM4648992
SE_02_2841	Human	NCBI GEO/SRA	Cell line	Liomyoma	SK-UT-1 cells,WT ChIP DMSO	GSM5467904	GSM5467902
SE_02_2842	Human	NCBI GEO/SRA	Cell line	Liomyoma	SK-UT-1 cells, NKL54 ChIP	GSM5467905	GSM5467903
SE_02_2843	Human	NCBI GEO/SRA	Cell line	tumor	IMR575	GSM5695687	GSM5695693
SE_02_2844	Human	NCBI GEO/SRA	Cell line	tumor	NB69	GSM5695701	GSM5695707
SE_02_2845	Human	NCBI GEO/SRA	Cell line	tumor	NBL-S	GSM5695708	GSM5695714
SE_02_2846	Human	NCBI GEO/SRA	Cell line	tumor	SH-EP	GSM5695715	GSM5695721
SE_02_2847	Human	NCBI GEO/SRA	Cell line	tumor	SKNDZ	GSM5695729	GSM5695735
SE_02_2848	Human	NCBI GEO/SRA	Tissue	Left ventricle	NF1	GSM4038350	GSM4038370
SE_02_2849	Human	NCBI GEO/SRA	Tissue	Left ventricle	DCM1	GSM4038352	GSM4038371
SE_02_2850	Human	NCBI GEO/SRA	Cell line	liver	DMSO	GSM5243557	GSM5243561
SE_02_2851	Human	NCBI GEO/SRA	Cell line	liver	AZD5153	GSM5243558	GSM5243561
SE_02_2852	Human	NCBI GEO/SRA	Cell line	Breast	WT_1	GSM5556565	GSM5556573
SE_02_2853	Human	NCBI GEO/SRA	Cell line	Breast	KO_1	GSM5556567	GSM5556574
SE_02_2854	Human	NCBI GEO/SRA	Cell line	placenta	Human_Placenta	GSM4749726	GSM4749725
SE_02_2855	Human	NCBI GEO/SRA	Cell line	colon	HCT116	GSM4985144	GSM4985153
SE_02_2856	Human	NCBI GEO/SRA	Cell line	colon	DKO-C1	GSM4985145	GSM4985153
SE_02_2857	Human	NCBI GEO/SRA	Cell line	lymph node	NKTL_primary	GSM5734077	GSM5734078
SE_02_2858	Human	NCBI GEO/SRA	Cell line	Tonsil	Tonsil_control	GSM5734083	GSM5734084
SE_02_2859	Human	NCBI GEO/SRA	Cell line	liver	ChIP-seq HepG2-Control Mock control	GSM5454396	GSM5454411
SE_02_2860	Human	NCBI GEO/SRA	Cell line	liver	ChIP-seq HepG2-SS Mock control	GSM5454399	GSM5454411
SE_02_2861	Human	NCBI GEO/SRA	Cell line	liver	ChIP-seq HepG2-5-FU Mock control	GSM5454402	GSM5454411
SE_02_2862	Human	NCBI GEO/SRA	Cell line	tumor	GBM8	GSM5573356	GSM5573355
SE_02_2863	Human	NCBI GEO/SRA	Cell line	Brain	Astrocytes	GSM5573361	GSM5573360
SE_02_2864	Human	NCBI GEO/SRA	Cell line	Brain	Astrocytes_CRISPRa_Control_rep1	GSM5573366	GSM5573365
SE_02_2865	Human	NCBI GEO/SRA	Cell line	Brain	Astrocytes_CRISPRa_LINC01116_active_rep1	GSM5573369	GSM5573368
SE_02_2866	Human	NCBI GEO/SRA	Cell line	Breast	NEG Acute DMSO	GSM4594298	GSM4594297
SE_02_2867	Human	NCBI GEO/SRA	Cell line	Breast	NEG Acute Tram	GSM4594303	GSM4594302
SE_02_2868	Human	NCBI GEO/SRA	Cell line	Breast	NEG Chronic D0	GSM4594306	GSM4594305
SE_02_2869	Human	NCBI GEO/SRA	Cell line	Breast	NEG Chronic D14	GSM4594309	GSM4594308
SE_02_2870	Human	NCBI GEO/SRA	Cell line	Breast	POS Acute DMSO	GSM4594312	GSM4594311
SE_02_2871	Human	NCBI GEO/SRA	Cell line	Breast	POS Chronic D0	GSM4594322	GSM4594321
SE_02_2872	Human	NCBI GEO/SRA	Cell line	Breast	POS Chronic D14	GSM4594325	GSM4594324
SE_02_2873	Human	NCBI GEO/SRA	Cell line	Breast	POSR1	GSM4594328	GSM4594327
SE_02_2874	Human	NCBI GEO/SRA	Cell line	Breast	POSR2	GSM4594331	GSM4594330
SE_02_2875	Human	NCBI GEO/SRA	Cell line	tumor	Kelly_JQAD_6h	GSM4835877	GSM4835879
SE_02_2876	Human	NCBI GEO/SRA	Cell line	tumor	Kelly_JQAD_24h	GSM4835882	GSM4835880
SE_02_2877	Human	NCBI GEO/SRA	Cell line	tumor	Kelly_JQAD_0h	GSM4835884	GSM4835885
SE_02_2878	Human	NCBI GEO/SRA	Primary cell	lung	Donor 1 - D0 (AT2) cells	GSM4551679	GSM4551673
SE_02_2879	Human	NCBI GEO/SRA	Cell line	lung	Donor 1 - D4 (AT1-like) cells	GSM4551680	GSM4551674
SE_02_2880	Human	NCBI GEO/SRA	Cell line	lung	Donor 1- D6 (AT1-like) cells	GSM4551681	GSM4551675
SE_02_2881	Human	NCBI GEO/SRA	Cell line	tumor	BE2C_ATRA_MWZ7304	GSM4693006	GSM4693009
SE_02_2882	Human	NCBI GEO/SRA	Cell line	tumor	BE2C_Ctrl_MWZ7304	GSM4693011	GSM4693013
SE_02_2883	Human	NCBI GEO/SRA	Cell line	tumor	NBLS_ATRA_MZ_180616	GSM4693014	GSM4693015
SE_02_2884	Human	NCBI GEO/SRA	Cell line	tumor	NBLS_DMSO_MZ_180616	GSM4693016	GSM4693017
SE_02_2885	Human	NCBI GEO/SRA	Cell line	tumor	NGP_ATRA_12d_MWZ5969	GSM4693018	GSM4693019
SE_02_2886	Human	NCBI GEO/SRA	Cell line	tumor	NGP_Ctrl_MWZ5969	GSM4693022	GSM4693023
SE_02_2887	Human	NCBI GEO/SRA	Cell line	tumor	RAMOS-DIVAC	GSM5454758	GSM5454766
SE_02_2888	Human	NCBI GEO/SRA	Cell line	tumor	RAMOS-noDIVAC	GSM5454759	GSM5454767
SE_02_2889	Human	NCBI GEO/SRA	Cell line	hESC	Cyt49_HP	GSM4462984	GSM4462988
SE_02_2890	Human	NCBI GEO/SRA	Cell line	hESC	H1_FOXA1_2_Exon_Deletion_GT	GSM4463015	GSM4463019
SE_02_2891	Human	NCBI GEO/SRA	Cell line	hESC	H1_FOXA1_2_Exon_Deletion_PP2	GSM4463020	GSM4463024
SE_02_2892	Human	NCBI GEO/SRA	Cell line	hESC	H1_WT_GT.ChIP-Seq	GSM4463025	GSM4463029
SE_02_2893	Human	NCBI GEO/SRA	Cell line	hESC	H1_WT_PP2.ChIP-Seq	GSM4463030	GSM4463034
SE_02_2894	Human	NCBI GEO/SRA	Cell line	hESC	iAEC2_AFG.ChIP-Seq	GSM4463037	GSM4463039
SE_02_2895	Human	NCBI GEO/SRA	Cell line	hESC	iAEC2_ALV.ChIP-Seq	GSM4463042	GSM4463044
SE_02_2896	Human	NCBI GEO/SRA	Cell line	hESC	iAEC2_DE.ChIP-Seq	GSM4463045	GSM4463047
SE_02_2897	Human	NCBI GEO/SRA	Cell line	peripheral blood	PBMC_CTRL_DMSO_1	GSM4669223	GSM4669235
SE_02_2898	Human	NCBI GEO/SRA	Cell line	peripheral blood	PBMC_CTRL_PANO_1	GSM4669225	GSM4669236
SE_02_2899	Human	NCBI GEO/SRA	Cell line	peripheral blood	PBMC_IFN_DMSO_1	GSM4669227	GSM4669237
SE_02_2900	Human	NCBI GEO/SRA	Cell line	peripheral blood	PBMC_IFN_PANO_1	GSM4669229	GSM4669238
SE_02_2901	Human	NCBI GEO/SRA	Cell line	peripheral blood	PBMC_IL4_DMSO_1	GSM4669231	GSM4669239
SE_02_2902	Human	NCBI GEO/SRA	Cell line	peripheral blood	PBMC_IL4_PANO_1	GSM4669233	GSM4669240
SE_02_2903	Human	NCBI GEO/SRA	Cell line	blood	ChIP_DMSO_CTRL_1	GSM4669241	GSM4669259
SE_02_2904	Human	NCBI GEO/SRA	Cell line	blood	ChIP_DMSO_IFNLPS_1	GSM4669243	GSM4669260
SE_02_2905	Human	NCBI GEO/SRA	Cell line	blood	ChIP_DMSO_IL4_1	GSM4669245	GSM4669261
SE_02_2906	Human	NCBI GEO/SRA	Cell line	blood	ChIP_Pano_CTRL_1	GSM4669247	GSM4669262
SE_02_2907	Human	NCBI GEO/SRA	Cell line	blood	ChIP_Pano_IFNLPS_1	GSM4669249	GSM4669263
SE_02_2908	Human	NCBI GEO/SRA	Cell line	blood	ChIP_Pano_IL4_1	GSM4669251	GSM4669264
SE_02_2909	Human	NCBI GEO/SRA	Cell line	blood	ChIP_Tram_CTRL_1	GSM4669253	GSM4669265
SE_02_2910	Human	NCBI GEO/SRA	Cell line	blood	ChIP_Tram_IFNLPS_1	GSM4669255	GSM4669266
SE_02_2911	Human	NCBI GEO/SRA	Cell line	blood	ChIP_Tram_IL4_1	GSM4669257	GSM4669267
SE_02_2912	Human	NCBI GEO/SRA	Cell line	colon	GFP_dox_pos_rep1	GSM5623016	GSM5623093
SE_02_2913	Human	NCBI GEO/SRA	Cell line	colon	M303_dox_neg_rep1	GSM5623018	GSM5623093
SE_02_2914	Human	NCBI GEO/SRA	Cell line	colon	M303_dox_pos_rep1	GSM5623020	GSM5623093
SE_02_2915	Human	NCBI GEO/SRA	Cell line	colon	SOX9_dox_neg_rep1	GSM5623022	GSM5623093
SE_02_2916	Human	NCBI GEO/SRA	Cell line	colon	SOX9_dox_pos_rep1	GSM5623024	GSM5623093
SE_02_2917	Human	NCBI GEO/SRA	Cell line	embryonic kidney	HEK293-FlpInTREx-control-DSG_012221-AB6	GSM5242660	GSM5242658
SE_02_2918	Human	NCBI GEO/SRA	Cell line	embryonic kidney	HEK293-PROSER1KO1D3-DSG_012221-AB6	GSM5242661	GSM5242659
SE_02_2919	Human	NCBI GEO/SRA	Cell line	Pleural effusion	ChIP-seq LucKD Veh	GSM5065117	GSM5065109
SE_02_2920	Human	NCBI GEO/SRA	Cell line	Pleural effusion	ChIP-seq LucKD E2	GSM5065119	GSM5065111
SE_02_2921	Human	NCBI GEO/SRA	Cell line	Pleural effusion	ChIP-seq PARP-1KD Veh	GSM5065129	GSM5065121
SE_02_2922	Human	NCBI GEO/SRA	Cell line	Pleural effusion	ChIP-seq PARP-1KD E2	GSM5065131	GSM5065123
SE_02_2923	Human	NCBI GEO/SRA	Cell line	Umbilical Vein	8_time0	GSM5026273	GSM5026266
SE_02_2924	Human	NCBI GEO/SRA	Cell line	Umbilical Vein	9_time15	GSM5026274	GSM5026266
SE_02_2925	Human	NCBI GEO/SRA	Cell line	Umbilical Vein	10_time60	GSM5026275	GSM5026266
SE_02_2926	Human	NCBI GEO/SRA	Cell line	colon	KM12C	GSM4910065	GSM4910064
SE_02_2927	Human	NCBI GEO/SRA	Cell line	colon	KM12SM	GSM4910067	GSM4910066
SE_02_2928	Human	NCBI GEO/SRA	Cell line	tumor	717T-ADRN	GSM3589842	GSM3589847
SE_02_2929	Human	NCBI GEO/SRA	Cell line	tumor	ST88 cell,sh HuR, number 1	GSM3408278	GSM3408262
SE_02_2930	Human	NCBI GEO/SRA	Cell line	tumor	ST88 cell, sh Ctr, number 1	GSM3408281	GSM3408265
SE_02_2931	Human	NCBI GEO/SRA	Cell line	Retina	RPE.Ctrl.G1.rep1	GSM5345550	GSM5345566
SE_02_2932	Human	NCBI GEO/SRA	Cell line	Retina	RPE.Ctrl.ES.rep1	GSM5345551	GSM5345567
SE_02_2933	Human	NCBI GEO/SRA	Cell line	Retina	RPE.Ctrl.LS.rep1	GSM5345552	GSM5345568
SE_02_2934	Human	NCBI GEO/SRA	Cell line	Retina	RPE.Ctrl.G2.rep1	GSM5345553	GSM5345569
SE_02_2935	Human	NCBI GEO/SRA	Cell line	Retina	RPE.KDM4A-OE.G1.rep1	GSM5345558	GSM5345574
SE_02_2936	Human	NCBI GEO/SRA	Cell line	Retina	RPE.KDM4A-OE.ES.rep1	GSM5345559	GSM5345575
SE_02_2937	Human	NCBI GEO/SRA	Cell line	Retina	RPE.KDM4A-OE.LS.rep1	GSM5345560	GSM5345576
SE_02_2938	Human	NCBI GEO/SRA	Cell line	Retina	RPE.KDM4A-OE.G2.rep1	GSM5345561	GSM5345577
SE_02_2939	Human	NCBI GEO/SRA	Cell line	Cranial neural crest	P26_CNCC5_rep1	GSM5211838	GSM5211825
SE_02_2940	Human	NCBI GEO/SRA	Cell line	lung	DNA_H1299_WT1	GSM5258162	GSM5258165
SE_02_2941	Human	NCBI GEO/SRA	Cell line	ovary	IK_OvCa	GSM4629031	GSM4629039
SE_02_2942	Human	NCBI GEO/SRA	Cell line	ovary	Kuramochi	GSM4629047	GSM4629049
SE_02_2943	Human	NCBI GEO/SRA	Cell line	stomach	AGS	GSM4951761	GSM4951760
SE_02_2944	Human	NCBI GEO/SRA	Cell line	stomach	HGC27	GSM4951765	GSM4951764
SE_02_2945	Human	NCBI GEO/SRA	Cell line	stomach	HS746T	GSM4951771	GSM4951770
SE_02_2946	Human	NCBI GEO/SRA	Cell line	stomach	NUGC4	GSM4951781	GSM4951780
SE_02_2947	Human	NCBI GEO/SRA	Cell line	Oral cavity	HSC3_siCONT	GSM5394383	GSM5394382
SE_02_2948	Human	NCBI GEO/SRA	Cell line	Oral cavity	HSC3_siDLEU1	GSM5394386	GSM5394385
SE_02_2949	Human	NCBI GEO/SRA	Cell line	Visceral adipose	CS_H507	GSM4663965	GSM4663989
SE_02_2950	Human	NCBI GEO/SRA	Cell line	Visceral adipose	CTL_H425	GSM4663969	GSM4663990
SE_02_2951	Human	NCBI GEO/SRA	Cell line	tonsil	CB021314	GSM4337313	GSM4337190
SE_02_2952	Human	NCBI GEO/SRA	Cell line	tonsil	CC021314	GSM4337314	GSM4337191
SE_02_2953	Human	NCBI GEO/SRA	Cell line	peripheral blood	CLL140	GSM4337315	GSM4337192
SE_02_2954	Human	NCBI GEO/SRA	Cell line	lymph node	DL135	GSM4337330	GSM4337199
SE_02_2955	Human	NCBI GEO/SRA	Cell line	lymph node	FL174	GSM4337336	GSM4337211
SE_02_2956	Human	NCBI GEO/SRA	Cell line	tonsil	TS012612A	GSM4337339	GSM4337219
SE_02_2957	Human	NCBI GEO/SRA	Tissue	left ventricle	LV1121_donor	GSM3605873	GSM3605948
SE_02_2958	Human	NCBI GEO/SRA	Tissue	heart	LV1009_explant	GSM3605906	GSM3605981
SE_02_2959	Human	NCBI GEO/SRA	Tissue	heart	11963_CS22	GSM3605939	GSM3606013
SE_02_2960	Human	NCBI GEO/SRA	Tissue	left ventricle	12434_PCW10	GSM3605941	GSM3606015
SE_02_2961	Human	NCBI GEO/SRA	Tissue	left ventricle	12570_PCW17	GSM3605947	GSM3606020
SE_02_2962	Human	NCBI GEO/SRA	Tissue	left ventricle	1137	GSM6202203	GSM6202195
SE_02_2963	Human	NCBI GEO/SRA	Cell line	lung	eHAP	GSM4288482	GSM4288490
SE_02_2964	Human	NCBI GEO/SRA	Cell line	blood	Loucy cell line with MEF2C overexpression	GSM4873037	GSM4873040
SE_02_2965	Human	NCBI GEO/SRA	Cell line	tumor	NBLW-MES	GSM3589843	GSM3589845
SE_02_2966	Human	NCBI GEO/SRA	Cell line	tumor	NBLW-ADRN	GSM3589844	GSM3589846
SE_02_2967	Human	NCBI GEO/SRA	Cell line	prostate	VCaP	GSM8010020	GSM8010026
SE_02_2968	Human	NCBI GEO/SRA	Cell line	prostate	VCaP16	GSM8010023	GSM8010027
SE_02_2969	Human	NCBI GEO/SRA	Cell line	prostate	VCaP16 ARCC-32	GSM8010039	GSM8010057
SE_02_2970	Human	NCBI GEO/SRA	Cell line	prostate	VCaP16 DMSO	GSM8010042	GSM8010057
SE_02_2971	Human	NCBI GEO/SRA	Cell line	Renal	786-O	GSM8249259	GSM8249257
SE_02_2972	Human	NCBI GEO/SRA	Cell line	Renal	UOK10	GSM8249263	GSM8249261
SE_02_2973	Human	NCBI GEO/SRA	Cell line	Renal	UOK146	GSM8249267	GSM8249265
SE_02_2974	Human	NCBI GEO/SRA	Cell line	Renal	FU-UR-1	GSM8249269	GSM8249271
SE_02_2975	Human	NCBI GEO/SRA	Cell line	Renal	s-TFE	GSM8249275	GSM8249273
SE_02_2976	Human	NCBI GEO/SRA	Cell line	trophoblast	shNC	GSM6107590	GSM6107589
SE_02_2977	Human	NCBI GEO/SRA	Cell line	Thalamus	BT245 cells transduced with control shRNA SHC202 -immunoprecipitation	GSM8145542	GSM8145518
SE_02_2978	Human	NCBI GEO/SRA	Cell line	Thalamus	BT245 cells transduced with PRMT targeting shRNA TRCN0000381130 -immunoprecipitation	GSM8145543	GSM8145519
SE_02_2979	Human	NCBI GEO/SRA	Cell line	cerebral cortex	GBM1 cells transduced with PRMT targeting shRNA TRCN0000303446 -immunoprecipitation	GSM8145546	GSM8145522
SE_02_2980	Human	NCBI GEO/SRA	Cell line	tumor	VAESBJ_noDOX	GSM8620766	GSM8620770
SE_02_2981	Human	NCBI GEO/SRA	Cell line	tumor	VAESBJ_DOX	GSM8620772	GSM8620776
SE_02_2982	Human	NCBI GEO/SRA	Cell line	pancreas	CAPAN1, siCtrl	GSM8496581	GSM8496585
SE_02_2983	Human	NCBI GEO/SRA	Cell line	pancreas	CAPAN1, siJUNB	GSM8496583	GSM8496585
SE_02_2984	Human	NCBI GEO/SRA	Cell line	blood	K562_1K_cells_2cChIP-seq_Rep1	GSM5264796	GSM5264804
SE_02_2985	Human	NCBI GEO/SRA	Cell line	Breast	con_1	GSM5696227	GSM5696233
SE_02_2986	Human	NCBI GEO/SRA	Cell line	Breast	SAHA+sonidedgib_1	GSM5696245	GSM5696248
SE_02_2987	Human	NCBI GEO/SRA	Cell line	Breast	SAHA_1	GSM5696251	GSM5696254
SE_02_2988	Human	NCBI GEO/SRA	Stem cell	peripheral blood	CON	GSM8474525	GSM8474534
SE_02_2989	Human	NCBI GEO/SRA	Stem cell	peripheral blood	CPSF6-RARG_1	GSM8474526	GSM8474535
SE_02_2990	Human	NCBI GEO/SRA	Cell line	Bone marrow	ARP1-KDM6A-KO	GSM7818417	GSM7818414
SE_02_2991	Human	NCBI GEO/SRA	Cell line	Bone marrow	ARP1-KDM6A-WT	GSM7818418	GSM7818415
SE_02_2992	Human	NCBI GEO/SRA	Cell line	placenta	HTR8	GSM7815484	GSM7815485
SE_02_2993	Human	NCBI GEO/SRA	Cell line	lymph node	LNCaP_0m_rep1_ChIPseq	GSM7989612	GSM7989627
SE_02_2994	Human	NCBI GEO/SRA	Cell line	lymph node	LNCaP_30m_rep1_ChIPseq	GSM7989614	GSM7989628
SE_02_2995	Human	NCBI GEO/SRA	Cell line	lymph node	LNCaP_4h_rep1_ChIPseq	GSM7989616	GSM7989629
SE_02_2996	Human	NCBI GEO/SRA	Cell line	lymph node	LNCaP_16h_rep1_ChIPseq	GSM7989618	GSM7989630
SE_02_2997	Human	NCBI GEO/SRA	Cell line	lymph node	LNCaP_72h_rep1_ChIPseq	GSM7989620	GSM7989631
SE_02_2998	Human	NCBI GEO/SRA	Cell line	lung	H1693	GSM7559429	GSM7559431
SE_02_2999	Human	NCBI GEO/SRA	Cell line	lung	H1975	GSM7559432	GSM7559434
SE_02_3000	Human	NCBI GEO/SRA	Cell line	lung	HCC44	GSM7559435	GSM7559437
SE_02_3001	Human	NCBI GEO/SRA	Cell line	lung	H322	GSM7559438	GSM7559440
SE_02_3002	Human	NCBI GEO/SRA	Cell line	liver	Huh7_siNC	GSM8448592	GSM8448593
SE_02_3003	Human	NCBI GEO/SRA	Cell line	liver	Huh7_siHSF1	GSM8448594	GSM8448595
SE_02_3004	Human	NCBI GEO/SRA	Cell line	liver	Huh7_0	GSM8162363	GSM8162364
SE_02_3005	Human	NCBI GEO/SRA	Cell line	liver	Huh7_15	GSM8162365	GSM8162366
SE_02_3006	Human	NCBI GEO/SRA	Cell line	ovarian	KGN-Ctrl-CHIP	GSM8406607	GSM8406609
SE_02_3007	Human	NCBI GEO/SRA	Cell line	ovarian	KGN-T-CHIP	GSM8406608	GSM8406610
SE_02_3008	Human	NCBI GEO/SRA	Cell line	skin	HDF1_shCtrl	GSM8426811	GSM8426810
SE_02_3009	Human	NCBI GEO/SRA	Cell line	skin	HDF1_shAR	GSM8426815	GSM8426814
SE_02_3010	Human	NCBI GEO/SRA	Cell line	skin	HDF2_shCtrl	GSM8426819	GSM8426818
SE_02_3011	Human	NCBI GEO/SRA	Cell line	skin	HDF2_shAR	GSM8426823	GSM8426822
SE_02_3012	Human	NCBI GEO/SRA	Cell line	ovarian	SKOV3 cells, shControl,ChIP, bio rep 1	GSM8273307	GSM8273310
SE_02_3013	Human	NCBI GEO/SRA	Cell line	ovarian	SKOV3 cells, shSAT1,ChIP, bio rep 1	GSM8273311	GSM8273314
SE_02_3014	Human	NCBI GEO/SRA	Cell line	cerebral cortex	GBM1 cells transduced with PRMT targeting shRNA TRCN0000379612 -immunoprecipitation	GSM8145547	GSM8145523
SE_02_3015	Human	NCBI GEO/SRA	Cell line	tumor	VAESBJ_R_DOX	GSM8620778	GSM8620782
SE_02_3016	Human	NCBI GEO/SRA	Cell line	tumor	VAESBJ_R_nDOX	GSM8620784	GSM8620788
SE_02_3017	Human	NCBI GEO/SRA	Cell line	pancreas	KO Panc-1	GSM7502702	GSM7502704
SE_02_3018	Human	NCBI GEO/SRA	Cell line	pancreas	WT Panc-1	GSM7502703	GSM7502704
SE_02_3019	Human	NCBI GEO/SRA	Cell line	blood	THP1, scramble,ChIP	GSM7974882	GSM7974881
SE_02_3020	Human	NCBI GEO/SRA	Cell line	blood	THP1, shIRF2BP2,ChIP	GSM7974883	GSM7974881
SE_02_3021	Human	NCBI GEO/SRA	Cell line	pancreas	Pancreas, Normal	GSM8520294	GSM8520307
SE_02_3022	Human	NCBI GEO/SRA	Cell line	pancreas	Pancreas, Tumor	GSM8520300	GSM8520313
SE_02_3023	Human	NCBI GEO/SRA	Cell line	Hematopoietic	WT_THP1	GSM8625077	GSM8625075
SE_02_3024	Human	NCBI GEO/SRA	Cell line	Bone marrow	J.gamma1	GSM8275216	GSM8275217
SE_02_3025	Human	NCBI GEO/SRA	Cell line	Bone marrow	T-ALL_1	GSM8275218	GSM8275219
SE_02_3026	Human	NCBI GEO/SRA	Cell line	prostate	LuCaP145.2_Vehicle	GSM8228466	GSM8228463
SE_02_3027	Human	NCBI GEO/SRA	Cell line	prostate	LuCaP145.2_JQ1	GSM8228467	GSM8228465
SE_02_3028	Human	NCBI GEO/SRA	Cell line	prostate	LuCaP145.2_AZD5153	GSM8228468	GSM8228464
SE_02_3029	Human	NCBI GEO/SRA	Cell line	peripheral blood	EK18,Healthy	GSM7987095	GSM7987096
SE_02_3030	Human	NCBI GEO/SRA	Cell line	peripheral blood	EK12,Healthy	GSM7987098	GSM7987099
SE_02_3031	Human	NCBI GEO/SRA	Cell line	peripheral blood	EK16,Healthy	GSM7987103	GSM7987104
SE_02_3032	Human	NCBI GEO/SRA	Cell line	peripheral blood	EK21,Healthy	GSM7987108	GSM7987109
SE_02_3033	Human	NCBI GEO/SRA	Cell line	peripheral blood	EK24,Healthy	GSM7987112	GSM7987113
SE_02_3034	Human	NCBI GEO/SRA	Cell line	peripheral blood	EP1,Psoriasis	GSM7987123	GSM7987124
SE_02_3035	Human	NCBI GEO/SRA	Cell line	peripheral blood	EP15,Psoriasis	GSM7987129	GSM7987130
SE_02_3036	Human	NCBI GEO/SRA	Cell line	peripheral blood	ES3,SLE	GSM7987145	GSM7987146
SE_02_3037	Human	NCBI GEO/SRA	Cell line	skin	4L	GSM8409477	GSM8409470
SE_02_3038	Human	NCBI GEO/SRA	Cell line	neonatal foreskin	NHEM	GSM8409487	GSM8409484
SE_02_3039	Human	NCBI GEO/SRA	Cell line	tumor	ChIP DSRCT3	GSM7921189	GSM7921194
SE_02_3040	Human	NCBI GEO/SRA	Stem cell	hESC	hESC_h9	GSM7816685	GSM7836918
SE_02_3041	Human	NCBI GEO/SRA	Cell line	prostate	C42B_SR8278 24hr	GSM8123051	GSM8123053
SE_02_3042	Human	NCBI GEO/SRA	Cell line	prostate	C42B_Veh 24hr	GSM8123052	GSM8123054
SE_02_3043	Human	NCBI GEO/SRA	Stem cell	Fetal brain	Human fetal neural stem cell (hfNSC) cell line, replicate 1	GSM7665191	GSM7665194
SE_02_3044	Human	NCBI GEO/SRA	Stem cell	skin	Human induced pluripotent stem cells (hiPSCs) from adult fibroblasts, HD1.1	GSM7665195	GSM7665199
SE_02_3045	Human	NCBI GEO/SRA	Stem cell	skin	Human induced pluripotent stem cells (hiPSCs) from newborn fibroblasts, HD2.2	GSM7665197	GSM7665199
SE_02_3046	Human	NCBI GEO/SRA	Stem cell	skin	Neural stem cells (NSCs) differentiated from hiPSCs, HD1.1	GSM7665200	GSM7665204
SE_02_3047	Human	NCBI GEO/SRA	Stem cell	hiPSC	Neural stem cells (NSCs) differentiated from hiPSCs, HD2.2	GSM7665202	GSM7665204
SE_02_3048	Human	NCBI GEO/SRA	Cell line	Uveal	921	GSM7225064	GSM7225071
SE_02_3049	Human	NCBI GEO/SRA	Cell line	Uveal	Mel202	GSM7225067	GSM7225070
SE_02_3050	Human	NCBI GEO/SRA	Cell line	tumor	B1003; control 1;	GSM8041064	GSM8041067
SE_02_3051	Human	NCBI GEO/SRA	Cell line	tumor	B1003; azacitidine 1	GSM8041079	GSM8041082
SE_02_3052	Human	NCBI GEO/SRA	Cell line	tumor	IMR32_DMSO_24h	GSM7703150	GSM7703140
SE_02_3053	Human	NCBI GEO/SRA	Cell line	tumor	IMR32_ACBI1_24h	GSM7703151	GSM7703141
SE_02_3054	Human	NCBI GEO/SRA	Cell line	tumor	IMR32_siCtrl_72h	GSM7703162	GSM7703152
SE_02_3055	Human	NCBI GEO/SRA	Cell line	tumor	IMR32_siSMARCA4-5_72h	GSM7703163	GSM7703153
SE_02_3056	Human	NCBI GEO/SRA	Cell line	blood	Jurkat-J1 pool	GSM8434478	GSM8434491
SE_02_3057	Human	NCBI GEO/SRA	Cell line	blood	Jurkat-H1 pool	GSM8434480	GSM8434491
SE_02_3058	Human	NCBI GEO/SRA	Cell line	tumor	143B	GSM7793915	GSM7793914
SE_02_3059	Human	NCBI GEO/SRA	Cell line	tumor	HOS	GSM7793917	GSM7793916
SE_02_3060	Human	NCBI GEO/SRA	Cell line	tumor	MG63	GSM7793920	GSM7793919
SE_02_3061	Human	NCBI GEO/SRA	Cell line	tumor	U2OS	GSM7793922	GSM7793921
SE_02_3062	Human	NCBI GEO/SRA	Cell line	liver	LM3 cells	GSM5510395	GSM5510396
SE_02_3063	Human	NCBI GEO/SRA	Cell line	Brain	CHOP_GBM001	GSM8397415	GSM8397421
SE_02_3064	Human	NCBI GEO/SRA	Cell line	Brain	CXJ046	GSM8397424	GSM8397430
SE_02_3065	Human	NCBI GEO/SRA	Cell line	Brain	HSJD_GBM002	GSM8397433	GSM8397439
SE_02_3066	Human	NCBI GEO/SRA	Cell line	Brain	OPBG_GBM001	GSM8397451	GSM8397457
SE_02_3067	Human	NCBI GEO/SRA	Cell line	Cranial neural crest	MT453_SV20_D10CNCC_R1	GSM8152994	GSM8152998
SE_02_3068	Human	NCBI GEO/SRA	Cell line	Cranial neural crest	MT454_81_2_D10CNCC_R1	GSM8152995	GSM8152999
SE_02_3069	Human	NCBI GEO/SRA	Cell line	Cranial neural crest	MT455_64_9_D10CNCC_R1	GSM8152996	GSM8153000
SE_02_3070	Human	NCBI GEO/SRA	Cell line	Cranial neural crest	MT456_64_4_D10CNCC_R1	GSM8152997	GSM8153001
SE_02_3071	Human	NCBI GEO/SRA	Cell line	tumor	SH-EP NMYC-ER	GSM6938946	GSM6938948
SE_02_3072	Human	NCBI GEO/SRA	Cell line	iPSCs	NPC	GSM6788430	GSM6788437
SE_02_3073	Human	NCBI GEO/SRA	Cell line	iPSCs	iPSC	GSM6788431	GSM6788438
SE_02_3074	Human	NCBI GEO/SRA	Cell line	iPSCs	Neuron	GSM7688215	GSM7688217
SE_02_3075	Human	NCBI GEO/SRA	Cell line	prostate	VCaP_DMSO-EtOH_rep1	GSM7031339	GSM6451172
SE_02_3076	Human	NCBI GEO/SRA	Cell line	prostate	VCaP_DMSO-DHT_rep1	GSM7031341	GSM6451172
SE_02_3077	Human	NCBI GEO/SRA	Cell line	prostate	VCaP_ML792-EtOH_rep1	GSM7031343	GSM6451173
SE_02_3078	Human	NCBI GEO/SRA	Cell line	prostate	VCaP_ML792-DHT_rep1	GSM7031345	GSM6451173
SE_02_3079	Human	NCBI GEO/SRA	Cell line	blood	RPMI-DMSO	GSM8056703	GSM8056707
SE_02_3080	Human	NCBI GEO/SRA	Cell line	blood	RPMI-MS1943	GSM8056704	GSM8056707
SE_02_3081	Human	NCBI GEO/SRA	Cell line	blood	RPMI-Romidepsin	GSM8056705	GSM8056707
SE_02_3082	Human	NCBI GEO/SRA	Cell line	lymph node	Arid1aWt_R1.ChIP	GSM8157384	GSM8157395
SE_02_3083	Human	NCBI GEO/SRA	Cell line	blood	K562_DMSO_rep1	GSM8328415	GSM8328412
SE_02_3084	Human	NCBI GEO/SRA	Cell line	Breast	HCC3153_wt_dox_short_ChIP_1	GSM7311819	GSM7311851
SE_02_3085	Human	NCBI GEO/SRA	Cell line	ovarian	OVCAR3 GFP sg1	GSM5815594	GSM5815606
SE_02_3086	Human	NCBI GEO/SRA	Cell line	ovarian	OVCAR3 p300 TAZ2 sg1	GSM5815597	GSM5815606
SE_02_3087	Human	NCBI GEO/SRA	Cell line	ovarian	OVCAR3 p300 TAZ2 sg2	GSM5815600	GSM5815606
SE_02_3088	Human	NCBI GEO/SRA	Cell line	ovarian	OVCAR3 p300 HAT sg1	GSM5815603	GSM5815606
SE_02_3089	Human	NCBI GEO/SRA	Cell line	tumor	SHEP-Rep-1-Reverted	GSM6106882	GSM6106881
SE_02_3090	Human	NCBI GEO/SRA	Cell line	tumor	SHEP-Rep-1-Treated	GSM6106883	GSM6106881
SE_02_3091	Human	NCBI GEO/SRA	Cell line	tumor	SHEP-Rep-1-Untreated	GSM6106884	GSM6106881
SE_02_3092	Human	NCBI GEO/SRA	Cell line	tumor	SHSY-Rep-1-Reverted	GSM6106894	GSM6106893
SE_02_3093	Human	NCBI GEO/SRA	Cell line	blood	SUDHL7-Active Motif	GSM5525191	GSM5525193
SE_02_3094	Human	NCBI GEO/SRA	Cell line	peripheral blood	Karpas299	GSM5258147	GSM5258145
SE_02_3095	Human	NCBI GEO/SRA	Cell line	pancreas	TKO_PP 1	GSM4387100	GSM4387104
SE_02_3096	Human	NCBI GEO/SRA	Stem cell	hESC	hESC_r1	GSM4836839	GSM4836886
SE_02_3097	Human	NCBI GEO/SRA	Cell line	colon	WT	GSM4916242	GSM4916243
SE_02_3098	Human	NCBI GEO/SRA	Cell line	tumor	D425	GSM5603053	GSM5603054
SE_02_3099	Human	NCBI GEO/SRA	Cell line	trophoblast	shM3_IP	GSM6107586	GSM6107585
SE_02_3100	Human	NCBI GEO/SRA	Cell line	cerebral cortex	GBM1 cells transduced with control shRNA SHC202 -immunoprecipitation	GSM8145545	GSM8145521
SE_02_3101	Human	NCBI GEO/SRA	Cell line	Thalamus	BT245 cells transduced with PRMT targeting shRNA TRCN0000303446 - immunoprecipitation	GSM8145544	GSM8145520
SE_02_3102	Human	NCBI GEO/SRA	Cell line	stomach	Con	GSM7815920	GSM7815918
SE_02_3103	Human	NCBI GEO/SRA	Cell line	stomach	GLUP	GSM7815921	GSM7815919
SE_02_3104	Human	NCBI GEO/SRA	Cell line	tumor	G401dTAGDCAF5 V1 4h AbCam rep1 [2585565]	GSM7747714	GSM7747705
SE_02_3105	Human	NCBI GEO/SRA	Cell line	tumor	IMR32_siCtrl	GSM6346077	GSM6346067
SE_02_3106	Human	NCBI GEO/SRA	Tissue	stomach	P003	GSM5655191	GSM5655200
SE_02_3107	Human	NCBI GEO/SRA	Tissue	stomach	P007	GSM5655195	GSM5655204
SE_02_3108	Human	NCBI GEO/SRA	Tissue	stomach	P008	GSM5655196	GSM5655205
SE_02_3109	Human	NCBI GEO/SRA	Cell line	blood	SUPM2_MWZ7415	GSM6508942	GSM6508943
SE_02_3110	Human	NCBI GEO/SRA	Cell line	tumor	Panob_1	GSM4710959	GSM4710952
SE_02_3111	Human	NCBI GEO/SRA	Cell line	Retina	RPE-1_rep1	GSM6429695	GSM6429691
SE_02_3112	Human	NCBI GEO/SRA	Tissue	colon	17627T ChIP-seq	GSM5066838	GSM5066867
SE_02_3113	Human	NCBI GEO/SRA	Cell line	embryo	MSC transduced with GFP	GSM4989352	GSM4989354
SE_02_3114	Human	NCBI GEO/SRA	Cell line	tumor	SKNMC transduced with KRAB-ZFA7	GSM4989368	GSM4989372
SE_02_3115	Human	NCBI GEO/SRA	Cell line	embryo	HEK293T transduced with KRAB-ZFA7	GSM4989385	GSM4989386
SE_02_3116	Human	NCBI GEO/SRA	Cell line	embryo	HEK293T transduced with GFP	GSM4989389	GSM4989390
SE_02_3117	Human	NCBI GEO/SRA	Cell line	liver	HepG2_control	GSM5435089	GSM5435088
SE_02_3118	Human	NCBI GEO/SRA	Cell line	liver	HepG2_LDB1ko	GSM5435093	GSM5435092
SE_02_3119	Human	NCBI GEO/SRA	Cell line	connective tissue	DSRCT Control ASO	GSM4577069	GSM4577070
SE_02_3120	Human	NCBI GEO/SRA	Cell line	Breast	SUM-229PE Triple-Negative Breast Cancer POS Acute Tram	GSM4594318	GSM4594317
SE_02_3121	Human	NCBI GEO/SRA	Cell line	Brain	CTRL_LINE1_CNCC5	GSM5211811	GSM5211825
SE_02_3122	Human	NCBI GEO/SRA	Cell line	lung	H128-0-tumor cell	GSM8288162	GSM8288161
SE_02_3123	Human	NCBI GEO/SRA	Cell line	Ovarian	Ovarian cancer IGROV1, minus dox	GSM8417097	GSM8417098
SE_02_3124	Human	NCBI GEO/SRA	Tissue	Brain	KNS42 DHG-G34	GSM8397442	GSM8397448
SE_02_3125	Human	NCBI GEO/SRA	Tissue	lung	H128-HX531 tumor cells	GSM8288164	GSM8288163
SE_02_3126	Human	NCBI GEO/SRA	primary cell	Brain	Microglia  LG05	GSM6893074	GSM6893077
SE_02_3127	Human	NCBI GEO/SRA	cell line	Breast	MDA-MB-453 DHT	GSM6281913	GSM6281918
SE_02_3128	Human	NCBI GEO/SRA	cell line	Breast	MDA-MB-453 Veh Consensus	GSM5385865	GSM5385867
SE_02_3129	Human	NCBI GEO/SRA	cell line	Breast	MDA-MB-453 DHT Consensus	GSM5385866	GSM5385867
SE_02_3130	Human	NCBI GEO/SRA	cell line	Breast	MFM-223  Veh Consensus	GSM5385872	GSM5385874
SE_02_3131	Human	NCBI GEO/SRA	cell line	Breast	MFM-223 DHT Consensus	GSM5385873	GSM5385874
SE_02_3132	Human	NCBI GEO/SRA	Tissue	blood	Mature B cell	GSM5534735	GSM5534730
SE_02_3133	Human	NCBI GEO/SRA	cell line	Bone marrow	Nalm6-EV  Empty vector ctrl 48h	GSM4455956	GSM4455954
SE_02_3134	Human	NCBI GEO/SRA	cell line	Bone marrow	Nalm6-RUNX1 48h	GSM4455957	GSM4455955
SE_02_3135	Human	NCBI GEO/SRA	cell line	Bone marrow	RS4.11 AZD1775 10h	GSM4455987	GSM4455991
SE_02_3136	Human	NCBI GEO/SRA	cell line	Breast	MCF10CA1a	GSM7158121	GSM7158132
SE_02_3137	Human	NCBI GEO/SRA	cell line	Breast	MCF10DCIS	GSM7158133	GSM7158144
SE_02_3138	Human	NCBI GEO/SRA	cell line	Breast	SUM159PT_KOD1	GSM3152774	GSM3152810
SE_02_3139	Human	NCBI GEO/SRA	cell line	Breast	SUM159PT_KOS1	GSM3152777	GSM3152813
SE_02_3140	Human	NCBI GEO/SRA	cell line	Breast	SUM159PT_WT1	GSM3152780	GSM3152816
SE_02_3141	Human	NCBI GEO/SRA	Tissue	Ovarian	HGSOC OVCAR8	GSM4745337	GSM4745336
SE_02_3142	Human	NCBI GEO/SRA	cell line	hiPSC	HPSI0114ikolf2-clone1, WT [WT_H3K27ac_R1]	GSM6605023	GSM6605020
SE_02_3143	Human	NCBI GEO/SRA	Tissue	Bone marrow	KHYG1	GSM4605700	GSM4605699
SE_02_3144	Human	NCBI GEO/SRA	Tissue	Bone marrow	MEC04	GSM4605703	GSM4605702
SE_02_3145	Human	NCBI GEO/SRA	Tissue	Bone marrow	HANK1	GSM4605706	GSM4605705
SE_02_3146	Human	NCBI GEO/SRA	Tissue	Adipose	Human primary adipose stem cells_PROLIF_G_Day minus 2 (proliferating)	GSM6857891	GSM6857893
SE_02_3147	Human	NCBI GEO/SRA	primary cell	heart	hiPSC-derived cardioyocytes in WT1	GSM5059557	GSM5059561
SE_02_3148	Human	NCBI GEO/SRA	primary cell	heart	hiPSC-derived cardioyocytes in ERRg KO1	GSM5059559	GSM5059563
SE_02_3149	Human	NCBI GEO/SRA	cell line	Brain	Neuroblastoma GI-ME-N	GSM5695680	GSM5695686
SE_02_3150	Human	NCBI GEO/SRA	cell line	Brain	Neuroblastoma Kelly	GSM5695694	GSM5695700
SE_02_3151	Human	NCBI GEO/SRA	cell line	Brain	Neuroblastoma SK-N-FI	GSM5695722	GSM5695728
SE_02_3152	Human	NCBI GEO/SRA	cell line	colon	DLD1 Tet-inducible dominant negative TCF7L2	GSM5237211	GSM5237215
SE_02_3153	Human	NCBI GEO/SRA	cell line	colon	DLD1 Tet-inducible dominant negative TCF7L2 DOX	GSM5237213	GSM5237216
SE_02_3154	Human	NCBI GEO/SRA	Tissue	stomach	HsInt_H3K27ac	GSM4951775	GSM4951774
SE_02_3155	Human	NCBI GEO/SRA	cell line	prostate	LNCaP_3X_2.5uM Tamoxifen 4h	GSM7720700	GSM7720699
SE_02_3156	Human	NCBI GEO/SRA	cell line	prostate	LNCaP_3X_2.5uM Tamoxifen 18h	GSM7720703	GSM7720699
SE_02_3157	Human	NCBI GEO/SRA	cell line	prostate	LNCaP_KRAB_2.5uM Tamoxifen 4h	GSM7720710	GSM7720709
SE_02_3158	Human	NCBI GEO/SRA	cell line	prostate	LNCaP_KRAB_2.5uM Tamoxifen 18h	GSM7720713	GSM7720709
SE_02_3159	Human	NCBI GEO/SRA	cell line	prostate	LNCaP_VP64_2.5uM Tamoxifen 4h	GSM7720720	GSM7720719
SE_02_3160	Human	NCBI GEO/SRA	cell line	prostate	LNCaP_VP64_2.5uM Tamoxifen_18h	GSM7720723	GSM7720719
SE_02_3161	Human	NCBI GEO/SRA	cell line	tumor	JN-DSRCT	GSM8279068	GSM8279066
SE_02_3162	Human	NCBI GEO/SRA	cell line	pancreas	S2-013 cells, control treatment	GSM4872297	GSM4872298
SE_02_3163	Human	NCBI GEO/SRA	cell line	pancreas	S2-013 cells, 6 hour acetate treatment	GSM4872299	GSM4872300
SE_02_3164	Human	NCBI GEO/SRA	Tissue	lung	HBEC-3KT Lung Epithelium	GSM7139784	GSM7139786
SE_02_3165	Human	NCBI GEO/SRA	Tissue	lung	NCIH460-large-cell lung carcinoma	GSM7139787	GSM7139789
SE_02_3166	Human	NCBI GEO/SRA	Tissue	Brain	C9-ALS donor A11, Motor cortex, Astrocytes C9ORF72+	GSM6781689	GSM6781690
SE_02_3167	Human	NCBI GEO/SRA	Tissue	Brain	C9-ALS donor A11, Motor cortex, Microglia C9ORF72+	GSM6781691	GSM6781692
SE_02_3168	Human	NCBI GEO/SRA	Tissue	Brain	C9-ALS donor A11, Motor cortex, Neurons C9ORF72+	GSM6781693	GSM6781694
SE_02_3169	Human	NCBI GEO/SRA	Tissue	Brain	C9-ALS donor A11, Motor cortex, Oligodendrocyte lineage cells C9ORF72+	GSM6781695	GSM6781696
SE_02_3170	Human	NCBI GEO/SRA	Tissue	Brain	C9-ALS donor A3, Motor cortex, Astrocytes	GSM6781697	GSM6781698
SE_02_3171	Human	NCBI GEO/SRA	Tissue	Brain	C9-ALS donor A3, Motor cortex, Microglia C9ORF72+	GSM6781699	GSM6781700
SE_02_3172	Human	NCBI GEO/SRA	Tissue	Brain	C9-ALS donor A3, Motor cortex, Neurons C9ORF72+	GSM6781701	GSM6781702
SE_02_3173	Human	NCBI GEO/SRA	Tissue	Brain	C9-ALS donor A3, Motor cortex, Oligodendrocyte lineage cells	GSM6781703	GSM6781704
SE_02_3174	Human	NCBI GEO/SRA	Tissue	Brain	Control donor C14, Motor cortex, Astrocytes	GSM6781732	GSM6781733
SE_02_3175	Human	NCBI GEO/SRA	Tissue	Brain	Control donor C14, Motor cortex, Microglia	GSM6781734	GSM6781735
SE_02_3176	Human	NCBI GEO/SRA	Tissue	Brain	Control donor C14, Motor cortex, Neurons	GSM6781736	GSM6781737
SE_02_3177	Human	NCBI GEO/SRA	Tissue	Brain	Control donor C14, Motor cortex, Oligodendrocyte lineage cells	GSM6781738	GSM6781739
SE_02_3178	Human	NCBI GEO/SRA	Tissue	Brain	Control donor C7, Motor cortex, Astrocytes	GSM6781744	GSM6781745
SE_02_3179	Human	NCBI GEO/SRA	Tissue	Brain	Control donor C7, Motor cortex, Microglia	GSM6781746	GSM6781747
SE_02_3180	Human	NCBI GEO/SRA	Tissue	Brain	Control donor C7, Motor cortex, Neurons	GSM6781748	GSM6781749
SE_02_3181	Human	NCBI GEO/SRA	cell line	Brain	BT67_DMSO	GSM6656031	GSM6656037
SE_02_3182	Human	NCBI GEO/SRA	cell line	Brain	BT67_romidepsin	GSM6656034	GSM6656040
SE_02_3183	Human	NCBI GEO/SRA	cell line	Uterus	HeLa TSA	GSM7440422	GSM7440434
SE_02_3184	Human	NCBI GEO/SRA	cell line	Uterus	HeLa DMSO	GSM7440425	GSM7440437
SE_02_3185	Human	NCBI GEO/SRA	cell line	lung	A549, Control 3 Hours, R1 (ChIP-seq)	GSM7030643	GSM7030649
SE_02_3186	Human	NCBI GEO/SRA	cell line	lung	A549, SP 5 mM 3 Hours R1 (ChIP-seq)	GSM7030646	GSM7030650
SE_02_3187	Human	NCBI GEO/SRA	primary cell	blood	THP-1 cells before differentiation	GSM4277590	GSM4277595
SE_02_3188	Human	NCBI GEO/SRA	primary cell	blood	THP-1 cells after differentiation	GSM4277596	GSM4277601
SE_02_3189	Human	NCBI GEO/SRA	primary cell	blood	THP-1 cells after differentiation and activated by M.tb H37Ra	GSM4277604	GSM4277602
SE_02_3190	Human	NCBI GEO/SRA	cell line	kidney	human ASPS cell line FU-UR-1 SCR_1	GSM4952679	GSM4952683
SE_02_3191	Human	NCBI GEO/SRA	cell line	kidney	human ASPS cell line FU-UR-1 TFE30_1	GSM4952687	GSM4952690
SE_02_3192	Human	NCBI GEO/SRA	cell line	kidney	human ASPS cell line FU-UR-1 TFE31_1	GSM4952693	GSM4952696
SE_02_3193	Human	NCBI GEO/SRA	cell line	kidney	human ASPS cell line FU-UR-1 VCP65_1	GSM4952699	GSM4952702
SE_02_3194	Human	NCBI GEO/SRA	cell line	kidney	human ASPS cell line FU-UR-1 VCP67_1	GSM4952705	GSM4952708
SE_02_3195	Human	NCBI GEO/SRA	cell line	tumor	PDX MEFX 2090 Stress biological replicate 1	GSM6543632	GSM6543631
SE_02_3196	Human	NCBI GEO/SRA	cell line	tumor	PDX MEFX 2090 Unperturbed biological replicate 1	GSM6543640	GSM6543631
SE_02_3197	Human	NCBI GEO/SRA	cell line	tumor	JN-DSRCT assay_2 EWSR1::WT1-targeting siRNA	GSM8279069	GSM8279067
SE_02_3198	Human	NCBI GEO/SRA	cell line	lung	A549_CT	GSM5134432	GSM5134440
SE_02_3199	Human	NCBI GEO/SRA	cell line	lung	A549_SETDB1 knockout (KO)	GSM5134434	GSM5134443
SE_02_3200	Human	NCBI GEO/SRA	cell line	tumor	U2OS cells - LowMYC	GSM5018581	GSM5018589
SE_02_3201	Human	NCBI GEO/SRA	cell line	tumor	U2OS cells - HighMYC	GSM5018583	GSM5018591
SE_02_3202	Human	NCBI GEO/SRA	cell line	embryo	585B1 M1 Human induced pluripotent stem cells (hiPSCs)	GSM5051716	GSM5051714
SE_02_3203	Human	NCBI GEO/SRA	cell line	embryo	1390G3 F4_Human induced pluripotent stem cells (hiPSCs)	GSM5051723	GSM5051721
SE_02_3204	Human	NCBI GEO/SRA	cell line	embryo	201B7 F1_Human induced pluripotent stem cells (hiPSCs)	GSM5051730	GSM5051728
SE_02_3205	Human	NCBI GEO/SRA	cell line	embryo	1205A F2_Human induced pluripotent stem cells (hiPSCs)	GSM5051737	GSM5051735
SE_02_3206	Human	NCBI GEO/SRA	cell line	embryo	1381B1 F3_Human induced pluripotent stem cells (hiPSCs)	GSM5051744	GSM5051742
SE_02_3207	Human	NCBI GEO/SRA	cell line	embryo	1390C1 F5_Human induced pluripotent stem cells (hiPSCs)	GSM5051769	GSM5051767
SE_02_3208	Human	NCBI GEO/SRA	cell line	liver	Hep3B Untreated	GSM5240739	GSM5240763
SE_02_3209	Human	NCBI GEO/SRA	cell line	liver	Hep3B 0.5hr IFNγ	GSM5240741	GSM5240767
SE_02_3210	Human	NCBI GEO/SRA	cell line	liver	Hep3B 2hr IFNγ	GSM5240743	GSM5240771
SE_02_3211	Human	NCBI GEO/SRA	cell line	liver	Hep3B 24hr IFNγ	GSM5240745	GSM5240775
SE_02_3212	Human	NCBI GEO/SRA	stem cell	Brain	iPSC-derived induced Neural Stem Cells GIC17	GSM8112369	GSM8112439
SE_02_3213	Human	NCBI GEO/SRA	primary cell	Brain	Primary Glioblastoma Inititating Cells iNSC17	GSM8112409	GSM8112449
SE_03_0001	Human	GGR	Primary cell	Foreskin	foreskin-keratinocyte	ENCSR736ZEG	ENCSR982AYN
SE_03_0002	Human	GGR	Primary cell	Foreskin	foreskin-keratinocyte-calcium2.5day	ENCSR709ABP	ENCSR113CMI
SE_03_0003	Human	GGR	Primary cell	Foreskin	foreskin-keratinocyte-calcium5.5day	ENCSR637ISS	ENCSR528SMB
SE_03_0004	Human	GGR	Cell line	Lung	A549_dexamethasone_4h	ENCSR543ZVZ	ENCSR872BBM
SE_03_0005	Human	GGR	Cell line	Lung	A549_dexamethasone_0.5h	ENCSR102XUM	ENCSR491TAD
SE_03_0007	Human	GGR	Cell line	Lung	A549_dexamethasone_12h	ENCSR435JKM	ENCSR549SVK
SE_03_0008	Human	GGR	Cell line	Lung	A549_dexamethasone_7h	ENCSR569IBY	ENCSR317VER
SE_03_0009	Human	GGR	Cell line	Lung	A549_dexamethasone_3h	ENCSR350EFV	ENCSR325PXS
SE_03_0010	Human	GGR	Cell line	Lung	A549_dexamethasone_1h	ENCSR242TBH	ENCSR548SPY
SE_03_0011	Human	GGR	Cell line	Lung	A549_dexamethasone_5h	ENCSR716XDB	ENCSR627RBH
SE_03_0013	Human	GGR	Cell line	Lung	A549	ENCSR783SNV	ENCSR838ZAU
SE_03_0014	Human	GGR	Cell line	Lung	A549_dexamethasone_2h	ENCSR614NPG	ENCSR344ERJ
SE_03_0015	Human	GGR	Cell line	Lung	A549_dexamethasone_8h	ENCSR250EHC	ENCSR274VPI
SE_03_0016	Human	GGR	Cell line	Lung	A549_dexamethasone_6h	ENCSR340NAL	ENCSR887SZF
SE_04_0001	Human	NGDC GSA	Cell line	Blood	heat shocked K562	CRX057265	CRX057271
SE_04_0002	Human	NGDC GSA	Cell line	Blood	cold shocked K562	CRX057250	CRX057256
SE_04_0003	Human	NGDC GSA	Cell line	Lung	A549 TEAD4 shRNA TGFb	CRX038069	CRX038061
SE_04_0004	Human	NGDC GSA	Cell line	Lung	A549 TEAD2 shRNA TGFb	CRX038068	CRX038060
SE_04_0005	Human	NGDC GSA	Cell line	Lung	A549 FOXA2 overexpressed	CRX038055	CRX038058
SE_04_0006	Human	NGDC GSA	Cell line	Lung	A549 GFP control	CRX038064	CRX038057
SE_04_0007	Human	NGDC GSA	Cell line	Lung	A549 FOXA2 shRNA2	CRX038063	CRX038054
SE_04_0008	Human	NGDC GSA	Cell line	Lung	A549 shRNA control	CRX038062	CRX038053
SE_04_0009	Human	NGDC GSA	Cell line	Lung	A549	CRX038048	CRX038052
SE_04_0010	Human	NGDC GSA	Cell line	Lung	A549 TGFb	CRX038046	CRX038051
