Sample_ID	Species	Data_source	Biosample_type	Tissue_type	Biosample_name	Case_ID_Name	Input_ID_Name
SE_11_0001	Mouse	ENCODE	Tissue	Olfactory Bulb	olfactory bulb male adult 8w_B6NCrl	ENCSR000CCE	ENCSR000CCG
SE_11_0002	Mouse	ENCODE	Cell line	Blood	CH12 _GM12878 analog_	ENCSR000CGJ	ENCSR000CGG
SE_11_0003	Mouse	ENCODE	Tissue	Placenta	placenta female adult 8w_B6NCrl	ENCSR000CDO	ENCSR000CDR
SE_11_0004	Mouse	ENCODE	Tissue	Adipose	Brown adipocytes male adult 24w_B6NCrl	ENCSR000CEZ	ENCSR000CFC
SE_11_0005	Mouse	ENCODE	Tissue	Bone marrow	bone marrow male adult 8w_B6NCrl	ENCSR000CCL	ENCSR000CAS
SE_11_0006	Mouse	ENCODE	Primary cell	Bone marrow	Bruce4 bone marrow macrophage male adult 8w_B6NCrl	ENCSR000CFD	ENCSR000CFG
SE_11_0007	Mouse	ENCODE	Tissue	Cerebellum	Cerebellum male adult 8w_B6NCrl	ENCSR000CDC	ENCSR000CAT
SE_11_0008	Mouse	ENCODE	Tissue	Cortex	cortical plate male adult 8w_B6NCrl	ENCSR000CDD	ENCSR000CAU
SE_11_0009	Mouse	ENCODE	Primary cell	Embryo	MEFs	ENCSR000CDI	ENCSR000CBB
SE_11_0010	Mouse	ENCODE	Tissue	Embryonic heart	heart embryo d14.5_B6NCrl	ENCSR000CDK	ENCSR000CDN
SE_11_0011	Mouse	ENCODE	Tissue	Heart	heart male adult 8w_B6NCrl	ENCSR000CDF	ENCSR000CAV
SE_11_0012	Mouse	ENCODE	Tissue	Embryonic liver	liver embryo d14.5_B6NCrl	ENCSR000CDU	ENCSR000CDT
SE_11_0013	Mouse	ENCODE	Tissue	Liver	liver male adult 8w_B6NCrl	ENCSR000CDH	ENCSR000CAX
SE_11_0014	Mouse	ENCODE	Tissue	Small intestine	small intestine male adult 8w_B6NCrl	ENCSR000CCQ	ENCSR000CCT
SE_11_0015	Mouse	ENCODE	Stem cell	Embryo	ES-Bruce4	ENCSR000CDE	ENCSR000CBH
SE_11_0016	Mouse	ENCODE	Tissue	Thymus	thymus male adult 8w_B6NCrl	ENCSR000CCH	ENCSR000CCK
SE_11_0017	Mouse	ENCODE	Cell line	Bone marrow	MEL _K562 analog_	ENCSR000CEV	ENCSR000CEY
SE_11_0018	Mouse	ENCODE	Stem cell	Embryo	ES-E14_encode	ENCSR000CGQ	ENCSR095IPH
SE_11_0019	Mouse	ENCODE	Tissue	Kidney	kidney male adult 8w_B6NCrl	ENCSR000CDG	ENCSR000CAW
SE_11_0020	Mouse	ENCODE	Tissue	Embryonic limb	limb embryo d14.5_B6NTac_B6NCrl/Lap	ENCSR021ALF	ENCSR232EOO
SE_11_0021	Mouse	ENCODE	Tissue	Embryonic kidney	kidney embryo d14.5_B6NTac_B6NCrl/Lap	ENCSR057SHA	ENCSR091DHJ
SE_11_0022	Mouse	ENCODE	Tissue	Embryonic liver	liver embryo d11.5_B6NCrl	ENCSR058DOA	ENCSR573MJR
SE_11_0023	Mouse	ENCODE	Tissue	Embryonic hindbrain	hindbrain embryo d15.5_B6NCrl	ENCSR066XFL	ENCSR685UUM
SE_11_0024	Mouse	ENCODE	Tissue	Embryonic liver	liver embryo d14.5_B6NTac_B6NCrl/Lap	ENCSR075SNV	ENCSR742WLX
SE_11_0025	Mouse	ENCODE	Tissue	Embryonic midbrain	midbrain embryo d11.5_B6NCrl	ENCSR088UKA	ENCSR081UQY
SE_11_0026	Mouse	ENCODE	Tissue	Embryonic forebrain	forebrain postnatal d0_B6NTac_B6NCrl/Lap	ENCSR094TTT	ENCSR398NCK
SE_11_0027	Mouse	ENCODE	Tissue	Embryonic heart	heart_embryo_d12.5_B6NCrl	ENCSR123MLY	ENCSR646GHA
SE_11_0028	Mouse	ENCODE	Tissue	Embryonic liver	liver_embryo_d12.5_B6NCrl	ENCSR136GMT	ENCSR680ZSE
SE_11_0029	Mouse	ENCODE	Tissue	Embryonic hindbrain	hindbrain embryo d11.5_B6NCrl	ENCSR129LAP	ENCSR563WKD
SE_11_0030	Mouse	ENCODE	Tissue	Embryonic lung	lung embryo d16.5_B6NCrl	ENCSR140UEX	ENCSR559FAB
SE_11_0031	Mouse	ENCODE	Tissue	Kidney	kidney postnatal d0_B6NTac_B6NCrl/Lap	ENCSR140YPL	ENCSR178MLS
SE_11_0032	Mouse	ENCODE	Tissue	Embryonic liver	liver embryo d13.5_B6NCrl	ENCSR175KBJ	ENCSR220PXJ
SE_11_0033	Mouse	ENCODE	Tissue	Embryonic heart	heart embryo d11.5_B6NCrl	ENCSR222IHX	ENCSR317ENO
SE_11_0034	Mouse	ENCODE	Tissue	Embryonic neural tube	neural tube embryo d15.5_B6NCrl	ENCSR241BSK	ENCSR351BDM
SE_11_0035	Mouse	ENCODE	Tissue	Embryonic midbrain	midbrain embryo d12.5_B6NCrl	ENCSR252ONR	ENCSR415FCU
SE_11_0036	Mouse	ENCODE	Tissue	Embryonic midbrain	midbrain embryo d14.5_B6NTac_B6NCrl/Lap	ENCSR254AHA	ENCSR413VHH
SE_11_0037	Mouse	ENCODE	Tissue	Embryonic neural tube	neural tube embryo d14.5_B6NTac_B6NCrl/Lap	ENCSR265NBM	ENCSR254WNU
SE_11_0038	Mouse	ENCODE	Tissue	Embryonic forebrain	forebrain embryo d11.5_B6NCrl	ENCSR275KPI	ENCSR024JAN
SE_11_0039	Mouse	ENCODE	Tissue	Embryonic neural tube	neural tube embryo d13.5_B6NCrl	ENCSR289SWJ	ENCSR295GGT
SE_11_0040	Mouse	ENCODE	Tissue	Embryonic forebrain	forebrain embryo d13.5_B6NCrl	ENCSR311YPF	ENCSR583ZEV
SE_11_0041	Mouse	ENCODE	Tissue	Embryonic stomach	stomach embryo d14.5_B6NTac_B6NCrl/Lap	ENCSR316CNR	ENCSR497YBQ
SE_11_0042	Mouse	ENCODE	Tissue	Embryonic forebrain	forebrain embryo d14.5_B6NTac_B6NCrl/Lap	ENCSR320EEW	ENCSR244YQD
SE_11_0043	Mouse	ENCODE	Tissue	Embryonic hindbrain	hindbrain postnatal d0_B6NTac_B6NCrl/Lap	ENCSR332JYZ	ENCSR066SPF
SE_11_0044	Mouse	ENCODE	Tissue	Embryonic hindbrain	hindbrain embryo d13.5_B6NCrl	ENCSR344HHI	ENCSR545RUT
SE_11_0045	Mouse	ENCODE	Tissue	Stomach	stomach postnatal d0_B6NTac_B6NCrl/Lap	ENCSR346FJG	ENCSR050VUZ
SE_11_0046	Mouse	ENCODE	Tissue	Embryonic kidney	kidney embryo d16.5_B6NCrl	ENCSR357JII	ENCSR642DUV
SE_11_0047	Mouse	ENCODE	Tissue	Embryonic heart	heart embryo d14.5_B6NTac_B6NCrl/Lap	ENCSR360ANE	ENCSR840PFW
SE_11_0048	Mouse	ENCODE	Tissue	Embryonic facial prominence	embryonic facial prominence embryo d15.5_B6NCrl	ENCSR382DRK	ENCSR981PSX
SE_11_0049	Mouse	ENCODE	Tissue	Embryonic facial prominence	embryonic facial prominence embryo d11.5_B6NCrl	ENCSR401GRX	ENCSR068AQC
SE_11_0050	Mouse	ENCODE	Tissue	Embryonic facial prominence	embryonic facial prominence embryo d13.5_B6NTac_B6NCrl/Lap	ENCSR420MUV	ENCSR742ZUI
SE_11_0051	Mouse	ENCODE	Tissue	Embryonic intestine	intestine embryo d14.5_B6NTac_B6NCrl/Lap	ENCSR424END	ENCSR645QSY
SE_11_0052	Mouse	ENCODE	Tissue	Embryonic midbrain	midbrain embryo d15.5_B6NCrl	ENCSR428GHF	ENCSR748XBE
SE_11_0053	Mouse	ENCODE	Tissue	Embryonic forebrain	forebrain embryo d16.5_B6NCrl	ENCSR428OEK	ENCSR587JRQ
SE_11_0054	Mouse	ENCODE	Tissue	Embryonic lung	lung embryo d14.5_B6NTac_B6NCrl/Lap	ENCSR452WYC	ENCSR280SYC
SE_11_0055	Mouse	ENCODE	Tissue	Embryonic liver	liver embryo d15.5_B6NCrl	ENCSR479LFP	ENCSR274AQL
SE_11_0056	Mouse	ENCODE	Tissue	Embryonic facial prominence	embryonic facial prominence embryo d14.5_B6NTac_B6NCrl/Lap	ENCSR481SGM	ENCSR329ZEN
SE_11_0057	Mouse	ENCODE	Tissue	Embryonic neural tube	neural tube embryo d11.5_B6NCrl	ENCSR531RZS	ENCSR138YZB
SE_11_0058	Mouse	ENCODE	Tissue	Embryonic stomach	stomach embryo d16.5_B6NCrl	ENCSR546ANT	ENCSR012BVY
SE_11_0059	Mouse	ENCODE	Tissue	Embryonic midbrain	midbrain embryo d16.5_B6NCrl	ENCSR553IWV	ENCSR817FFF
SE_11_0060	Mouse	ENCODE	Tissue	Embryonic heart	heart embryo d15.5_B6NCrl	ENCSR574VME	ENCSR424WHM
SE_11_0061	Mouse	ENCODE	Tissue	Embryonic intestine	intestine embryo d15.5_B6NCrl	ENCSR599GVS	ENCSR872UEE
SE_11_0062	Mouse	ENCODE	Tissue	Liver	liver postnatal d0_B6NTac_B6NCrl/Lap	ENCSR616TJM	ENCSR617RDY
SE_11_0063	Mouse	ENCODE	Tissue	Embryonic intestine	intestine embryo d16.5_B6NCrl	ENCSR639DND	ENCSR635JIC
SE_11_0064	Mouse	ENCODE	Tissue	Intestine	intestine postnatal d0_B6NTac_B6NCrl/Lap	ENCSR642VYW	ENCSR898PML
SE_11_0065	Mouse	ENCODE	Tissue	Embryonic midbrain	midbrain embryo d13.5_B6NCrl	ENCSR671NSS	ENCSR359ETU
SE_11_0066	Mouse	ENCODE	Tissue	Midbrain	midbrain postnatal d0_B6NTac_B6NCrl/Lap	ENCSR672ZXY	ENCSR889XXJ
SE_11_0067	Mouse	ENCODE	Tissue	Heart	heart postnatal d0_B6NTac_B6NCrl/Lap	ENCSR675HDX	ENCSR334IOH
SE_11_0068	Mouse	ENCODE	Tissue	Embryonic forebrain	forebrain embryo d15.5_B6NCrl	ENCSR691NQH	ENCSR880HDV
SE_11_0069	Mouse	ENCODE	Tissue	Embryonic heart	heart embryo d13.5_B6NCrl	ENCSR699XHY	ENCSR077QRY
SE_11_0070	Mouse	ENCODE	Tissue	Embryonic kidney	kidney embryo d15.5_B6NCrl	ENCSR711SVB	ENCSR780JSE
SE_11_0071	Mouse	ENCODE	Tissue	Embryonic limb	limb embryo d12.5_B6NCrl	ENCSR737QWV	ENCSR218CUA
SE_11_0072	Mouse	ENCODE	Tissue	Embryonic hindbrain	hindbrain embryo d12.5_B6NCrl	ENCSR784TLR	ENCSR659EZI
SE_11_0073	Mouse	ENCODE	Tissue	Embryonic hindbrain	hindbrain embryo d16.5_B6NCrl	ENCSR797EYS	ENCSR752KDM
SE_11_0074	Mouse	ENCODE	Tissue	Embryonic liver	liver embryo d16.5_B6NCrl	ENCSR802RET	ENCSR082JEN
SE_11_0075	Mouse	ENCODE	Tissue	Embryonic facial prominence	embryonic facial prominence embryo d12.5_B6NCrl	ENCSR813SCQ	ENCSR445HBA
SE_11_0076	Mouse	ENCODE	Tissue	Embryonic heart	heart embryo d16.5_B6NCrl	ENCSR846PJO	ENCSR685AMF
SE_11_0077	Mouse	ENCODE	Tissue	Lung	lung postnatal d0_B6NTac_B6NCrl/Lap	ENCSR884MYD	ENCSR241RIG
SE_11_0078	Mouse	ENCODE	Tissue	Embryonic neural tube	neural tube embryo d12.5_B6NCrl	ENCSR891SAW	ENCSR991FSR
SE_11_0079	Mouse	ENCODE	Tissue	Embryonic lung	lung embryo d15.5_B6NCrl	ENCSR895BMP	ENCSR371AKO
SE_11_0080	Mouse	ENCODE	Tissue	Embryonic limb	limb embryo d11.5_B6NCrl	ENCSR897WBY	ENCSR949ZLW
SE_11_0081	Mouse	ENCODE	Tissue	Embryonic limb	limb embryo d13.5_B6NCrl	ENCSR905FFU	ENCSR465WTL
SE_11_0082	Mouse	ENCODE	Tissue	Embryonic stomach	stomach embryo d15.5_B6NCrl	ENCSR929SEW	ENCSR240XQT
SE_11_0083	Mouse	ENCODE	Tissue	Embryonic forebrain	forebrain embryo d12.5_B6NCrl	ENCSR966AIB	ENCSR523QKO
SE_11_0084	Mouse	ENCODE	Tissue	Embryonic limb	limb embryo d15.5_B6NCrl	ENCSR988BRP	ENCSR070OXL
SE_11_0085	Mouse	ENCODE	Tissue	Embryonic facial prominence	embryonic_facial_prominence_embryo d10.5_B6NCrl	ENCSR151APL	ENCSR682UEM
SE_11_0086	Mouse	ENCODE	Tissue	Embryonic heart	heart embryo d10.5_B6NCrl	ENCSR582SPN	ENCSR681NQF
SE_11_0087	Mouse	ENCODE	Tissue	Embryonic hindbrain	hindbrain_embryo_d10.5_B6NCrl	ENCSR594JGI	ENCSR191XBS
SE_11_0088	Mouse	ENCODE	Tissue	Embryonic forebrain	forebrain embryo d10.5_B6NCrl	ENCSR825ZJV	ENCSR776WPN
SE_11_0089	Mouse	ENCODE	Tissue	Embryonic midbrain	midbrain embryo d10.5_B6NCrl	ENCSR989LUY	ENCSR842LMA
SE_11_0090	Mouse	ENCODE	Tissue	Brain	B6CASTF1/J_left_cerebral_cortex_tissue_female_adult_(2_months)	ENCSR491RBV	ENCSR513BAE
SE_11_0091	Mouse	ENCODE	Tissue	muscle	B6CASTF1/J_gastrocnemius_tissue_female_adult_(2_months)	ENCSR714ZJT	ENCSR121JUM
SE_11_0092	Mouse	ENCODE	Tissue	heart	B6CASTF1/J_heart_tissue_female_adult_(2_months)	ENCSR349EHZ	ENCSR477YXE
SE_11_0093	Mouse	ENCODE	Tissue	Brain	B6CASTF1/J_layer_of_hippocampus_tissue_male_adult_(2_months)	ENCSR527FRO	ENCSR206ALY
SE_12_0001	Mouse	NCBI GEO/SRA	Tissue	Celiac ganglia	celiac ganglia	GSM2686153	GSM2686154
SE_12_0002	Mouse	NCBI GEO/SRA	Tissue	Superior cervical ganglia	superior cervical ganglia	GSM2686155	GSM2686156
SE_12_0003	Mouse	NCBI GEO/SRA	Tissue	THMYCN tumor	THMYCN tumor	GSM2686157	GSM2686158
SE_12_0004	Mouse	NCBI GEO/SRA	Tissue	THMYCN tumor	THMYCN tumor139076	GSM2686161	GSM2686163
SE_12_0005	Mouse	NCBI GEO/SRA	Tissue	Forelimb	forelimb e10.5 WT	GSM2692110	GSM2692113
SE_12_0006	Mouse	NCBI GEO/SRA	Tissue	Hindlimb	hindlimb e11.0 WT	GSM2692117	GSM2692120
SE_12_0007	Mouse	NCBI GEO/SRA	Tissue	Pancreas	pancreas 3days	GSM2694841	GSM2694842
SE_12_0008	Mouse	NCBI GEO/SRA	Tissue	Pancreas	pancreas NoDox	GSM2694845	GSM2694846
SE_12_0009	Mouse	NCBI GEO/SRA	Tissue	Pancreas	Pancreas Caerulein WT	GSM3028856	GSM3028859
SE_12_0010	Mouse	NCBI GEO/SRA	Tissue	Pancreas	Pancreas Dox3days2W C-OSKM	GSM3028857	GSM3028860
SE_12_0011	Mouse	NCBI GEO/SRA	Tissue	Pancreas	Pancreas NoCaerulein WT	GSM3028858	GSM3028861
SE_12_0012	Mouse	NCBI GEO/SRA	Tissue	Skin	melanoma tumors BrafV600E Pten-/-	GSM2698555	GSM2698556
SE_12_0013	Mouse	NCBI GEO/SRA	Primary cell	Spleen	CD4+ Th2 T lymphocytes Setdb1+/+	GSM3438404	GSM3438407
SE_12_0014	Mouse	NCBI GEO/SRA	Primary cell	Spleen	CD4+ Th2 T lymphocytes Setdb1-/-	GSM3438406	GSM3438408
SE_12_0015	Mouse	NCBI GEO/SRA	Primary cell	Testis	round spermatid	GSM2881426	GSM2734474
SE_12_0016	Mouse	NCBI GEO/SRA	Induced pluripotent stem cell	iPSCs	Gatad2a-/- cell line	GSM2740031	GSM2740036
SE_12_0017	Mouse	NCBI GEO/SRA	Primary cell	Blood	CD4+ T cell Th9_Ctrl	GSM2750862	GSM2750866
SE_12_0018	Mouse	NCBI GEO/SRA	Primary cell	Renal	renal fibroblast WT	GSM2753175	GSM2753176
SE_12_0019	Mouse	NCBI GEO/SRA	Primary cell	Renal	renal fibroblast SphK1-/-	GSM2753178	GSM2753179
SE_12_0020	Mouse	NCBI GEO/SRA	Primary cell	Renal	renal fibroblast SphK2-/-	GSM2753181	GSM2753182
SE_12_0021	Mouse	NCBI GEO/SRA	Stem cell	Skeletal muscle	Skeletal muscle stem cells T0	GSM2756396	GSM2756406
SE_12_0022	Mouse	NCBI GEO/SRA	Stem cell	Skeletal muscle	Skeletal muscle stem cells T3	GSM2756402	GSM2756408
SE_12_0023	Mouse	NCBI GEO/SRA	Tissue	Dorsal hippocampus	dorsal hippocampus WT	GSM2769419	GSM2769407
SE_12_0024	Mouse	NCBI GEO/SRA	Tissue	Dorsal hippocampus	dorsal hippocampus THY-Tau22	GSM2769420	GSM2769408
SE_12_0025	Mouse	NCBI GEO/SRA	Primary cell	Lin- bone marrow	untransformed myeloid progenitors	GSM2771546	GSM2771548
SE_12_0026	Mouse	NCBI GEO/SRA	Primary cell	Lin- bone marrow	HOXA9/MEIS1-transformed myeloblasts	GSM2771551	GSM2771554
SE_12_0027	Mouse	NCBI GEO/SRA	Primary cell	Lin- bone marrow	HOXA9/MEIS1-transformed proB lymphoblasts	GSM2771560	GSM2771563
SE_12_0028	Mouse	NCBI GEO/SRA	Tissue	Intestine	intestine E17.5 Sufu_Spop DKO	GSM2779303	GSM2779307
SE_12_0029	Mouse	NCBI GEO/SRA	Stem cell	Elencephalic cortex	NSCs	GSM2793927	GSM2793924
SE_12_0030	Mouse	NCBI GEO/SRA	Stem cell	Elencephalic cortex	NSCs SETD5+/-	GSM2793934	GSM2793931
SE_12_0031	Mouse	NCBI GEO/SRA	Tissue	Cortex	Cortex WT 2w	GSM2803595	GSM2803576
SE_12_0032	Mouse	NCBI GEO/SRA	Stem cell	Embryo	TSCs EsrrbOE	GSM2805976	GSM2805977
SE_12_0033	Mouse	NCBI GEO/SRA	Cell line	Pancreas	established from K6A null murine pancreatic cancer	GSM2806934	GSM2806926
SE_12_0034	Mouse	NCBI GEO/SRA	In vitro differentiated cell	Embryo	Neural progenitor cells control	GSM2835907	GSM2835904
SE_12_0035	Mouse	NCBI GEO/SRA	In vitro differentiated cell	Embryo	Neural progenitor cells SrfOE	GSM2835911	GSM2835908
SE_12_0036	Mouse	NCBI GEO/SRA	Tissue	Fetal liver	Hepatoblasts	GSM2835915	GSM2835912
SE_12_0037	Mouse	NCBI GEO/SRA	Tissue	Brain	brain DMSO	GSM2844892	GSM2844891
SE_12_0038	Mouse	NCBI GEO/SRA	Tissue	Brain	brain SAHA	GSM2844896	GSM2844897
SE_12_0039	Mouse	NCBI GEO/SRA	Tissue	Cochlea	cochlea E13.5	GSM2890465	GSM2890466
SE_12_0040	Mouse	NCBI GEO/SRA	Tissue	Brain	brainstem tumor H3f3aLSL-K27M-Tag/+	GSM2895616	GSM2895615
SE_12_0041	Mouse	NCBI GEO/SRA	Tissue	Brain	brainstem tumor H3f3aLSL-WT-Tag/+	GSM2895632	GSM2895631
SE_12_0042	Mouse	NCBI GEO/SRA	Cell line	Blood	MLL-AF9 Setd1a KO	GSM2907002	GSM2907001
SE_12_0043	Mouse	NCBI GEO/SRA	Cell line	Blood	MLL-AF9 Setd1a WT	GSM2907008	GSM2907007
SE_12_0044	Mouse	NCBI GEO/SRA	Stem cell	Embryo	trophoblast stem cell line	GSM2935895	GSM2935896
SE_12_0045	Mouse	NCBI GEO/SRA	Primary cell	Thymus	TCR-lo CD69-neg thymocyte WT	GSM2945856	GSM2945857
SE_12_0046	Mouse	NCBI GEO/SRA	Primary cell	Thymus	TCR-int CD69-pos thymocyte WT	GSM2945859	GSM2945860
SE_12_0047	Mouse	NCBI GEO/SRA	Primary cell	Thymus	TCR-lo CD69-neg thymocyte CD2-icre HDAC3-cKO	GSM2945862	GSM2945863
SE_12_0048	Mouse	NCBI GEO/SRA	Primary cell	Thymus	TCR-int CD69-pos thymocyte CD2-icre HDAC3-cKO	GSM2945865	GSM2945866
SE_12_0049	Mouse	NCBI GEO/SRA	Tissue	Spleen	spleen	GSM2947937	GSM2947939
SE_12_0050	Mouse	NCBI GEO/SRA	Reprogramming cell	Other	reprogramming cells all chemical	GSM2983545	GSM2983546
SE_12_0051	Mouse	NCBI GEO/SRA	Cell line	Embryo	NIH/3T3	GSM3018653	GSM3018656
SE_12_0052	Mouse	NCBI GEO/SRA	Tissue	Pancreatic islets	pancreatic islets ctl	GSM3012378	GSM3012390
SE_12_0053	Mouse	NCBI GEO/SRA	Tissue	Pancreatic islets	pancreatic islets IL1B 10 d	GSM3012379	GSM3012391
SE_12_0054	Mouse	NCBI GEO/SRA	Primary cell	Haematopoietic progenitors	MLL-AF9 I-BET sensitive cells	GSM3018461	GSM3018476
SE_12_0055	Mouse	NCBI GEO/SRA	Primary cell	Adipose	BAT isolated brown preadipocytes_Mock	GSM3019606	GSM3019608
SE_12_0056	Mouse	NCBI GEO/SRA	Primary cell	Adipose	BAT isolated brown preadipocytes_4OHT	GSM3019607	GSM3019609
SE_12_0057	Mouse	NCBI GEO/SRA	Primary cell	Intestine	Epithelial cells_ proximal 1/3 of intestine Eed +/+_ Villin-CRE	GSM3020528	GSM3020526
SE_12_0058	Mouse	NCBI GEO/SRA	Primary cell	Bone marrow	BMMC_untreated	GSM1958543	GSM1958529
SE_12_0059	Mouse	NCBI GEO/SRA	Primary cell	Brain	Neurons DMSO	GSM3043325	GSM3043341
SE_12_0060	Mouse	NCBI GEO/SRA	Primary cell	Brain	Neurons U0126	GSM3043327	GSM3043342
SE_12_0061	Mouse	NCBI GEO/SRA	Primary cell	Blood	Naive CD8+ T cells	GSM3045253	GSM3045261
SE_12_0062	Mouse	NCBI GEO/SRA	Primary cell	Blood	Effector CD8+ T cells	GSM3045266	GSM3045279
SE_12_0063	Mouse	NCBI GEO/SRA	Primary cell	Blood	Memory Precursor CD8+ T cells	GSM3045290	GSM3045296
SE_12_0064	Mouse	NCBI GEO/SRA	Primary cell	Blood	Terminal Effector CD8+ T cells	GSM3045304	GSM3045310
SE_12_0065	Mouse	NCBI GEO/SRA	Primary cell	Embryo	MEFs_AGHMT_reprogramming	GSM3067555	GSM3067557
SE_12_0066	Mouse	NCBI GEO/SRA	Primary cell	Embryo	MEFs Akt1_reprogramming	GSM3445598	GSM3445603
SE_12_0067	Mouse	NCBI GEO/SRA	Primary cell	Embryo	MEFs cardiogenic TFs GATA4_reprogramming	GSM3445599	GSM3445604
SE_12_0068	Mouse	NCBI GEO/SRA	Primary cell	Embryo	MEFs Hand2_reprogramming	GSM3445600	GSM3445605
SE_12_0069	Mouse	NCBI GEO/SRA	Primary cell	Embryo	MEFs cardiogenic TFs Mef2c_reprogramming	GSM3445601	GSM3445606
SE_12_0070	Mouse	NCBI GEO/SRA	Primary cell	Embryo	MEFs cardiogenic TFs Tbx5_reprogramming	GSM3445602	GSM3445607
SE_12_0071	Mouse	NCBI GEO/SRA	Primary cell	Skin epithelium	Epidermal progenitor cells Krt14-RFP_Krt10-H2B-GFP	GSM3069602	GSM3069610
SE_12_0072	Mouse	NCBI GEO/SRA	Tissue	Brain	medulloblastoma SmoM2 OE	GSM3081089	GSM3081085
SE_12_0073	Mouse	NCBI GEO/SRA	Tissue	Brain	medulloblastoma Sufu_Spop DKO	GSM3081097	GSM3081093
SE_12_0074	Mouse	NCBI GEO/SRA	Primary cell	Bone marrow	Lin- BM progenitors EZH2 WT	GSM3082624	GSM3096427
SE_12_0075	Mouse	NCBI GEO/SRA	Primary cell	Bone marrow	Lin- BM progenitors EZH2 KO	GSM3082626	GSM3096428
SE_12_0076	Mouse	NCBI GEO/SRA	Tissue	Duodenum	duodenum epithelium_WT	GSM3091843	GSM3091842
SE_12_0077	Mouse	NCBI GEO/SRA	Tissue	Liver	liver GPS2_WT	GSM3478038	GSM4147193
SE_12_0078	Mouse	NCBI GEO/SRA	Tissue	Liver	liver GPS2_LKO	GSM3478040	GSM4147194
SE_12_0079	Mouse	NCBI GEO/SRA	Primary cell	Embryo	MEFs_noDOX	GSM3106259	GSM3106281
SE_12_0080	Mouse	NCBI GEO/SRA	Primary cell	Embryo	MEFs doxycycline ascorbic acid DAY3	GSM3106261	GSM3106282
SE_12_0081	Mouse	NCBI GEO/SRA	Primary cell	Embryo	MEFs doxycycline ascorbic acid DAY6 SSEA+	GSM3106264	GSM3106285
SE_12_0082	Mouse	NCBI GEO/SRA	Primary cell	Embryo	MEFs doxycycline ascorbic acid DAY9 SSEA+	GSM3106267	GSM3106288
SE_12_0083	Mouse	NCBI GEO/SRA	Stem cell	Embryo	ESCs V6.5	GSM3106269	GSM3106289
SE_12_0084	Mouse	NCBI GEO/SRA	Tissue	Stomach	stomach E17.5	GSM3141935	GSM3141939
SE_12_0085	Mouse	NCBI GEO/SRA	Tissue	Limb	embryonic limb buds E12.5	GSM3143394	GSM3143396
SE_12_0086	Mouse	NCBI GEO/SRA	Tissue	Limb	embryonic limb buds Sox9cKO E12.5	GSM3143395	GSM3143397
SE_12_0087	Mouse	NCBI GEO/SRA	Tissue	Limb	embryonic limb buds E11.5	GSM3143398	GSM3143400
SE_12_0088	Mouse	NCBI GEO/SRA	Tissue	Limb	embryonic limb buds Sox9cKO E11.5	GSM3143399	GSM3143401
SE_12_0089	Mouse	NCBI GEO/SRA	Stem cell	Embryo	ESCs H33 WT	GSM3143859	GSM3143861
SE_12_0090	Mouse	NCBI GEO/SRA	Stem cell	Embryo	ESCs H33 KO	GSM3143860	GSM3143862
SE_12_0091	Mouse	NCBI GEO/SRA	Stem cell	Embryo	ESCs HIRA WT	GSM3143873	GSM3143875
SE_12_0092	Mouse	NCBI GEO/SRA	Stem cell	Embryo	ESCs HIRA KO	GSM3143874	GSM3143876
SE_12_0093	Mouse	NCBI GEO/SRA	Stem cell	Embryo	ESCs ATRX DAXX WT	GSM3143877	GSM3143880
SE_12_0094	Mouse	NCBI GEO/SRA	Stem cell	Embryo	ESCs ATRX KO	GSM3143878	GSM3143881
SE_12_0095	Mouse	NCBI GEO/SRA	Stem cell	Embryo	ESCs DAXX KO	GSM3143879	GSM3143882
SE_12_0096	Mouse	NCBI GEO/SRA	Tissue	Embryo	Embryoid Bodies H33 WT	GSM3143887	GSM3143891
SE_12_0097	Mouse	NCBI GEO/SRA	Tissue	Embryo	Embryoid Bodies H33 KO	GSM3143889	GSM3143892
SE_12_0098	Mouse	NCBI GEO/SRA	Cell line	Skeletal muscle	C2C12	GSM3163917	GSM3164080
SE_12_0099	Mouse	NCBI GEO/SRA	Primary cell	Tail epidermis	BCC_R26-SmoM2/+ K14CreER	GSM3171679	GSM3171676
SE_12_0100	Mouse	NCBI GEO/SRA	Stem cell	Embryo	ESCs Chr4-cl WT	GSM3173671	GSM3173681
SE_12_0101	Mouse	NCBI GEO/SRA	Stem cell	Embryo	ESCs Chr4-cl KO	GSM3173674	GSM3173683
SE_12_0102	Mouse	NCBI GEO/SRA	Tissue	Testis	testis Chr4-cl WT	GSM3173677	GSM3173685
SE_12_0103	Mouse	NCBI GEO/SRA	Tissue	Testis	testis Chr4-cl KO	GSM3173680	GSM3173686
SE_12_0104	Mouse	NCBI GEO/SRA	Stem cell	Embryo	R1 Dendra2-RPB1,Halo-MED19 ES	GSM3178243	GSM3178242
SE_12_0105	Mouse	NCBI GEO/SRA	Stem cell	Embryo	R1 WT EpiLC	GSM3178247	GSM3178246
SE_12_0106	Mouse	NCBI GEO/SRA	Stem cell	Embryo	R1 Dendra2-RPB1,Halo-MED19 EpiLC	GSM3178251	GSM3178250
SE_12_0107	Mouse	NCBI GEO/SRA	Stem cell	Embryo	R1 WT ES	GSM3178255	GSM3178254
SE_12_0108	Mouse	NCBI GEO/SRA	Primary cell	Bone marrow	Lin- BM derived WT DN3 cells	GSM3188574	GSM3188578
SE_12_0109	Mouse	NCBI GEO/SRA	Primary cell	Bone marrow	Lin- BM derived Bcl11bKO cells	GSM3188576	GSM3188580
SE_12_0110	Mouse	NCBI GEO/SRA	Cell line	Mammary gland	KPL	GSM3189820	GSM3189809
SE_12_0111	Mouse	NCBI GEO/SRA	Cell line	Mammary gland	KPL 4-OHT	GSM3189821	GSM3189810
SE_12_0112	Mouse	NCBI GEO/SRA	Primary cell	Ovarian	peri-ovulatory granulosa cells	GSM3190462	GSM3190463
SE_12_0113	Mouse	NCBI GEO/SRA	Stem cell	Embryo	DKI ESCs Foxa2-Venus-neg/Sox17-Cherry-neg d0	GSM3223293	GSM3223320
SE_12_0114	Mouse	NCBI GEO/SRA	Stem cell	Embryo	DKI ESCs Foxa2-Venus-pos/Sox17-Cherry-neg d3	GSM3223295	GSM3223321
SE_12_0115	Mouse	NCBI GEO/SRA	Stem cell	Embryo	DKI ESCs Foxa2-Venus-pos/Sox17-Cherry-pos d5	GSM3223297	GSM3223322
SE_12_0116	Mouse	NCBI GEO/SRA	Stem cell	Embryo	TXY Xist_delta_A	GSM3239827	GSM3239824
SE_12_0117	Mouse	NCBI GEO/SRA	Stem cell	Embryo	TXY XistWT	GSM3239838	GSM3239837
SE_12_0118	Mouse	NCBI GEO/SRA	Tissue	Lung	lung tumor	GSM3244936	GSM3244940
SE_12_0119	Mouse	NCBI GEO/SRA	Primary cell	Skin	iBiP melanoma mouse model tumor cell KMT2D WT	GSM3262775	GSM3262779
SE_12_0120	Mouse	NCBI GEO/SRA	Primary cell	Skin	iBiP melanoma mouse model tumor cell KMT2D Mutant	GSM3262781	GSM3262785
SE_12_0121	Mouse	NCBI GEO/SRA	Stem cell	Embryo	TX1072 Hdac3KO Dox 0h	GSM3266978	GSM3266977
SE_12_0122	Mouse	NCBI GEO/SRA	Stem cell	Embryo	TX1072 Hdac3KO Dox 8h	GSM3266981	GSM3266980
SE_12_0123	Mouse	NCBI GEO/SRA	Primary cell	Kidney	renin cells Ren1c-/-_ Ren1c-YFP	GSM3307720	GSM3307721
SE_12_0124	Mouse	NCBI GEO/SRA	Cell line	Kidney	As4.1	GSM3307723	GSM3307724
SE_12_0125	Mouse	NCBI GEO/SRA	Primary cell	Bone marrow	RAG-/-µ+ pre-B cells	GSM3103098	GSM3103099
SE_12_0126	Mouse	NCBI GEO/SRA	Stem cell	Embryo	E14Tg2a treat 0h	GSM3314701	GSM3314741
SE_12_0127	Mouse	NCBI GEO/SRA	Stem cell	Embryo	E14Tg2a treat 1h	GSM3314702	GSM3314742
SE_12_0128	Mouse	NCBI GEO/SRA	Stem cell	Embryo	E14Tg2a treat 6h	GSM3314703	GSM3314743
SE_12_0129	Mouse	NCBI GEO/SRA	Stem cell	Embryo	E14Tg2a treat 12h	GSM3314704	GSM3314744
SE_12_0130	Mouse	NCBI GEO/SRA	Stem cell	Embryo	E14Tg2a treat 24h	GSM3314705	GSM3314745
SE_12_0131	Mouse	NCBI GEO/SRA	Stem cell	Embryo	E14Tg2a treat 36h	GSM3314706	GSM3314746
SE_12_0132	Mouse	NCBI GEO/SRA	Stem cell	Embryo	E14Tg2a treat 48h	GSM3314707	GSM3314747
SE_12_0133	Mouse	NCBI GEO/SRA	Stem cell	Embryo	E14Tg2a treat 72h	GSM3314708	GSM3314748
SE_12_0134	Mouse	NCBI GEO/SRA	Primary cell	Teratocarcinoma	undifferentiated P19 EC cells	GSM3317492	GSM3317489
SE_12_0135	Mouse	NCBI GEO/SRA	Primary cell	Teratocarcinoma	P19 EC cells	GSM3317498	GSM3317495
SE_12_0136	Mouse	NCBI GEO/SRA	Tissue	Mammary gland	mammary gland untreated	GSM3348054	GSM3348058
SE_12_0137	Mouse	NCBI GEO/SRA	Tissue	Mammary gland	Mammary tumor untreated	GSM3348069	GSM3348073
SE_12_0138	Mouse	NCBI GEO/SRA	Tissue	Mammary gland	Mammary tumor DMSO	GSM3348088	GSM3348089
SE_12_0139	Mouse	NCBI GEO/SRA	Tissue	Mammary gland	Mammary tumor C646	GSM3348094	GSM3348095
SE_12_0140	Mouse	NCBI GEO/SRA	Primary cell	Testis	spermatogenic cells Brg1WT	GSM3360359	GSM3360349
SE_12_0141	Mouse	NCBI GEO/SRA	Primary cell	Testis	spermatogenic cells Brg1cKO	GSM3360361	GSM3360349
SE_12_0142	Mouse	NCBI GEO/SRA	Stem cell	Fetal liver	hematopoietic stem cells_14.5d	GSM3360667	GSM3360665
SE_12_0143	Mouse	NCBI GEO/SRA	Stem cell	Bone marrow	hematopoietic stem cells_6_8w	GSM3360677	GSM3360675
SE_12_0144	Mouse	NCBI GEO/SRA	Primary cell	Blood	MEP cells WT	GSM3369613	GSM3369601
SE_12_0145	Mouse	NCBI GEO/SRA	Primary cell	Blood	Prdm16s Leukemic-MEP cells	GSM3369616	GSM3369604
SE_12_0146	Mouse	NCBI GEO/SRA	Tissue	Liver	liver_unfed	GSM3381252	GSM3381270
SE_12_0147	Mouse	NCBI GEO/SRA	Tissue	Liver	liver_fed	GSM3381255	GSM3381271
SE_12_0148	Mouse	NCBI GEO/SRA	Cell line	Other	Beko pre-T apicidin 24h	GSM3383939	GSM3383945
SE_12_0149	Mouse	NCBI GEO/SRA	Cell line	Other	Beko pre-T DMSO 24h	GSM3383941	GSM3383946
SE_12_0150	Mouse	NCBI GEO/SRA	Cell line	Other	Beko pre-T GSI 24h	GSM3383943	GSM3383947
SE_12_0151	Mouse	NCBI GEO/SRA	Stem cell	Embryo	ESCs d6	GSM3386198	GSM3386199
SE_12_0152	Mouse	NCBI GEO/SRA	Primary cell	Spleen	B220-Ly6G-CD8+CD45.1+Klrg1+ cell	GSM3388379	GSM3388387
SE_12_0153	Mouse	NCBI GEO/SRA	Primary cell	Spleen	B220-Ly6G-CD8+CD45.1+Klrg1- cell	GSM3388381	GSM3388389
SE_12_0154	Mouse	NCBI GEO/SRA	Primary cell	Spleen	B220-Ly6G-CD8+CD45.1+Tim3+Blimp1YFP+ cell	GSM3388383	GSM3388391
SE_12_0155	Mouse	NCBI GEO/SRA	Primary cell	Spleen	B220-Ly6G-CD8+CD45.1+Tim3-Blimp1YFP- cel	GSM3388385	GSM3388393
SE_12_0156	Mouse	NCBI GEO/SRA	Induced pluripotent stem cell	iPSCs	iPSCs d25	GSM3399938	GSM3399928
SE_12_0157	Mouse	NCBI GEO/SRA	Induced pluripotent stem cell	iPSCs	iPS-like cells d25 caMKL1 blocked	GSM3399942	GSM3399930
SE_12_0158	Mouse	NCBI GEO/SRA	Primary cell	Embryo	MEFs_p2	GSM3399946	GSM3399944
SE_12_0159	Mouse	NCBI GEO/SRA	Cell line	Blood	P5424 Rag2 P53 DKO non-stimulated	GSM3407047	GSM3407051
SE_12_0160	Mouse	NCBI GEO/SRA	Cell line	Blood	P5424 Rag2 P53 DKO PMA-Ionomycin	GSM3407048	GSM3407051
SE_12_0161	Mouse	NCBI GEO/SRA	Tissue	Cerebellum	Cerebellum	GSM3936983	GSM3936987
SE_12_0162	Mouse	NCBI GEO/SRA	Tissue	Medulloblastoma	Medulloblastoma	GSM3423046	GSM3936988
SE_12_0163	Mouse	NCBI GEO/SRA	Tissue	Duodenal crypts	Duodenal crypts control	GSM3418003	GSM3418005
SE_12_0164	Mouse	NCBI GEO/SRA	Tissue	Duodenal crypts	Duodenal crypts Prdm16 KO	GSM3418004	GSM3418006
SE_12_0165	Mouse	NCBI GEO/SRA	Primary cell	Bone marrow	BMDM_B6N	GSM3440879	GSM3440881
SE_12_0166	Mouse	NCBI GEO/SRA	Primary cell	Bone marrow	BMDM_B6J	GSM3440883	GSM3440885
SE_12_0167	Mouse	NCBI GEO/SRA	Tissue	Pancreas	pancreas Bap1 KO	GSM3444302	GSM3444294
SE_12_0168	Mouse	NCBI GEO/SRA	Tissue	Testis	whole testis	GSM3734439	GSM3734456
SE_12_0169	Mouse	NCBI GEO/SRA	Primary cell	Bone marrow	HoxB8 cells CSF3R.T618I only	GSM3457089	GSM3457095
SE_12_0170	Mouse	NCBI GEO/SRA	Tissue	Brain	hippocampus ctl	GSM3457410	GSM3457422
SE_12_0171	Mouse	NCBI GEO/SRA	Tissue	Brain	hippocampus EtOH	GSM3457413	GSM3457425
SE_12_0172	Mouse	NCBI GEO/SRA	Tissue	Brain	hippocampus ACSS2 KD	GSM3457416	GSM3457428
SE_12_0173	Mouse	NCBI GEO/SRA	Tissue	Brain	hippocampus EtOH ACSS2 KD	GSM3457419	GSM3457431
SE_12_0174	Mouse	NCBI GEO/SRA	Primary cell	Liver	MPH DMSO	GSM3475839	GSM3475845
SE_12_0175	Mouse	NCBI GEO/SRA	Primary cell	Liver	MPH Thapsi	GSM3475840	GSM3475846
SE_12_0176	Mouse	NCBI GEO/SRA	Tissue	Adipose	interscapular brown adipose	GSM3484560	GSM3484566
SE_12_0177	Mouse	NCBI GEO/SRA	Stem cell	Embryo	E14_dCas9-KRAB_empty	GSM3486977	GSM3486976
SE_12_0178	Mouse	NCBI GEO/SRA	Tissue	Cortex	Cortex WT 7-10w	GSM3502297	GSM3502295
SE_12_0179	Mouse	NCBI GEO/SRA	Tissue	Cortex	Cortex MeCP2 OE 7-10w	GSM3502298	GSM3502296
SE_12_0180	Mouse	NCBI GEO/SRA	Tissue	Cortex	Cortex WT 7-8w-1	GSM4114273	GSM4114281
SE_12_0181	Mouse	NCBI GEO/SRA	Tissue	Cortex	Cortex Dnmt3a cKO 7-8w-1	GSM4114274	GSM4114282
SE_12_0182	Mouse	NCBI GEO/SRA	Tissue	Prefrontal cortex	Prefrontal cortex 6w	GSM3508779	GSM3508787
SE_12_0183	Mouse	NCBI GEO/SRA	Tissue	Heart	ventricle below left anterior descending artery ligation plane P1_1.5MI	GSM3514861	GSM3514865
SE_12_0184	Mouse	NCBI GEO/SRA	Tissue	Heart	ventricle below left anterior descending artery ligation plane P1_1.5Sham	GSM3514867	GSM3514871
SE_12_0185	Mouse	NCBI GEO/SRA	Tissue	Heart	ventricle below left anterior descending artery ligation plane P1_3MI	GSM3514873	GSM3514877
SE_12_0186	Mouse	NCBI GEO/SRA	Tissue	Heart	ventricle below left anterior descending artery ligation plane P1_3Sham	GSM3514879	GSM3514883
SE_12_0187	Mouse	NCBI GEO/SRA	Tissue	Heart	ventricle below left anterior descending artery ligation plane P1_7MI	GSM3514885	GSM3514889
SE_12_0188	Mouse	NCBI GEO/SRA	Tissue	Heart	ventricle below left anterior descending artery ligation plane P1_7Sham	GSM3514891	GSM3514895
SE_12_0189	Mouse	NCBI GEO/SRA	Tissue	Heart	ventricle below left anterior descending artery ligation plane P8_1.5MI	GSM3514897	GSM3514901
SE_12_0190	Mouse	NCBI GEO/SRA	Tissue	Heart	ventricle below left anterior descending artery ligation plane P8_1.5Sham	GSM3514903	GSM3514907
SE_12_0191	Mouse	NCBI GEO/SRA	Tissue	Heart	ventricle below left anterior descending artery ligation plane P8_3MI	GSM3514909	GSM3514913
SE_12_0192	Mouse	NCBI GEO/SRA	Tissue	Heart	ventricle below left anterior descending artery ligation plane P8_3Sham	GSM3514915	GSM3514919
SE_12_0193	Mouse	NCBI GEO/SRA	Tissue	Heart	ventricle below left anterior descending artery ligation plane P8_7MI	GSM3514921	GSM3514925
SE_12_0194	Mouse	NCBI GEO/SRA	Tissue	Heart	ventricle below left anterior descending artery ligation plane P8_7Sham	GSM3514927	GSM3514931
SE_12_0195	Mouse	NCBI GEO/SRA	Cell line	Bone marrow	416b	GSM3523652	GSM3523658
SE_12_0196	Mouse	NCBI GEO/SRA	Cell line	Bone marrow	416b PLZF-Flag	GSM3523655	GSM3523659
SE_12_0197	Mouse	NCBI GEO/SRA	Tissue	Liver	Liver FoxA adukt double null	GSM5260480	GSM5260489
SE_12_0198	Mouse	NCBI GEO/SRA	Primary cell	Neural precursor	WT olfactory basal cell line 2	GSM3533418	GSM3533406
SE_12_0199	Mouse	NCBI GEO/SRA	Tissue	Liver	liver high fat diet	GSM3534484	GSM3534490
SE_12_0200	Mouse	NCBI GEO/SRA	Tissue	Liver	liver low fat diet	GSM3534487	GSM3534493
SE_12_0201	Mouse	NCBI GEO/SRA	Cell line	Lung	SPC-Cre KP KrasG12D p53-/-	GSM3537448	GSM3537444
SE_12_0202	Mouse	NCBI GEO/SRA	Cell line	Lung	KPG KrasG12D p53-/- Gata6-/-	GSM3537456	GSM3537452
SE_12_0203	Mouse	NCBI GEO/SRA	Cell line	Other	G1297 Dox	GSM3557727	GSM3557726
SE_12_0204	Mouse	NCBI GEO/SRA	Cell line	Other	G1297	GSM3557730	GSM3557729
SE_12_0205	Mouse	NCBI GEO/SRA	Primary cell	Thymus	Thymocytes CD8SP Innate Memory	GSM3559321	GSM3559331
SE_12_0206	Mouse	NCBI GEO/SRA	Primary cell	Thymus	Thymocytes CD8SP Naive	GSM3559322	GSM3559332
SE_12_0207	Mouse	NCBI GEO/SRA	Primary cell	Thymus	Thymocytes CD8SP WT	GSM3559325	GSM3559333
SE_12_0208	Mouse	NCBI GEO/SRA	Primary cell	Thymus	Thymocytes CD8SP EomesTG	GSM3559326	GSM3559334
SE_12_0209	Mouse	NCBI GEO/SRA	Stem cell	Embryo	J1 Zscan4 OE	GSM3566932	GSM3566930
SE_12_0210	Mouse	NCBI GEO/SRA	Primary cell	Blood	EL4	GSM3573151	GSM3573161
SE_12_0211	Mouse	NCBI GEO/SRA	Primary cell	Bone marrow	Lin- BM cells WT	GSM3583064	GSM3583068
SE_12_0212	Mouse	NCBI GEO/SRA	Primary cell	Bone marrow	Lin- BM cells ARID1A KO	GSM3583070	GSM3583074
SE_12_0213	Mouse	NCBI GEO/SRA	Tissue	Uterus	uterus 10w_Veh	GSM3587123	GSM3587127
SE_12_0214	Mouse	NCBI GEO/SRA	Tissue	Uterus	uterus 10w_E2-1h	GSM3587124	GSM3587127
SE_12_0215	Mouse	NCBI GEO/SRA	Tissue	Uterus	uterus 21d_Veh	GSM3587125	GSM3587128
SE_12_0216	Mouse	NCBI GEO/SRA	Tissue	Uterus	uterus 21d_E2-1h	GSM3587126	GSM3587128
SE_12_0217	Mouse	NCBI GEO/SRA	Stem cell	Embryo	ESCs PDGFRα+FLK1- sorted day4 of differentiation	GSM3597195	GSM3597211
SE_12_0218	Mouse	NCBI GEO/SRA	Stem cell	Embryo	ESCs PDGFRα+FLK1- sorted day4 of differentiation dox d1	GSM3597197	GSM3597213
SE_12_0219	Mouse	NCBI GEO/SRA	Tissue	Embryo	MEFs flagAscl	GSM3598028	GSM3598030
SE_12_0220	Mouse	NCBI GEO/SRA	Tissue	Embryo	MEFs flagMyod1	GSM3598032	GSM3598034
SE_12_0221	Mouse	NCBI GEO/SRA	Tissue	Embryo	MEFs rtTA	GSM3598035	GSM3598037
SE_12_0222	Mouse	NCBI GEO/SRA	Tissue	Skin	Skin E16.5 days	GSM3634100	GSM3634112
SE_12_0223	Mouse	NCBI GEO/SRA	Primary cell	Limb	myoblast cell Twist2+	GSM3659988	GSM3659984
SE_12_0224	Mouse	NCBI GEO/SRA	Primary cell	Blood	LGMP cells WT	GSM3660036	GSM3660024
SE_12_0225	Mouse	NCBI GEO/SRA	Primary cell	Blood	LGMP cells Prkaa1 Prkaa2 DKO	GSM3660039	GSM3660027
SE_12_0226	Mouse	NCBI GEO/SRA	Tissue	Forebrain	Forebrain WT 8w	GSM3666361	GSM3666381
SE_12_0227	Mouse	NCBI GEO/SRA	Tissue	Forebrain	Forebrain MeCP2_KO 8w	GSM3666371	GSM3666391
SE_12_0228	Mouse	NCBI GEO/SRA	Tissue	Forebrain	Forebrain WT 8-12w	GSM3666419	GSM3666437
SE_12_0229	Mouse	NCBI GEO/SRA	Tissue	Forebrain	Forebrain R306C	GSM3666421	GSM3666442
SE_12_0230	Mouse	NCBI GEO/SRA	Tissue	Liver	Liver FFPE1 untreated	GSM3666846	GSM3666843
SE_12_0231	Mouse	NCBI GEO/SRA	Tissue	Liver	Liver FFPE2 untreated	GSM3666847	GSM3666844
SE_12_0232	Mouse	NCBI GEO/SRA	Tissue	Spleen	Spleen Frozen untreated	GSM3666860	GSM3666858
SE_12_0233	Mouse	NCBI GEO/SRA	Tissue	Spleen	Spleen FFPE1 untreated	GSM3666861	GSM3666859
SE_12_0234	Mouse	NCBI GEO/SRA	Tissue	Limb bud	limb bud E12.5 WT	GSM4230262	GSM4230266
SE_12_0235	Mouse	NCBI GEO/SRA	Tissue	Limb bud	limb bud E12.5 SPDH mutant	GSM4230264	GSM4230268
SE_12_0236	Mouse	NCBI GEO/SRA	Stem cell	Embryo	ESCs Esrrb WT	GSM3701994	GSM3701992
SE_12_0237	Mouse	NCBI GEO/SRA	Stem cell	Embryo	ESCs Esrrb KO	GSM3702000	GSM3701998
SE_12_0238	Mouse	NCBI GEO/SRA	Cell line	Lung	RP-116	GSM3712089	GSM3712091
SE_12_0239	Mouse	NCBI GEO/SRA	Cell line	Lung	RP-116_EPZ	GSM3712090	GSM3712092
SE_12_0240	Mouse	NCBI GEO/SRA	Primary cell	Spleen	Conventional B6 CD8+ Tc1 cells	GSM3716601	GSM3716603
SE_12_0241	Mouse	NCBI GEO/SRA	Primary cell	Spleen	Germ-free B6 CD8+ Tc1 cells	GSM3716602	GSM3716604
SE_12_0242	Mouse	NCBI GEO/SRA	Primary cell	Lymph nodes and spleen	CR B6-CD45.2 CD4+ Th1 cells	GSM3716573	GSM3716577
SE_12_0243	Mouse	NCBI GEO/SRA	Primary cell	Lymph nodes and spleen	CR B6.SJL-CD45.1 CD4+ Th1 cells	GSM3716574	GSM3716578
SE_12_0244	Mouse	NCBI GEO/SRA	Primary cell	Lymph nodes and spleen	Jax B6-CD45.2 CD4+ Th1 cells	GSM3716587	GSM3716590
SE_12_0245	Mouse	NCBI GEO/SRA	Primary cell	Lymph nodes and spleen	Jax B6.SJL-CD45.1 CD4+ Th1 cells	GSM3716588	GSM3716591
SE_12_0246	Mouse	NCBI GEO/SRA	Primary cell	Lymph nodes and spleen	Jax SJL CD4+ Th1 cells	GSM3716589	GSM3716592
SE_12_0247	Mouse	NCBI GEO/SRA	Primary cell	Lymph nodes and spleen	Conventional B6-CD45.2 CD4+ Th1 cells	GSM3716597	GSM3716599
SE_12_0248	Mouse	NCBI GEO/SRA	Primary cell	Lymph nodes and spleen	Germ-free B6.SJL-CD45.1 CD4+ Th1 cells	GSM3716598	GSM3716600
SE_12_0249	Mouse	NCBI GEO/SRA	Primary cell	Testis	Thy1 spermatogonia WT	GSM3746320	GSM3746332
SE_12_0250	Mouse	NCBI GEO/SRA	Primary cell	Testis	c-Kit+ spermatogonia WT	GSM3746322	GSM3746334
SE_12_0251	Mouse	NCBI GEO/SRA	Primary cell	Testis	c-Kit+ spermatogonia Scml2KO	GSM3746326	GSM3746342
SE_12_0252	Mouse	NCBI GEO/SRA	Primary cell	Testis	Round spermatides Scml2KO	GSM3746330	GSM3746346
SE_12_0253	Mouse	NCBI GEO/SRA	Stem cell	Back skin	bulge hair follicle stem cells	GSM3755253	GSM3755251
SE_12_0254	Mouse	NCBI GEO/SRA	Primary cell	Brain	Cx3cr1-deficient microglia-F	GSM3757228	GSM3757230
SE_12_0255	Mouse	NCBI GEO/SRA	Primary cell	Brain	microglia-F	GSM3757234	GSM3757236
SE_12_0256	Mouse	NCBI GEO/SRA	Stem cell	Embryo	RGd2	GSM3759780	GSM3759772
SE_12_0257	Mouse	NCBI GEO/SRA	Stem cell	Embryo	RGd2 32h N2B27	GSM3759782	GSM3759774
SE_12_0258	Mouse	NCBI GEO/SRA	Stem cell	Embryo	ESCs WT	GSM3762908	GSM3762881
SE_12_0259	Mouse	NCBI GEO/SRA	Stem cell	Embryo	ESCs Dnttip1 KO2	GSM3762906	GSM3762885
SE_12_0260	Mouse	NCBI GEO/SRA	Primary cell	Embryonic kidneys	nephron progenitor cells d16.5 1.25uM CHIR 24h	GSM3764078	GSM3764086
SE_12_0261	Mouse	NCBI GEO/SRA	Primary cell	Embryonic kidneys	nephron progenitor cells d16.5 5uM CHIR 24h	GSM3764100	GSM3764108
SE_12_0262	Mouse	NCBI GEO/SRA	Primary cell	Embryonic kidneys	nephron progenitor cells d16.5	GSM3764122	GSM3764124
SE_12_0263	Mouse	NCBI GEO/SRA	Primary cell	Bone marrow	HSPC WT	GSM3790119	GSM3790137
SE_12_0264	Mouse	NCBI GEO/SRA	Primary cell	Bone marrow	FACS-sorted LSK cells	GSM3842169	GSM3842185
SE_12_0265	Mouse	NCBI GEO/SRA	Primary cell	Bone marrow	FACS-sorted LSK cells G12D	GSM3842171	GSM3842187
SE_12_0266	Mouse	NCBI GEO/SRA	Primary cell	Bone marrow	FACS-sorted LSK cells Ezh2-KO	GSM3842173	GSM3842189
SE_12_0267	Mouse	NCBI GEO/SRA	Primary cell	Bone marrow	FACS-sorted LSK cells  G12D_Ezh2-KO	GSM3842175	GSM3842191
SE_12_0268	Mouse	NCBI GEO/SRA	Tissue	Fetal liver	liver E14.5	GSM3845593	GSM3845594
SE_12_0269	Mouse	NCBI GEO/SRA	Primary cell	Testis	homogenous synchronous spermatogenic cells Undiff	GSM3902605	GSM3902708
SE_12_0270	Mouse	NCBI GEO/SRA	Primary cell	Testis	homogenous synchronous spermatogenic cells A1	GSM3902607	GSM3902709
SE_12_0271	Mouse	NCBI GEO/SRA	Primary cell	Testis	homogenous synchronous spermatogenic cells TypeB	GSM3902609	GSM3902710
SE_12_0272	Mouse	NCBI GEO/SRA	Primary cell	Testis	homogenous synchronous spermatogenic cells mPL	GSM3902611	GSM3902711
SE_12_0273	Mouse	NCBI GEO/SRA	Primary cell	Testis	homogenous synchronous spermatogenic cells L	GSM3902613	GSM3902712
SE_12_0274	Mouse	NCBI GEO/SRA	Primary cell	Testis	homogenous synchronous spermatogenic cells mZ	GSM3902615	GSM3902713
SE_12_0275	Mouse	NCBI GEO/SRA	Primary cell	Testis	homogenous synchronous spermatogenic cells mP	GSM3902617	GSM3902714
SE_12_0276	Mouse	NCBI GEO/SRA	Primary cell	Testis	homogenous synchronous spermatogenic cells D WT	GSM3902619	GSM3902715
SE_12_0277	Mouse	NCBI GEO/SRA	Primary cell	Testis	homogenous synchronous spermatogenic cells Ctrl.L	GSM3902621	GSM3902716
SE_12_0278	Mouse	NCBI GEO/SRA	Primary cell	Testis	homogenous synchronous spermatogenic cells Ctrl.Z	GSM3902622	GSM3902717
SE_12_0279	Mouse	NCBI GEO/SRA	Primary cell	Testis	homogenous synchronous spermatogenic cells Dmc1KO.L	GSM3902623	GSM3902718
SE_12_0280	Mouse	NCBI GEO/SRA	Primary cell	Testis	homogenous synchronous spermatogenic cells Dmc1KO.Z	GSM3902624	GSM3902719
SE_12_0281	Mouse	NCBI GEO/SRA	Primary cell	Testis	homogenous synchronous spermatogenic cells Prdm9KO.L	GSM3902625	GSM3902720
SE_12_0282	Mouse	NCBI GEO/SRA	Primary cell	Testis	homogenous synchronous spermatogenic cells Prdm9KO.Z	GSM3902626	GSM3902721
SE_12_0283	Mouse	NCBI GEO/SRA	Primary cell	Testis	homogenous synchronous spermatogenic cells Spo11KO.L	GSM3902627	GSM3902722
SE_12_0284	Mouse	NCBI GEO/SRA	Primary cell	Testis	homogenous synchronous spermatogenic cells Spo11KO.Z	GSM3902628	GSM3902723
SE_12_0285	Mouse	NCBI GEO/SRA	Primary cell	Spleen and peripheral lymoh organs	CD4+ T cell	GSM3024246	GSM3024233
SE_12_0286	Mouse	NCBI GEO/SRA	Tissue	Forebrain	Hippocampal	GSM3898383	GSM3898391
SE_12_0287	Mouse	NCBI GEO/SRA	Tissue	Liver	Liver treatment with H2O	GSM4455320	GSM3932021
SE_12_0288	Mouse	NCBI GEO/SRA	Tissue	Liver	Liver treatment with NR	GSM4455322	GSM3932023
SE_12_0289	Mouse	NCBI GEO/SRA	Tissue	Small Intestine	Small Intestine FED		
SE_12_0290	Mouse	NCBI GEO/SRA	Tissue	Small Intestine	Small Intestine FASTD	GSM3934392	GSM3934394
SE_12_0291	Mouse	NCBI GEO/SRA	Stem cell	Back skin	Hair follicle stem cells DAPI-,Sca-1-,integrina6+,CD34+ WT	GSM3990028	GSM3990026
SE_12_0292	Mouse	NCBI GEO/SRA	Stem cell	Back skin	Hair follicle stem cells DAPI-,Sca-1-,integrina6+,CD34+ NFI-dKO	GSM3990032	GSM3990030
SE_12_0293	Mouse	NCBI GEO/SRA	Stem cell	Brain	neuronal stem cells WT	GSM4008511	GSM4008515
SE_12_0294	Mouse	NCBI GEO/SRA	Tissue	Cerebral cortex	Cerebral cortex_Sham 9w	GSM4011087	GSM4011089
SE_12_0295	Mouse	NCBI GEO/SRA	Tissue	Cerebral cortex	Cerebral cortex_stroke 9w	GSM4011088	GSM4011089
SE_12_0296	Mouse	NCBI GEO/SRA	Stem cell	Embryo	E14_WT	GSM4017180	GSM4017196
SE_12_0297	Mouse	NCBI GEO/SRA	Stem cell	Embryo	E14 Pml-/-	GSM4017182	GSM4017197
SE_12_0298	Mouse	NCBI GEO/SRA	Primary cell	AGM	major arteries endothelium 10.5d	GSM4021810	GSM4021807
SE_12_0299	Mouse	NCBI GEO/SRA	Primary cell	AGM	major arteries hemogenic endothelium 10.5	GSM4021819	GSM4021818
SE_12_0300	Mouse	NCBI GEO/SRA	Primary cell	AGM	10.5 major arteries PreHSC 10.5d	GSM4021829	GSM4021827
SE_12_0301	Mouse	NCBI GEO/SRA	Stem cell	Fetal liver	hematopoietic stem cells 14.5d	GSM4021839	GSM4021837
SE_12_0302	Mouse	NCBI GEO/SRA	Primary cell	Pancreas	Pancreatic cancer cells WT	GSM4080867	GSM4080861
SE_12_0303	Mouse	NCBI GEO/SRA	Primary cell	Pancreas	Pancreatic cancer cells Nsd2KO	GSM4080869	GSM4080862
SE_12_0304	Mouse	NCBI GEO/SRA	Tissue	Cerebellum	Cerebellum_MEF2A	GSM4096967	GSM4096985
SE_12_0305	Mouse	NCBI GEO/SRA	Tissue	Cerebellum	Cerebellum_MEF2D	GSM4096973	GSM4096985
SE_12_0306	Mouse	NCBI GEO/SRA	Tissue	Cerebellum	Cerebellum_MEF2A_KO	GSM4096970	GSM4096986
SE_12_0307	Mouse	NCBI GEO/SRA	Tissue	Cerebellum	Cerebellum_MEF2D_KO	GSM4096976	GSM4096986
SE_12_0308	Mouse	NCBI GEO/SRA	Tissue	Cerebellum	Cerebellum_MEF2AD	GSM4096979	GSM4096985
SE_12_0309	Mouse	NCBI GEO/SRA	Tissue	Cerebellum	Cerebellum_MEF2AD_KO	GSM4096982	GSM4096986
SE_12_0310	Mouse	NCBI GEO/SRA	Stem cell	Embryo	ESCs DnmtDKO	GSM4099366	GSM4099395
SE_12_0311	Mouse	NCBI GEO/SRA	Stem cell	Embryo	ESCs DnmtTKO	GSM4099368	GSM4099397
SE_12_0312	Mouse	NCBI GEO/SRA	Stem cell	Embryo	ESCs G9a-/- Tg	GSM4099370	GSM4099399
SE_12_0313	Mouse	NCBI GEO/SRA	Stem cell	Embryo	ESCs G9a-/-_GLP-/-	GSM4099372	GSM4099401
SE_12_0314	Mouse	NCBI GEO/SRA	Stem cell	Embryo	ESCs WT	GSM4099374	GSM4099403
SE_12_0315	Mouse	NCBI GEO/SRA	Tissue	Genital tubercle	GT_E13_5	GSM4110081	GSM4110087
SE_12_0316	Mouse	NCBI GEO/SRA	Tissue	Cerebellum	Cerebellum control P60	GSM4256533	GSM4256527
SE_12_0317	Mouse	NCBI GEO/SRA	Tissue	Cerebellum	Cerebellum Chd4 cKO P60	GSM4256535	GSM4256528
SE_12_0318	Mouse	NCBI GEO/SRA	Cell line	Bone marrow stromal	OP9 shCtrl	GSM4134160	GSM4134154
SE_12_0319	Mouse	NCBI GEO/SRA	Cell line	Bone marrow stromal	OP9 shPbrm1	GSM4134166	GSM4134161
SE_12_0320	Mouse	NCBI GEO/SRA	Primary cell	Blood	Hoxa9 and Trib1-expressing murine AML cells	GSM4159167	GSM4159171
SE_12_0321	Mouse	NCBI GEO/SRA	Primary cell	Blood	Hoxa9 single expressing AML cells	GSM4159170	GSM4159171
SE_12_0322	Mouse	NCBI GEO/SRA	Stem cell	Embryo	Hepatic stellate cells isolated from mouse liver	GSM4176112	GSM4176111
SE_12_0323	Mouse	NCBI GEO/SRA	Primary cell	Other	BV1 Cells Banf1 WT	GSM4202168	GSM4202172
SE_12_0324	Mouse	NCBI GEO/SRA	Stem cell	Blastocyst	J1 WT	GSM4205678	GSM4205677
SE_12_0325	Mouse	NCBI GEO/SRA	Stem cell	Blastocyst	J1_Mut18	GSM4205681	GSM4205680
SE_12_0326	Mouse	NCBI GEO/SRA	Stem cell	Blastocyst	J1_Mut43	GSM4205684	GSM4205683
SE_12_0327	Mouse	NCBI GEO/SRA	Primary cell	Thymus	CD4+ CD8+ thymocytes_BL6	GSM4214137	GSM4214141
SE_12_0328	Mouse	NCBI GEO/SRA	Primary cell	Thymus	CD4+ CD8+ thymocytes_NOD	GSM4214139	GSM4214142
SE_12_0329	Mouse	NCBI GEO/SRA	Primary cell	Ectoderm	epiblast stem cell derived OPCs Control	GSM4260070	GSM4260074
SE_12_0330	Mouse	NCBI GEO/SRA	Primary cell	Ectoderm	epiblast stem cell derived OPCs Vhl	GSM4260072	GSM4260074
SE_12_0331	Mouse	NCBI GEO/SRA	Primary cell	Blood	OT-I CD8 T cells Day5-no-drug WT	GSM4271085	GSM4271087
SE_12_0332	Mouse	NCBI GEO/SRA	Primary cell	Blood	OT-I CD8 T cells Day5-drug 10 μM RGFP966 WT	GSM4271088	GSM4271090
SE_12_0333	Mouse	NCBI GEO/SRA	Primary cell	Blood	OT-I CD8 T cells Day0 WT	GSM4271094	GSM4271096
SE_12_0334	Mouse	NCBI GEO/SRA	Primary cell	Blood	OT-I CD8 T cells Day5 KO hdac3	GSM4271099	GSM4271100
SE_12_0335	Mouse	NCBI GEO/SRA	Primary cell	Blood	OT-I CD8 T cells Day5 WT	GSM4271101	GSM4271102
SE_12_0336	Mouse	NCBI GEO/SRA	Primary cell	Spleen	Splenic B cells Ikzf3 fl/+	GSM4809922	GSM4273029
SE_12_0337	Mouse	NCBI GEO/SRA	Primary cell	Spleen	Splenic B cells Ikzf3 fl/fl	GSM4809921	GSM4273032
SE_12_0338	Mouse	NCBI GEO/SRA	Tissue	Testis	pachytene spermatocytes	GSM4308645	GSM4308646
SE_12_0339	Mouse	NCBI GEO/SRA	Tissue	Testis	round spermatids	GSM4308648	GSM4308649
SE_12_0340	Mouse	NCBI GEO/SRA	Primary cell	Spleen	CD3e-NKp46+ Natural killer cells WT	GSM4314409	GSM4314419
SE_12_0341	Mouse	NCBI GEO/SRA	Primary cell	Spleen	CD3e-NKp46+ Natural killer cells WT_IL2_12_6h	GSM4314415	GSM4314423
SE_12_0342	Mouse	NCBI GEO/SRA	Tissue	Salivary gland	Salivary Gland Epithelial Cells	GSM4332232	GSM4332240
SE_12_0343	Mouse	NCBI GEO/SRA	Stem cell	Embryo	E14 Control	GSM4804188	GSM5225380
SE_12_0344	Mouse	NCBI GEO/SRA	Stem cell	Embryo	F123 mouse ES cell auxin_0hr	GSM4386085	GSM4386069
SE_12_0345	Mouse	NCBI GEO/SRA	Stem cell	Embryo	F123 mouse ES cell auxin_24hr	GSM4386087	GSM4386071
SE_12_0346	Mouse	NCBI GEO/SRA	Stem cell	Embryo	F123 mouse ES cell auxin_48hr	GSM4386089	GSM4386073
SE_12_0347	Mouse	NCBI GEO/SRA	Cell line	Brain	F123 mouse neural precursor cell d2_ctl	GSM4386091	GSM4386075
SE_12_0348	Mouse	NCBI GEO/SRA	Cell line	Brain	F123 mouse neural precursor cell d2_auxin	GSM4386093	GSM4386077
SE_12_0349	Mouse	NCBI GEO/SRA	Cell line	Brain	F123 mouse neural precursor cell d4_ctl	GSM4386095	GSM4386079
SE_12_0350	Mouse	NCBI GEO/SRA	Cell line	Brain	F123 mouse neural precursor cell d4_auxin	GSM4386097	GSM4386081
SE_12_0351	Mouse	NCBI GEO/SRA	Cell line	Brain	F123 mouse neural precursor cell d4_washout	GSM4386099	GSM4386083
SE_12_0352	Mouse	NCBI GEO/SRA	Cell line	Brain	F123 mouse neural precursor cell d6_ctl-1	GSM4386101	GSM4386165
SE_12_0353	Mouse	NCBI GEO/SRA	Cell line	Brain	F123 mouse neural precursor cell d6_auxin-1	GSM4386103	GSM4386167
SE_12_0354	Mouse	NCBI GEO/SRA	Cell line	Brain	F123 mouse neural precursor cell d6_washout-1	GSM4386105	GSM4386169
SE_12_0355	Mouse	NCBI GEO/SRA	Primary cell	Brain	neural progenitor cells mIUE_G34R-WT	GSM4404975	GSM4404958
SE_12_0356	Mouse	NCBI GEO/SRA	Primary cell	Brain	neural progenitor cells mIUE_EV-WT	GSM4404963	GSM4404964
SE_12_0357	Mouse	NCBI GEO/SRA	Tissue	Liver	liver Rosa26-LSL-dCas9-p300_PBS	GSM4407743	GSM4407731
SE_12_0358	Mouse	NCBI GEO/SRA	Tissue	Liver	liver Rosa26-LSL-dCas9-p300_control	GSM4407747	GSM4407735
SE_12_0359	Mouse	NCBI GEO/SRA	Tissue	Liver	liver pdx1	GSM4407751	GSM4407739
SE_12_0360	Mouse	NCBI GEO/SRA	Cell line	Mammary gland	NMuMG mock	GSM4455849	GSM4455858
SE_12_0361	Mouse	NCBI GEO/SRA	Tissue	Superchiasmatic Nuclei	Superchiasmatic Nuclei WT Dark	GSM4458762	GSM4458763
SE_12_0362	Mouse	NCBI GEO/SRA	Tissue	Superchiasmatic Nuclei	Superchiasmatic Nuclei WT Light	GSM4458764	GSM4458765
SE_12_0363	Mouse	NCBI GEO/SRA	Cell line	Embryo	C3H10T1/2 control	GSM4477606	GSM4477610
SE_12_0364	Mouse	NCBI GEO/SRA	Primary cell	Pancreas	PDAC cell HDAC5-OE	GSM4490804	GSM4490796
SE_12_0365	Mouse	NCBI GEO/SRA	Primary cell	Pancreas	PDAC cell GFP-OE	GSM4490805	GSM4490797
SE_12_0366	Mouse	NCBI GEO/SRA	Primary cell	Pancreas	HDAC5-driven PDAC escaper cells HDAC5-KD	GSM4490806	GSM4490798
SE_12_0367	Mouse	NCBI GEO/SRA	Primary cell	Pancreas	HDAC5-driven PDAC escaper cells Scrmbl-KD	GSM4490807	GSM4490799
SE_12_0368	Mouse	NCBI GEO/SRA	Primary cell	Bone marrow	Lin- Sca1+ CD117+ cells WT	GSM4511851	GSM4511853
SE_12_0369	Mouse	NCBI GEO/SRA	Primary cell	Bone marrow	CD135+ CD150-IL-7R-Lin-CD117+ Sca-1+ LMPP WT	GSM4511854	GSM4511856
SE_12_0370	Mouse	NCBI GEO/SRA	Primary cell	Spleen	F4/80-MHC-class II high CD11c high XCR1+ CD172a- cDC1 WT	GSM4511857	GSM4511859
SE_12_0371	Mouse	NCBI GEO/SRA	Primary cell	Bone marrow	CD135+ CD150-IL-7R-Lin-CD117+ Sca-1+ LMPP d+56kb	GSM4511860	GSM4511862
SE_12_0372	Mouse	NCBI GEO/SRA	Primary cell	Bone marrow	Lin-CD117+ Sca-1-IL-7R-CD16/32+ CD115-GMP d+56kb	GSM4511863	GSM4511865
SE_12_0373	Mouse	NCBI GEO/SRA	Primary cell	Bone marrow	Lin-Sca-1-CD117+ IL-7R-CD115+ MDP d+56kb	GSM4511866	GSM4511868
SE_12_0374	Mouse	NCBI GEO/SRA	Primary cell	Bone marrow	CD3-CD19-Ly6G-NK1.1-CD117+ CD115+ CD135-Ly6C+ CD11b low cMoP d+56kb	GSM4511869	GSM4511871
SE_12_0375	Mouse	NCBI GEO/SRA	Primary cell	Bone marrow	CD135+ CD150-IL-7R-Lin-CD117+ Sca-1+ LMPP IRF8KO	GSM4511872	GSM4511874
SE_12_0376	Mouse	NCBI GEO/SRA	Primary cell	Blood	ZM-immortalized murine hematopoietic progenitor cells	GSM4512632	GSM4512629
SE_12_0377	Mouse	NCBI GEO/SRA	Stem cell	Embryo	ES-E14	GSM4519335	GSM4519336
SE_12_0378	Mouse	NCBI GEO/SRA	Primary cell	Embryo	NIH-3T3	GSM4519342	GSM4519343
SE_12_0379	Mouse	NCBI GEO/SRA	Stem cell	Embryo	E14Tg2A	GSM4555150	GSM4555160
SE_12_0380	Mouse	NCBI GEO/SRA	Primary cell	Adipose	BAT isolated brown preadipocytes Snf5f/f Cre	GSM4566913	GSM4566927
SE_12_0381	Mouse	NCBI GEO/SRA	Primary cell	Adipose	BAT isolated brown differentiating preadipocytes Snf5f/f Cre	GSM4566914	GSM4566928
SE_12_0382	Mouse	NCBI GEO/SRA	Primary cell	Adipose	BAT isolated brown preadipocytes Snf5f/f GFP	GSM4566915	GSM4566929
SE_12_0383	Mouse	NCBI GEO/SRA	Primary cell	Adipose	BAT isolated brown differentiating preadipocytes Snf5f/f GFP	GSM4566916	GSM4566930
SE_12_0384	Mouse	NCBI GEO/SRA	Primary cell	Adipose	BAT isolated brown preadipocytes Brg1AID/AID_Cebpb_Tir1	GSM4566965	GSM4566969
SE_12_0385	Mouse	NCBI GEO/SRA	Primary cell	Adipose	BAT isolated brown preadipocytes Brg1AID/AID_Cebpb_Vec	GSM4566966	GSM4566970
SE_12_0386	Mouse	NCBI GEO/SRA	Primary cell	Adipose	BAT isolated brown preadipocytes Brg1AID/AID_Vec_Tir1	GSM4566967	GSM4566971
SE_12_0387	Mouse	NCBI GEO/SRA	Primary cell	Adipose	BAT isolated brown preadipocytes Brg1AID/AID_Vec_Vec	GSM4566968	GSM4566972
SE_12_0388	Mouse	NCBI GEO/SRA	Stem cell	Endoderm differentiated	CJ9_Endoderm_WT	GSM4648455	GSM4648452
SE_12_0389	Mouse	NCBI GEO/SRA	Stem cell	Endoderm differentiated	CJ9_Endoderm_ arid4b-delta	GSM4648459	GSM4648456
SE_12_0390	Mouse	NCBI GEO/SRA	Stem cell	Mesoderm differentiated	CJ9_Mesoderm_WT	GSM4648463	GSM4648460
SE_12_0391	Mouse	NCBI GEO/SRA	Stem cell	Mesoderm differentiated	CJ9_Mesoderm_arid4b-delta	GSM4648467	GSM4648464
SE_12_0392	Mouse	NCBI GEO/SRA	Tissue	Adipose	visceral adipose_CORT_active	GSM4658732	GSM4658756
SE_12_0393	Mouse	NCBI GEO/SRA	Tissue	Adipose	visceral adipose_VEH_active	GSM4658736	GSM4658757
SE_12_0394	Mouse	NCBI GEO/SRA	Tissue	Adipose	visceral adipose_VEH_recovery	GSM4658738	GSM4658757
SE_12_0395	Mouse	NCBI GEO/SRA	Stem cell	Embryo	ESCs EZH +/-	GSM5290192	GSM5290195
SE_12_0396	Mouse	NCBI GEO/SRA	Stem cell	Embryo	ESCs EZH +/- + WT EZH2	GSM5290196	GSM5290199
SE_12_0397	Mouse	NCBI GEO/SRA	Tissue	Testis	Testis Dmrt1 flox/flox	GSM5184237	GSM5184236
SE_12_0398	Mouse	NCBI GEO/SRA	Tissue	Testis	Testis Dmrt1 flox/flox_ Dhh-Cre	GSM5184239	GSM5184238
SE_12_0399	Mouse	NCBI GEO/SRA	Primary cell	Liver	LSEC	GSM4680906	GSM4680908
SE_12_0400	Mouse	NCBI GEO/SRA	Primary cell	Heart	Cardiac fibroblasts_Veh	GSM4990677	GSM4990676
SE_12_0401	Mouse	NCBI GEO/SRA	Primary cell	Heart	Cardiac fibroblasts_TGFb	GSM4990681	GSM4990680
SE_12_0402	Mouse	NCBI GEO/SRA	Tissue	External genitalia	eExG E16.5	GSM4796311	GSM4796310
SE_12_0403	Mouse	NCBI GEO/SRA	Stem cell	Skeletal muscle	Skeletal muscle stem cells control		
SE_12_0404	Mouse	NCBI GEO/SRA	Stem cell	Skeletal muscle	Skeletal muscle stem cells LncMyoD-KD	GSM4819887	GSM4819888
SE_12_0405	Mouse	NCBI GEO/SRA	Tissue	Adipose	Brown adipocytes differentiated Med1f/fCreER Mock	GSM4875875	GSM4875873
SE_12_0406	Mouse	NCBI GEO/SRA	Tissue	Adipose	Brown adipocytes differentiated Med1f/fCreER 4OHT	GSM4875876	GSM4875874
SE_12_0407	Mouse	NCBI GEO/SRA	Tissue	Ectoderm	Epiblast E6.5 WT		
SE_12_0408	Mouse	NCBI GEO/SRA	Tissue	Cortex	Neuron from the frontal lobes Veh	GSM4911405	GSM4911453
SE_12_0409	Mouse	NCBI GEO/SRA	Tissue	Cortex	Neuron from the frontal lobes amphetamine 24h	GSM4911417	GSM4911454
SE_12_0410	Mouse	NCBI GEO/SRA	Tissue	Cortex	Neuron from the frontal lobes amphetamine 48h	GSM4911429	GSM4911455
SE_12_0411	Mouse	NCBI GEO/SRA	Tissue	Cortex	Neuron from the frontal lobes amphetamine d7	GSM4911441	GSM4911456
SE_12_0412	Mouse	NCBI GEO/SRA	Primary cell	Lymphocyte	PNA+ GC B cells WT	GSM4915612	GSM4915606
SE_12_0413	Mouse	NCBI GEO/SRA	Cell line	Blood	CALM-AF10 AML cell_DMSO	GSM5001880	GSM5001882
SE_12_0414	Mouse	NCBI GEO/SRA	Cell line	Blood	CALM-AF10 AML cell_DOX	GSM5001883	GSM5001885
SE_12_0415	Mouse	NCBI GEO/SRA	Primary cell	Spleen	GFP+ TCRbeta+ CD62Lhi CD44lo-med CD8+ T cells WT	GSM5017665	GSM5017666
SE_12_0416	Mouse	NCBI GEO/SRA	Primary cell	Spleen	GFP+ TCRbeta+ CD62Lhi CD44lo-med CD8+ T cells Tcf1-/-Lef1-/-	GSM5017670	GSM5017671
SE_12_0417	Mouse	NCBI GEO/SRA	Tissue	Ovary	ovary PMSG 48h hCG 0h	GSM5050371	GSM5050374
SE_12_0418	Mouse	NCBI GEO/SRA	Tissue	Ovary	ovary PMSG 48h hCG 1h	GSM5050372	GSM5050374
SE_12_0419	Mouse	NCBI GEO/SRA	Tissue	Ovary	ovary PMSG 48h hCG 4h	GSM5050373	GSM5050374
SE_12_0420	Mouse	NCBI GEO/SRA	Tissue	Embryo	embryo otic region E10.5	GSM5075986	GSM5075990
SE_12_0421	Mouse	NCBI GEO/SRA	Primary cell	Bone marrow	BMDM EtOH	GSM5213107	GSM5213104
SE_12_0422	Mouse	NCBI GEO/SRA	Primary cell	Bone marrow	BMDM EtOH LPS	GSM5213108	GSM5213105
SE_12_0423	Mouse	NCBI GEO/SRA	Primary cell	Bone marrow	BMDM 2OHE1 LPS	GSM5213109	GSM5213106
SE_12_0424	Mouse	NCBI GEO/SRA	Stem cell	Embryo	ESC auxin 8h	GSM5269538	GSM5269546
SE_12_0425	Mouse	NCBI GEO/SRA	Stem cell	Embryo	ESC DMSO 8h	GSM5269540	GSM5269548
SE_12_0426	Mouse	NCBI GEO/SRA	Tissue	Liver	Liver 24h fast WT	GSM5404612	GSM5404622
SE_12_0427	Mouse	NCBI GEO/SRA	Tissue	Liver	Liver 24h fast Cpt2 L-/-	GSM5404614	GSM5404622
SE_12_0428	Mouse	NCBI GEO/SRA	Tissue	Liver	Liver 24h fast Ppara -/-	GSM5404616	GSM5404622
SE_12_0429	Mouse	NCBI GEO/SRA	Tissue	Liver	Liver 24h fast Cpt2 L-/- _ Ppara -/-	GSM5404618	GSM5404622
SE_12_0430	Mouse	NCBI GEO/SRA	Tissue	Brain	Frontal cortex 129X1/SvJ x Cast/EiJ	GSM751461	GSM751471
SE_12_0431	Mouse	NCBI GEO/SRA	Tissue	Brain	Frontal cortex Cast/EiJ x 129X1/SvJ	GSM751462	GSM751472
SE_12_0432	Mouse	NCBI GEO/SRA	Primary cell	Embryo	3T3 fibroblasts unstim	GSM801538	GSM801544
SE_12_0433	Mouse	NCBI GEO/SRA	Primary cell	Embryo	3T3 fibroblasts stim TNF-alpha 2h	GSM801539	GSM801545
SE_12_0434	Mouse	NCBI GEO/SRA	Cell line	Embryo	P19.6 Untreated	GSM821507	GSM821509
SE_12_0435	Mouse	NCBI GEO/SRA	Cell line	Embryo	P19.6 RA-treated	GSM821508	GSM821510
SE_12_0436	Mouse	NCBI GEO/SRA	Tissue	Limb	limb E11.5	GSM1371056	GSM1371055
SE_12_0437	Mouse	NCBI GEO/SRA	Cell line	Myoblasts	C2C12 6hDelta	GSM1101724	GSM913281
SE_12_0438	Mouse	NCBI GEO/SRA	Primary cell	Embryonic male-gonad	FACS-purified Pou5f1-GFP-positive germ cells d13.5	GSM936095	GSM936091
SE_12_0439	Mouse	NCBI GEO/SRA	Stem cell	Embryo	ESC_Control	GSM1033640	GSM1033642
SE_12_0440	Mouse	NCBI GEO/SRA	Stem cell	Embryo	ESC_H33KD1	GSM1033641	GSM1033643
SE_12_0441	Mouse	NCBI GEO/SRA	Tissue	Embryonic cortex	Embryonic cortex E14.5	GSM1036134	GSM1036117
SE_12_0442	Mouse	NCBI GEO/SRA	Tissue	Hindlimb	hindlimb_E10.5	GSM1039559	GSM1039535
SE_12_0443	Mouse	NCBI GEO/SRA	Tissue	Forelimb	forelimb_autopod_E11.5	GSM1039560	GSM1039536
SE_12_0444	Mouse	NCBI GEO/SRA	Tissue	Hindlimb	hindlimb_autopod_E11.5	GSM1039561	GSM1039537
SE_12_0445	Mouse	NCBI GEO/SRA	Tissue	Forelimb	forelimb autopod_E12.5	GSM1039562	GSM1039538
SE_12_0446	Mouse	NCBI GEO/SRA	Tissue	Hindlimb	hindlimb autopod_E12.5	GSM1039563	GSM1039539
SE_12_0447	Mouse	NCBI GEO/SRA	Tissue	Forelimb	forelimb autopod_E13.5	GSM1039566	GSM1039542
SE_12_0448	Mouse	NCBI GEO/SRA	Tissue	Hindlimb	hindlimb autopod_E13.5	GSM1039567	GSM1039543
SE_12_0449	Mouse	NCBI GEO/SRA	Tissue	Lung	lung adenocarcinoma cell Nkx2-1-pos 4-7m	GSM1059366	GSM1059374
SE_12_0450	Mouse	NCBI GEO/SRA	Tissue	Lung	lung adenocarcinoma cell Nkx2-1-neg 4-7m	GSM1059375	GSM1059379
SE_12_0451	Mouse	NCBI GEO/SRA	Primary cell	Embryo	MEFs	GSM1187241	GSM1187243
SE_12_0452	Mouse	NCBI GEO/SRA	Stem cell	Embryo	Brg1f/f_ Actin-CreER WT	GSM1104453	GSM1104452
SE_12_0453	Mouse	NCBI GEO/SRA	Stem cell	Embryo	Brg1f/f_ Actin-CreER brg1 Deleted	GSM1104456	GSM1104455
SE_12_0454	Mouse	NCBI GEO/SRA	Primary cell	Peritoneal	peritoneal thioglycolate-elicited macrophages Kdo2-LipidA 1 hr C57BL6/J	GSM1131251	GSM1131258
SE_12_0455	Mouse	NCBI GEO/SRA	Primary cell	Peritoneal	peritoneal thioglycolate-elicited macrophages Kdo2-LipidA 1 hr BALBc/J	GSM1131253	GSM1131259
SE_12_0456	Mouse	NCBI GEO/SRA	Primary cell	Peritoneal	peritoneal thioglycolate-elicited macrophages no treatment C57BL6/J	GSM1131250	GSM1131262
SE_12_0457	Mouse	NCBI GEO/SRA	Primary cell	Peritoneal	peritoneal thioglycolate-elicited macrophages no treatment BALBc/J	GSM1131252	GSM1131263
SE_12_0458	Mouse	NCBI GEO/SRA	Stem cell	Embryo	ESCs tet2-/-	GSM1180208	GSM1180211
SE_12_0459	Mouse	NCBI GEO/SRA	Stem cell	Embryo	ESCs WT differentiation d3	GSM1507442	GSM1507438
SE_12_0460	Mouse	NCBI GEO/SRA	Stem cell	Embryo	ESCs tet2-/- differentiation d3	GSM1507446	GSM1507440
SE_12_0461	Mouse	NCBI GEO/SRA	Primary cell	Testis	Spermatocytes 8w	GSM1202714	GSM1202724
SE_12_0462	Mouse	NCBI GEO/SRA	Primary cell	Adipose	immortalized brown preadipocytes E18.5 WT d0	GSM1218881	GSM1218885
SE_12_0463	Mouse	NCBI GEO/SRA	Primary cell	Adipose	immortalized brown preadipocytes E18.5 WT d2	GSM1218882	GSM1218886
SE_12_0464	Mouse	NCBI GEO/SRA	Primary cell	Adipose	immortalized brown preadipocytes E18.5 MLL4 KO d0	GSM1218883	GSM1218887
SE_12_0465	Mouse	NCBI GEO/SRA	Primary cell	Adipose	immortalized brown preadipocytes E18.5 MLL4 KO d2	GSM1218884	GSM1218888
SE_12_0466	Mouse	NCBI GEO/SRA	Primary cell	Adipose	immortalized brown preadipocytes E18.5 EBPbeta GFP OE	GSM1219529	GSM1219531
SE_12_0467	Mouse	NCBI GEO/SRA	Primary cell	Adipose	immortalized brown preadipocytes E18.5 MLL4 KO EBPbeta GFP OE	GSM1219530	GSM1219532
SE_12_0468	Mouse	NCBI GEO/SRA	Primary cell	Adipose	immortalized brown preadipocytes E18.5 WT	GSM1219703	GSM1219707
SE_12_0469	Mouse	NCBI GEO/SRA	Primary cell	Adipose	MyoD-induced immortalized brown preadipocytes E18.5 WT	GSM1219704	GSM1219708
SE_12_0470	Mouse	NCBI GEO/SRA	Primary cell	Adipose	immortalized brown preadipocytes E18.5 MLL4 KO Cre	GSM1219705	GSM1219709
SE_12_0471	Mouse	NCBI GEO/SRA	Primary cell	Adipose	MyoD-induced immortalized brown preadipocytes MLL4 KO Cre	GSM1219706	GSM1219710
SE_12_0472	Mouse	NCBI GEO/SRA	Stem cell	Embryo	ESCs MLL3-/-_MLL4flox/flox	GSM1220838	GSM1220852
SE_12_0473	Mouse	NCBI GEO/SRA	Stem cell	Embryo	ESCs MLL3-/-_MLL4-/-	GSM1220839	GSM1220853
SE_12_0474	Mouse	NCBI GEO/SRA	Stem cell	Embryo	Differentiated embryoid body at d4 MLL3-/-_MLL4flox/flox	GSM1220846	GSM1220854
SE_12_0475	Mouse	NCBI GEO/SRA	Stem cell	Embryo	Differentiated embryoid body at d4 MLL3-/-_MLL4-/-	GSM1220847	GSM1220855
SE_12_0476	Mouse	NCBI GEO/SRA	Primary cell	Embryo	cultured trophoblast giant cells	GSM1223552	GSM1223562
SE_12_0477	Mouse	NCBI GEO/SRA	Tissue	Forebrain	Forebrain E11.5	GSM1264352	GSM1264353
SE_12_0478	Mouse	NCBI GEO/SRA	Tissue	Forebrain	Forebrain E14.5	GSM1264356	GSM1264357
SE_12_0479	Mouse	NCBI GEO/SRA	Tissue	Forebrain	Forebrain E17.5	GSM1264358	GSM1264359
SE_12_0480	Mouse	NCBI GEO/SRA	Tissue	Forebrain	Forebrain P0	GSM1264360	GSM1264361
SE_12_0481	Mouse	NCBI GEO/SRA	Tissue	Forebrain	Forebrain P7	GSM1264362	GSM1264363
SE_12_0482	Mouse	NCBI GEO/SRA	Tissue	Forebrain	Forebrain P21	GSM1264364	GSM1264365
SE_12_0483	Mouse	NCBI GEO/SRA	Tissue	Forebrain	Forebrain P56	GSM1264366	GSM1264367
SE_12_0484	Mouse	NCBI GEO/SRA	Tissue	Heart	Heart E11.5	GSM1264370	GSM1264371
SE_12_0485	Mouse	NCBI GEO/SRA	Tissue	Heart	Heart E14.5	GSM1264374	GSM1264375
SE_12_0486	Mouse	NCBI GEO/SRA	Tissue	Heart	Heart E17.5	GSM1264376	GSM1264377
SE_12_0487	Mouse	NCBI GEO/SRA	Tissue	Heart	Heart P0	GSM1264378	GSM1264379
SE_12_0488	Mouse	NCBI GEO/SRA	Tissue	Heart	Heart P7	GSM1264380	GSM1264381
SE_12_0489	Mouse	NCBI GEO/SRA	Tissue	Heart	Heart P21	GSM1264382	GSM1264383
SE_12_0490	Mouse	NCBI GEO/SRA	Tissue	Heart	Heart P56	GSM1264384	GSM1264385
SE_12_0491	Mouse	NCBI GEO/SRA	Tissue	Liver	Liver E11.5	GSM1264386	GSM1264387
SE_12_0492	Mouse	NCBI GEO/SRA	Tissue	Liver	Liver E14.5	GSM1264388	GSM1264389
SE_12_0493	Mouse	NCBI GEO/SRA	Tissue	Liver	Liver E17.5	GSM1264390	GSM1264391
SE_12_0494	Mouse	NCBI GEO/SRA	Tissue	Liver	Liver P0	GSM1264392	GSM1264393
SE_12_0495	Mouse	NCBI GEO/SRA	Tissue	Liver	Liver P7	GSM1264394	GSM1264395
SE_12_0496	Mouse	NCBI GEO/SRA	Tissue	Liver	Liver P21	GSM1264396	GSM1264397
SE_12_0497	Mouse	NCBI GEO/SRA	Tissue	Liver	Liver P56	GSM1264398	GSM1264399
SE_12_0498	Mouse	NCBI GEO/SRA	Tissue	Facial mesenchyme	facial mesenchyme E11.5	GSM1279691	GSM1279693
SE_12_0499	Mouse	NCBI GEO/SRA	Primary cell	Fetal testis	preSertoli cells E13.5	GSM1864823	GSM1864825
SE_12_0500	Mouse	NCBI GEO/SRA	Stem cell	Embryo	R1 ES shLuc	GSM1282183	GSM1282131
SE_12_0501	Mouse	NCBI GEO/SRA	Stem cell	Embryo	shKdm5b R1 ES	GSM1282184	GSM1282132
SE_12_0502	Mouse	NCBI GEO/SRA	In vitro activated cell	Blood	effector CD8+ T cells d3	GSM1309520	GSM1309529
SE_12_0503	Mouse	NCBI GEO/SRA	Cell line	Blood	IDG-SW3 differentiation d3	GSM1323926	GSM1323941
SE_12_0504	Mouse	NCBI GEO/SRA	Cell line	Blood	IDG-SW3 differentiation d35	GSM1323935	GSM1323942
SE_12_0505	Mouse	NCBI GEO/SRA	Primary cell	Maxillary arch	Maxillary arch Cells  E11.5	GSM1329665	GSM1329666
SE_12_0506	Mouse	NCBI GEO/SRA	Primary cell	Embryo	EpiLC_plusActivin	GSM1355171	GSM1355176
SE_12_0507	Mouse	NCBI GEO/SRA	Primary cell	Embryo	EpiLC_minusActivin	GSM1355172	GSM1355177
SE_12_0508	Mouse	NCBI GEO/SRA	Stem cell	Embryo	EpiSC9	GSM1382219	GSM1382221
SE_12_0509	Mouse	NCBI GEO/SRA	Stem cell	Embryo	E14.1 Sall4flox/-	GSM2065708	GSM1386992
SE_12_0510	Mouse	NCBI GEO/SRA	Stem cell	Embryo	E14.1 Sall4 delta/-	GSM2065709	GSM1386998
SE_12_0511	Mouse	NCBI GEO/SRA	Tissue	Cerebellum	cerebellum WT P22	GSM1388142	GSM1388146
SE_12_0512	Mouse	NCBI GEO/SRA	Tissue	Cerebellum	cerebellum Chd4 cKO	GSM1388143	GSM1388147
SE_12_0513	Mouse	NCBI GEO/SRA	Tissue	Thymus	DP T cells	GSM1428883	GSM1428884
SE_12_0514	Mouse	NCBI GEO/SRA	Tissue	Embryo	embryonic cells WT	GSM1437464	GSM1437467
SE_12_0515	Mouse	NCBI GEO/SRA	Tissue	Embryo	embryonic cells Ezh2-/-	GSM1437471	GSM1437474
SE_12_0516	Mouse	NCBI GEO/SRA	Tissue	Striatum	striatum WT	GSM1439570	GSM1439569
SE_12_0517	Mouse	NCBI GEO/SRA	Tissue	Striatum	striatum R6	GSM1439575	GSM1439574
SE_12_0518	Mouse	NCBI GEO/SRA	Primary cell	Brain	mCTX neurons DIV7	GSM1467415	GSM1467414
SE_12_0519	Mouse	NCBI GEO/SRA	Primary cell	Brain	mCTX neurons DIV7 KCl stimulated	GSM1467417	GSM1467416
SE_12_0520	Mouse	NCBI GEO/SRA	Primary cell	Spleen	CD4+ T cells d6	GSM1474192	GSM1474195
SE_12_0521	Mouse	NCBI GEO/SRA	Tissue	Brain	brain P1	GSM1479204	GSM1479200
SE_12_0522	Mouse	NCBI GEO/SRA	Tissue	Cerebellum	whole cerebellum P7	GSM2257519	GSM1486435
SE_12_0523	Mouse	NCBI GEO/SRA	Tissue	Cerebellum	whole cerebellum P60	GSM2257521	GSM1486436
SE_12_0524	Mouse	NCBI GEO/SRA	Stem cell	Embryo	V6.5_NonT	GSM1499126	GSM1499115
SE_12_0525	Mouse	NCBI GEO/SRA	Tissue	Back skin	HFSCs	GSM1501997	GSM1501996
SE_12_0526	Mouse	NCBI GEO/SRA	Tissue	Back skin	TACs GFP	GSM1502001	GSM1502000
SE_12_0527	Mouse	NCBI GEO/SRA	Tissue	Back skin	cultured HFSCs	GSM1502005	GSM1502004
SE_12_0528	Mouse	NCBI GEO/SRA	Tissue	Retina	retina WT d11	GSM1503713	GSM1503712
SE_12_0529	Mouse	NCBI GEO/SRA	Tissue	Retina	retina Mef2d KO d11	GSM1503715	GSM1503714
SE_12_0530	Mouse	NCBI GEO/SRA	Primary cell	Thymus	CD4+CD8+ double positive thymocytes WT	GSM1504384	GSM1504380
SE_12_0531	Mouse	NCBI GEO/SRA	Primary cell	Thymus	CD4+ CD8+ double positive _DP_ thymocyte Rad21 -/-	GSM1504386	GSM1504382
SE_12_0532	Mouse	NCBI GEO/SRA	Stem cell	Embryo	ESCs E3.5	GSM1516076	GSM1516068
SE_12_0533	Mouse	NCBI GEO/SRA	Primary cell	Spleen	activated B cell WT	GSM1519128	GSM1519131
SE_12_0534	Mouse	NCBI GEO/SRA	Stem cell	Embryo	V6.5	GSM1526287	GSM1526285
SE_12_0535	Mouse	NCBI GEO/SRA	Cell line	Blood	MLL-AF9 UNC2400	GSM1526999	GSM1526997
SE_12_0536	Mouse	NCBI GEO/SRA	Cell line	Blood	MLL-AF9 UNC1999	GSM1527003	GSM1527001
SE_12_0537	Mouse	NCBI GEO/SRA	Primary cell	Bone marrow	BMDM_C57BL6/J Untreat	GSM1533885	GSM1533887
SE_12_0538	Mouse	NCBI GEO/SRA	Primary cell	LPM	LPM_C57BL6/J Untreat	GSM1533890	GSM1533891
SE_12_0539	Mouse	NCBI GEO/SRA	Primary cell	SPM	SPM_C57BL6/J Untreat	GSM1533896	GSM1533897
SE_12_0540	Mouse	NCBI GEO/SRA	Primary cell	Brain	Microglia_C57BL6/J Untreat	GSM1533902	GSM1533903
SE_12_0541	Mouse	NCBI GEO/SRA	Primary cell	Peritoneal	peritoneal thioglycolate-elicited macrophages_C57BL6/J Untreat	GSM1533908	GSM1533909
SE_12_0542	Mouse	NCBI GEO/SRA	Primary cell	LPM	LPM_NOD/ShiLtJ Untreat	GSM1533931	GSM1533934
SE_12_0543	Mouse	NCBI GEO/SRA	Primary cell	LPM	LPM_SPRET/EiJ Untreat	GSM1533935	GSM1533938
SE_12_0544	Mouse	NCBI GEO/SRA	Primary cell	Brain	Microglia_SPRET/EiJ Untreat	GSM1533942	GSM1533945
SE_12_0545	Mouse	NCBI GEO/SRA	Primary cell	LPM	LPM_C57BL6/J Mcsf DMSO 7d	GSM1533955	GSM1533967
SE_12_0546	Mouse	NCBI GEO/SRA	Primary cell	LPM	LPM_C57BL6/J Mcsf ATRA 7d	GSM1533956	GSM1533968
SE_12_0547	Mouse	NCBI GEO/SRA	Primary cell	LPM	LPM_C57BL6/J Mcsf TGFB1 7d	GSM1533957	GSM1533969
SE_12_0548	Mouse	NCBI GEO/SRA	Primary cell	LPM	LPM_C57BL6/J Mcsf VehTGFB1 7d	GSM1533958	GSM1533970
SE_12_0549	Mouse	NCBI GEO/SRA	Tissue	Neocortex	excitatory pyramidal neurons 8-11w	GSM1541970	GSM1541978
SE_12_0550	Mouse	NCBI GEO/SRA	Tissue	Embryonic Cortex	Embryonic Cortex E11.5	GSM1489701	GSM1489705
SE_12_0551	Mouse	NCBI GEO/SRA	Tissue	Embryonic Cortex	Embryonic Cortex E14.5	GSM1489707	GSM1489711
SE_12_0552	Mouse	NCBI GEO/SRA	Tissue	Embryonic Cortex	Embryonic Cortex E17.5	GSM1489713	GSM1489717
SE_12_0553	Mouse	NCBI GEO/SRA	Tissue	Embryonic Occipital Cortex	Embryonic Occipital Cortex E17.5	GSM1489719	GSM1489723
SE_12_0554	Mouse	NCBI GEO/SRA	Primary cell	Bone marrow-derived macrophage	BMDM cells_LPS_0	GSM1557492	GSM1557519
SE_12_0555	Mouse	NCBI GEO/SRA	Primary cell	Bone marrow-derived macrophage	BMDM cells_LPS_30	GSM1557493	GSM1557520
SE_12_0556	Mouse	NCBI GEO/SRA	Primary cell	Bone marrow-derived macrophage	BMDM cells_LPS_60	GSM1557494	GSM1557521
SE_12_0557	Mouse	NCBI GEO/SRA	Primary cell	Bone marrow-derived macrophage	BMDM cells_LPS_120	GSM1557495	GSM1557522
SE_12_0558	Mouse	NCBI GEO/SRA	Primary cell	Bone marrow-derived macrophage	BMDM cells_LPS_240	GSM1557496	GSM1557523
SE_12_0559	Mouse	NCBI GEO/SRA	Tissue	Adipose	Brown adipose	GSM1561387	GSM1561389
SE_12_0560	Mouse	NCBI GEO/SRA	Tissue	Embryonic forelimb	embryonic forelimb E11.5 WT	GSM1563530	GSM1563532
SE_12_0561	Mouse	NCBI GEO/SRA	Tissue	Embryonic hindlimb	embryonic hindlimb E11.5 WT	GSM1563533	GSM1563535
SE_12_0562	Mouse	NCBI GEO/SRA	Tissue	Embryonic genital tubercle	embryonic genital tubercle E12.5 WT	GSM1563536	GSM1563538
SE_12_0563	Mouse	NCBI GEO/SRA	Tissue	Embryonic eye	embryonic eye E10.5 WT	GSM1563539	GSM1563540
SE_12_0564	Mouse	NCBI GEO/SRA	Tissue	Embryonic flank	embryonic flank E11.5 WT	GSM1563543	GSM1563544
SE_12_0565	Mouse	NCBI GEO/SRA	Stem cell	Embryo	V6.5 PRDM14 dC2	GSM1566101	GSM1566090
SE_12_0566	Mouse	NCBI GEO/SRA	Stem cell	Embryo	V6.5 PRDM14 dC1	GSM1566104	GSM1566096
SE_12_0567	Mouse	NCBI GEO/SRA	Stem cell	Embryo	V6.5 PRDM14 dC5	GSM1566103	GSM1566098
SE_12_0568	Mouse	NCBI GEO/SRA	Stem cell	Embryo	V6.5 PRDM14 dC3	GSM1566093	GSM1566099
SE_12_0569	Mouse	NCBI GEO/SRA	Stem cell	Embryo	V6.5	GSM1566091	GSM1566102
SE_12_0570	Mouse	NCBI GEO/SRA	Tissue	Fetal Liver	Lineage-Sca1+c-Kit+ _LSK_	GSM1599170	GSM1599176
SE_12_0571	Mouse	NCBI GEO/SRA	Tissue	Placenta	placenta e7.5	GSM1606632	GSM1606634
SE_12_0572	Mouse	NCBI GEO/SRA	Tissue	Placenta	placenta e9.5	GSM1606636	GSM1606638
SE_12_0573	Mouse	NCBI GEO/SRA	Cell line	Blood	MLL-AF9/NrasG12D murine cell line DMSO 2h	GSM1614774	GSM1614768
SE_12_0574	Mouse	NCBI GEO/SRA	Cell line	Blood	MLL-AF9/NrasG12D murine cell line C646 2h	GSM1614776	GSM1614769
SE_12_0575	Mouse	NCBI GEO/SRA	Cell line	T lymphocyte	8946	GSM1615136	GSM1615137
SE_12_0576	Mouse	NCBI GEO/SRA	Cell line	Thymic lymphoma	EL4 WT	GSM2770758	GSM2770753
SE_12_0577	Mouse	NCBI GEO/SRA	Cell line	Thymic lymphoma	EL4 CTCF-motif KO	GSM2770754	GSM2770757
SE_12_0578	Mouse	NCBI GEO/SRA	Tissue	Brain	hippocampus	GSM1629392	GSM1629396
SE_12_0579	Mouse	NCBI GEO/SRA	Primary cell	Bone marrow-derived macrophage	BMDM WT 12-16w	GSM1631858	GSM1631868
SE_12_0580	Mouse	NCBI GEO/SRA	Tissue	Embryonic forebrain	embryonic forebrain E12.5	GSM1635078	GSM1635084
SE_12_0581	Mouse	NCBI GEO/SRA	Tissue	Newborn lens	newborn lens P1	GSM1635079	GSM1635085
SE_12_0582	Mouse	NCBI GEO/SRA	Primary cell	Embryo	MEFs prior to induction	GSM1648651	GSM1648633
SE_12_0583	Mouse	NCBI GEO/SRA	Primary cell	Embryo	MEFs reprogramming intermediate d1	GSM1648652	GSM1648634
SE_12_0584	Mouse	NCBI GEO/SRA	Primary cell	Embryo	MEFs reprogramming intermediate d3	GSM1648653	GSM1648635
SE_12_0585	Mouse	NCBI GEO/SRA	Primary cell	Embryo	MEFs reprogramming intermediate d5	GSM1648654	GSM1648636
SE_12_0586	Mouse	NCBI GEO/SRA	Primary cell	Embryo	MEFs reprogramming intermediate d7	GSM1648655	GSM1648637
SE_12_0587	Mouse	NCBI GEO/SRA	Primary cell	Embryo	MEFs reprogramming intermediate d11	GSM1648656	GSM1648638
SE_12_0588	Mouse	NCBI GEO/SRA	Primary cell	Embryo	MEFs reprogramming intermediate d15	GSM1648657	GSM1648639
SE_12_0589	Mouse	NCBI GEO/SRA	Primary cell	Embryo	MEFs reprogramming intermediate d18	GSM1648658	GSM1648640
SE_12_0590	Mouse	NCBI GEO/SRA	Induced pluripotent stem cell line	iPSCs	iPS cell line	GSM1648659	GSM1648641
SE_12_0591	Mouse	NCBI GEO/SRA	Primary cell	Embryo	MEFs WT	GSM1671340	GSM1671349
SE_12_0592	Mouse	NCBI GEO/SRA	Primary cell	Jejunal	Jejunal epithelial cells	GSM1688780	GSM1688781
SE_12_0593	Mouse	NCBI GEO/SRA	Primary cell	Ileal	Ileal epithelial cells	GSM1688783	GSM1688784
SE_12_0594	Mouse	NCBI GEO/SRA	Primary cell	Embryo	ES derived mesoderm _Bry.GFP+,FLK1-_	GSM1692787	GSM1692806
SE_12_0595	Mouse	NCBI GEO/SRA	Primary cell	Embryo	ES derived Hemangioblasts _Bry.GFP+,FLK1+_	GSM1692791	GSM1692807
SE_12_0596	Mouse	NCBI GEO/SRA	Primary cell	Embryo	ES derived Hemogenic endothelium _Bry.GFP+,Tie2+/Ckit+/CD41-_	GSM1692795	GSM1692808
SE_12_0597	Mouse	NCBI GEO/SRA	Primary cell	Embryo	ES derived Macrophages _CD11b+_	GSM1692803	GSM1692810
SE_12_0598	Mouse	NCBI GEO/SRA	Primary cell	Rib	Enzyme digested rib chondrocytes	GSM1693001	GSM1693004
SE_12_0599	Mouse	NCBI GEO/SRA	Cell line	Embryonic skin	melan-Ink4a-Arf-1	GSM1713769	GSM1713771
SE_12_0600	Mouse	NCBI GEO/SRA	Tissue	Liver	liver Esr1 wt_E2	GSM1724236	GSM1724230
SE_12_0601	Mouse	NCBI GEO/SRA	Tissue	Liver	liver Esr1 -/- wt_E2	GSM1724241	GSM1724237
SE_12_0602	Mouse	NCBI GEO/SRA	Cell line	Embryo	P19	GSM1815477	GSM1815478
SE_12_0603	Mouse	NCBI GEO/SRA	Stem cell	Embryo	Embryonic stem cell	GSM1817007	GSM1817006
SE_12_0604	Mouse	NCBI GEO/SRA	Cell line	Insulin	BetaTC6	GSM1824090	GSM1824092
SE_12_0605	Mouse	NCBI GEO/SRA	Stem cell	Embryo	TKS185 E14 WT		
SE_12_0606	Mouse	NCBI GEO/SRA	Stem cell	Embryo	TKS185 E14 Tip5 KD		
SE_12_0607	Mouse	NCBI GEO/SRA	Primary cell	Bone marrow	B cell	GSM1830130	GSM1830116
SE_12_0608	Mouse	NCBI GEO/SRA	Primary cell	Bone marrow	B cell Cebpa 18h	GSM1830131	GSM1830117
SE_12_0609	Mouse	NCBI GEO/SRA	Primary cell	Splenocytes	B220+ GFP B cells	GSM1833826	GSM1833829
SE_12_0610	Mouse	NCBI GEO/SRA	Primary cell	Splenocytes	B220+ LMP2a B cells	GSM1833830	GSM1833833
SE_12_0611	Mouse	NCBI GEO/SRA	Primary cell	Bone marrow	Lin- enriched HSPC Cells NRAS G12D alone	GSM1835276	GSM1835278
SE_12_0612	Mouse	NCBI GEO/SRA	Primary cell	Bone marrow	Lin- enriched HSPC Cells DNMT3A R882H with NRAS G12D	GSM1835279	GSM1835281
SE_12_0613	Mouse	NCBI GEO/SRA	Primary cell	Bone marrow	Lin- enriched HSPC Cells DNMT3A WT with NRAS G12D	GSM1835282	GSM1835284
SE_12_0614	Mouse	NCBI GEO/SRA	Primary cell	Embryo	MEFs_Smarca4-KO	GSM1835943	GSM1835962
SE_12_0615	Mouse	NCBI GEO/SRA	Primary cell	Embryo	MEFs_Smarcb1-KO	GSM1835945	GSM1835964
SE_12_0616	Mouse	NCBI GEO/SRA	Primary cell	Embryo	MEFs_WT	GSM1835947	GSM1835966
SE_12_0617	Mouse	NCBI GEO/SRA	Primary cell	Colon	colon epithelial cells ARID1A-KO	GSM1836008	GSM1836010
SE_12_0618	Mouse	NCBI GEO/SRA	Primary cell	Skin	skin SCC 3 weeks after tumor graft	GSM1856060	GSM1856058
SE_12_0619	Mouse	NCBI GEO/SRA	Stem cell	Embryo	ESCs E14 serum	GSM1856425	GSM1856435
SE_12_0620	Mouse	NCBI GEO/SRA	Stem cell	Embryo	ESCs E14 2i	GSM1856426	GSM1856436
SE_12_0621	Mouse	NCBI GEO/SRA	Tissue	Retina	rod photoreceptors	GSM1865021	GSM1865029
SE_12_0622	Mouse	NCBI GEO/SRA	Tissue	Mammary gland	Mammary gland WT	GSM1869152	GSM1869155
SE_12_0623	Mouse	NCBI GEO/SRA	Tissue	Embryonic forebrain	forebrain E11.5	GSM1874087	GSM1874091
SE_12_0624	Mouse	NCBI GEO/SRA	Stem cell	Embryo	E14	GSM1874094	GSM1874095
SE_12_0625	Mouse	NCBI GEO/SRA	Primary cell	Bone marrow-derived macrophage	BMDM veh 6h	GSM1875476	GSM1875477
SE_12_0626	Mouse	NCBI GEO/SRA	Primary cell	Bone marrow-derived macrophage	BMDM homogenate 6h	GSM1875478	GSM1875479
SE_12_0627	Mouse	NCBI GEO/SRA	Primary cell	Bone marrow-derived macrophage	BMDM veh 3h	GSM1875480	GSM1875481
SE_12_0628	Mouse	NCBI GEO/SRA	Primary cell	Bone marrow-derived macrophage	BMDM homogenate 3h	GSM1875482	GSM1875483
SE_12_0629	Mouse	NCBI GEO/SRA	In vitro activated cell	Other	day 5 in vitro activated CD8+ Treg	GSM1876376	GSM1876380
SE_12_0630	Mouse	NCBI GEO/SRA	Primary cell	Blood	MPP	GSM1887715	GSM1887723
SE_12_0631	Mouse	NCBI GEO/SRA	Primary cell	Blood	CDP	GSM1887717	GSM1887724
SE_12_0632	Mouse	NCBI GEO/SRA	Primary cell	Blood	cDC	GSM1887719	GSM1887725
SE_12_0633	Mouse	NCBI GEO/SRA	Primary cell	Blood	pDC	GSM1887721	GSM1887726
SE_12_0634	Mouse	NCBI GEO/SRA	Primary cell	Thymus	CD4 T cells TCRbeta high, CD69, CD24, CD8+	GSM1889259	GSM1889261
SE_12_0635	Mouse	NCBI GEO/SRA	Primary cell	Heart	adult ventricular cardiomyocytes Myh6-Cre+ _ Eed fl/fl _EED Knockout_ CKO_	GSM1902458	GSM1902478
SE_12_0636	Mouse	NCBI GEO/SRA	Primary cell	Heart	adult ventricular cardiomyocytes WT	GSM1902461	GSM1902478
SE_12_0637	Mouse	NCBI GEO/SRA	Tissue	Embryonic kidney	embryonic kidney d16.5	GSM1904606	GSM1904608
SE_12_0638	Mouse	NCBI GEO/SRA	Stem cell	Embryo	E14 WT	GSM1908892	GSM1908896
SE_12_0639	Mouse	NCBI GEO/SRA	Stem cell	Embryo	E14 Mll3-/- Mll4-/-	GSM1908893	GSM1908897
SE_12_0640	Mouse	NCBI GEO/SRA	Stem cell	Embryo	E14 WT D0	GSM2099855	GSM2099867
SE_12_0641	Mouse	NCBI GEO/SRA	Stem cell	Embryo	E14 WT D1	GSM2099856	GSM2099868
SE_12_0642	Mouse	NCBI GEO/SRA	Stem cell	Embryo	E14 WT D1.5	GSM2099857	GSM2099869
SE_12_0643	Mouse	NCBI GEO/SRA	Stem cell	Embryo	E14 WT D2	GSM2099858	GSM2099870
SE_12_0644	Mouse	NCBI GEO/SRA	Stem cell	Embryo	E14 WT D2.5		
SE_12_0645	Mouse	NCBI GEO/SRA	Stem cell	Embryo	E14 WT D3	GSM2099860	GSM2099872
SE_12_0646	Mouse	NCBI GEO/SRA	Stem cell	Embryo	E14 Mll3/4 DKO D0	GSM2099861	GSM2099873
SE_12_0647	Mouse	NCBI GEO/SRA	Stem cell	Embryo	E14 Mll3/4 DKO D1	GSM2099862	GSM2099874
SE_12_0648	Mouse	NCBI GEO/SRA	Stem cell	Embryo	E14 Mll3/4 DKO D1.5	GSM2099863	GSM2099875
SE_12_0649	Mouse	NCBI GEO/SRA	Stem cell	Embryo	E14 Mll3/4 DKO D2	GSM2099864	GSM2099876
SE_12_0650	Mouse	NCBI GEO/SRA	Stem cell	Embryo	E14 Mll3/4 DKO D3	GSM2099866	GSM2099878
SE_12_0651	Mouse	NCBI GEO/SRA	Tissue	Adipose	imortalized Pparg-flox/flox BAT isolated brown preadipocytes D3	GSM1913044	GSM1913060
SE_12_0652	Mouse	NCBI GEO/SRA	Tissue	Adipose	imortalized Pparg-flox/flox BAT isolated brown preadipocytes D0	GSM1913045	GSM1913061
SE_12_0653	Mouse	NCBI GEO/SRA	Tissue	Adipose	imortalized Pparg-flox/flox BAT isolated brown preadipocytes D2	GSM1913046	GSM1913062
SE_12_0654	Mouse	NCBI GEO/SRA	Tissue	Adipose	imortalized Pparg-flox/flox BAT isolated brown preadipocytes D7	GSM1913047	GSM1913063
SE_12_0655	Mouse	NCBI GEO/SRA	Tissue	Retina	retina P0	GSM1915952	GSM1915979
SE_12_0656	Mouse	NCBI GEO/SRA	Tissue	Retina	retina BRG1 -/- P12	GSM1915954	GSM1915981
SE_12_0657	Mouse	NCBI GEO/SRA	Tissue	Retina	retina WT P12	GSM1915956	GSM1915983
SE_12_0658	Mouse	NCBI GEO/SRA	Tissue	Retina	retina WT P14	GSM1915957	GSM1915984
SE_12_0659	Mouse	NCBI GEO/SRA	Tissue	Retina	retina WT P21	GSM1915959	GSM1915985
SE_12_0660	Mouse	NCBI GEO/SRA	Stem cell	Colon	colonic epithelial stem cell Mock		
SE_12_0661	Mouse	NCBI GEO/SRA	Tissue	Skin	back skin RFP,integrin α6,Sca-1,CD34	GSM1936793	GSM1936797
SE_12_0662	Mouse	NCBI GEO/SRA	Primary cell	Blood	BCR-ABL1 transformed p19 null preB-ALL	GSM1936967	GSM1936969
SE_12_0663	Mouse	NCBI GEO/SRA	Stem cell	Embryo	C3H10T1/2 differentiation d3	GSM1961070	GSM1961065
SE_12_0664	Mouse	NCBI GEO/SRA	Stem cell	Embryo	C3H10T1/2 differentiation d0	GSM1961071	GSM1961066
SE_12_0665	Mouse	NCBI GEO/SRA	Stem cell	Embryo	C3H10T1/2 differentiation d0,6h	GSM1961072	GSM1961067
SE_12_0666	Mouse	NCBI GEO/SRA	Stem cell	Embryo	C3H10T1/2 differentiation d2	GSM1961073	GSM1961068
SE_12_0667	Mouse	NCBI GEO/SRA	Stem cell	Embryo	C3H10T1/2 differentiation d7	GSM1961074	GSM1961069
SE_12_0668	Mouse	NCBI GEO/SRA	Primary cell	Macrophage	macrophages Maf-DKO	GSM1964728	GSM1964740
SE_12_0669	Mouse	NCBI GEO/SRA	Primary cell	Bone marrow	bone marrow derived macrophages WT	GSM1964729	GSM1964741
SE_12_0670	Mouse	NCBI GEO/SRA	Cell line	Skeletal muscle	C2C12 Myotubes	GSM1972401	GSM1972418
SE_12_0671	Mouse	NCBI GEO/SRA	Cell line	Skeletal muscle	C2C12 Myoblast	GSM1972399	GSM2053057
SE_12_0672	Mouse	NCBI GEO/SRA	Tissue	Liver	liver tet-Myc expression off	GSM1973379	GSM1973390
SE_12_0673	Mouse	NCBI GEO/SRA	Primary cell	Bone marrow	mesenchymal stromal cell SMAA-mCherry+ d0	GSM1973723	GSM1973787
SE_12_0674	Mouse	NCBI GEO/SRA	Primary cell	Bone marrow	mesenchymal stromal cell SMAA-mCherry+ d7	GSM1973725	GSM1973789
SE_12_0675	Mouse	NCBI GEO/SRA	Primary cell	Bone marrow	mesenchymal stromal cell SMAA-mCherry+ d14	GSM1973727	GSM1973791
SE_12_0676	Mouse	NCBI GEO/SRA	Primary cell	Bone marrow	mesenchymal stromal cell SMAA-mCherry+ d21	GSM1973729	GSM1973793
SE_12_0677	Mouse	NCBI GEO/SRA	Primary cell	Adipose	immortalized GR-flox/flox brown preadipocytes veh 4h	GSM2029182	GSM2029191
SE_12_0678	Mouse	NCBI GEO/SRA	Primary cell	Adipose	immortalized GR-flox/flox brown preadipocytes cre_4h	GSM2029184	GSM2029193
SE_12_0679	Mouse	NCBI GEO/SRA	Primary cell	Liver	Liver Arid1a Fl/Fl	GSM2040959	GSM2040967
SE_12_0680	Mouse	NCBI GEO/SRA	Primary cell	Liver	liver Arid1a Fl/Fl_ Alb-cre	GSM2040960	GSM2040968
SE_12_0681	Mouse	NCBI GEO/SRA	Stem cell	Embryo	ESCs WT	GSM2052273	GSM2052276
SE_12_0682	Mouse	NCBI GEO/SRA	Stem cell	Embryo	mESC-derived neuron WT	GSM2052288	GSM2052289
SE_12_0683	Mouse	NCBI GEO/SRA	Cell line	Embryo	P19 Untreated	GSM2037073	GSM2037113
SE_12_0684	Mouse	NCBI GEO/SRA	Cell line	Embryo	P19 SB-431542	GSM2037074	GSM2037114
SE_12_0685	Mouse	NCBI GEO/SRA	Cell line	Embryo	P19 Activin 1h	GSM2037076	GSM2037116
SE_12_0686	Mouse	NCBI GEO/SRA	Cell line	Embryo	P19 Activin 4h	GSM2037078	GSM2037118
SE_12_0687	Mouse	NCBI GEO/SRA	Cell line	Embryo	P19 Activin 8h	GSM2037080	GSM2037120
SE_12_0688	Mouse	NCBI GEO/SRA	Stem cell	Spermatogonia	multipotent adult spermatogonial-derived stem cell	GSM2067711	GSM2067704
SE_12_0689	Mouse	NCBI GEO/SRA	Primary cell	Spermatogonia	Spermatogonial stem and progenitor cell	GSM2067721	GSM2067712
SE_12_0690	Mouse	NCBI GEO/SRA	Tissue	Anterior trunk	anterior trunk E11.5	GSM2084503	GSM2084507
SE_12_0691	Mouse	NCBI GEO/SRA	Tissue	Forelimb	Proximal forelimb E12.5 WT	GSM2061120	GSM2061132
SE_12_0692	Mouse	NCBI GEO/SRA	Tissue	Forelimb	Distal forelimb E12.5 WT	GSM2061121	GSM2061133
SE_12_0693	Mouse	NCBI GEO/SRA	Primary cell	Spleen	splenic B220+ lymphocytes	GSM2100304	GSM2100303
SE_12_0694	Mouse	NCBI GEO/SRA	Primary cell	Spleen	splenic B220+ lymphocytes Crebbp KD	GSM2100312	GSM2100311
SE_12_0695	Mouse	NCBI GEO/SRA	Tissue	Thymus	whole thymocyte WT 11w	GSM2107746	GSM2107747
SE_12_0696	Mouse	NCBI GEO/SRA	Tissue	Thymus	whole thymocyte WT 8.5w	GSM2107749	GSM2107750
SE_12_0697	Mouse	NCBI GEO/SRA	Stem cell	Embryo	ESCs MLL3/4 DKO	GSM2111673	GSM2111693
SE_12_0698	Mouse	NCBI GEO/SRA	Stem cell	Embryo	ESCs WT	GSM2111677	GSM2111699
SE_12_0699	Mouse	NCBI GEO/SRA	Stem cell	Embryo	R1 ESC WT	GSM2808655	GSM2808649
SE_12_0700	Mouse	NCBI GEO/SRA	Stem cell	Embryo	R1 ESC MLL3/4 double catalytic dead	GSM2808658	GSM2808656
SE_12_0701	Mouse	NCBI GEO/SRA	In vitro activated cell	Spleen	Splenic B cells activated in vitro IgM+CD40L	GSM2132685	GSM2132687
SE_12_0702	Mouse	NCBI GEO/SRA	Tissue	Brain	Frontal Cortex Control 120m	GSM2143254	GSM2143252
SE_12_0703	Mouse	NCBI GEO/SRA	Tissue	Brain	Frontal Cortex Treatment 120m	GSM2143256	GSM2143253
SE_12_0704	Mouse	NCBI GEO/SRA	Tissue	Brain	Amygdala Control 120m	GSM2143258	GSM2143260
SE_12_0705	Mouse	NCBI GEO/SRA	Tissue	Brain	Amygdala Treatment 120m	GSM2143261	GSM2143263
SE_12_0706	Mouse	NCBI GEO/SRA	Tissue	Brain	Hypothalamus Control 120m	GSM2143264	GSM2143266
SE_12_0707	Mouse	NCBI GEO/SRA	Tissue	Brain	Hypothalamus Treatment 120m	GSM2143267	GSM2143269
SE_12_0708	Mouse	NCBI GEO/SRA	Tissue	Brain	Amygdala Control 30m	GSM2143270	GSM2143272
SE_12_0709	Mouse	NCBI GEO/SRA	Tissue	Brain	Amygdala Treatment 30m	GSM2143273	GSM2143275
SE_12_0710	Mouse	NCBI GEO/SRA	Tissue	Brain	Hypothalamus Control 30m	GSM2143276	GSM2143278
SE_12_0711	Mouse	NCBI GEO/SRA	Tissue	Brain	Hypothalamus Treatment 30m	GSM2143279	GSM2143281
SE_12_0712	Mouse	NCBI GEO/SRA	Tissue	Brain	Frontal Cortex Control 30m	GSM2143282	GSM2143284
SE_12_0713	Mouse	NCBI GEO/SRA	Tissue	Brain	Frontal Cortex Treatment 30m	GSM2143285	GSM2143287
SE_12_0714	Mouse	NCBI GEO/SRA	Primary cell	Effector CD8 T cells	CD8 T cells CD8+ CD45.2+ WT	GSM2177015	GSM2177016
SE_12_0715	Mouse	NCBI GEO/SRA	Tissue	Colon	colon	GSM2185707	GSM2185709
SE_12_0716	Mouse	NCBI GEO/SRA	Tissue	Small intestine	distal small intestin	GSM2185714	GSM2185716
SE_12_0717	Mouse	NCBI GEO/SRA	Primary cell	Embryo	P19 EC cells UT	GSM2188907	GSM2188913
SE_12_0718	Mouse	NCBI GEO/SRA	Primary cell	Embryo	P19 EC cells RA 6h	GSM2188908	GSM2188914
SE_12_0719	Mouse	NCBI GEO/SRA	Primary cell	Embryo	P19 EC cells RA 12h	GSM2188909	GSM2188915
SE_12_0720	Mouse	NCBI GEO/SRA	Primary cell	Embryo	P19 EC cells RA 18h	GSM2188910	GSM2188916
SE_12_0721	Mouse	NCBI GEO/SRA	Primary cell	Embryo	P19 EC cells RA 24h	GSM2188911	GSM2188917
SE_12_0722	Mouse	NCBI GEO/SRA	Primary cell	Embryo	P19 EC cells RA 48h	GSM2188912	GSM2188918
SE_12_0723	Mouse	NCBI GEO/SRA	Primary cell	Blood	pre-B ALL	GSM2196086	GSM2196087
SE_12_0724	Mouse	NCBI GEO/SRA	Primary cell	Spermatogonia from testis	TSPAN8-high subpopulation of P6 ID4-EGFP+	GSM2202693	GSM2202696
SE_12_0725	Mouse	NCBI GEO/SRA	Primary cell	Spermatogonia from testis	TSPAN8-low subpopulation of P6 ID4-EGFP+	GSM2202697	GSM2202700
SE_12_0726	Mouse	NCBI GEO/SRA	Primary cell	Adipose	imortalized GR-flox/flox brown preadipocytes WT	GSM2218888	GSM2218892
SE_12_0727	Mouse	NCBI GEO/SRA	Primary cell	Adipose	imortalized GR-flox/flox brown preadipocytes	GSM2218890	GSM2218894
SE_12_0728	Mouse	NCBI GEO/SRA	Tissue	Liver	Liver R26-rtTA_WT	GSM2220058	GSM2220099
SE_12_0729	Mouse	NCBI GEO/SRA	Stem cell	Embryo	HapES cells _AN3-12_	GSM2227078	GSM3396515
SE_12_0730	Mouse	NCBI GEO/SRA	Primary cell	Tumor	tumor cells p53-/-_p18-/-	GSM2249837	GSM2249839
SE_12_0731	Mouse	NCBI GEO/SRA	Primary cell	Tumor	tumor cell p53-/-_p18-/- _Ezh2-/-	GSM2249841	GSM2249843
SE_12_0732	Mouse	NCBI GEO/SRA	Tissue	Embryo	E9.5 embryo anterior	GSM2253709	GSM2253713
SE_12_0733	Mouse	NCBI GEO/SRA	Tissue	Embryo	E9.5 embryo tailbud	GSM2253710	GSM2253714
SE_12_0734	Mouse	NCBI GEO/SRA	Cell line	Liver	Liver tumor cell line Myc_sgp53/Cas	GSM2257221	GSM2257227
SE_12_0735	Mouse	NCBI GEO/SRA	Cell line	Liver	Liver tumor cell line Myc_sgMll3/Cas	GSM2257224	GSM2257229
SE_12_0736	Mouse	NCBI GEO/SRA	Primary cell	Blood	Sorted neutrophils KO	GSM2257333	GSM2257335
SE_12_0737	Mouse	NCBI GEO/SRA	Primary cell	Blood	Sorted neutrophils WT	GSM2257338	GSM2257340
SE_12_0738	Mouse	NCBI GEO/SRA	Primary cell	Bone marrow-derived macrophage	Macrophage IL10-/-RAG2-/-	GSM2296665	GSM2296677
SE_12_0739	Mouse	NCBI GEO/SRA	Primary cell	Other	stromal adherent pre-B cell progenitors IKDN CD2 Cre	GSM2310041	GSM2310048
SE_12_0740	Mouse	NCBI GEO/SRA	Primary cell	Other	stromal adherent pre-B cell progenitors WT	GSM2310042	GSM2310049
SE_12_0741	Mouse	NCBI GEO/SRA	Cell line	Keratinocyte	MK1	GSM2310122	GSM2310124
SE_12_0742	Mouse	NCBI GEO/SRA	Primary cell	Embryo	embryonic fibroblast Kap1 KO	GSM2339530	GSM2339537
SE_12_0743	Mouse	NCBI GEO/SRA	Primary cell	Embryo	embryonic fibroblast WT Kap1 loxP/loxP	GSM2339532	GSM2339538
SE_12_0744	Mouse	NCBI GEO/SRA	Primary cell	Spleen and lymph	CD4+ Th1 High IL-2	GSM2389489	GSM2389490
SE_12_0745	Mouse	NCBI GEO/SRA	Primary cell	Spleen and lymph	CD4+ Th1 low IL-2	GSM2389492	GSM2389493
SE_12_0746	Mouse	NCBI GEO/SRA	Primary cell	Spleen and lymph	CD4+ Th1 Low IL-2 +	GSM2389496	GSM2389497
SE_12_0747	Mouse	NCBI GEO/SRA	Induced pluripotent stem cell line	Embryo	MEF-derived iPS cells	GSM2361227	GSM2361239
SE_12_0748	Mouse	NCBI GEO/SRA	Primary cell	Small intestine	enterocyte	GSM2386644	GSM2386646
SE_12_0749	Mouse	NCBI GEO/SRA	Primary cell	Small intestine	intestinal epithelial cell E12.5	GSM2386648	GSM2386650
SE_12_0750	Mouse	NCBI GEO/SRA	Primary cell	Small intestine	intestinal epithelial cell E14.5	GSM2386652	GSM2386654
SE_12_0751	Mouse	NCBI GEO/SRA	Primary cell	Small intestine	Lgr5+ intestinal stem cell	GSM2386656	GSM2386658
SE_12_0752	Mouse	NCBI GEO/SRA	Tissue	Brain	sorted_cultured_microglia 7d	GSM2642958	GSM2642968
SE_12_0753	Mouse	NCBI GEO/SRA	Primary cell	Intestine	Jejunal intestinal epithelial cells GF	GSM2401537	GSM2401570
SE_12_0754	Mouse	NCBI GEO/SRA	Primary cell	Intestine	Jejunal intestinal epithelial cells CV	GSM2401539	GSM2401571
SE_12_0755	Mouse	NCBI GEO/SRA	Primary cell	Spleen	primary T cells	GSM2429059	GSM2412719
SE_12_0756	Mouse	NCBI GEO/SRA	Primary cell	Embryo	MEFs	GSM2417093	GSM2417121
SE_12_0757	Mouse	NCBI GEO/SRA	Primary cell	Embryo	pre-iPSC line 1	GSM2417095	GSM2417123
SE_12_0758	Mouse	NCBI GEO/SRA	Stem cell	Embryo	ESC	GSM2417096	GSM2417124
SE_12_0759	Mouse	NCBI GEO/SRA	Cell line	Macrophage	RAW 264.7 UT	GSM2419197	GSM2419202
SE_12_0760	Mouse	NCBI GEO/SRA	Cell line	Macrophage	RAW 264.7_LPS_1h	GSM2419205	GSM2419209
SE_12_0761	Mouse	NCBI GEO/SRA	Cell line	Macrophage	RAW 264.7_LPS_4h	GSM2419212	GSM2419216
SE_12_0762	Mouse	NCBI GEO/SRA	Cell line	Brain	Neuro 2a	GSM2420116	GSM2427792
SE_12_0763	Mouse	NCBI GEO/SRA	Cell line	Mammary gland	NMuMG UT_0hr	GSM2427753	GSM2427768
SE_12_0764	Mouse	NCBI GEO/SRA	Cell line	Mammary gland	NMuMG TGF-β_4hr	GSM2427756	GSM2427768
SE_12_0765	Mouse	NCBI GEO/SRA	Cell line	Mammary gland	NMuMG TGF-β_24hr	GSM2427759	GSM2427768
SE_12_0766	Mouse	NCBI GEO/SRA	Primary cell	Lymphocyte	B220+ B cells	GSM2427864	GSM2427877
SE_12_0767	Mouse	NCBI GEO/SRA	Stem cell	Embryo	ESCs E14	GSM2429210	GSM2429222
SE_12_0768	Mouse	NCBI GEO/SRA	Tissue	Adipose	Pool of epididymal and inguinal WAT adipocyte	GSM2433327	GSM2433331
SE_12_0769	Mouse	NCBI GEO/SRA	Tissue	Adipose	Pool of epididymal and inguinal WAT non-adipocyte	GSM2433332	GSM2433333
SE_12_0770	Mouse	NCBI GEO/SRA	Tissue	Adipose	epididymal WAT	GSM2433334	GSM2433336
SE_12_0771	Mouse	NCBI GEO/SRA	Stem cell	Embryo	ESCs E3.5 ASYN	GSM2438476	GSM2438482
SE_12_0772	Mouse	NCBI GEO/SRA	Stem cell	Embryo	ESCs E3.5 MIT	GSM2438478	GSM2438483
SE_12_0773	Mouse	NCBI GEO/SRA	Tissue	Liver	liver Ttr-cre/Esr1_wt/wt__Nipbl_flox/flox_	GSM2453286	GSM2453287
SE_12_0774	Mouse	NCBI GEO/SRA	Tissue	Liver	liver Ttr-cre/Esr1_+/wt__Nipbl_flox/flox_	GSM2453289	GSM2453290
SE_12_0775	Mouse	NCBI GEO/SRA	Tissue	Forelimb	Forelimb hs1586 KO	GSM2461129	GSM2461133
SE_12_0776	Mouse	NCBI GEO/SRA	Tissue	Forelimb	Forelimb hs1262 KO	GSM2461130	GSM2461134
SE_12_0777	Mouse	NCBI GEO/SRA	Tissue	Forelimb	Forelimb hs1467 KO	GSM2461131	GSM2461135
SE_12_0778	Mouse	NCBI GEO/SRA	Tissue	Forelimb	Forelimb hs1603 KO	GSM2461132	GSM2461136
SE_12_0779	Mouse	NCBI GEO/SRA	Tissue	Forelimb	Forelimb WT	GSM2461145	GSM2461149
SE_12_0780	Mouse	NCBI GEO/SRA	Tissue	Forelimb	Forelimb mm1179 KO	GSM2461147	GSM2461151
SE_12_0781	Mouse	NCBI GEO/SRA	Tissue	Forelimb	Forelimb hs72 KO	GSM2461155	GSM2461161
SE_12_0782	Mouse	NCBI GEO/SRA	Cell line	Skeletal muscle	C2C12 Proliferat	GSM2478299	GSM2478289
SE_12_0783	Mouse	NCBI GEO/SRA	Cell line	Skeletal muscle	C2C12_24H-Ctl	GSM2478300	GSM2478289
SE_12_0784	Mouse	NCBI GEO/SRA	Cell line	Skeletal muscle	C2C12_24H-Bex	GSM2478301	GSM2478289
SE_12_0785	Mouse	NCBI GEO/SRA	Primary cell	Kidney	mpkCCD cells dDAVP	GSM2494224	GSM2494228
SE_12_0786	Mouse	NCBI GEO/SRA	Primary cell	Kidney	mpkCCD cells Vehicle	GSM2494225	GSM2494229
SE_12_0787	Mouse	NCBI GEO/SRA	Primary cell	Spleen	naive CD8 T cells	GSM2357745	GSM2357753
SE_12_0788	Mouse	NCBI GEO/SRA	Primary cell	Spleen	KLRG1hiIL7Rlo terminal effector CD8 T cells	GSM2357747	GSM2357755
SE_12_0789	Mouse	NCBI GEO/SRA	Primary cell	Spleen	KLRG1loIL7Rhi memory precursor CD8 T cells	GSM2357749	GSM2357757
SE_12_0790	Mouse	NCBI GEO/SRA	Primary cell	Spleen	KLRG1loIL7Rhi memory CD8 T cells	GSM2357751	GSM2357759
SE_12_0791	Mouse	NCBI GEO/SRA	Tissue	Cerebellum	cerebellum  Mll4 WT	GSM2519460	GSM2519464
SE_12_0792	Mouse	NCBI GEO/SRA	Tissue	Cerebellum	cerebellum  Mll4 KO	GSM2519462	GSM2519466
SE_12_0793	Mouse	NCBI GEO/SRA	Tissue	Bone marrow-derived macrophage	BMDM BmalKO KLA0h	GSM2522453	GSM2522480
SE_12_0794	Mouse	NCBI GEO/SRA	Tissue	Bone marrow-derived macrophage	BMDM WT KLA0h	GSM2522459	GSM2522481
SE_12_0795	Mouse	NCBI GEO/SRA	In vitro differentiated cell	Brain	cortical neurons GFP+	GSM2533887	GSM2533893
SE_12_0796	Mouse	NCBI GEO/SRA	Stem cell	Embryo	ESCs Chd2KO	GSM2537626	GSM2537628
SE_12_0797	Mouse	NCBI GEO/SRA	Primary cell	Spleens and lymph	CD4+ T cells Tbx21-/- IFNb	GSM2538939	GSM2538936
SE_12_0798	Mouse	NCBI GEO/SRA	Primary cell	Spleens and lymph	CD4+ T cells Tbx21-/-IFN	GSM2538940	GSM2538937
SE_12_0799	Mouse	NCBI GEO/SRA	Primary cell	Spleens and lymph	CD4+ T cells Tbx21-/- nc	GSM2538941	GSM2538938
SE_12_0800	Mouse	NCBI GEO/SRA	Primary cell	Spleens and lymph	CD4+ T cells WT IFNb	GSM2538958	GSM2538955
SE_12_0801	Mouse	NCBI GEO/SRA	Primary cell	Spleens and lymph	CD4+ T cells WT IFN	GSM2538959	GSM2538956
SE_12_0802	Mouse	NCBI GEO/SRA	Primary cell	Spleens and lymph	CD4+ T cells WT nc	GSM2538960	GSM2538957
SE_12_0803	Mouse	NCBI GEO/SRA	Primary cell	Liver	LK cells WT	GSM2549976	GSM2549975
SE_12_0804	Mouse	NCBI GEO/SRA	Primary cell	Liver	LK cells Asxl2-/-	GSM2549980	GSM2549979
SE_12_0805	Mouse	NCBI GEO/SRA	Primary cell	Bone marrow-derived mast	Bone marrow-derived mast cells	GSM2564722	GSM2564723
SE_12_0806	Mouse	NCBI GEO/SRA	Stem cell	Embryo	dox+ ctrl SA-tTA-Ascl1 ESCs	GSM2576041	GSM2576042
SE_12_0807	Mouse	NCBI GEO/SRA	Stem cell	Embryo	dox- 24h ind SA-tTA-Ascl1 ESCs	GSM2576043	GSM2576044
SE_12_0808	Mouse	NCBI GEO/SRA	Stem cell	Embryo	dox+ ctrl SA-tTA-Ascl2 ESCs	GSM2576045	GSM2576046
SE_12_0809	Mouse	NCBI GEO/SRA	Stem cell	Embryo	dox- 24h ind SA-tTA-MyoD ESCs	GSM2576051	GSM2576052
SE_12_0810	Mouse	NCBI GEO/SRA	Tissue	Heart	cardiac ventricles Wntup	GSM2577067	GSM2577069
SE_12_0811	Mouse	NCBI GEO/SRA	Tissue	Heart	cardiac ventricles WT	GSM2577072	GSM2577075
SE_12_0812	Mouse	NCBI GEO/SRA	Cell line	Mammary gland	EPH4_DMSO	GSM2585309	GSM2585305
SE_12_0813	Mouse	NCBI GEO/SRA	Cell line	Mammary gland	EPH4_AU1	GSM2585310	GSM2585306
SE_12_0814	Mouse	NCBI GEO/SRA	Primary cell	Mammary gland	Myoepithelial mammary cells	GSM2585312	GSM2585311
SE_12_0815	Mouse	NCBI GEO/SRA	Stem cell	Embryo	R1 ESC WT	GSM2586543	GSM2586555
SE_12_0816	Mouse	NCBI GEO/SRA	Stem cell	Embryo	R1 ESC Mll3/4 dKO	GSM2586545	GSM2586556
SE_12_0817	Mouse	NCBI GEO/SRA	Stem cell	Embryo	R1 ESC Mll3/4 dCD	GSM2586547	GSM2586557
SE_12_0818	Mouse	NCBI GEO/SRA	Primary cell	Embryo	Day 0 MEF cell	GSM3239776	GSM3239778
SE_12_0819	Mouse	NCBI GEO/SRA	Primary cell	Embryo	Day 2 SKM secondary MEF	GSM3239777	GSM3239779
SE_12_0820	Mouse	NCBI GEO/SRA	Primary cell	Embryo	embryonic fibroblasts E13.5 WT	GSM2629923	GSM2629933
SE_12_0821	Mouse	NCBI GEO/SRA	Stem cell	Embryo	ESCs WT	GSM2629939	GSM2629949
SE_12_0822	Mouse	NCBI GEO/SRA	Primary cell	Embryo	embryonic fibroblasts E13.5 shCtrl	GSM2629955	GSM2629961
SE_12_0823	Mouse	NCBI GEO/SRA	Stem cell	Embryo	ESCs shCtrl	GSM2629967	GSM2629973
SE_12_0824	Mouse	NCBI GEO/SRA	Primary cell	Bone marrow	bone_marrow-derived_monocytes_M-CSF_and_RANKL	GSM7839485	GSM7839486
SE_12_0825	Mouse	NCBI GEO/SRA	Stem cell	Embryo	E14TG2a_DMSO_6_hour	GSM8315789	GSM8315783
SE_12_0826	Mouse	NCBI GEO/SRA	Stem cell	Embryo	E14TG2a_dTAGV-1_100nM_6_hour	GSM8315798	GSM8315792
SE_12_0827	Mouse	NCBI GEO/SRA	Cell line	Embryonic fibroblasts	MEF_WT	GSM7114930	GSM7114903
SE_12_0828	Mouse	NCBI GEO/SRA	Cell line	Embryonic fibroblasts	MEF_USP44_KO	GSM7114933	GSM7114906
SE_12_0829	Mouse	NCBI GEO/SRA	Cell line	Embryonic fibroblasts	MEF_USP44_Rescue	GSM7114936	GSM7114909
SE_12_0830	Mouse	NCBI GEO/SRA	Tissue	Rib_cartilage	primary_chondrocyte	GSM7655993	GSM7655997
SE_12_0831	Mouse	NCBI GEO/SRA	Tissue	Rib_Cartilage	primary_chondrocyte_WT	GSM7655998	GSM7655997
SE_12_0832	Mouse	NCBI GEO/SRA	Tissue	Rib_Cartilage	primary_chondrocyte_WT	GSM7655999	GSM7655997
SE_12_0833	Mouse	NCBI GEO/SRA	Cell line	Embryo	E14tg2a_WT_ESC	GSM8137866	GSM8137876
SE_12_0834	Mouse	NCBI GEO/SRA	Cell line	Embryo	E14tg2a_WT_NPC	GSM8137880	GSM8137891
SE_12_0835	Mouse	NCBI GEO/SRA	Cell line	Embryo	E14tg2a_Zfp608_promoter_deletion_ESC	GSM8137894	GSM8137904
SE_12_0836	Mouse	NCBI GEO/SRA	Cell line	Embryo	E14tg2a_Zfp608_promoter_deletion_NPC	GSM8137907	GSM8137919
SE_12_0837	Mouse	NCBI GEO/SRA	Cell line	Embryo	E14tg2a_polyA_insertion_at_Zfp608_ESC	GSM8137922	GSM8137932
SE_12_0838	Mouse	NCBI GEO/SRA	Cell line	Embryo	E14tg2a_polyA_insertion_at_Zfp608_NPC	GSM8137935	GSM8137947
SE_12_0839	Mouse	NCBI GEO/SRA	Cell line	Embryo	E14tg2a_element_A_deletion_ESC	GSM8137950	GSM8137960
SE_12_0840	Mouse	NCBI GEO/SRA	Cell line	Embryo	E14tg2a_element_A_deletion_NPC	GSM8137963	GSM8137975
SE_12_0841	Mouse	NCBI GEO/SRA	Cell line	Embryo	E14tg2a_element_B_deletion_ESC	GSM8137978	GSM8137988
SE_12_0842	Mouse	NCBI GEO/SRA	Cell line	Embryo	E14tg2a_element_B_deletion_NPC	GSM8137991	GSM8138003
SE_12_0843	Mouse	NCBI GEO/SRA	Cell line	Embryo	E14tg2a_element_AB_deletion_ESC	GSM8138006	GSM8138016
SE_12_0844	Mouse	NCBI GEO/SRA	Cell line	Embryo	E14tg2a_element_AB_deletion_NPC	GSM8138019	GSM8138031
SE_12_0845	Mouse	NCBI GEO/SRA	Cell line	Embryo	E14tg2a_CTCF_motif_deletion_at_element_A_ESC	GSM8138032	GSM8138040
SE_12_0846	Mouse	NCBI GEO/SRA	Cell line	Embryo	E14tg2a_CTCF_motif_deletion_at_element_A_NPC	GSM8138041	GSM8138049
SE_12_0847	Mouse	NCBI GEO/SRA	Cell line	Brain	SmoWT-MB_mouse_SHH-subtype_medulloblastoma_cells	GSM8246091	GSM8246092
SE_12_0848	Mouse	NCBI GEO/SRA	Tissue	liver	C57BL/6_male_mouse_aged_5_weeks_~_20g_MCD	GSM8240152	GSM8240154
SE_12_0849	Mouse	NCBI GEO/SRA	Tissue	liver	C57BL/6_male_mouse_aged_5_weeks_~_20g_NC	GSM8240161	GSM8240163
SE_12_0850	Mouse	NCBI GEO/SRA	Stem cell	Embryo	Embryonic_stem_cell_WT_BAP1-3xT7	GSM7904877	GSM7904865
SE_12_0851	Mouse	NCBI GEO/SRA	Stem cell	Embryo	Embryonic_stem_cells__ASXL1/2_[Delta]MBH_BAP1-3xT7	GSM7904878	GSM7904866
SE_12_0852	Mouse	NCBI GEO/SRA	Cell line	Embryo	R7.15_ESC_Rybp+/+	GSM8145236	GSM8145240
SE_12_0853	Mouse	NCBI GEO/SRA	Cell line	Embryo	R7.15_ESC_Rybp-/-	GSM8145238	GSM8145241
SE_12_0854	Mouse	NCBI GEO/SRA	Tissue	spleen	CD8+_T_cell_veh	GSM7921788	GSM7921786
SE_12_0855	Mouse	NCBI GEO/SRA	Tissue	spleen	CD9+_T_cell_GSK	GSM7921792	GSM7921790
SE_12_0856	Mouse	NCBI GEO/SRA	Cell line	Breast	168FARN_WT	GSM7610715	GSM7610730
SE_12_0857	Mouse	NCBI GEO/SRA	Cell line	Breast	168FARN_KMT2D_KO	GSM7610721	GSM7610736
SE_12_0858	Mouse	NCBI GEO/SRA	Tissue	Bone marrow	Naive_CD4_T_cell_from_Treg_Ikzf1cko_mice_ex_vivo_1	GSM6019872	GSM6019875
SE_12_0859	Mouse	NCBI GEO/SRA	Tissue	spleen	Treg_Ikzf1cko_mice_ex_vivo_1	GSM6019878	GSM6019881
SE_12_0860	Mouse	NCBI GEO/SRA	Tissue	Bone marrow	Naive_CD4_T_cell_from_WT_mice_ex_vivo_1	GSM6019884	GSM6019887
SE_12_0861	Mouse	NCBI GEO/SRA	Tissue	spleen	Treg_from_WT_mice_ex_vivo_1	GSM6019890	GSM6019893
SE_12_0862	Mouse	NCBI GEO/SRA	Stem cell	Embryo	129/Ola_ES_2D	GSM5772988	GSM5772996
SE_12_0863	Mouse	NCBI GEO/SRA	Stem cell	Embryo	129/Ola_ES+NaB_+2D	GSM5772990	GSM5772997
SE_12_0864	Mouse	NCBI GEO/SRA	Tissue	liver	Hepatocytes_ALB_wt	GSM7680797	GSM7680796
SE_12_0865	Mouse	NCBI GEO/SRA	Tissue	liver	Hepatocytes_A1AKO	GSM7680802	GSM7680801
SE_12_0866	Mouse	NCBI GEO/SRA	Tissue	liver	Hepatocytes_A1ABDKO	GSM7680807	GSM7680806
SE_12_0867	Mouse	NCBI GEO/SRA	Cell line	Breast	NmuMG_BRM014-30h	GSM7928372	GSM7928380
SE_12_0868	Mouse	NCBI GEO/SRA	Cell line	Breast	NmuMG_DMSO-30h	GSM7928376	GSM7928384
SE_12_0869	Mouse	NCBI GEO/SRA	Tissue	colon	Epithelium_cells_MTA2F/F_wt	GSM7848496	GSM7848498
SE_12_0870	Mouse	NCBI GEO/SRA	Tissue	embryo	8-cell_BDF1_Control	GSM6537702	GSM6537706
SE_12_0871	Mouse	NCBI GEO/SRA	Tissue	embryo	8-cellBDF1_Tfap2c_KD	GSM6537707	GSM6537710
SE_12_0872	Mouse	NCBI GEO/SRA	Tissue	heart	Adult_cardiac_fibroblasts_Scramble_siRNA_wt	GSM6630602	GSM6630605
SE_12_0873	Mouse	NCBI GEO/SRA	Tissue	heart	Adult_cardiac_fibroblasts_Scramble_TGFB_wt	GSM6630606	GSM6630609
SE_12_0874	Mouse	NCBI GEO/SRA	Tissue	heart	Adult_cardiac_fibroblasts_H1-0_siRNA_wt	GSM6630610	GSM6630613
SE_12_0875	Mouse	NCBI GEO/SRA	Tissue	heart	Adult_cardiac_fibroblasts_H1-0_siRNA_TGFB_wt	GSM6630614	GSM6630617
SE_12_0876	Mouse	NCBI GEO/SRA	Cell line	embryo	mESC_1-neg-ConditionM__wt	GSM7681218	GSM7681222
SE_12_0877	Mouse	NCBI GEO/SRA	Tissue	Brain	E16.5_neocortex_14_days_vitro_cortical_cultures_Bmp2_stimulated	GSM8072892	GSM8072890
SE_12_0878	Mouse	NCBI GEO/SRA	Tissue	Brain	E16.5_neocortex_14_days_vitro_cortical_cultures_untreated	GSM8072895	GSM8072893
SE_12_0879	Mouse	NCBI GEO/SRA	Tissue	Brain	neuroblast_N1E115_20%O2	GSM4142094	GSM4142093
SE_12_0880	Mouse	NCBI GEO/SRA	Cell line	embryo	Yes_diploid_wild_type_mESC_derived_from_strain_E14_24hr	GSM6602312	GSM6602324
SE_12_0881	Mouse	NCBI GEO/SRA	Cell line	embryo	Yes_diploid_wild_type_mESC_derived_from_strain_E14_48_hr_primed	GSM6602314	GSM6602326
SE_12_0882	Mouse	NCBI GEO/SRA	Tissue	Brain	dsDNA_Brain-Frozen	GSM7187491	GSM7187499
SE_12_0883	Mouse	NCBI GEO/SRA	Tissue	heart	dsDNA_Heart-Frozen	GSM7187492	GSM7187500
SE_12_0884	Mouse	NCBI GEO/SRA	Tissue	kidney	dsDNA_Kidney-Frozen	GSM7187493	GSM7187501
SE_12_0885	Mouse	NCBI GEO/SRA	Tissue	liver	dsDNA_Liver-Frozen	GSM7187494	GSM7187502
SE_12_0886	Mouse	NCBI GEO/SRA	Tissue	Brain	dsDNA_Brain-FFPE	GSM7187495	GSM7187503
SE_12_0887	Mouse	NCBI GEO/SRA	Tissue	heart	dsDNA_Heart-FFPE	GSM7187496	GSM7187504
SE_12_0888	Mouse	NCBI GEO/SRA	Tissue	kidney	dsDNA_Kidney-FFPE	GSM7187497	GSM7187505
SE_12_0889	Mouse	NCBI GEO/SRA	Tissue	liver	dsDNA_Liver-FFPE	GSM7187498	GSM7187506
SE_12_0890	Mouse	NCBI GEO/SRA	Primary cell	thymus	Rag1-/-_DN_thymocytes_WT	GSM7956801	GSM7956819
SE_12_0891	Mouse	NCBI GEO/SRA	Primary cell	thymus	Rag1-/-_DN_thymocytes_V1P_KO/KO	GSM7956803	GSM7956821
SE_12_0892	Mouse	NCBI GEO/SRA	Primary cell	thymus	Rag1-/-_DN_thymocytes_V1C_Scr/Scr	GSM7956805	GSM7956817
SE_12_0893	Mouse	NCBI GEO/SRA	Primary cell	liver	Liver_sinusoidal_endothelial_cell	GSM7421568	GSM7421569
SE_12_0894	Mouse	NCBI GEO/SRA	Primary cell	spleen	CD4+T_cell_KAT6A-deficient	GSM7716396	GSM7716402
SE_12_0895	Mouse	NCBI GEO/SRA	Tissue	tumor	tumor_mouse_CCS_EWSR1::ATF1	GSM7919417	GSM7919427
SE_12_0896	Mouse	NCBI GEO/SRA	Cell line	Skin	B16_F10_cells_CTRL	GSM7689133	GSM7689137
SE_12_0897	Mouse	NCBI GEO/SRA	Cell line	Skin	B16_F10_cells_CTRL_additional_sequencing	GSM7689134	GSM7689138
SE_12_0898	Mouse	NCBI GEO/SRA	Cell line	Skin	B16_F10_cells_PRMT1_sg1	GSM7689135	GSM7689139
SE_12_0899	Mouse	NCBI GEO/SRA	Cell line	Skin	B16_F10_cells_PRMT1_sg1_additional_sequencing	GSM7689136	GSM7689140
SE_12_0900	Mouse	NCBI GEO/SRA	Tissue	pancreas	Rosa26-LSL-cas9-eGFP_Rosa26_knockout	GSM6725666	GSM6725668
SE_12_0901	Mouse	NCBI GEO/SRA	Tissue	pancreas	Rosa26-LSL-cas9-eGFP_Paf1_knockout	GSM6725667	GSM6725669
SE_12_0902	Mouse	NCBI GEO/SRA	Primary cell	Bone marrow	Lineage-_cKit+_bone_marrow_cells_in_femora_and_tibiae_CD45.2(+)_Mx1-Cre_Brd9fl/fl_KO	GSM6166434	GSM6166437
SE_12_0903	Mouse	NCBI GEO/SRA	Primary cell	Bone marrow	Lineage-_cKit+_bone_marrow_cells_in_femora_and_tibiae_CD45.2(+)_Brd9fl/fl_WT	GSM6166438	GSM6166441
SE_12_0904	Mouse	NCBI GEO/SRA	Cell line	tumor	Tumor-derived_cell_line_from_690001_Ai9CDS	GSM7727904	GSM7727902
SE_12_0905	Mouse	NCBI GEO/SRA	Cell line	tumor	Tumor-derived_cell_line_from_690108_TOPCDS	GSM7727907	GSM7727905
SE_12_0906	Mouse	NCBI GEO/SRA	Cell line	embryo	46C_mESCs_D0_wt	GSM6585912	GSM6585914
SE_12_0907	Mouse	NCBI GEO/SRA	Cell line	embryo	46C_mESCs_D0_Rybp_knockout	GSM6585913	GSM6585915
SE_12_0908	Mouse	NCBI GEO/SRA	Stem cell	embryo	Exosc3_mESC_CTRL	GSM6208608	GSM6208616
SE_12_0909	Mouse	NCBI GEO/SRA	Stem cell	embryo	Exosc3_mESC_cKO	GSM6208610	GSM6208616
SE_12_0910	Mouse	NCBI GEO/SRA	Stem cell	embryo	Exosc3_EpiLC_CTRL	GSM6208612	GSM6208617
SE_12_0911	Mouse	NCBI GEO/SRA	Stem cell	embryo	Exosc3_EpiLC_cKO	GSM6208614	GSM6208617
SE_12_0912	Mouse	NCBI GEO/SRA	Tissue	heart	wild-type_female_8-week-old_mouse_heart	GSM6234280	GSM6234281
SE_12_0913	Mouse	NCBI GEO/SRA	Tissue	heart	Pcca-/-_female_8-week-old_mouse_heart	GSM6234284	GSM6234285
SE_12_0914	Mouse	NCBI GEO/SRA	Tissue	liver	C57BL/6_6-week-old_male_wt_mice_post_high_salt_diet_weeks_8	GSM5560945	GSM5560959
SE_12_0915	Mouse	NCBI GEO/SRA	Tissue	liver	C57BL/6_6-week-old_male_wt_post_normal_salt_diet_weeks_8	GSM5560947	GSM5560961
SE_12_0916	Mouse	NCBI GEO/SRA	Tissue	liver	C57BL/6_6-week-old_male_Sirt3-/-_post_normal_salt_diet_weeks_8	GSM5560957	GSM5560963
SE_12_0917	Mouse	NCBI GEO/SRA	Tissue	Brain	Neural_cells_control	GSM7678356	GSM7678358
SE_12_0918	Mouse	NCBI GEO/SRA	Tissue	Brain	Neural_cells_DM	GSM7678357	GSM7678358
SE_12_0919	Mouse	NCBI GEO/SRA	Primary cell	Bone marrow	Small_Pre-B_cell_mm_chip_spreb_wt	GSM6879760	GSM6879790
SE_12_0920	Mouse	NCBI GEO/SRA	Tissue	Bone marrow	970_T-cel_Rosa26CreERT2_Cdc73f/f_EtOH	GSM6858810	GSM6858834
SE_12_0921	Mouse	NCBI GEO/SRA	Tissue	Bone marrow	708_T-cel_Rosa26CreERT2_Cdc73+/+_EtOH	GSM6858816	GSM6858835
SE_12_0922	Mouse	NCBI GEO/SRA	Tissue	Bone marrow	708_T-cel_Rosa26CreERT2_Cdc73+/+_oht	GSM6858818	GSM6858835
SE_12_0923	Mouse	NCBI GEO/SRA	Primary cell	liver	Sorted_non-parenchymal_cells_CB6F1/J_kupffer	GSM6658687	GSM6658690
SE_12_0924	Mouse	NCBI GEO/SRA	Stem cell	Brain	NPCS_CAST(MAT)*C57BL(PAT)_Male_WT	GSM7116699	GSM7116715
SE_12_0925	Mouse	NCBI GEO/SRA	Cell line	Adipose	A9_B7_DMSO_control	GSM5435075	GSM5435074
SE_12_0926	Mouse	NCBI GEO/SRA	Cell line	Adipose	A9_E7_Curcuphenol_0.00167_umol	GSM5435077	GSM5435076
SE_12_0927	Mouse	NCBI GEO/SRA	Tissue	liver	primary_cholangiocytes_wt	GSM7627136	GSM7627143
SE_12_0928	Mouse	NCBI GEO/SRA	Cell line	tumor	A9_1percent_DMSO	GSM5436612	GSM5436611
SE_12_0929	Mouse	NCBI GEO/SRA	Cell line	tumor	A9_1percent_DMSO	GSM5436614	GSM5436613
SE_12_0930	Mouse	NCBI GEO/SRA	Stem cell	embryo	Embryonic_stem_cells_wt	GSM7324531	GSM7324525
SE_12_0931	Mouse	NCBI GEO/SRA	Stem cell	embryo	Embryonic_stem_cells_LSD1KO	GSM7324532	GSM7324526
SE_12_0932	Mouse	NCBI GEO/SRA	Stem cell	embryo	Embryonic_stem_cells_LSD1CI	GSM7324533	GSM7324527
SE_12_0933	Mouse	NCBI GEO/SRA	Tissue	Adipose	Adipocyte_Progenitor_Azin2-/-	GSM7476236	GSM7476242
SE_12_0934	Mouse	NCBI GEO/SRA	Tissue	Adipose	Adipocyte_Progenitor_wt	GSM7476239	GSM7476245
SE_12_0935	Mouse	NCBI GEO/SRA	Cell line	embryo	E14_mESC_NSD1-dTAG_nontreated	GSM6355466	GSM6355453
SE_12_0936	Mouse	NCBI GEO/SRA	Cell line	embryo	E14_H3K27ac_EB_d6_NSD1-dTAG_nontreated	GSM6355467	GSM6355453
SE_12_0937	Mouse	NCBI GEO/SRA	Cell line	embryo	E14_EB_d6_NSD1-dTAG_dTAG-13	GSM6355468	GSM6355453
SE_12_0938	Mouse	NCBI GEO/SRA	Tissue	Brain	adult_mouse_C57BL/6J_cortex_animal_no._5_female_14_weeks_wt	GSM7135371	GSM7135386
SE_12_0939	Mouse	NCBI GEO/SRA	Cell line	embryo	E14:Normal_growth_condition_RA_0_h	GSM6911328	GSM6911338
SE_12_0940	Mouse	NCBI GEO/SRA	Cell line	embryo	E14:_RA_induced_differentiation_24_h	GSM6911330	GSM6911340
SE_12_0941	Mouse	NCBI GEO/SRA	Cell line	embryo	E14:RA_induced_differentiation_24_h	GSM6911332	GSM6911342
SE_12_0942	Mouse	NCBI GEO/SRA	Cell line	embryo	E14:RA_induced_differentiation_24_h	GSM6911334	GSM6911344
SE_12_0943	Mouse	NCBI GEO/SRA	Cell line	embryo	E14:RA_induced_differentiation_24_h	GSM6911336	GSM6911346
SE_12_0944	Mouse	NCBI GEO/SRA	Cell line	embryo	V6.5_mouse_embryonic_stem_cells_ELL3_sgRNA_KO	GSM6290593	GSM6290592
SE_12_0945	Mouse	NCBI GEO/SRA	Cell line	embryo	V6.5_mouse_embryonic_stem_cells_wt	GSM6290594	GSM6290592
SE_12_0946	Mouse	NCBI GEO/SRA	Stem cell	embryo	mouse_embryonic_stem_cells_Day_4_FAB+V_P+F+	GSM7103840	GSM7103845
SE_12_0947	Mouse	NCBI GEO/SRA	Stem cell	embryo	mouse_embryonic_stem_cells_Day_4_FAB_P+F+	GSM7103841	GSM7103846
SE_12_0948	Mouse	NCBI GEO/SRA	Stem cell	embryo	mouse_embryonic_stem_cells_Day_5_FAB_P-F+	GSM7103843	GSM7103847
SE_12_0949	Mouse	NCBI GEO/SRA	Cell line	embryo	E14JU_129/Ola_wt	GSM5858531	GSM5858539
SE_12_0950	Mouse	NCBI GEO/SRA	Tissue	Brain	E11.5_diencephalon_C57BL/6J_wt	GSM7256742	GSM7256746
SE_12_0951	Mouse	NCBI GEO/SRA	Tissue	Brain	E11.5_diencephalon_C57BL/6J_hs754-humanized	GSM7256743	GSM7256747
SE_12_0952	Mouse	NCBI GEO/SRA	Tissue	Brain	E17.5_diencephalon_C57BL/6J_wt	GSM7256766	GSM7256772
SE_12_0953	Mouse	NCBI GEO/SRA	Tissue	Brain	E17.5_diencephalon_C57BL/6J_hs754-humanized	GSM7256767	GSM7256773
SE_12_0954	Mouse	NCBI GEO/SRA	Tissue	liver	Liver_tissue_High_fat_diet	GSM7066268	GSM7066270
SE_12_0955	Mouse	NCBI GEO/SRA	Tissue	liver	Liver_tissue_Regular_chow_diet	GSM7066277	GSM7066279
SE_12_0956	Mouse	NCBI GEO/SRA	Tissue	Brain	C57Bl/6J_SCN_ZT3	GSM6730619	GSM6730615
SE_12_0957	Mouse	NCBI GEO/SRA	Tissue	Brain	C57Bl/6J_CORTEX_ZT3	GSM6730621	GSM6730617
SE_12_0958	Mouse	NCBI GEO/SRA	Tissue	Brain	C57Bl/6J_SCN_ZT15	GSM6730631	GSM6730627
SE_12_0959	Mouse	NCBI GEO/SRA	Tissue	Brain	C57Bl/6J_CORTEX_ZT15	GSM6730633	GSM6730629
SE_12_0960	Mouse	NCBI GEO/SRA	Tissue	Brain	C57Bl/6J_SCN_ZT7	GSM6730643	GSM6730651
SE_12_0961	Mouse	NCBI GEO/SRA	Tissue	Brain	C57Bl/6J_SCN_ZT11	GSM6730645	GSM6730653
SE_12_0962	Mouse	NCBI GEO/SRA	Tissue	Brain	C57Bl/6J_SCN_ZT19	GSM6730647	GSM6730655
SE_12_0963	Mouse	NCBI GEO/SRA	Tissue	liver	C57BL/6J_liver_3_months_male_Cold_(4C)_6_hours	GSM6586724	GSM6586728
SE_12_0964	Mouse	NCBI GEO/SRA	Tissue	liver	C57BL/6J_liver_3_months_male_RT_(25C)_0_hours	GSM6586732	GSM6586736
SE_12_0965	Mouse	NCBI GEO/SRA	Tissue	liver	C57BL/6J_liver_3_months_male_RT_(25C)_0_hours	GSM6586740	GSM6586744
SE_12_0966	Mouse	NCBI GEO/SRA	Tissue	liver	C57BL/6J_liver_3_months_male_Cold_(4C)_6_hours	GSM6586748	GSM6586752
SE_12_0967	Mouse	NCBI GEO/SRA	Tissue	liver	C57BL/6_Female_Rib_caritilage_cells_wt	GSM6090552	GSM6090556
SE_12_0968	Mouse	NCBI GEO/SRA	Stem cell	embryo	129S5/SvEvBrd_mouse_embryonic_stem_cells_untreatment	GSM5703894	GSM5703891
SE_12_0969	Mouse	NCBI GEO/SRA	Stem cell	embryo	129S5/SvEvBrd_mouse_embryonic_stem_cells_nocodazole_synchronization	GSM5703898	GSM5703895
SE_12_0970	Mouse	NCBI GEO/SRA	Stem cell	Bone marrow	C57BL/6_leukemia_stem_cell_untreated	GSM5964849	GSM5964845
SE_12_0971	Mouse	NCBI GEO/SRA	Stem cell	Bone marrow	C57BL/6_leukemia_stem_cell_treated_with_A485_for_24_hours	GSM5964850	GSM5964846
SE_12_0972	Mouse	NCBI GEO/SRA	Stem cell	Bone marrow	C57BL/6_leukemia_stem_cell_treated_with_A485_for_48_hours	GSM5964851	GSM5964847
SE_12_0973	Mouse	NCBI GEO/SRA	Stem cell	Bone marrow	C57BL/6_leukemia_stem_cell_treated_with_A485_for_72_hours	GSM5964852	GSM5964848
SE_12_0974	Mouse	NCBI GEO/SRA	Primary cell	liver	primary_cholangiocytes_PLD_3m	GSM6086577	GSM6086567
SE_12_0975	Mouse	NCBI GEO/SRA	Primary cell	liver	primary_cholangiocytes_wt_3m	GSM6086589	GSM6086579
SE_12_0976	Mouse	NCBI GEO/SRA	Cell line	embryo	DNMT1/3a/3b_WT_ESC_D0	GSM6964682	GSM6964723
SE_12_0977	Mouse	NCBI GEO/SRA	Cell line	embryo	DNMT1/3a/3b_WT_EpiLC_D2	GSM6964685	GSM6964726
SE_12_0978	Mouse	NCBI GEO/SRA	Cell line	embryo	DNMT1/3a/3b_KO_ESC_D0	GSM6964694	GSM6964729
SE_12_0979	Mouse	NCBI GEO/SRA	Cell line	embryo	DNMT1/3a/3b_KO_EpiLC_D2	GSM6964697	GSM6964732
SE_12_0980	Mouse	NCBI GEO/SRA	Tissue	heart	heart_e10.5_activemotif_WT	GSM6589304	GSM6589308
SE_12_0981	Mouse	NCBI GEO/SRA	Tissue	Brain	Primary_Hippocampal_Neurons_C57BL/6_E18.5_Foxg1KD_n1	GSM5694696	GSM5694700
SE_12_0982	Mouse	NCBI GEO/SRA	Primary cell	Bone marrow	dentritic_cells_C57BL/6_8_weeks_old_CreER_WTLPS	GSM5625208	GSM5625200
SE_12_0983	Mouse	NCBI GEO/SRA	Primary cell	Bone marrow	dentritic_cells_C57BL/6_8_weeks_old_CreER;CTCF_fl/fl_KO	GSM5625209	GSM5625201
SE_12_0984	Mouse	NCBI GEO/SRA	Primary cell	Bone marrow	dentritic_cells_C57BL/6_8_weeks_old_CreER;CTCF_fl/fl_KOLPS	GSM5625210	GSM5625202
SE_12_0985	Mouse	NCBI GEO/SRA	Tissue	tumor	mouse_ASPS_tumor_C57BL/6_ASPSCR1-TFE3_1N15	GSM4952638	GSM4952642
SE_12_0986	Mouse	NCBI GEO/SRA	Tissue	tumor	mouse_ASPS_tumor_C57BL/6_ASPSCR1-TFE3_N26	GSM4952648	GSM4952652
SE_12_0987	Mouse	NCBI GEO/SRA	Tissue	liver	C57BL/6_Liver_AAV-Cre_PHx_0_h	GSM5689142	GSM5689143
SE_12_0988	Mouse	NCBI GEO/SRA	Tissue	liver	C57BL/6_Liver_AAV-Mier1_sgRNA_PHx_0_h	GSM5689144	GSM5689145
SE_12_0989	Mouse	NCBI GEO/SRA	Tissue	liver	C57BL/6_Liver_AAV-Cre_PHx_24_h	GSM5689146	GSM5689147
SE_12_0990	Mouse	NCBI GEO/SRA	Tissue	liver	C57BL/6_Liver_AAV-Mier1_sgRNA_PHx_24_h	GSM5689148	GSM5689149
SE_12_0991	Mouse	NCBI GEO/SRA	Primary cell	Bone marrow	BMDM_C57BL/6_PtipcKO_0h	GSM4979639	GSM4979663
SE_12_0992	Mouse	NCBI GEO/SRA	Primary cell	Bone marrow	BMDM_C57BL/6_PtipcKO_LPS_6h	GSM4979641	GSM4979665
SE_12_0993	Mouse	NCBI GEO/SRA	Primary cell	Bone marrow	BMDM_C57BL/6_PtipWT__0h	GSM4979643	GSM4979667
SE_12_0994	Mouse	NCBI GEO/SRA	Primary cell	Bone marrow	BMDM_C57BL/6_PtipWT_LPS_6h	GSM4979645	GSM4979669
SE_12_0995	Mouse	NCBI GEO/SRA	Tissue	Pancreas	Pancreas_ductal_epithelium_without_KRAS_and_P53_mutations	GSM5733720	GSM5733719
SE_12_0996	Mouse	NCBI GEO/SRA	Tissue	Pancreas	Pancreas_ductal_epithelium_KRAS_mutations	GSM5733724	GSM5733723
SE_12_0997	Mouse	NCBI GEO/SRA	Tissue	Pancreas	Pancreas_ductal_epithelium_KRAS_and_P53_mutations	GSM5733728	GSM5733727
SE_12_0998	Mouse	NCBI GEO/SRA	Tissue	Small intestinal	small_intestinal_organoid_line26_wild_type_Lgr5GFPDTR/+_Day_6_RANKL	GSM5830234	GSM6588972
SE_12_0999	Mouse	NCBI GEO/SRA	Tissue	Small intestinal	small_intestinal_organoid_line26_wild_type_Lgr5GFPDTR/+_Day_6_ENR_medium	GSM5830237	GSM6588971
SE_12_1000	Mouse	NCBI GEO/SRA	Primary cell	lung	Post-flu_lung_basal_cells_Np63_WT_DMSO_48h	GSM6659484	GSM6659479
SE_12_1001	Mouse	NCBI GEO/SRA	Primary cell	lung	Post-flu_lung_basal_cells_Np63_KO_1uM_4OHT_48h	GSM6659487	GSM6659480
SE_12_1002	Mouse	NCBI GEO/SRA	Cell line	prostate	Myc-CaP_Myc-CaP_EV_wt_no_treatment	GSM5929426	GSM5929429
SE_12_1003	Mouse	NCBI GEO/SRA	Cell line	prostate	Myc-CaP_Myc-CaP_Arid1a_KO_no_treatment	GSM5929428	GSM5929432
SE_12_1004	Mouse	NCBI GEO/SRA	Tissue	Kidney	primary_proximal_tubular_cells__20_min_IRI_after_day_2	GSM6588593	GSM6588597
SE_12_1005	Mouse	NCBI GEO/SRA	Tissue	Kidney	primary_proximal_tubular_cells_30_min_IRI_after_day_2	GSM6588594	GSM6588598
SE_12_1006	Mouse	NCBI GEO/SRA	Tissue	Kidney	primary_proximal_tubular_cells_20_min_IRI_after_day_7	GSM6588595	GSM6588599
SE_12_1007	Mouse	NCBI GEO/SRA	Tissue	Kidney	primary_proximal_tubular_cells_30_min_IRI_after_day_7	GSM6588596	GSM6588600
SE_12_1008	Mouse	NCBI GEO/SRA	Cell line	embryo	R1E_Mouse_embryonic_stem_cell_Ctr_ABCAM	GSM6050616	GSM6050620
SE_12_1009	Mouse	NCBI GEO/SRA	Cell line	embryo	R1E_Mouse_embryonic_stem_cell_Adr8h_ABCAM	GSM6050617	GSM6050621
SE_12_1010	Mouse	NCBI GEO/SRA	Cell line	embryo	PPARg-/-MEF-CAR_cells_Ad-HAmPPARg2-WT_1_µM_Rosiglitazone	GSM5972583	GSM5972591
SE_12_1011	Mouse	NCBI GEO/SRA	Cell line	embryo	PPARg-/-MEF-CAR_cells_Ad-HAmPPARg2-E379K_1_µM_Rosiglitazone	GSM5972584	GSM5972591
SE_12_1012	Mouse	NCBI GEO/SRA	Cell line	embryo	PPARg-/-MEF-CAR_cells_Ad-HAmPPARg2-R212Q_1_µM_Rosiglitazone	GSM5972585	GSM5972591
SE_12_1013	Mouse	NCBI GEO/SRA	Cell line	embryo	PPARg-/-MEF-CAR_cells_Untransduced_DMSO	GSM5972586	GSM5972591
SE_12_1014	Mouse	NCBI GEO/SRA	Stem cell	embryo	Differentiated_embryoid_bodies_at_day_4_wt	GSM5509524	GSM5509528
SE_12_1015	Mouse	NCBI GEO/SRA	Stem cell	embryo	Differentiated_embryoid_bodies_at_day_4_CTCF-K20R	GSM5509525	GSM5509529
SE_12_1016	Mouse	NCBI GEO/SRA	Tissue	Brain	Striatum_female_14_weeks_1st_replicate_WT_HC	GSM4752215	GSM4752211
SE_12_1017	Mouse	NCBI GEO/SRA	Tissue	Brain	Striatum_female_14_weeks_1st_replicate_R6-1_HC	GSM4752217	GSM4752212
SE_12_1018	Mouse	NCBI GEO/SRA	Tissue	Brain	Striatum_female_14_weeks_1st_replicate_WT_DH	GSM4752219	GSM4752213
SE_12_1019	Mouse	NCBI GEO/SRA	Tissue	Brain	Striatum_female_14_weeks_1st_replicate_R6-1_DH	GSM4752221	GSM4752214
SE_12_1020	Mouse	NCBI GEO/SRA	Cell line	skin	C57BL/6_Wild-type_B16-F10_cells	GSM5761590	GSM5761593
SE_12_1021	Mouse	NCBI GEO/SRA	Cell line	skin	C57BL/6_Mll4-knockout_B16-F10_cells	GSM5761592	GSM5761594
SE_12_1022	Mouse	NCBI GEO/SRA	Primary cell	Lymph_node_and_spleen	C57BL/6_CD8+_T_cells_DMSO	GSM5349925	GSM5349921
SE_12_1023	Mouse	NCBI GEO/SRA	Stem cell	embryo	mouse_trophoblast_stem_cells_Klf5-KD_TSCs	GSM6276310	GSM6276306
SE_12_1024	Mouse	NCBI GEO/SRA	Stem cell	embryo	mouse_trophoblast_stem_cells_TSCs	GSM6276314	GSM6276306
SE_12_1025	Mouse	NCBI GEO/SRA	Cell line	embryo	E14_Embryonic_stem_cell_wt	GSM6585936	GSM6585948
SE_12_1026	Mouse	NCBI GEO/SRA	Cell line	embryo	sv_129_cells_with_folate-deficiency-treated	GSM6199157	GSM6199158
SE_12_1027	Mouse	NCBI GEO/SRA	Cell line	embryo	sv_129_cells_with_folate-treated	GSM6199159	GSM6199160
SE_12_1028	Mouse	NCBI GEO/SRA	Tissue	Brain	Cortex_and_Corpus_callosum_O4+_cells_Postnatal_day_12_OPC	GSM6166076	GSM6166077
SE_12_1029	Mouse	NCBI GEO/SRA	Primary cell	Bone marrow	C57BL/6_pre-B_cells_ARF-null_ZNF384-C-HA-no-e8	GSM5508194	GSM5508197
SE_12_1030	Mouse	NCBI GEO/SRA	Primary cell	Bone marrow	C57BL/6_pre-B_cells_ARF-null_TAF15-ZNF384-e6-e3-N-HA-no-e8	GSM5508195	GSM5508198
SE_12_1031	Mouse	NCBI GEO/SRA	Primary cell	Bone marrow	C57BL/6_pre-B_cells_ARF-null_TCF3-ZNF384-e13-e5-C-HA-no-e8	GSM5508196	GSM5508199
SE_12_1032	Mouse	NCBI GEO/SRA	Cell line	embryo	R1/E_mouse_embryonic_stem_cells_Day_0_WT	GSM6456582	GSM6456578
SE_12_1033	Mouse	NCBI GEO/SRA	Cell line	embryo	R1/E_mouse_embryonic_stem_cells_Day_0_Fam122a_knockout	GSM6456587	GSM6456583
SE_12_1034	Mouse	NCBI GEO/SRA	Cell line	embryo	R1/E_mouse_embryonic_stem_cells_Day_4_WT	GSM6456599	GSM6456594
SE_12_1035	Mouse	NCBI GEO/SRA	Cell line	embryo	R1/E_mouse_embryonic_stem_cells_Day_4_Fam122a_knockout	GSM6456605	GSM6456600
SE_12_1036	Mouse	NCBI GEO/SRA	Primary cell	Bone marrow	Bone_marrow_leukemic_cells_Dox_Untreated	GSM5669820	GSM5669826
SE_12_1037	Mouse	NCBI GEO/SRA	Primary cell	Bone marrow	Bone_marrow_leukemic_cells_Dox_Treated	GSM5669821	GSM5669827
SE_12_1038	Mouse	NCBI GEO/SRA	Primary cell	Bone marrow	Bone_marrow_leukemic_cells_Dox_Treated	GSM5241490	GSM5241502
SE_12_1039	Mouse	NCBI GEO/SRA	Primary cell	Bone marrow	Bone_marrow_leukemic_cells_DMSO_Treated	GSM5241503	GSM5241507
SE_12_1040	Mouse	NCBI GEO/SRA	Primary cell	embryo	130SV_Deng_mEPSC	GSM6058021	GSM6058018
SE_12_1041	Mouse	NCBI GEO/SRA	Primary cell	embryo	129SV_Liu_mEPSC	GSM6058026	GSM6058023
SE_12_1042	Mouse	NCBI GEO/SRA	Cell line	Bone marrow	C57BL/6_immortalized_bone-marrow-derived_macrophages_iBMDM_no_treatment	GSM3927302	GSM3927300
SE_12_1043	Mouse	NCBI GEO/SRA	Cell line	Bone marrow	immortalized_bone-marrow-derived_macrophages_iBMDM_VSV_infection	GSM3927304	GSM3927300
SE_12_1044	Mouse	NCBI GEO/SRA	Cell line	Bone marrow	immortalized_bone-marrow-derived_macrophages_iBMDM_HSV-1_infection	GSM3927306	GSM3927300
SE_12_1045	Mouse	NCBI GEO/SRA	Primary cell	Bone marrow	pro-B_lymphocyte_wt	GSM6182670	GSM6182668
SE_12_1046	Mouse	NCBI GEO/SRA	Cell line	Bone marrow	Hybridoma_mature_T_cell_Control_sgRbpj	GSM5705547	GSM5705559
SE_12_1047	Mouse	NCBI GEO/SRA	Tissue	Colon	C57BL/6_week-0	GSM5380816	GSM5380831
SE_12_1048	Mouse	NCBI GEO/SRA	Tissue	Colon	C57BL/6_week-2	GSM5380834	GSM5380849
SE_12_1049	Mouse	NCBI GEO/SRA	Tissue	Colon	C57BL/6_week-4	GSM5380852	GSM5380867
SE_12_1050	Mouse	NCBI GEO/SRA	Tissue	Colon	C57BL/6_week-7	GSM5380870	GSM5380885
SE_12_1051	Mouse	NCBI GEO/SRA	Tissue	Colon	C57BL/6_week-10	GSM5380888	GSM5380903
SE_12_1052	Mouse	NCBI GEO/SRA	Tissue	Bone marrow	Lin-7AAD-Sca-115-KITintermed34-16/32+Ly6G-/intermed11b+_my12_wt	GSM5704738	GSM5704746
SE_12_1053	Mouse	NCBI GEO/SRA	Tissue	Bone marrow	Lin-7AAD-Sca-115-KITintermed34-16/32+Ly6G-/intermed11b+_mm_ko	GSM5704744	GSM5704749
SE_12_1054	Mouse	NCBI GEO/SRA	Primary cell	heart	C57BL/6_cardiomyocytes_p1	GSM4709692	GSM4709754
SE_12_1055	Mouse	NCBI GEO/SRA	Primary cell	heart	C57BL/6_cardiomyocytes_p21	GSM4709698	GSM4709759
SE_12_1056	Mouse	NCBI GEO/SRA	Primary cell	heart	C57BL/6_cardiomyocytes_p56	GSM4709701	GSM4709763
SE_12_1057	Mouse	NCBI GEO/SRA	Primary cell	heart	C57BL/6_cardiomyocytes_p7	GSM4709705	GSM4709767
SE_12_1058	Mouse	NCBI GEO/SRA	Tissue	embryo	embryos_were_injected_with_H2O_at_zygote_stage	GSM5531308	GSM5531306
SE_12_1059	Mouse	NCBI GEO/SRA	Tissue	embryo	embryos_were_injected_with_Hdac1_mutant_mRNA_at_zygote_stage	GSM5531312	GSM5531310
SE_12_1060	Mouse	NCBI GEO/SRA	Stem cell	embryo	Differentiating_mouse_embryonic_pluripotent_stem_cells_where_forced_expression_of_Mesp1_is_dox-inducible__0hours_after_day2-5	GSM5574660	GSM5574661
SE_12_1061	Mouse	NCBI GEO/SRA	Tissue	Brain	hippocampus_Veh_-_Context_12_weeks	GSM5615547	GSM5615546
SE_12_1062	Mouse	NCBI GEO/SRA	Tissue	Brain	hippocampus_Veh_-_CFC_12_weeks	GSM5615553	GSM5615552
SE_12_1063	Mouse	NCBI GEO/SRA	Tissue	Brain	hippocampus_HDACi-Context_12_weeks	GSM5615559	GSM5615558
SE_12_1064	Mouse	NCBI GEO/SRA	Tissue	Brain	hippocampus_HDACi-CFC_12_weeks	GSM5615565	GSM5615564
SE_12_1065	Mouse	NCBI GEO/SRA	Tissue	Adipose	mice_were_fed_chow_diet_1_warm_ncd	GSM6040821	GSM6040820
SE_12_1066	Mouse	NCBI GEO/SRA	Tissue	Adipose	mice_were_fed_chow_diet_4_cold_ncd	GSM6040831	GSM6040830
SE_12_1067	Mouse	NCBI GEO/SRA	Tissue	Adipose	mice_were_fed_chow_diet_7_warm_hfd	GSM6040841	GSM6040840
SE_12_1068	Mouse	NCBI GEO/SRA	Tissue	Adipose	mice_were_fed_chow_diet_10_cold_hfd	GSM6040851	GSM6040850
SE_12_1069	Mouse	NCBI GEO/SRA	Primary cell	Bone marrow	primary_macrophage_untreated_wt	GSM5514640	GSM5514642
SE_12_1070	Mouse	NCBI GEO/SRA	Stem cell	embryo	mESC_WT	GSM5814653	GSM5814661
SE_12_1071	Mouse	NCBI GEO/SRA	Stem cell	embryo	mESC_Fto_Knockout	GSM5814665	GSM5814673
SE_12_1072	Mouse	NCBI GEO/SRA	Tissue	Brain	5-HT_neuron_E14.5_WT	GSM5623063	GSM5623076
SE_12_1073	Mouse	NCBI GEO/SRA	Primary cell	Adipose	Beige_adipocytes_differentiated_from_iWAT_derived_SVF_cells	GSM5975199	GSM5975197
SE_12_1074	Mouse	NCBI GEO/SRA	Cell line	embryo	V6.5_ESC_DMSO	GSM4830129	GSM4830170
SE_12_1075	Mouse	NCBI GEO/SRA	Cell line	embryo	V6.5_ESC_dTAG_24h	GSM4830132	GSM4830173
SE_12_1076	Mouse	NCBI GEO/SRA	Tissue	Brain	Cortical_neuron_nuclei_Dnmt3a-FLAG_knock-in_wt	GSM5683980	GSM5683975
SE_12_1077	Mouse	NCBI GEO/SRA	Primary cell	pancreas	pancreatic_ductal_adenocarcinoma_cells_WT	GSM4962771	GSM4962772
SE_12_1078	Mouse	NCBI GEO/SRA	Primary cell	pancreas	pancreatic_ductal_adenocarcinoma_cells_Paf1-KD	GSM4962773	GSM4962774
SE_12_1079	Mouse	NCBI GEO/SRA	Stem cell	embryo	E14_mouse_embryonic_stem_cells_Rbbp7ko	GSM5555035	GSM5555049
SE_12_1080	Mouse	NCBI GEO/SRA	Stem cell	Brain	Neural_Stem_Cell_untreatd	GSM4287422	GSM4287423
SE_12_1081	Mouse	NCBI GEO/SRA	Tissue	Eye	Microdissected_retina_tissue_P0_wt	GSM3615072	GSM3615070
SE_12_1082	Mouse	NCBI GEO/SRA	Tissue	Eye	Microdissected_retina_tissue_P0_Casz1_cKO	GSM3615073	GSM3615071
SE_12_1083	Mouse	NCBI GEO/SRA	Primary cell	embryo	SIM_embryonic_fibroblasts_cells_STO	GSM3587905	GSM3587904
SE_12_1084	Mouse	NCBI GEO/SRA	Primary cell	Embryonic fibroblasts	C57BL/6J_x_CAST/EiJ_F1_hybrid_starved_with_0.5%_CCS_MEF_media_wt	GSM5819298	GSM5819314
SE_12_1085	Mouse	NCBI GEO/SRA	Primary cell	Embryonic fibroblasts	C57BL/6J_x_CAST/EiJ_F1_hybrid_10m_stimulation_with_15%_CCS_MEF_media_wt	GSM5819300	GSM5819314
SE_12_1086	Mouse	NCBI GEO/SRA	Primary cell	Embryonic fibroblasts	C57BL/6J_x_CAST/EiJ_F1_hybrid_90m_stimulation_with_15%_CCS_MEF_media_wt	GSM5819302	GSM5819314
SE_12_1087	Mouse	NCBI GEO/SRA	Primary cell	Embryonic fibroblasts	C57BL/6J_x_MOLF/EiJ_F1_hybrid_starved_with_0.5%_CCS_MEF_media_wt	GSM5819324	GSM5819340
SE_12_1088	Mouse	NCBI GEO/SRA	Primary cell	Embryonic fibroblasts	C57BL/6J_x_MOLF/EiJ_F1_hybrid_10m_stimulation_with_15%_CCS_MEF_media_wt	GSM5819326	GSM5819340
SE_12_1089	Mouse	NCBI GEO/SRA	Primary cell	Embryonic fibroblasts	C57BL/6J_x_MOLF/EiJ_F1_hybrid_90m_stimulation_with_15%_CCS_MEF_media_wt	GSM5819328	GSM5819340
SE_12_1090	Mouse	NCBI GEO/SRA	Primary cell	Embryonic fibroblasts	C57BL/6J_x_PWK/PhJ_F1_hybrid_starved_with_0.5%_CCS_MEF_media_wt	GSM5819350	GSM5819368
SE_12_1091	Mouse	NCBI GEO/SRA	Primary cell	Embryonic fibroblasts	C57BL/6J_x_PWK/PhJ_F1_hybrid_10m_stimulation_with_15%_CCS_MEF_media_wt	GSM5819353	GSM5819368
SE_12_1092	Mouse	NCBI GEO/SRA	Primary cell	Embryonic fibroblasts	C57BL/6J_x_PWK/PhJ_F1_hybrid_90m_stimulation_with_15%_CCS_MEF_media_wt	GSM5819355	GSM5819368
SE_12_1093	Mouse	NCBI GEO/SRA	Primary cell	Embryonic fibroblasts	C57BL/6J_x_SPRET/EiJ_F1_hybrid_starved_with_0.5%_CCS_MEF_media_wt	GSM5819381	GSM5819403
SE_12_1094	Mouse	NCBI GEO/SRA	Primary cell	Embryonic fibroblasts	C57BL/6J_x_SPRET/EiJ_F1_hybrid_10m_stimulation_with_15%_CCS_MEF_media_wt	GSM5819385	GSM5819403
SE_12_1095	Mouse	NCBI GEO/SRA	Primary cell	Embryonic fibroblasts	C57BL/6J_x_SPRET/EiJ_F1_hybrid_90m_stimulation_with_15%_CCS_MEF_media_wt	GSM5819388	GSM5819403
SE_12_1096	Mouse	NCBI GEO/SRA	Stem cell	embryo	EB_NoDox_12h	GSM5145347	GSM5145349
SE_12_1097	Mouse	NCBI GEO/SRA	Stem cell	embryo	EB_NoDox_3h	GSM5145350	GSM5145352
SE_12_1098	Mouse	NCBI GEO/SRA	Stem cell	Embryonic fibroblasts	MEF_WT_PRRX1	GSM5213044	GSM5213046
SE_12_1099	Mouse	NCBI GEO/SRA	Stem cell	Embryonic fibroblasts	MEF_KI_PRRX1	GSM5213048	GSM5213050
SE_12_1100	Mouse	NCBI GEO/SRA	Stem cell	Embryonic fibroblasts	MEF_SG_PRRX1	GSM5213051	GSM5213053
SE_12_1101	Mouse	NCBI GEO/SRA	Stem cell	Embryonic fibroblasts	MMTV_CAF_WT_PRRX1	GSM5213054	GSM5213056
SE_12_1102	Mouse	NCBI GEO/SRA	Stem cell	Embryonic fibroblasts	Wound_healing_fibroblast_WT_PRRX1	GSM5213061	GSM5213063
SE_12_1103	Mouse	NCBI GEO/SRA	Stem cell	Embryonic fibroblasts	Wound_healing_fibroblast_SG_PRRX1	GSM5213065	GSM5213067
SE_12_1104	Mouse	NCBI GEO/SRA	Tissue	Pancreas	Pancreatic_islets_RD	GSM5732342	GSM5732348
SE_12_1105	Mouse	NCBI GEO/SRA	Tissue	Pancreas	Pancreatic_islets_HFD	GSM5732344	GSM5732349
SE_12_1106	Mouse	NCBI GEO/SRA	Tissue	Pancreas	Pancreatic_islets_HFD-O304	GSM5732346	GSM5732350
SE_12_1107	Mouse	NCBI GEO/SRA	Tissue	Lymph	Stabilized_in_vitro_lymphomas_CD19-Cre;_E{mu}-myc;_Mga-/-_LY_MGAKO	GSM5710902	GSM5710900
SE_12_1108	Mouse	NCBI GEO/SRA	Tissue	Lymph	Stabilized_in_vitro_lymphomas_CD19-Cre;_E{mu}-myc;_Pcgf6-/-_LY_PCGF6KO	GSM5710908	GSM5710900
SE_12_1109	Mouse	NCBI GEO/SRA	Tissue	Lymph	Stabilized_in_vitro_lymphomas_CD19-Cre;_E{mu}-myc;_Pcgf6-/-_LY_WT	GSM5710914	GSM5710900
SE_12_1110	Mouse	NCBI GEO/SRA	Tissue	embryo	embryos_were_injected_with_non-specific_siRNA_at_zygote_stage	GSM5677296	GSM5677298
SE_12_1111	Mouse	NCBI GEO/SRA	Tissue	embryo	embryos_were_injected_with_Rbbp4_and_7_siRNA_at_zygote_stage	GSM5677300	GSM5677302
SE_12_1112	Mouse	NCBI GEO/SRA	Stem cell	Embryonic fibroblasts	MEF_IR_control1	GSM3272248	GSM3272269
SE_12_1113	Mouse	NCBI GEO/SRA	Stem cell	Embryonic fibroblasts	MEF_IR_control2	GSM3272251	GSM3272272
SE_12_1114	Mouse	NCBI GEO/SRA	Stem cell	Embryonic fibroblasts	MEF_IR_senescent_1	GSM3272254	GSM3272273
SE_12_1115	Mouse	NCBI GEO/SRA	Tissue	liver	Male_B6_G162_M1_8_weeks	GSM3756034	GSM3756054
SE_12_1116	Mouse	NCBI GEO/SRA	Tissue	liver	Female_B6_G162_M6_8_weeks	GSM3756039	GSM3756055
SE_12_1117	Mouse	NCBI GEO/SRA	Tissue	liver	Male_CAST_G162_M11_8_weeks	GSM3756044	GSM3756056
SE_12_1118	Mouse	NCBI GEO/SRA	Tissue	liver	Female_CAST_G162_M16_8_weeks	GSM3756049	GSM3756057
SE_12_1119	Mouse	NCBI GEO/SRA	Stem cell	embryo	mES_TIR1_ARID1A-mini-auxin-inducible-GFP-tagged_clone#57_0h_auxin	GSM5554669	GSM5554692
SE_12_1120	Mouse	NCBI GEO/SRA	Stem cell	embryo	mES_TIR1_ARID1A-mini-auxin-inducible-GFP-tagged_clone#57_2h_auxin	GSM5554673	GSM5554693
SE_12_1121	Mouse	NCBI GEO/SRA	Stem cell	embryo	mES_TIR1_ARID1A-mini-auxin-inducible-GFP-tagged_clone#57_6h_auxin	GSM5554677	GSM5554694
SE_12_1122	Mouse	NCBI GEO/SRA	Stem cell	embryo	mES_TIR1_ARID1A-mini-auxin-inducible-GFP-tagged_clone#57_18h_auxin	GSM5554681	GSM5554695
SE_12_1123	Mouse	NCBI GEO/SRA	Stem cell	embryo	mES_TIR1_ARID1A-mini-auxin-inducible-GFP-tagged_clone#57_54h_auxin	GSM5554685	GSM5554696
SE_12_1124	Mouse	NCBI GEO/SRA	Stem cell	embryo	mES_TIR1_ARID1A-mini-auxin-inducible-GFP-tagged_clone#57_162h_auxin	GSM5554688	GSM5554697
SE_12_1125	Mouse	NCBI GEO/SRA	Tissue	muscle	Soleus_NMRI	GSM5534333	GSM5534336
SE_12_1126	Mouse	NCBI GEO/SRA	Tissue	skin	EDL_NMRI	GSM5534342	GSM5534345
SE_12_1127	Mouse	NCBI GEO/SRA	Cell line	embryo	Embryonic_stem_cell_J1_wt	GSM5592202	GSM5592207
SE_12_1128	Mouse	NCBI GEO/SRA	Cell line	embryo	Embryonic_stem_cell_TT2_wt	GSM5592203	GSM5592208
SE_12_1129	Mouse	NCBI GEO/SRA	Cell line	embryo	Embryonic_stem_cell_J1_GLN_KI_with_PiggyBac	GSM5592204	GSM5592209
SE_12_1130	Mouse	NCBI GEO/SRA	Cell line	embryo	Embryonic_stem_cell_TT2_GLN_KO	GSM5592206	GSM5592211
SE_12_1131	Mouse	NCBI GEO/SRA	Tissue	liver	Setd2_knockout_normal_liver_tissue_8-month__cKO-NT	GSM4056981	GSM4056987
SE_12_1132	Mouse	NCBI GEO/SRA	Tissue	liver	Setd2_knockout_liver_tumor_8-month_cKO-T	GSM4056990	GSM4056996
SE_12_1133	Mouse	NCBI GEO/SRA	Tissue	liver	Setd2_wild_type_liver_tumor_8-month_WT-NT	GSM4056999	GSM4057005
SE_12_1134	Mouse	NCBI GEO/SRA	Tissue	liver	Setd2_wild_type_liver_tumor_8-month_WT-T	GSM4057008	GSM4057014
SE_12_1135	Mouse	NCBI GEO/SRA	Primary cell	spleen	splenic_NK_cells_WT_IL12IL18_1	GSM5628879	GSM5628878
SE_12_1136	Mouse	NCBI GEO/SRA	Primary cell	spleen	splenic_NK_cells_WT_UNSTIM_1	GSM5628881	GSM5628880
SE_12_1137	Mouse	NCBI GEO/SRA	Primary cell	spleen	splenic_NK_cells_WT_IL2IL15_2	GSM5628883	GSM5628882
SE_12_1138	Mouse	NCBI GEO/SRA	Tissue	pancreas	mouse_pancreatic_cancer_DMSO__Control	GSM6284004	GSM6284008
SE_12_1139	Mouse	NCBI GEO/SRA	Tissue	pancreas	mouse_pancreatic_cancer_JQ1_1_µM_Control	GSM6284005	GSM6284009
SE_12_1140	Mouse	NCBI GEO/SRA	Tissue	pancreas	mouse_pancreatic_cancer_DMSO_Brca2KO	GSM6284006	GSM6284010
SE_12_1141	Mouse	NCBI GEO/SRA	Tissue	cortex	adult_mouse_cortex_animal_no._5__APOBEC_conversion_of_ChIP_DNA	GSM7135359	GSM7135368
SE_12_1142	Mouse	NCBI GEO/SRA	Cell line	embryo	E14JU_SCAR_410_T0_wt	GSM5858868	GSM5858892
SE_12_1143	Mouse	NCBI GEO/SRA	Cell line	embryo	E14JU_SCAR_410_T1_wt	GSM5858869	GSM5858893
SE_12_1144	Mouse	NCBI GEO/SRA	Cell line	embryo	E14JU_SCAR_410_T3_wt	GSM5858870	GSM5858894
SE_12_1145	Mouse	NCBI GEO/SRA	Cell line	embryo	E14JU_SCAR_410_T8_wt	GSM5858871	GSM5858895
SE_12_1146	Mouse	NCBI GEO/SRA	Cell line	embryo	E14JU_SCAR_439_T0_MCM2-2A	GSM5858872	GSM5858896
SE_12_1147	Mouse	NCBI GEO/SRA	Cell line	embryo	E14JU_SCAR_439_T1_MCM2-2A	GSM5858873	GSM5858897
SE_12_1148	Mouse	NCBI GEO/SRA	Cell line	embryo	E14JU_SCAR_439_T3_MCM2-2A	GSM5858874	GSM5858898
SE_12_1149	Mouse	NCBI GEO/SRA	Cell line	embryo	E14JU_SCAR_439_T8_MCM2-2A	GSM5858875	GSM5858899
SE_12_1150	Mouse	NCBI GEO/SRA	Cell line	embryo	E14JU_SCAR_442_T0_MCM2-2A	GSM5858876	GSM5858900
SE_12_1151	Mouse	NCBI GEO/SRA	Cell line	embryo	E14JU_SCAR_442_T1_MCM2-2A	GSM5858877	GSM5858901
SE_12_1152	Mouse	NCBI GEO/SRA	Cell line	embryo	E14JU_SCAR_442_T3_MCM2-2A	GSM5858878	GSM5858902
SE_12_1153	Mouse	NCBI GEO/SRA	Cell line	embryo	E14JU_SCAR_442_T8_MCM2-2A	GSM5858879	GSM5858903
SE_12_1154	Mouse	NCBI GEO/SRA	Cell line	Bone marrow	BM_LSK_(Lin-_Sca1+_cKit+)_NICD_TCFKO	GSM5176597	GSM5176626
SE_12_1155	Mouse	NCBI GEO/SRA	Cell line	Bone marrow	BM_LSK_(Lin-_Sca1+_cKit+)NICD_TCFWT	GSM5176605	GSM5176625
SE_12_1156	Mouse	NCBI GEO/SRA	Cell line	Bone marrow	BM_LSK_(Lin-_Sca1+_cKit+)_NICD_TCFKO	GSM5176613	GSM5176624
SE_12_1157	Mouse	NCBI GEO/SRA	Primary cell	Spleen and lymph nodes	In_vitro_differentiated_Th9_(d3)M1_D3_S17	GSM6935077	GSM6935080
SE_12_1158	Mouse	NCBI GEO/SRA	Primary cell	Spleen and lymph nodes	In_vitro_differentiated_Th9_(d4)M1_D4_S8	GSM6935081	GSM6935084
SE_12_1159	Mouse	NCBI GEO/SRA	Primary cell	Spleen and lymph nodes	In_vitro_differentiated_Th9_(d8)M1_D8_S14	GSM6935085	GSM6935088
SE_12_1160	Mouse	NCBI GEO/SRA	Primary cell	Spleen and lymph nodes	naive_T_cells_M1_S28	GSM6935089	GSM6935092
SE_12_1161	Mouse	NCBI GEO/SRA	Cell line	prostate	cancer_associated_fibroblast_CCAF	GSM6591738	GSM6591742
SE_12_1162	Mouse	NCBI GEO/SRA	Cell line	prostate	cancer_associated_fibroblast_sox4CAF	GSM6591739	GSM6591742
SE_12_1163	Mouse	NCBI GEO/SRA	Cell line	Pancreas	mT3-2D_Pancreas_Empty_Vector	GSM7138700	GSM7138701
SE_12_1164	Mouse	NCBI GEO/SRA	Cell line	Pancreas	mT3-2D_Pancreas_En1_cDNA	GSM7138704	GSM7138705
SE_12_1165	Mouse	NCBI GEO/SRA	Cell line	Pancreas	mT4-2D_Pancreas_Empty_Vector	GSM7138708	GSM7138710
SE_12_1166	Mouse	NCBI GEO/SRA	Cell line	Pancreas	mT4-2D_Pancreas_En1_cDNA	GSM7138713	GSM7138715
SE_12_1167	Mouse	NCBI GEO/SRA	Cell line	Pancreas	mT5-2D_Pancreas_Empty_Vector	GSM7138718	GSM7138720
SE_12_1168	Mouse	NCBI GEO/SRA	Cell line	Pancreas	mT5-2D_Pancreas_En1_cDNA	GSM7138723	GSM7138726
SE_12_1169	Mouse	NCBI GEO/SRA	Cell line	Pancreas	mT8-2D_Pancreas_Empty_Vector	GSM7138728	GSM7138730
SE_12_1170	Mouse	NCBI GEO/SRA	Cell line	Brain	SmoWT-MB_cells_freshly_constructed_from_subcutaneous_allograft	GSM8246093	GSM8246094
SE_12_1171	Mouse	NCBI GEO/SRA	Cell line	Brain	SMB56_cells_freshly_constructed_from_subcutaneous_allograft	GSM8246097	GSM8246098
SE_12_1172	Mouse	NCBI GEO/SRA	Stem cell	Bone marrow	Lineage-_bone_marrow_cells_in_femora_and_tibiae_WT	GSM7528030	GSM7528029
SE_12_1173	Mouse	NCBI GEO/SRA	Stem cell	Bone marrow	Lineage-_bone_marrow_cells_in_femora_and_tibiae_KO	GSM7528032	GSM7528031
SE_12_1174	Mouse	NCBI GEO/SRA	Stem cell	Brain	NPCs_MSL2KO1_male	GSM7116735	GSM7116751
SE_12_1175	Mouse	NCBI GEO/SRA	Stem cell	Brain	NPCs_MSL2KO2_male	GSM7116769	GSM7116785
SE_12_1176	Mouse	NCBI GEO/SRA	Stem cell	embryo	Embryonic_stem_cells_LSD1KO_DMSO	GSM7324564	GSM7324562
SE_12_1177	Mouse	NCBI GEO/SRA	Stem cell	embryo	Embryonic_stem_cells_LSD1KO_A485	GSM7324565	GSM7324563
SE_12_1178	Mouse	NCBI GEO/SRA	Stem cell	embryo	Embryoid_bodies_WT	GSM7324568	GSM7324570
SE_12_1179	Mouse	NCBI GEO/SRA	Stem cell	embryo	Embryoid_bodies_LSD1KO	GSM7324569	GSM7324571
SE_12_1180	Mouse	NCBI GEO/SRA	Cell line	embryo	E14JU_MCM2-2A_421	GSM5858532	GSM5858540
SE_12_1181	Mouse	NCBI GEO/SRA	Cell line	embryo	E14JU_MCM2-2A_439	GSM5858533	GSM5858541
SE_12_1182	Mouse	NCBI GEO/SRA	Cell line	embryo	E14JU_MCM2-2A_442	GSM5858534	GSM5858542
SE_12_1183	Mouse	NCBI GEO/SRA	Cell line	Bone marrow	LM1_macrophage_div6_wt_none	GSM7058585	GSM7058721
SE_12_1184	Mouse	NCBI GEO/SRA	Cell line	Bone marrow	LM1_macrophage_div6_wt_beta_glucan	GSM7058586	GSM7058722
SE_12_1185	Mouse	NCBI GEO/SRA	Cell line	Bone marrow	LM1_macrophage_div8_wt_beta_glucan	GSM7058588	GSM7058724
SE_12_1186	Mouse	NCBI GEO/SRA	Cell line	Bone marrow	LM1_macrophage_div10_wt_none	GSM7058589	GSM7058725
SE_12_1187	Mouse	NCBI GEO/SRA	Cell line	Bone marrow	LM1_macrophage_div10_wt_beta_glucan	GSM7058590	GSM7058726
SE_12_1188	Mouse	NCBI GEO/SRA	Cell line	Bone marrow	LM1_macrophage_div12_wt_none	GSM7058591	GSM7058727
SE_12_1189	Mouse	NCBI GEO/SRA	Cell line	Bone marrow	LM1_macrophage_div12_wt_beta_glucan	GSM7058592	GSM7058728
SE_12_1190	Mouse	NCBI GEO/SRA	Cell line	Bone marrow	LM1_macrophage_div14_wt_none	GSM7058593	GSM7058729
SE_12_1191	Mouse	NCBI GEO/SRA	Cell line	Bone marrow	LM1_macrophage_div2_wt_none	GSM7058595	GSM7058731
SE_12_1192	Mouse	NCBI GEO/SRA	Cell line	Bone marrow	LM1_macrophage_div2_wt_beta_glucan	GSM7058596	GSM7058732
SE_12_1193	Mouse	NCBI GEO/SRA	Cell line	Bone marrow	LM1_macrophage_div4_wt_beta_glucan	GSM7058597	GSM7058733
SE_12_1194	Mouse	NCBI GEO/SRA	Stem cell	embryo	D5_ES-derived_ExEns_Mll3-/-;Mll4flox/flox_ExEn_differentiation	GSM6419880	GSM6419882
SE_12_1195	Mouse	NCBI GEO/SRA	Stem cell	embryo	D5_ES-derived_ExEns_Mll3-/-;Mll4KI/KI_ExEn_differentiation	GSM6419881	GSM6419883
SE_12_1196	Mouse	NCBI GEO/SRA	Stem cell	embryo	Embryonic_stem_cells_Mll3-/-;Mll4flox/flox_Doxycycline	GSM6419888	GSM6419890
SE_12_1197	Mouse	NCBI GEO/SRA	Stem cell	embryo	Embryonic_stem_cells_Mll3-/-;Mll4KI/KI_Doxycycline	GSM6419889	GSM6419891
SE_12_1198	Mouse	NCBI GEO/SRA	Stem cell	embryo	Embryonic_stem_cells_Mll3-/-;Mll4flox/flox_Doxycycline	GSM6419896	GSM6419898
SE_12_1199	Mouse	NCBI GEO/SRA	Stem cell	embryo	Embryonic_stem_cells_Mll3-/-;Mll4KI/KI_Doxycycline	GSM6419897	GSM6419899
SE_12_1200	Mouse	NCBI GEO/SRA	Tissue	tumor	mouse_ASPS_tumor__N28	GSM4952653	GSM4952657
SE_12_1201	Mouse	NCBI GEO/SRA	Tissue	tumor	mouse_ASPS_tumor_N30	GSM4952658	GSM4952662
SE_12_1202	Mouse	NCBI GEO/SRA	Primary cell	Spleen	VertX__post_natal_day_56_IL-10_GFP_reporter	GSM3997564	GSM3997576
SE_12_1203	Mouse	NCBI GEO/SRA	Primary cell	Spleen	VertX_IL-27Ra-/-_post_natal_day_56_IL-10_GFP_reporter/IL-27Ra-/-	GSM3997566	GSM3997578
SE_12_1204	Mouse	NCBI GEO/SRA	Primary cell	Spleen	C57BL/6_post_natal_day_92_wt	GSM3998162	GSM3998166
SE_12_1205	Mouse	NCBI GEO/SRA	Stem cell	embryo	Mouse_embryonic_stem_cells_MLL34DKO	GSM5719871	GSM5719876
SE_12_1206	Mouse	NCBI GEO/SRA	Stem cell	embryo	Mouse_embryonic_stem_cells_wt	GSM5719878	GSM5719883
SE_12_1207	Mouse	NCBI GEO/SRA	Stem cell	embryo	mouse_embryonic_fibroblasts proliferating_OI	GSM3272257	GSM3272276
SE_12_1208	Mouse	NCBI GEO/SRA	Stem cell	embryo	mouse_embryonic_fibroblasts_induced_OI	GSM3272259	GSM3272276
SE_12_1209	Mouse	NCBI GEO/SRA	Stem cell	embryo	mouse_embryonic_fibroblasts_proliferating_OI	GSM3272260	GSM3272277
SE_12_1210	Mouse	NCBI GEO/SRA	Stem cell	embryo	mouse_embryonic_fibroblasts_senescent_KRASG12V-oncogene_induciton_(OI)	GSM3272261	GSM3272277
SE_12_1211	Mouse	NCBI GEO/SRA	Stem cell	embryo	mouse_embryonic_fibroblasts_proliferating_serial_passaging_(REP)	GSM3272263	GSM3272278
SE_12_1212	Mouse	NCBI GEO/SRA	Stem cell	embryo	mouse_embryonic_fibroblasts_senescent_REP	GSM3272264	GSM3272278
SE_12_1213	Mouse	NCBI GEO/SRA	Stem cell	embryo	mouse_embryonic_fibroblasts_proliferating_serial_passaging_(REP)	GSM3272265	GSM3272279
SE_12_1214	Mouse	NCBI GEO/SRA	Stem cell	embryo	mouse_embryonic_fibroblasts_senescent_REP	GSM3272266	GSM3272279
SE_12_1215	Mouse	NCBI GEO/SRA	Stem cell	embryo	mouse_embryonic_fibroblasts_proliferating_serial_passaging_(REP)	GSM3272267	GSM3272280
SE_12_1216	Mouse	NCBI GEO/SRA	Stem cell	embryo	mouse_embryonic_fibroblasts_senescent_REP	GSM3272268	GSM3272280
SE_12_1217	Mouse	NCBI GEO/SRA	Tissue	Brain	Frontal_cortex_NSC_DIV0	GSM7547698	GSM7547700
SE_12_1218	Mouse	NCBI GEO/SRA	Tissue	Brain	Frontal_cortex_Neuron_DIV4	GSM7547702	GSM7547704
SE_12_1219	Mouse	NCBI GEO/SRA	Tissue	Brain	Frontal_cortex_Astrocyte_DIV4	GSM7547705	GSM7547711
SE_12_1220	Mouse	NCBI GEO/SRA	Tissue	Brain	Frontal_cortex_Oligodendrocyte_DIV4	GSM7547707	GSM7547710
SE_12_1221	Mouse	NCBI GEO/SRA	Tissue	Eye	retina_P18_wt	GSM7844774	GSM7844773
SE_12_1222	Mouse	NCBI GEO/SRA	Tissue	Eye	retina_P18_KO	GSM7844780	GSM7844779
SE_12_1223	Mouse	NCBI GEO/SRA	Primary cell	Bone marrow	BMDM_WT_0hr_LipidA	GSM7770690	GSM7770696
SE_12_1224	Mouse	NCBI GEO/SRA	Primary cell	Bone marrow	BMDM_WT_4hr_LipidA	GSM7770691	GSM7770697
SE_12_1225	Mouse	NCBI GEO/SRA	Primary cell	Bone marrow	BMDM_ACBI1_treated_4hr_LipidA	GSM7770692	GSM7770698
SE_12_1226	Mouse	NCBI GEO/SRA	Primary cell	Bone marrow	BMDM_BRDK98_treated_4hr_LipidA	GSM7770694	GSM7770700
SE_12_1227	Mouse	NCBI GEO/SRA	Primary cell	Bone marrow	BMDM_Arid1A-/-_4hr_LipidA	GSM7770695	GSM7770701
SE_12_1228	Mouse	NCBI GEO/SRA	Primary cell	tumor	mouse_ZFTA-RELA_ependymoma_tumor_control	GSM7854133	GSM7854132
SE_12_1229	Mouse	NCBI GEO/SRA	Primary cell	tumor	mouse_ZFTA-RELA_ependymoma_tumor_human_variant_ETV5_overexpression	GSM7854137	GSM7854136
SE_12_1230	Mouse	NCBI GEO/SRA	Tissue	uterus	mouse_myometrium_treated_with_saline	GSM7830678	GSM7830654
SE_12_1231	Mouse	NCBI GEO/SRA	Tissue	uterus	mouse_myometrium_treated_with_E2	GSM7830680	GSM7830656
SE_12_1232	Mouse	NCBI GEO/SRA	Tissue	uterus	mouse_myometrium_treated_with_Rln	GSM7830682	GSM7830658
SE_12_1233	Mouse	NCBI GEO/SRA	Tissue	uterus	mouse_myometrium_treated_with_E2_and_Rln	GSM7830684	GSM7830660
SE_12_1234	Mouse	NCBI GEO/SRA	Tissue	spleen	Th1_cells_ex_vivo_F_WT1	GSM6625242	GSM6625258
SE_12_1235	Mouse	NCBI GEO/SRA	Tissue	spleen	Th1_cells_ex_vivo_F_WT1	GSM6625244	GSM6625260
SE_12_1236	Mouse	NCBI GEO/SRA	Tissue	Brain	NE-4C_H33A_KOH3.3WT-HA	GSM2666924	GSM2666926
SE_12_1237	Mouse	NCBI GEO/SRA	Tissue	Brain	NE-4C_H33A_KOH3.3G34R-HA	GSM2666925	GSM2666927
SE_12_1238	Mouse	NCBI GEO/SRA	Tissue	Brain	cerebellum_post_natal_day_14_EED-/-	GSM5195454	GSM5195457
SE_12_1239	Mouse	NCBI GEO/SRA	Stem cell	Bone marrow	LSK_HSPCs_Fli-1_knockout	GSM5203006	GSM5203014
SE_12_1240	Mouse	NCBI GEO/SRA	Stem cell	Bone marrow	LSK_HSPCs_WT	GSM5203010	GSM5203015
SE_12_1241	Mouse	NCBI GEO/SRA	Tissue	liver	liver_CLP_wt	GSM8119657	GSM8119674
SE_12_1242	Mouse	NCBI GEO/SRA	Tissue	liver	liver_Sham_wt	GSM8119665	GSM8119673
SE_12_1243	Mouse	NCBI GEO/SRA	Primary cell	Bone marrow	bone_marrow_derived_macrophages_vehicle_PBS_treatment	GSM5160142	GSM5160151
SE_12_1244	Mouse	NCBI GEO/SRA	Primary cell	Bone marrow	bone_marrow_derived_macrophages_3'SL_LPS_for_1_hours	GSM5160145	GSM5160152
SE_12_1245	Mouse	NCBI GEO/SRA	Primary cell	Bone marrow	bone_marrow_derived_macrophages_3'SL_LPS_for_6_hours	GSM5160146	GSM5160152
SE_12_1246	Mouse	NCBI GEO/SRA	Primary cell	Bone marrow	bone_marrow_derived_macrophages_vehicle_PBS_treatment	GSM5160149	GSM5160151
SE_12_1247	Mouse	NCBI GEO/SRA	Primary cell	Bone marrow	bone_marrow_derived_macrophages_vehicle_PBS_treatment	GSM5160150	GSM5160151
SE_12_1248	Mouse	NCBI GEO/SRA	Cell line	embryo	C3H_10T1/2_GFP_retroviral_transduction_SMC_differentiation_WT	GSM7975538	GSM7975543
SE_12_1249	Mouse	NCBI GEO/SRA	Cell line	embryo	C3H_10T1/2_MYOCD_retroviral_transduction_SMC_differentiation_wt	GSM7975539	GSM7975544
SE_12_1250	Mouse	NCBI GEO/SRA	Cell line	embryo	C3H_10T1/2_MYOCD-deltaTAD_retroviral_transduction_SMC_differentiation_wt	GSM7975540	GSM7975545
SE_12_1251	Mouse	NCBI GEO/SRA	Cell line	embryo	C3H_10T1/2_MYOCD-FUS_retroviral_transduction_SMC_differentiation_wt	GSM7975541	GSM7975546
SE_12_1252	Mouse	NCBI GEO/SRA	Cell line	embryo	C3H_10T1/2_MYOCD-CDT1_retroviral_transduction_SMC_differentiation_wt	GSM7975542	GSM7975547
SE_12_1253	Mouse	NCBI GEO/SRA	Tissue	Bone marrow	bone_marrow-derived_macrophages_Unstimulated_wt	GSM7920596	GSM7920600
SE_12_1254	Mouse	NCBI GEO/SRA	Tissue	Bone marrow	bone_marrow-derived_macrophages_lipid_A_stimulation_wt	GSM7920598	GSM7920600
SE_12_1255	Mouse	NCBI GEO/SRA	Tissue	Cecal	Cecal_intestinal_epithelial_cells_None	GSM6668771	GSM6668775
SE_12_1256	Mouse	NCBI GEO/SRA	Primary cell	Bone marrow	Pritoneal_Macrophage_treated_with_A_fusion_protein_of_mouse_IL-4_with_the_Fc_portion_of_IgG1	GSM7904809	GSM7904813
SE_12_1257	Mouse	NCBI GEO/SRA	Tissue	muscle	skeletal_muscle_-_quadricep_Bcl6_fl/fl_TMX	GSM7876811	GSM7876814
SE_12_1258	Mouse	NCBI GEO/SRA	Tissue	muscle	skeletal_muscle_-_quadricep_AEC-Esr_Cre_(+):_Bcl6_fl/fl_TMX	GSM7876815	GSM7876818
SE_12_1259	Mouse	NCBI GEO/SRA	Tissue	muscle	skeletal_muscle_-_quadricep_Bcl6_fl/fl_TMX	GSM7876819	GSM7876822
SE_12_1260	Mouse	NCBI GEO/SRA	Tissue	muscle	skeletal_muscle_-_quadricep_AEC-Esr_Cre_(+):_Bcl6_fl/fl_TMX	GSM7876823	GSM7876826
SE_12_1261	Mouse	NCBI GEO/SRA	Cell line	Adipocyte	3T3-L1_adipocyte_Control_day_0_(d0)_after_differentiation	GSM4987640	GSM4987639
SE_12_1262	Mouse	NCBI GEO/SRA	Cell line	Adipocyte	3T3-L1_adipocyte_Pax7_stably_expressed_day_0_(d0)_after_differentiation	GSM4987648	GSM4987647
SE_12_1263	Mouse	NCBI GEO/SRA	Tissue	liver	Liver_C_B6_58_1_Chow_1	GSM5905311	GSM5905327
SE_12_1264	Mouse	NCBI GEO/SRA	Tissue	liver	liver_C_SV_119_1_Chow_1	GSM5905315	GSM5905329
SE_12_1265	Mouse	NCBI GEO/SRA	Tissue	liver	Liver_F_SV_109_2_HFD_1	GSM5905323	GSM5905330
SE_12_1266	Mouse	NCBI GEO/SRA	Primary cell	Bone marrow	mouse_large_pre-B_cell_(CD19+CD43+BP1+)_wt	GSM7336805	GSM7336813
SE_12_1267	Mouse	NCBI GEO/SRA	Primary cell	Bone marrow	mouse_large_pre-B_cell_(CD19+CD43+BP1+)_IkE5D/D_(IKE5_fl/fl_Cd2-cre)	GSM7336806	GSM7336814
SE_12_1268	Mouse	NCBI GEO/SRA	Primary cell	Bone marrow	mouse_large_pre-B_cell_(CD19+CD43+BP1+)_IkE5_fl/fl_Rosa26-ERT2-Cre	GSM7336815	GSM7336827
SE_12_1269	Mouse	NCBI GEO/SRA	Cell line	Brain	Neural_stem_cells_Brain_SVZ_2_months	GSM6619530	GSM6619538
SE_12_1270	Mouse	NCBI GEO/SRA	Cell line	Brain	Neural_stem_cells_Brain_SVZ_18_months	GSM6619532	GSM6619540
SE_12_1271	Mouse	NCBI GEO/SRA	Stem cell	embryo	Embryonic_stem_cell_TT2_wt	GSM5589513	GSM5589515
SE_12_1272	Mouse	NCBI GEO/SRA	Stem cell	embryo	Embryonic_stem_cell_TT2_Setdb1_KO	GSM5589514	GSM5589516
SE_12_1273	Mouse	NCBI GEO/SRA	Tissue	Brain	Pre-Para-Subiculum_wt	GSM7680431	GSM7680506
SE_12_1274	Mouse	NCBI GEO/SRA	Tissue	Brain	DG_wt	GSM7680432	GSM7680435
SE_12_1275	Mouse	NCBI GEO/SRA	Tissue	Brain	AnteriorThalamus_wt	GSM7680439	GSM7680482
SE_12_1276	Mouse	NCBI GEO/SRA	Tissue	Brain	VisCtx_wt	GSM7680440	GSM7680446
SE_12_1277	Mouse	NCBI GEO/SRA	Tissue	Brain	Thalamus_WT	GSM7680442	GSM7680441
SE_12_1278	Mouse	NCBI GEO/SRA	Tissue	Brain	DorsalStriatum_wt	GSM7680443	GSM7680438
SE_12_1279	Mouse	NCBI GEO/SRA	Tissue	Brain	DorsalStriatum_wt	GSM7680444	GSM7680448
SE_12_1280	Mouse	NCBI GEO/SRA	Tissue	Brain	HDB1wt	GSM7680452	GSM7680456
SE_12_1281	Mouse	NCBI GEO/SRA	Tissue	Brain	HDB2wt	GSM7680453	GSM7680458
SE_12_1282	Mouse	NCBI GEO/SRA	Tissue	Brain	mPFC1_wt	GSM7680454	GSM7680461
SE_12_1283	Mouse	NCBI GEO/SRA	Tissue	Brain	mPFC2_wt	GSM7680455	GSM7680462
SE_12_1284	Mouse	NCBI GEO/SRA	Tissue	Brain	VS_WT	GSM7680457	GSM7680449
SE_12_1285	Mouse	NCBI GEO/SRA	Tissue	Brain	DS_WT	GSM7680460	GSM7680450
SE_12_1286	Mouse	NCBI GEO/SRA	Tissue	Brain	Sub_WT	GSM7680463	GSM7680451
SE_12_1287	Mouse	NCBI GEO/SRA	Tissue	Brain	SomCtx_WT	GSM7680469	GSM7680473
SE_12_1288	Mouse	NCBI GEO/SRA	Tissue	Brain	MEC_WT	GSM7680470	GSM7680474
SE_12_1289	Mouse	NCBI GEO/SRA	Tissue	Brain	Ctx_WT	GSM7680471	GSM7680464
SE_12_1290	Mouse	NCBI GEO/SRA	Tissue	Brain	MedSep_WT	GSM7680472	GSM7680465
SE_12_1291	Mouse	NCBI GEO/SRA	Tissue	Brain	OB_WT	GSM7680476	GSM7680467
SE_12_1292	Mouse	NCBI GEO/SRA	Tissue	Brain	PirCtx_WT	GSM7680478	GSM7680447
SE_12_1293	Mouse	NCBI GEO/SRA	Tissue	Brain	VentralStriatum_WT	GSM7680481	GSM7680497
SE_12_1294	Mouse	NCBI GEO/SRA	Tissue	Brain	Claustrum_WT	GSM7680484	GSM7680494
SE_12_1295	Mouse	NCBI GEO/SRA	Tissue	Brain	CA1_WT	GSM7680486	GSM7680495
SE_12_1296	Mouse	NCBI GEO/SRA	Tissue	Brain	DeepMEC_WT	GSM7680491	GSM7680485
SE_12_1297	Mouse	NCBI GEO/SRA	Tissue	Brain	Subiculum_WT	GSM7680498	GSM7680499
SE_12_1298	Mouse	NCBI GEO/SRA	Tissue	Brain	PreSubiculum_WT	GSM7680502	GSM7680501
SE_12_1299	Mouse	NCBI GEO/SRA	Tissue	Brain	VentralHC_WT	GSM7680507	GSM7680434
SE_12_1300	Mouse	NCBI GEO/SRA	Tissue	Brain	CA3_WT	GSM7680508	GSM7680503
SE_12_1301	Mouse	NCBI GEO/SRA	Tissue	thymus	Primary_T_cell_CD69+CD4+CD8-_none_wt	GSM6918018	GSM6918016
SE_12_1302	Mouse	NCBI GEO/SRA	Tissue	liver	Whole_Liver_Setd8-LKO_TCPOBOP	GSM7767565	GSM7767572
SE_12_1303	Mouse	NCBI GEO/SRA	Tissue	liver	Whole_Liver_wt_Untreated	GSM7767574	GSM7767584
SE_12_1304	Mouse	NCBI GEO/SRA	Tissue	embryo	iMEF_No_dTAG_treatment	GSM7713424	GSM7713422
SE_12_1305	Mouse	NCBI GEO/SRA	Tissue	embryo	iMEF_dTAG_treatment_30min	GSM7713426	GSM7713423
SE_12_1306	Mouse	NCBI GEO/SRA	Tissue	embryo	iMEF_dTAG_treatment_2h	GSM7713428	GSM7713423
SE_12_1307	Mouse	NCBI GEO/SRA	Tissue	embryo	iMEF_dTAG_treatment_4h	GSM7713430	GSM7713423
SE_12_1308	Mouse	NCBI GEO/SRA	Tissue	embryo	iMEF_dTAG_treatment_8h	GSM7713432	GSM7713423
SE_12_1309	Mouse	NCBI GEO/SRA	Tissue	embryo	iMEF_dTAG_treatment_16h	GSM7713434	GSM7713423
SE_12_1310	Mouse	NCBI GEO/SRA	Tissue	Mandibular process	mandibular_process_mixed_e15.5_wt	GSM7508814	GSM7508817
SE_12_1311	Mouse	NCBI GEO/SRA	Tissue	Maxillary process	maxillary_process_mixed_e15.5_wt	GSM7508815	GSM7508818
SE_12_1312	Mouse	NCBI GEO/SRA	Tissue	Nose	nose_mixed_e15.5_wt	GSM7508816	GSM7508819
SE_12_1313	Mouse	NCBI GEO/SRA	Tissue	Mandibular process	mandibular_process_mixed_e11.5_wt	GSM7508820	GSM7508824
SE_12_1314	Mouse	NCBI GEO/SRA	Tissue	Maxillary process	maxillary_process_mixed_e11.5_wt	GSM7508821	GSM7508825
SE_12_1315	Mouse	NCBI GEO/SRA	Tissue	Nose	medial_nasal_plate_mixed_e11.5_wt	GSM7508822	GSM7508826
SE_12_1316	Mouse	NCBI GEO/SRA	Tissue	Nose	lateral_nasal_plate_mixed_e11.5_wt	GSM7508823	GSM7508827
SE_12_1317	Mouse	NCBI GEO/SRA	Tissue	Mandibular process	mandibular_process_mixed_e13.5_wt	GSM7508828	GSM7508831
SE_12_1318	Mouse	NCBI GEO/SRA	Tissue	Maxillary process	maxillary_process_mixed_e13.5_wt	GSM7508829	GSM7508832
SE_12_1319	Mouse	NCBI GEO/SRA	Tissue	Nose	nose_mixed_e13.5_wt	GSM7508830	GSM7508833
SE_12_1320	Mouse	NCBI GEO/SRA	Primary cell	Mesenchymal_chondrosarcoma	HEY1-NCOA2-expressing_murine_mesenchymal_chondrosarcoma_cells	GSM4982221	GSM4982226
SE_12_1321	Mouse	NCBI GEO/SRA	Cell line	Brain	129O1_oligodendrocyte_progenitor_cells_(OPCs)	GSM5525603	GSM5525602
SE_12_1322	Mouse	NCBI GEO/SRA	Cell line	Brain	129O1_epiblast_stem_cell_derived_OLs	GSM5525604	GSM5525602
SE_12_1323	Mouse	NCBI GEO/SRA	Cell line	Brain	EpiSC5_epiblast_stem_cell_derived_OPCs	GSM5525607	GSM5525606
SE_12_1324	Mouse	NCBI GEO/SRA	Cell line	Brain	EpiSC5_epiblast_stem_cell_derived_OLs	GSM5525608	GSM5525606
SE_12_1325	Mouse	NCBI GEO/SRA	Cell line	embryo	embryonic_stem_cells	GSM6568225	GSM6568235
SE_12_1326	Mouse	NCBI GEO/SRA	Cell line	embryo	trophoblast_stem_cells	GSM6568227	GSM6568239
SE_12_1327	Mouse	NCBI GEO/SRA	Cell line	embryo	extra_embryonic_stem_cells	GSM6568229	GSM6568237
SE_12_1328	Mouse	NCBI GEO/SRA	Cell line	embryo	epiblast-like_stem_cells	GSM6568231	GSM6568233
SE_12_1329	Mouse	NCBI GEO/SRA	Cell line	mES	mES_HBG3_pMN_day4_progenitors	GSM4697774	GSM4697764
SE_12_1330	Mouse	NCBI GEO/SRA	Cell line	mES	mES_iNkx2.2__day4_treated_with_DOX_for_14-16hrs	GSM4697776	GSM4697764
SE_12_1331	Mouse	NCBI GEO/SRA	Cell line	mES	mES_iTNmut_day6_treated_with_DOX_for_14-16hrs	GSM4697778	GSM4697764
SE_12_1332	Mouse	NCBI GEO/SRA	Cell line	mES	mES_A2lox.Cre_day6_untreated	GSM4697780	GSM4697764
SE_12_1333	Mouse	NCBI GEO/SRA	Primary cell	lung	NSCLC_lung_tumorsgHDAC3	GSM5018125	GSM5018137
SE_12_1334	Mouse	NCBI GEO/SRA	Primary cell	lung	NSCLC_lung_tumor_sgNT	GSM5018127	GSM5018139
SE_12_1335	Mouse	NCBI GEO/SRA	Tissue	pancreas	pancreatic_islets_male_12_weeks_Ctrl_10d	GSM6663243	GSM6663255
SE_12_1336	Mouse	NCBI GEO/SRA	Tissue	pancreas	pancreatic_islets_male_12_weeks_BMP2_10d	GSM6663244	GSM6663256
SE_12_1337	Mouse	NCBI GEO/SRA	Tissue	heart	P7_Ventricles_Arid1a_f/f_Control	GSM4695459	GSM4695455
SE_12_1338	Mouse	NCBI GEO/SRA	Tissue	heart	P7_Ventricles_aMHC-Cre;Arid1a_f/f_cKO	GSM4695461	GSM4695457
SE_12_1339	Mouse	NCBI GEO/SRA	Tissue	liver	regenerating_Liver_Day_2_post_partial_hepatectomy_wt	GSM7511297	GSM7511294
SE_12_1340	Mouse	NCBI GEO/SRA	Tissue	liver	regenerating_Liver_Day_2_post_partial_hepatectomy_Cox10-/-	GSM7511303	GSM7511300
SE_12_1341	Mouse	NCBI GEO/SRA	Primary cell	tumor	Serum-starved_and_stimulated_cultured_CAF_wt	GSM6042894	GSM6042896
SE_12_1342	Mouse	NCBI GEO/SRA	Primary cell	tumor	Serum-starved_and_stimulated_cultured_iDF_wt	GSM6042900	GSM6042902
SE_12_1343	Mouse	NCBI GEO/SRA	Primary cell	tumor	Serum-starved_and_stimulated_cultured_iDF_dKO	GSM6042901	GSM6042902
SE_12_1344	Mouse	NCBI GEO/SRA	Tissue	Eye	eye_organoid_retina_progenitors_Rax-GFP_knockin_Het_control	GSM7029059	GSM7029065
SE_12_1345	Mouse	NCBI GEO/SRA	Tissue	Eye	eye_organoid_retina_progenitors_Rax-GFP_knockin_Het_antagonist	GSM7029061	GSM7029065
SE_12_1346	Mouse	NCBI GEO/SRA	Tissue	Eye	eye_organoid_retina_progenitors_Rax-GFP_knockin_Het_antagonist_rescue	GSM7029063	GSM7029065
SE_12_1347	Mouse	NCBI GEO/SRA	Cell line	embryo	E14_2i_inhibitors_naive	GSM6318350	GSM6318360
SE_12_1348	Mouse	NCBI GEO/SRA	Cell line	embryo	E14_FGF2_(R&D)_and_Activin-A_(R&D)_primed	GSM6318352	GSM6318362
SE_12_1349	Mouse	NCBI GEO/SRA	Cell line	embryo	E14_2i_inhibitors_naive	GSM6318354	GSM6318364
SE_12_1350	Mouse	NCBI GEO/SRA	Cell line	embryo	E14_FGF2_(R&D)_and_Activin-A_(R&D)_primed	GSM6318356	GSM6318366
SE_12_1351	Mouse	NCBI GEO/SRA	Tissue	muscle	Adult_skeletal_muscle_Gastrocnemius_and_quadriceps	GSM6475251	GSM6475249
SE_12_1352	Mouse	NCBI GEO/SRA	Tissue	Brain	striatum_B6.Htt+/+	GSM4558046	GSM4558059
SE_12_1353	Mouse	NCBI GEO/SRA	Cell line	Intestine	3346_mouse_CRC_cell_line	GSM7336680	GSM7336683
SE_12_1354	Mouse	NCBI GEO/SRA	Cell line	Intestine	L2-3_mouse_CRC_cell_line	GSM7336681	GSM7336684
SE_12_1355	Mouse	NCBI GEO/SRA	Cell line	Intestine	KO_mouse_CRC_cell_line	GSM7336682	GSM7336685
SE_12_1356	Mouse	NCBI GEO/SRA	Tissue	Brain	whole_cell_Microglia_(CD45+_CD11b+_CX3CR1+)_wt	GSM7063466	GSM7063468
SE_12_1357	Mouse	NCBI GEO/SRA	Tissue	Brain	whole_cell_Microglia_(CD45+_CD11b+_CX3CR1+)_Sall1_Enhancer_Knockout	GSM7063470	GSM7063472
SE_12_1358	Mouse	NCBI GEO/SRA	Stem cell	embryo	mouse_trophoblast_stem_cells_(mTSCs)_self-renewal_(SR)_TSGFP-ErfV5_wt	GSM5962595	GSM5962571
SE_12_1359	Mouse	NCBI GEO/SRA	Stem cell	embryo	mouse_trophoblast_stem_cells_24h_differentiation_with_PD_(PD)_TSGFP-ErfV5_wt	GSM5962597	GSM5962573
SE_12_1360	Mouse	NCBI GEO/SRA	Stem cell	embryo	mouse_trophoblast_stem_cells_(mTSCs)__self-renewal_(SR)_TSGFP-ErfV5_ErfKO	GSM5962599	GSM5962575
SE_12_1361	Mouse	NCBI GEO/SRA	Stem cell	embryo	mouse_trophoblast_stem_cells_(mTSCs)_24h_differentiation_with_PD_(PD)_TSGFP-ErfV5_ErfKO	GSM5962600	GSM5962576
SE_12_1362	Mouse	NCBI GEO/SRA	Stem cell	embryo	mouse_trophoblast_stem_cells_self-renewal_(SR)_TSGFP-ErfV5_ErfKO	GSM5962601	GSM5962577
SE_12_1363	Mouse	NCBI GEO/SRA	Stem cell	embryo	mouse_trophoblast_stem_cells_(mTSCs)_24h_differentiation_with_PD_(PD)_TSGFP-ErfV5_ErfKO	GSM5962602	GSM5962578
SE_12_1364	Mouse	NCBI GEO/SRA	Stem cell	embryo	mouse_trophoblast_stem_cells_(mTSCs)_self-renewal_(SR)_TSGFP-ErfV5_ErfKO-Erf_rescue	GSM5962603	GSM5962579
SE_12_1365	Mouse	NCBI GEO/SRA	Stem cell	embryo	mouse_trophoblast_stem_cells_(mTSCs)_24h_differentiation_with_PD_(PD)_TSGFP-ErfV5_ErfKO-Erf_rescue	GSM5962604	GSM5962580
SE_12_1366	Mouse	NCBI GEO/SRA	Tissue	embryo	embryonic_hindlimb_bud_gestational_day_e10.5_Replicate_1	GSM5931400	GSM5931408
SE_12_1367	Mouse	NCBI GEO/SRA	Cell line	embryo	mESC_EZH2_KO_tamoxifen	GSM6222786	GSM6222792
SE_12_1368	Mouse	NCBI GEO/SRA	Cell line	embryo	mESC_EZH2_WT_none	GSM6222787	GSM6222793
SE_12_1369	Mouse	NCBI GEO/SRA	Cell line	Bone marrow	1991_G1E	GSM5819736	GSM5819762
SE_12_1370	Mouse	NCBI GEO/SRA	Cell line	Bone marrow	1992_G1E-ER4_-E2	GSM5819738	GSM5819763
SE_12_1371	Mouse	NCBI GEO/SRA	Cell line	Bone marrow	1993_G1E-ER4_+E2_13_hours	GSM5819740	GSM5819764
SE_12_1372	Mouse	NCBI GEO/SRA	Cell line	Bone marrow	1994_G1E-ER4_+E2_24_hours	GSM5819742	GSM5819765
SE_12_1373	Mouse	NCBI GEO/SRA	Cell line	Bone marrow	3237_G1E-ER4_Kit_cDNA_-E2	GSM5819750	GSM5819766
SE_12_1374	Mouse	NCBI GEO/SRA	Cell line	Bone marrow	3764_G1E-ER4_Kit_cDNA_-E2_10%_clone1	GSM5819752	GSM5819768
SE_12_1375	Mouse	NCBI GEO/SRA	Cell line	Bone marrow	3765_G1E-ER4_Kit_cDNA_E2_0%_clone1	GSM5819753	GSM5819769
SE_12_1376	Mouse	NCBI GEO/SRA	Primary cell	Bone marrow	murine_erythroleukemia_NFIA-ETO2	GSM6211379	GSM6211386
SE_12_1377	Mouse	NCBI GEO/SRA	Stem cell	Bone marrow	granulocyte-monocyte_progenitors_n/a	GSM5964834	GSM5964833
SE_12_1378	Mouse	NCBI GEO/SRA	Stem cell	Bone marrow	leukemia_stem_cell_n/a	GSM5964838	GSM5964837
SE_12_1379	Mouse	NCBI GEO/SRA	Stem cell	Bone marrow	mature_AML_cells_n/a	GSM5964842	GSM5964841
SE_12_1380	Mouse	NCBI GEO/SRA	Stem cell	embryo	Embryonic_stem_cells_(ESCs)_Mll3-/-;Mll4flox/flox_D0	GSM4671867	GSM4671855
SE_12_1381	Mouse	NCBI GEO/SRA	Tissue	embryo	embryonic_day_E13.5_fetal_liver_Klf1_/_Klf1-Nan_Nan_strain_WT	GSM6437138	GSM6437144
SE_12_1382	Mouse	NCBI GEO/SRA	Tissue	embryo	embryonic_day_E13.5_fetal_liver_Klf1_/_Klf1-Nan_Nan/+	GSM6437141	GSM6437146
SE_12_1383	Mouse	NCBI GEO/SRA	Tissue	Adipose	BAT_4h_cold_stress_wt	GSM6589644	GSM6589645
SE_12_1384	Mouse	NCBI GEO/SRA	Tissue	Adipose	BAT_RT_wt	GSM6589650	GSM6589651
SE_12_1385	Mouse	NCBI GEO/SRA	Stem cell	Brain	ESCs_wt	GSM5373710	GSM5373702
SE_12_1386	Mouse	NCBI GEO/SRA	Stem cell	Brain	ESCs_Zfp462knock_out	GSM5373712	GSM5373704
SE_12_1387	Mouse	NCBI GEO/SRA	Stem cell	embryo	Embryonic_stem_cells_IFNb_0h	GSM4878715	GSM4878769
SE_12_1388	Mouse	NCBI GEO/SRA	Stem cell	embryo	Embryonic_stem_cells_IFNb_1h	GSM4878717	GSM4878772
SE_12_1389	Mouse	NCBI GEO/SRA	Stem cell	embryo	Embryonic_stem_cells_IFNb_6h	GSM4878719	GSM4878775
SE_12_1390	Mouse	NCBI GEO/SRA	Primary cell	Bone marrow	WT_CD8+_T_cells_wt_stimulated_by_10ng/ml_IL-10_for_three_days	GSM6716229	GSM6716228
SE_12_1391	Mouse	NCBI GEO/SRA	Primary cell	Bone marrow	CD8+_T_cells_Stat3-/-_stimulated_by_10ng/ml_IL-10_for_three_days	GSM6716233	GSM6716232
SE_12_1392	Mouse	NCBI GEO/SRA	Tissue	Eye	retina_12.5_weeks_wt	GSM5494756	GSM5494765
SE_12_1393	Mouse	NCBI GEO/SRA	Tissue	Eye	retina_12.5_weeks_SCA7	GSM5494761	GSM5494766
SE_12_1394	Mouse	NCBI GEO/SRA	Tissue	Brain	Cortex_Microglia_Male	GSM6744529	GSM6744530
SE_12_1395	Mouse	NCBI GEO/SRA	Primary cell	pancreas	KPf/fC_cells_shControl	GSM5144731	GSM5144733
SE_12_1396	Mouse	NCBI GEO/SRA	Primary cell	pancreas	KPf/fC_tumor_shSmarcd3	GSM5144734	GSM5144736
SE_12_1397	Mouse	NCBI GEO/SRA	Tissue	Incisor	E13.5_Mandibular_Incisor	GSM5924295	GSM5924301
SE_12_1398	Mouse	NCBI GEO/SRA	Primary cell	heart	Cardiomyocytes_emrbyonic_day_E16.5_Black_Swiss__XMlc2-Cre;Dot1Lflox/wt;Rosa-tdtomato	GSM6471479	GSM6471480
SE_12_1399	Mouse	NCBI GEO/SRA	Primary cell	heart	Cardiomyocytes_emrbyonic_day_E16.5_Black_Swiss_XMlc2-Cre;Dot1Lnull/flox;Rosa-tdtomato	GSM6471485	GSM6471486
SE_12_1400	Mouse	NCBI GEO/SRA	Tissue	Adipose	Inguinal_white_adipose_tissue_wt	GSM5792345	GSM5792369
SE_12_1401	Mouse	NCBI GEO/SRA	Tissue	Adipose	Inguinal_white_adipose_tissue_Hmgn1-/-_and_Hmgn2-/-_DKO1	GSM5792348	GSM5792371
SE_12_1402	Mouse	NCBI GEO/SRA	Tissue	Adipose	Day_3_differentiating_adipocytes_wt	GSM5792351	GSM5792373
SE_12_1403	Mouse	NCBI GEO/SRA	Tissue	Adipose	Day_3_differentiating_adipocytes_Hmgn1-/-_and_Hmgn2-/-_DKO1	GSM5792354	GSM5792375
SE_12_1404	Mouse	NCBI GEO/SRA	Tissue	Adipose	Day_6_differentiating_adipocytes_wt	GSM5792357	GSM5792377
SE_12_1405	Mouse	NCBI GEO/SRA	Tissue	Adipose	Day_6_differentiating_adipocytes_Hmgn1-/-_and_Hmgn2-/-_DKO1	GSM5792360	GSM5792379
SE_12_1406	Mouse	NCBI GEO/SRA	Tissue	Adipose	Brown-like_adipocytes_wt	GSM5792363	GSM5792381
SE_12_1407	Mouse	NCBI GEO/SRA	Tissue	Adipose	Brown-like_adipocytes_Hmgn1-/-_and_Hmgn2-/-___DKO1	GSM5792366	GSM5792383
SE_12_1408	Mouse	NCBI GEO/SRA	Tissue	Small intestinal	small_intestinal_organoid_VillinCreERT2;_Cdk8_fl/fl;_Cdk19_ko/ko_EtOH	GSM5739538	GSM5739548
SE_12_1409	Mouse	NCBI GEO/SRA	Tissue	Small intestinal	small_intestinal_organoid_VillinCreERT2;_Cdk8_fl/fl;_Cdk19_ko/ko_4-OHT	GSM5739539	GSM5739548
SE_12_1410	Mouse	NCBI GEO/SRA	Stem cell	Bone marrow	Hemtopoietic_progenitor_cells_(IdHPs)_15-18__Pcgf1_fl/fl	GSM4206960	GSM4206934
SE_12_1411	Mouse	NCBI GEO/SRA	Stem cell	Bone marrow	Bone-marrow_MSCs_3-5_months_oxygen_level_2%	GSM6008320	GSM6008321
SE_12_1412	Mouse	NCBI GEO/SRA	Stem cell	Bone marrow	Bone-marrow_MSCs_3-5_months_oxygen_level_21%	GSM6008326	GSM6008327
SE_12_1413	Mouse	NCBI GEO/SRA	Primary cell	Bone marrow	CD4_T_cells_16h_w/o_RA_WT	GSM6070231	GSM6070230
SE_12_1414	Mouse	NCBI GEO/SRA	Primary cell	Bone marrow	CD4_T_cells_16h_w/_10nM_RA_WT	GSM6070233	GSM6070232
SE_12_1415	Mouse	NCBI GEO/SRA	Primary cell	Bone marrow	CD4_T_cells_16h_w/o_RA_RAR{alpha}_KO	GSM6070235	GSM6070234
SE_12_1416	Mouse	NCBI GEO/SRA	Primary cell	Bone marrow	CD4_T_cells_16h_w/_10nM_RA_RAR{alpha}_KO	GSM6070237	GSM6070236
SE_12_1417	Mouse	NCBI GEO/SRA	Primary cell	Bone marrow	CD4_T_cells_16h_w/o_RA_RAR{alpha}_TG	GSM6070239	GSM6070238
SE_12_1418	Mouse	NCBI GEO/SRA	Primary cell	Bone marrow	CD4_T_cells_16h_w/_10nM_RA_RAR{alpha}_TG	GSM6070241	GSM6070240
SE_12_1419	Mouse	NCBI GEO/SRA	Tissue	Spleen and lymph nodes	Effector_CD4+_T_cell_IL-2_wt	GSM6283237	GSM6283241
SE_12_1420	Mouse	NCBI GEO/SRA	Tissue	liver	hepatocyte_female_12wks_129S1/SvImJ	GSM6597038	GSM6597032
SE_12_1421	Mouse	NCBI GEO/SRA	Tissue	liver	hepatocyte_female_12wks_A/J	GSM6597041	GSM6597071
SE_12_1422	Mouse	NCBI GEO/SRA	Tissue	liver	hepatocyte_female_12wks_C57BL/6J	GSM6597044	GSM6597078
SE_12_1423	Mouse	NCBI GEO/SRA	Tissue	liver	hepatocyte_female_12wks_CAST/EiJ	GSM6597047	GSM6597085
SE_12_1424	Mouse	NCBI GEO/SRA	Tissue	liver	hepatocyte_female_12wks_DBA/2J	GSM6597050	GSM6597092
SE_12_1425	Mouse	NCBI GEO/SRA	Tissue	liver	hepatocyte_female_12wks_NOD/ShiLtJ	GSM6597053	GSM6597121
SE_12_1426	Mouse	NCBI GEO/SRA	Tissue	liver	hepatocyte_female_12wks_NZO/HlLtJ	GSM6597056	GSM6597128
SE_12_1427	Mouse	NCBI GEO/SRA	Tissue	liver	hepatocyte_female_12wks_PWK/PhJ	GSM6597059	GSM6597140
SE_12_1428	Mouse	NCBI GEO/SRA	Tissue	liver	hepatocyte_female_12wks_WSB/EiJ	GSM6597062	GSM6597147
SE_12_1429	Mouse	NCBI GEO/SRA	Tissue	uterus	pooled_mouse_uterine_tissues_at_GD13	GSM5964409	GSM5964412
SE_12_1430	Mouse	NCBI GEO/SRA	Primary cell	Brain	isolated_primary_oligodendrocytes__post_natal_day_12_Stag2f/y	GSM5663244	GSM5663246
SE_12_1431	Mouse	NCBI GEO/SRA	Tissue	Bone marrow	PLZF/RARA_transformed_progenitor_cells_no_treatment	GSM5492209	GSM5492208
SE_12_1432	Mouse	NCBI GEO/SRA	Tissue	Bone marrow	PLZF/RARA_transformed_progenitor_cells_Corn_Oil_10%_DMSO_/_Intraperitoneally_injected	GSM5492219	GSM5492218
SE_12_1433	Mouse	NCBI GEO/SRA	Tissue	Bone marrow	PLZF/RARA_transformed_progenitor_cells_0.8-1mg_Retinoic_Acid_/_Intraperitoneally_injected	GSM5492222	GSM5492221
SE_12_1434	Mouse	NCBI GEO/SRA	Tissue	Bone marrow	PLZF/RARA_transformed_progenitor_cells_0.8-1mg_Retinoic_Acid_/_Intraperitoneally_injected	GSM5492225	GSM5492224
SE_12_1435	Mouse	NCBI GEO/SRA	Tissue	Bone marrow	PLZF/RARA_transformed_progenitor_cells_Corn_Oil_10%_DMSO_/_Intraperitoneally_injected	GSM5492228	GSM5492227
SE_12_1436	Mouse	NCBI GEO/SRA	Tissue	Bone marrow	PLZF/RARA_transformed_progenitor_cells_0.8-1mg_Retinoic_Acid_/_Intraperitoneally_injected	GSM5492231	GSM5492230
SE_12_1437	Mouse	NCBI GEO/SRA	Tissue	Bone marrow	PLZF/RARA_transformed_progenitor_cells__0.8-1mg_Retinoic_Acid_/_Intraperitoneally_injected	GSM5492234	GSM5492233
SE_12_1438	Mouse	NCBI GEO/SRA	Primary cell	liver	hepatocytes_Ldb_flox/flox_regular_chow_7_weeks_post_natal	GSM5712101	GSM5712100
SE_12_1439	Mouse	NCBI GEO/SRA	Primary cell	liver	hepatocytes_Ldb_flox/flox;Alb-Cre_regular_chow_7_weeks_post_natal	GSM5712107	GSM5712106
SE_12_1440	Mouse	NCBI GEO/SRA	Primary cell	Brain	Ki67-Negative_microglia_Male_PND60	GSM5066633	GSM5066634
SE_12_1441	Mouse	NCBI GEO/SRA	Primary cell	Brain	Ki67-Negative_microglia_Male_PND8	GSM5066637	GSM5066638
SE_12_1442	Mouse	NCBI GEO/SRA	Primary cell	Brain	Ki67-Negative_microglia_Male_PND90	GSM5066641	GSM5066642
SE_12_1443	Mouse	NCBI GEO/SRA	Primary cell	Brain	Ki67-Positive_microglia_Male_PND8	GSM5066645	GSM5066646
SE_12_1444	Mouse	NCBI GEO/SRA	Primary cell	Brain	Ki67-Positive_microglia_Male_PND90	GSM5066649	GSM5066650
SE_12_1445	Mouse	NCBI GEO/SRA	Primary cell	Brain	Ki67-Positive_microglia_Male_PND90_17d_Recovery_3d	GSM5066653	GSM5066654
SE_12_1446	Mouse	NCBI GEO/SRA	Tissue	Skeletal_muscle	Muscle_stem_cells__2.5_dpi	GSM5693811	GSM5693812
SE_12_1447	Mouse	NCBI GEO/SRA	Tissue	Skeletal_muscle	Muscle_stem_cells_freshly_isolated	GSM5693815	GSM5693816
SE_12_1448	Mouse	NCBI GEO/SRA	Stem cell	heart	GLI1-FTA_mESC-derived_cardiac_progenitor_cells_A2Lox.cre_D6	GSM5859147	GSM5859143
SE_12_1449	Mouse	NCBI GEO/SRA	Stem cell	heart	GLI1-FTA_mESC-derived_cardiac_progenitor_cells_A2Lox.cre_D6_500ng/ml_doxycycline_from_D5-6	GSM5859153	GSM5859149
SE_12_1450	Mouse	NCBI GEO/SRA	Tissue	embryo	male_ES_cells_BCM1	GSM3985163	GSM3985177
SE_12_1451	Mouse	NCBI GEO/SRA	Tissue	embryo	male_ES_cells_BCF3	GSM3985169	GSM3985178
SE_12_1452	Mouse	NCBI GEO/SRA	Tissue	tumor	TH-MYCN_tumor_tissue_brequinar	GSM6398627	GSM6398633
SE_12_1453	Mouse	NCBI GEO/SRA	Tissue	tumor	TH-MYCN_tumor_tissue_vehicle	GSM6398630	GSM6398633
SE_12_1454	Mouse	NCBI GEO/SRA	Cell line	Mammary	AT3_DMSO_3hours	GSM6077562	GSM6077567
SE_12_1455	Mouse	NCBI GEO/SRA	Cell line	Mammary	AT3_A241+IFNy_3hours	GSM6077563	GSM6077567
SE_12_1456	Mouse	NCBI GEO/SRA	Cell line	Mammary	AT3_A241_3hours	GSM6077564	GSM6077567
SE_12_1457	Mouse	NCBI GEO/SRA	Cell line	Mammary	AT3_IFNy_3hours	GSM6077566	GSM6077567
SE_12_1458	Mouse	NCBI GEO/SRA	Stem cell	embryo	Mouse_embryonic_stem_cells	GSM5719860	GSM5719864
SE_12_1459	Mouse	NCBI GEO/SRA	Tissue	Brain	hippocampus_HC0	GSM5097089	GSM5097087
SE_12_1460	Mouse	NCBI GEO/SRA	Cell line	Bone marrow	Primary mouse bone marrow cells	GSM4592142	GSM4592162
SE_12_1461	Mouse	NCBI GEO/SRA	Tissue	liver	liver_4-h-fasted_Vehicle_control	GSM4585007	GSM4585009
SE_12_1462	Mouse	NCBI GEO/SRA	Tissue	liver	liver_4-h-fasted_/_1-h-refeed_Vehicle_control	GSM4585008	GSM4585009
SE_12_1463	Mouse	NCBI GEO/SRA	Tissue	tumor	mouse_HGG_tumor_tissue_control	GSM6139231	GSM6139230
SE_12_1464	Mouse	NCBI GEO/SRA	Tissue	tumor	mouse_EPN_tumor_tissue__EPN_control	GSM6139235	GSM6139234
SE_12_1465	Mouse	NCBI GEO/SRA	Tissue	tumor	mouse_HGG_tumor_tissue_Sox9-LOF	GSM6139239	GSM6139238
SE_12_1466	Mouse	NCBI GEO/SRA	Tissue	tumor	mouse_HGG_tumor_tissue_Sox9-GOF	GSM6139243	GSM6139242
SE_12_1467	Mouse	NCBI GEO/SRA	Tissue	Kidney	kindey_post_natal_day_16__Pkd1F/RC	GSM5695466	GSM5695472
SE_12_1468	Mouse	NCBI GEO/SRA	Tissue	Kidney	kindey_post_natal_day_16_KspCre;Pkd1F/RC	GSM5695469	GSM5695475
SE_12_1469	Mouse	NCBI GEO/SRA	Primary cell	Brain	microglia_PBS-PBS_wt	GSM5342035	GSM5342039
SE_12_1470	Mouse	NCBI GEO/SRA	Primary cell	Brain	microglia_LPS-PBS_wt	GSM5342036	GSM5342040
SE_12_1471	Mouse	NCBI GEO/SRA	Primary cell	Brain	microglia_PBS-LPS_wt	GSM5342037	GSM5342041
SE_12_1472	Mouse	NCBI GEO/SRA	Primary cell	Brain	microglia_LPS-LPS_wt	GSM5342038	GSM5342042
SE_12_1473	Mouse	NCBI GEO/SRA	Stem cell	embryo	embryonic_pluripotent_stem_cells_12hours_after_d2-5_no_dox	GSM5026172	GSM5026176
SE_12_1474	Mouse	NCBI GEO/SRA	Stem cell	embryo	embryonic_pluripotent_stem_cells_12hours_after_d2-5_dox	GSM5026173	GSM5026177
SE_12_1475	Mouse	NCBI GEO/SRA	Stem cell	embryo	embryonic_pluripotent_stem_cells_24hours_after_d2-5_no_dox	GSM5026174	GSM5026178
SE_12_1476	Mouse	NCBI GEO/SRA	Stem cell	embryo	embryonic_pluripotent_stem_cells_24hours_after_d2-5_dox	GSM5026175	GSM5026179
SE_12_1477	Mouse	NCBI GEO/SRA	Cell line	Myofibers	Pkd1RC/-Mus_musculus	GSM6128381	GSM6128379
SE_12_1478	Mouse	NCBI GEO/SRA	Tissue	tumor	128651.tumor_breast_tumor_Balb/c__PyMT;Rag1KO_injected_with_CD4+_T_cells	GSM4724984	GSM4724985
SE_12_1479	Mouse	NCBI GEO/SRA	Tissue	tumor	188847.cyst_Breast_tumor_Balb/c_K14-TSLPtg;PyMT;Rag1KO_injected_with_CD4+_T_cells	GSM4724988	GSM4724989
SE_12_1480	Mouse	NCBI GEO/SRA	Stem cell	embryo	E14Tg2a_(mESCs)_siRNA_against_EGFP_wt	GSM5254002	GSM5254008
SE_12_1481	Mouse	NCBI GEO/SRA	Cell line	Skeletal muscle myoblasts	C2C12__growing_state_G1_phase	GSM4904640	GSM4904635
SE_12_1482	Mouse	NCBI GEO/SRA	Cell line	Skeletal muscle myoblasts	C2C1_growing_state_S_phase	GSM4904646	GSM4904639
SE_12_1483	Mouse	NCBI GEO/SRA	Primary cell	Adipose	Adipocyte_wt	GSM5343331	GSM5343335
SE_12_1484	Mouse	NCBI GEO/SRA	Cell line	embryo	81K1_(based_on_OG2)mESC_with_conditional_Smarcb1_knockdown__untreated	GSM5658771	GSM5658765
SE_12_1485	Mouse	NCBI GEO/SRA	Cell line	embryo	81K1_(based_on_OG2)mESC_with_conditional_Smarcb1_knockdown_treated_with_doxycycline	GSM5658772	GSM5658766
SE_12_1486	Mouse	NCBI GEO/SRA	Primary cell	Brain	Neonatal_NPCs_P0	GSM5993862	GSM5993863
SE_12_1487	Mouse	NCBI GEO/SRA	Tissue	kidney	Embryonic_Kidneys_E13.5	GSM5993866	GSM5993867
SE_12_1488	Mouse	NCBI GEO/SRA	Tissue	Brain	forebrain_post_natal_day_28_wt	GSM5960347	GSM5960351
SE_12_1489	Mouse	NCBI GEO/SRA	Tissue	Brain	forebrain_post_natal_day_28_Arid1a+/-	GSM5960349	GSM5960353
SE_12_1490	Mouse	NCBI GEO/SRA	Tissue	Brain	forebrain_post_natal_day_28_Arid1a+/-	GSM5960350	GSM5960354
SE_12_1491	Mouse	NCBI GEO/SRA	Tissue	spleen	spleen_leukemia_vehicle	GSM5939254	GSM5939258
SE_12_1492	Mouse	NCBI GEO/SRA	Tissue	spleen	spleen_leukemia_panobinostat	GSM5939255	GSM5939259
SE_12_1493	Mouse	NCBI GEO/SRA	Tissue	spleen	spleen_leukemia_vehicle	GSM5939256	GSM5939260
SE_12_1494	Mouse	NCBI GEO/SRA	Tissue	spleen	spleen_leukemia_panobinostat	GSM5939257	GSM5939261
SE_12_1495	Mouse	NCBI GEO/SRA	Stem cell	embryo	E14_mouse_embryonic_stem_cell_wt	GSM4885571	GSM4885595
SE_12_1496	Mouse	NCBI GEO/SRA	Stem cell	embryo	E14_mouse_embryonic_stem_cell_Mll34dCD	GSM4885573	GSM4885597
SE_12_1497	Mouse	NCBI GEO/SRA	Stem cell	embryo	E14_mouse_neural_precursor_cell_wt	GSM4885575	GSM4885599
SE_12_1498	Mouse	NCBI GEO/SRA	Stem cell	embryo	E14_mouse_neural_precursor_cell_Mll34dCD	GSM4885577	GSM4885601
SE_12_1499	Mouse	NCBI GEO/SRA	Primary cell	Jejunum	Jejunum_Intestinal_Epithelial_Cell_Preperation__Germ-Free+HFM	GSM5624404	GSM5624422
SE_12_1500	Mouse	NCBI GEO/SRA	Primary cell	Jejunum	Jejunum_Intestinal_Epithelial_Cell_Preperation_Conventionalized+HFM	GSM5624409	GSM5624423
SE_12_1501	Mouse	NCBI GEO/SRA	Tissue	kidney	E16.5_Cell_Signaling/_8173_wt	GSM5906371	GSM5906373
SE_12_1502	Mouse	NCBI GEO/SRA	Stem cell	embryo	mouse_embryonic_stem_cell_129/Ola_E14_wt_untreated	GSM5320860	GSM5320864
SE_12_1503	Mouse	NCBI GEO/SRA	Stem cell	embryo	mouse_embryonic_stem_cell_129/Ola_E14_lncSmad7-/-__untreated	GSM5320862	GSM5320865
SE_12_1504	Mouse	NCBI GEO/SRA	Tissue	Primary skeletal muscle fibers	isolated_quadriceps_myofibers_female_vehicle	GSM5677336	GSM5677344
SE_12_1505	Mouse	NCBI GEO/SRA	Tissue	Primary skeletal muscle fibers	isolated_quadriceps_myofibers_male_vehicle	GSM5677348	GSM5677356
SE_12_1506	Mouse	NCBI GEO/SRA	Cell line	embryo	A2Lox_ES_cells_minusDox_(Uninduced)_0_hour	GSM5171500	GSM5171499
SE_12_1507	Mouse	NCBI GEO/SRA	Cell line	embryo	A2Lox_ES_cells_plusDox_(NeuroD1_induction)_12hour	GSM5171502	GSM5171499
SE_12_1508	Mouse	NCBI GEO/SRA	Cell line	embryo	A2Lox_ES_cells_plusDox_(NeuroD1_induction)_48hour	GSM5171504	GSM5171499
SE_12_1509	Mouse	NCBI GEO/SRA	Cell line	Bone marrow	ER-HoxB8_wt	GSM5379795	GSM5379792
SE_12_1510	Mouse	NCBI GEO/SRA	Tissue	Brain	E18_Hypothalamus_Tissue_of_Brain_GTCCGC	GSM5592386	GSM5592400
SE_12_1511	Mouse	NCBI GEO/SRA	Tissue	Brain	P3_Hypothalamus_Tissue_of_Brain_GTTTCG	GSM5592388	GSM5592390
SE_12_1512	Mouse	NCBI GEO/SRA	Tissue	Brain	E18_Striatum_Tissue_of_Brain_GGTAGC	GSM5592391	GSM5592401
SE_12_1513	Mouse	NCBI GEO/SRA	Tissue	Brain	P3_Striatum_Tissue_of_Brain_TCGAAG	GSM5592393	GSM5592402
SE_12_1514	Mouse	NCBI GEO/SRA	Tissue	Brain	E18_Frontal_Cortex_Tissue_of_Brain_ACAGTG	GSM5592395	GSM5592397
SE_12_1515	Mouse	NCBI GEO/SRA	Tissue	Brain	P3_Frontal_Cortex_Tissue_of_Brain_CTTGTA	GSM5592398	GSM5592403
SE_12_1516	Mouse	NCBI GEO/SRA	Tissue	Brain	P3_Amygdala_Tissue_of_Brain_TAGCTTAT	GSM5592404	GSM5592406
SE_12_1517	Mouse	NCBI GEO/SRA	Tissue	Brain	E18_Amygdala_Tissue_of_Brain_AGTTCCGT	GSM5592407	GSM5592409
SE_12_1518	Mouse	NCBI GEO/SRA	Stem cell	embryo	TT2_Mouse_embryonic_stem_cells_wt	GSM5233308	GSM5233297
SE_12_1519	Mouse	NCBI GEO/SRA	Stem cell	embryo	TT2_Mouse_embryonic_stem_cells_Setdb1KO_5_days_with_800_nM_4-hydroxytamoxifen_(4-OHT)	GSM5233310	GSM5233297
SE_12_1520	Mouse	NCBI GEO/SRA	Tissue	liver	48h_post-PHx_mouse_liver_control	GSM5558377	GSM5558385
SE_12_1521	Mouse	NCBI GEO/SRA	Tissue	liver	48h_post-PHx_mouse_liver_BAZ2_inhibitor	GSM5558381	GSM5558389
SE_12_1522	Mouse	NCBI GEO/SRA	Cell line	liver	H2.35_cells_hepatocytes_control	GSM5558403	GSM5558425
SE_12_1523	Mouse	NCBI GEO/SRA	Cell line	liver	H2.35_cells_hepatocytes_BAZ2_inhibitor	GSM5558406	GSM5558425
SE_12_1524	Mouse	NCBI GEO/SRA	Stem cell	embryo	MEF_NoDox_d0	GSM5145354	GSM5145356
SE_12_1525	Mouse	NCBI GEO/SRA	Stem cell	embryo	MEF_Dox_d1	GSM5145357	GSM5145353
SE_12_1526	Mouse	NCBI GEO/SRA	Stem cell	embryo	MEF_Dox_d2	GSM5145359	GSM5145369
SE_12_1527	Mouse	NCBI GEO/SRA	Stem cell	embryo	MEF_Dox_d7	GSM5145363	GSM5145370
SE_12_1528	Mouse	NCBI GEO/SRA	Tissue	Brain	Hippocampus_Three_weeks_wt	GSM5209373	GSM5209375
SE_12_1529	Mouse	NCBI GEO/SRA	Tissue	Brain	Hippocampus_Three_weeks_Arid1a_conditional_knock_out	GSM5209377	GSM5209379
SE_12_1530	Mouse	NCBI GEO/SRA	Primary cell	Neuron	Motor_neuron_Mnx1KO	GSM4251493	GSM4251491
SE_12_1531	Mouse	NCBI GEO/SRA	Primary cell	Neuron	Motor_neuron_wt	GSM4251495	GSM4251492
SE_12_1532	Mouse	NCBI GEO/SRA	Tissue	lung	basal_cells_DNp63_WT	GSM5692007	GSM5692013
SE_12_1533	Mouse	NCBI GEO/SRA	Tissue	lung	basal_cells_DNp63_DNp63_Cre	GSM5692008	GSM5692013
SE_12_1534	Mouse	NCBI GEO/SRA	Tissue	lung	AT2_cells_DNp63_WT	GSM5692014	GSM5692020
SE_12_1535	Mouse	NCBI GEO/SRA	Tissue	lung	AT2_cells_DNp63_Cre	GSM5692015	GSM5692020
SE_12_1536	Mouse	NCBI GEO/SRA	Cell line	Bone marrow	Trib1-_and_Bcl11a-expressing_murine_AML_cells	GSM4445942	GSM4445943
SE_12_1537	Mouse	NCBI GEO/SRA	Primary cell	Bone marrow	C57BL6_Bone_marrow_derived_macrophages_19_weeks_Untreated_basal_level	GSM5719553	GSM5719552
SE_12_1538	Mouse	NCBI GEO/SRA	Primary cell	Bone marrow	Dmdmdx-4Cv_Bone_marrow_derived_macrophages_21_weeks_Untreated_basal_level	GSM5719555	GSM5719552
SE_12_1539	Mouse	NCBI GEO/SRA	Primary cell	Bone marrow	Bl6/Bl10_Bone_marrow_derived_macrophages_23_weeks_Untreated_basal_level	GSM5719557	GSM5719552
SE_12_1540	Mouse	NCBI GEO/SRA	Stem cell	embryo	EpiLC_ABE	GSM5407187	GSM5407195
SE_12_1541	Mouse	NCBI GEO/SRA	Stem cell	embryo	EpiLC_SUZ12KO	GSM5407188	GSM5407195
SE_12_1542	Mouse	NCBI GEO/SRA	Stem cell	embryo	EpiLC_pK27R	GSM5407189	GSM5407195
SE_12_1543	Mouse	NCBI GEO/SRA	Tissue	Uterus	Uterus_Pregnancy_day_3.5	GSM5393544	GSM5393545
SE_12_1544	Mouse	NCBI GEO/SRA	Tissue	Cells cultured in vitro	ER-Hoxa9-Lys-GFP_(+)_E2_(untreated)	GSM5391036	GSM5391047
SE_12_1545	Mouse	NCBI GEO/SRA	Tissue	Cells cultured in vitro	ER-Hoxa9-Lys-GFP_(-)_E2_24h	GSM5391037	GSM5391048
SE_12_1546	Mouse	NCBI GEO/SRA	Tissue	Cells cultured in vitro	ER-Hoxa9-Lys-GFP_(-)_E2_40h	GSM5391038	GSM5391049
SE_12_1547	Mouse	NCBI GEO/SRA	Tissue	Cells cultured in vitro	ER-Hoxa9-Lys-GFP_(-)_E2_56h	GSM5391039	GSM5391050
SE_12_1548	Mouse	NCBI GEO/SRA	Tissue	Cells cultured in vitro	ER-Hoxa9-Lys-GFP_(-)_E2_72h	GSM5391040	GSM5391051
SE_12_1549	Mouse	NCBI GEO/SRA	Tissue	Cells cultured in vitro	ER-Hoxa9-Lys-GFP_(-)_E2_120h	GSM5391041	GSM5391052
SE_12_1550	Mouse	NCBI GEO/SRA	Primary cell	embryo	29/Ola_embryonic_motor_neurons_Cultured_in_ADFNK_for_2_days_followed_by_RA/DOX_for_2_days_to_induce_motor_neuron	GSM4519074	GSM4519076
SE_12_1551	Mouse	NCBI GEO/SRA	Stem cell	Intestine	Adult_small_intestinal_stem_cell;proximal_1/3_of_intestine_Lgr5-EGFP-IRES-CreERT2;Rosa-tdTomato	GSM3768230	GSM3768234
SE_12_1552	Mouse	NCBI GEO/SRA	Stem cell	Intestine	Adult_small_intestinal_stem_cell;proximal_1/3_of_intestine_Lgr5-EGFP-IRES-CreERT2;Rosa-tdTomato;Klf5fl/fl	GSM3768232	GSM3768234
SE_12_1553	Mouse	NCBI GEO/SRA	Stem cell	embryo	mouse_ES_cell_derived_cardiac_mesoderm_Brg1-3xFLAG_Day_4	GSM4542817	GSM4542818
SE_12_1554	Mouse	NCBI GEO/SRA	Stem cell	embryo	mouse_ES_cell_derived_cardiac_mesoderm_Brg1-3xFLAG;_BRM::Puro_Day_4	GSM4542821	GSM4542822
SE_12_1555	Mouse	NCBI GEO/SRA	Stem cell	embryo	mouse_ES_cell_derived_cardiac_precursors_Brg1-3xFLAG_Day_6	GSM4542825	GSM4542826
SE_12_1556	Mouse	NCBI GEO/SRA	Stem cell	embryo	mouse_ES_cell_derived_cardiac_precursors__Brg1-3xFLAG;_BRM::Puro_Day_6	GSM4542829	GSM4542830
SE_12_1557	Mouse	NCBI GEO/SRA	Stem cell	embryo	mouse_ES_cell_derived_cardiac_myocytes_Brg1-3xFLAG_Day_10	GSM4542833	GSM4542834
SE_12_1558	Mouse	NCBI GEO/SRA	Stem cell	embryo	mouse_ES_cell_derived_cardiac_myocytes_Brg1-3xFLAG;_BRM::Puro_Day_10	GSM4542837	GSM4542838
SE_12_1559	Mouse	NCBI GEO/SRA	Primary cell	Brain	Differentiated_motor_neuron_wt	GSM5581274	GSM5581262
SE_12_1560	Mouse	NCBI GEO/SRA	Cell line	embryo	J1_Embryonic_stem_cell_wt	GSM5028397	GSM5028401
SE_12_1561	Mouse	NCBI GEO/SRA	Cell line	embryo	TT2_Embryonic_stem_cell_wt	GSM5028398	GSM5028402
SE_12_1562	Mouse	NCBI GEO/SRA	Cell line	embryo	J1_Embryonic_stem_cell_GLN_KI_with_PiggyBac	GSM5028399	GSM5028403
SE_12_1563	Mouse	NCBI GEO/SRA	Primary cell	Pancreas	reatic_epithelial_cells_CTRL	GSM5455392	GSM5455391
SE_12_1564	Mouse	NCBI GEO/SRA	Primary cell	Pancreas	reatic_epithelial_cells_PostCAE	GSM5455393	GSM5455391
SE_12_1565	Mouse	NCBI GEO/SRA	Tissue	Cerebellum	Cerebellum_P0.5	GSM5567907	GSM5567913
SE_12_1566	Mouse	NCBI GEO/SRA	Tissue	Cerebellum	Cerebellum_P9.5	GSM5567909	GSM5567915
SE_12_1567	Mouse	NCBI GEO/SRA	Tissue	Brain	Cortex_E12.5_CTF1+/+	GSM5551606	GSM5551629
SE_12_1568	Mouse	NCBI GEO/SRA	Tissue	Brain	Cortex_E12.5_EMX2-/-	GSM5551608	GSM5551631
SE_12_1569	Mouse	NCBI GEO/SRA	Tissue	Brain	Cortex_E12.5_EMX2+/+	GSM5551610	GSM5551633
SE_12_1570	Mouse	NCBI GEO/SRA	Tissue	Brain	Cortex_E12.5_PAX6+/+	GSM5551613	GSM5551637
SE_12_1571	Mouse	NCBI GEO/SRA	Tissue	Adipose	visceral_adipose_tissue__CS_(active)_YES	GSM4658732	GSM4658756
SE_12_1572	Mouse	NCBI GEO/SRA	Tissue	Adipose	visceral_adipose_tissue__VEH_(active)_YES	GSM4658736	GSM4658757
SE_12_1573	Mouse	NCBI GEO/SRA	Tissue	Adipose	visceral_adipose_tissue__VEH_(recovery)_YES	GSM4658738	GSM4658757
SE_12_1574	Mouse	NCBI GEO/SRA	Tissue	Adrenal gland	Adrenal_gland_embryo_(E18.5)_not_determined	GSM5277161	GSM5277160
SE_12_1575	Mouse	NCBI GEO/SRA	Tissue	Adrenal gland	Adrenal_gland_postnatal_P1_female	GSM5277162	GSM5277160
SE_12_1576	Mouse	NCBI GEO/SRA	Tissue	Adrenal gland	Adrenal_gland_postnatal_P1_male	GSM5277163	GSM5277160
SE_12_1577	Mouse	NCBI GEO/SRA	Tissue	Adrenal gland	Adrenal_gland_postnatal_P2_weeks_female	GSM5277164	GSM5277160
SE_12_1578	Mouse	NCBI GEO/SRA	Tissue	Adrenal gland	Adrenal_gland_postnatal_P2_weeks_male	GSM5277165	GSM5277160
SE_12_1579	Mouse	NCBI GEO/SRA	Tissue	Adrenal gland	Adrenal_gland_postnatal_P12_weeks_female	GSM5277166	GSM5277160
SE_12_1580	Mouse	NCBI GEO/SRA	Tissue	Adrenal gland	Adrenal_gland_postnatal_P12_weeks_male	GSM5277167	GSM5277160
SE_12_1581	Mouse	NCBI GEO/SRA	Stem cell	embryo	P0_Neonatal_NPCs	GSM5993850	GSM5993851
SE_12_1582	Mouse	NCBI GEO/SRA	Tissue	Kidney	E13.5_Embryonic_Kidneys	GSM5993854	GSM5993855
SE_12_1583	Mouse	NCBI GEO/SRA	Primary cell	Bone marrow	BMDMs_PBS_wt	GSM5133563	GSM5133569
SE_12_1584	Mouse	NCBI GEO/SRA	Primary cell	Bone marrow	BMDMs_low-dose_LPS_wt	GSM5133565	GSM5133570
SE_12_1585	Mouse	NCBI GEO/SRA	Primary cell	Bone marrow	BMDMs_high-dose_LPS_wt	GSM5133567	GSM5133571
SE_12_1586	Mouse	NCBI GEO/SRA	Primary cell	Bone marrow	Bone-marrow_derived_monocytes_TRAM-/-_PBS-1_KO	GSM5676885	GSM5676891
SE_12_1587	Mouse	NCBI GEO/SRA	Primary cell	Bone marrow	Bone-marrow_derived_monocytes_TRAM-/-_Low-1_KO	GSM5676887	GSM5676892
SE_12_1588	Mouse	NCBI GEO/SRA	Primary cell	Bone marrow	Bone-marrow_derived_monocytes_TRAM-/-_High-1_KO	GSM5676889	GSM5676893
SE_12_1589	Mouse	NCBI GEO/SRA	Primary cell	Bone marrow	Bone-marrow_derived_monocytes_IRAK-M-/-_PBS-1_KO	GSM5676894	GSM5676900
SE_12_1590	Mouse	NCBI GEO/SRA	Primary cell	Bone marrow	Bone-marrow_derived_monocytes_IRAK-M-/-_Low-1_KO	GSM5676896	GSM5676901
SE_12_1591	Mouse	NCBI GEO/SRA	Primary cell	Bone marrow	Bone-marrow_derived_monocytes_IRAK-M-/-_High-1_KO	GSM5676898	GSM5676902
SE_12_1592	Mouse	NCBI GEO/SRA	Stem cell	embryo	ESC-Naive	GSM5955909	GSM5955907
SE_12_1593	Mouse	NCBI GEO/SRA	Stem cell	embryo	Differentiated_ESC	GSM5955923	GSM5955921
SE_12_1594	Mouse	NCBI GEO/SRA	Tissue	liver	fetal_livers_Embryonic_day_14.5_wt	GSM5593417	GSM5593413
SE_12_1595	Mouse	NCBI GEO/SRA	Primary cell	Bone marrow	BMDM_0hr_LipidA_wt	GSM7770702	GSM7770706
SE_12_1596	Mouse	NCBI GEO/SRA	Primary cell	tumor	HEY1-NCOA2-expressing_murine_mesenchymal_chondrosarcoma_cells	GSM5952727	GSM4982226
SE_12_1597	Mouse	NCBI GEO/SRA	Primary cell	tumor	dKO_Serum-starved_and_stimulated_cultured_CAF	GSM6042895	GSM6042896
SE_12_1598	Mouse	NCBI GEO/SRA	Tissue	liver	Mouse_lung_Male_Room_Air_PND21	GSM4460511	GSM4460519
SE_12_1599	Mouse	NCBI GEO/SRA	Tissue	liver	Mouse_lung_Male_Hyperoxia_PND21	GSM4460512	GSM4460519
SE_12_1600	Mouse	NCBI GEO/SRA	Tissue	liver	Mouse_lung_Male_Room_Air_PND7	GSM4460513	GSM4460519
SE_12_1601	Mouse	NCBI GEO/SRA	Tissue	liver	Mouse_lung_Male_Hyperoxia_PND7	GSM4460514	GSM4460519
SE_12_1602	Mouse	NCBI GEO/SRA	Tissue	liver	Mouse_lung_Female_Room_Air_PND21	GSM4460515	GSM4460519
SE_12_1603	Mouse	NCBI GEO/SRA	Tissue	liver	Mouse_lung_Female_Hyperoxia_PND21	GSM4460516	GSM4460519
SE_12_1604	Mouse	NCBI GEO/SRA	Tissue	liver	Mouse_lung_Female_Room_Air_PND7	GSM4460517	GSM4460519
SE_12_1605	Mouse	NCBI GEO/SRA	Tissue	liver	Mouse_lung_Female_Hyperoxia_PND7	GSM4460518	GSM4460519
SE_12_1606	Mouse	NCBI GEO/SRA	Tissue	embryo	ES-derived_EBs_D4_Mll3-/-;Mll4flox/flox	GSM4671868	GSM4671856
SE_12_1607	Mouse	NCBI GEO/SRA	Tissue	embryo	ESC_D0_Mll3-/-;Mll4KI/KI	GSM4671869	GSM4671857
SE_12_1608	Mouse	NCBI GEO/SRA	Tissue	embryo	ES-derived_EBs_D4_Mll3-/-;Mll4KI/KI	GSM4671870	GSM4671858
SE_12_1609	Mouse	NCBI GEO/SRA	Tissue	embryo	ES-derived_neural_progenitor_cells_D8__Mll3-/-;Mll4flox/flox	GSM4671890	GSM4671884
SE_12_1610	Mouse	NCBI GEO/SRA	Tissue	embryo	ES-derived_neural_progenitor_cells_D8_Mll3-/-;Mll4KI/KI	GSM4671891	GSM4671885
SE_12_1611	Mouse	NCBI GEO/SRA	Stem cell	embryo	ES-E14_derived_EpiSC_wt	GSM5138717	GSM5138720
SE_12_1612	Mouse	NCBI GEO/SRA	Stem cell	embryo	EpiSC_derived_ME_progenitors_wt_ME_T48h	GSM5138722	GSM5138725
SE_12_1613	Mouse	NCBI GEO/SRA	Stem cell	embryo	mES_cells_Dnttip1KO1E6	GSM5719865	GSM5719869
SE_12_1614	Mouse	NCBI GEO/SRA	Stem cell	embryo	mES_cells_Bruce4	GSM5719884	GSM5719889
SE_12_1615	Mouse	NCBI GEO/SRA	Stem cell	embryo	mES_cells_Dnttip1KO1E6	GSM5719890	GSM5719895
SE_12_1616	Mouse	NCBI GEO/SRA	Cell line	Bone marrow	Primary_mouse_bone_marrow_cells_Stage_1	GSM4592143	GSM4592163
SE_12_1617	Mouse	NCBI GEO/SRA	Cell line	Bone marrow	Primary_mouse_bone_marrow_cells_Stage_2	GSM4592144	GSM4592164
SE_12_1618	Mouse	NCBI GEO/SRA	Cell line	Bone marrow	Primary_mouse_bone_marrow_cells_Stage_3	GSM4592145	GSM4592165
SE_12_1619	Mouse	NCBI GEO/SRA	Cell line	Bone marrow	Primary_mouse_bone_marrow_cells_Stage_4	GSM4592146	GSM4592166
SE_12_1620	Mouse	NCBI GEO/SRA	Tissue	tumor	209503.tumor_Breast_tumor_PyMT;Rag1KO_injected_with_CD4+_T_cells	GSM4724986	GSM4724987
SE_12_1621	Mouse	NCBI GEO/SRA	Tissue	tumor	208782.cyst_Breast_tumor_K14-TSLPtg;PyMT;Rag1KO_injected_with_CD4+_T_cells	GSM4724990	GSM4724991
SE_12_1622	Mouse	NCBI GEO/SRA	Tissue	Brain	forebrain_post_natal_day_28_wt	GSM5960348	GSM5960352
SE_12_1623	Mouse	NCBI GEO/SRA	Tissue	Primary skeletal muscle fibers	FW41_isolated_quadriceps_myofibers_weekly_prednisone_female	GSM5677338	GSM5677345
SE_12_1624	Mouse	NCBI GEO/SRA	Tissue	Primary skeletal muscle fibers	FW61_isolated_quadriceps_myofibers_weekly_prednisone_female	GSM5677340	GSM5677346
SE_12_1625	Mouse	NCBI GEO/SRA	Tissue	Primary skeletal muscle fibers	MW41_isolated_quadriceps_myofibers_weekly_prednisone_male	GSM5677350	GSM5677357
SE_12_1626	Mouse	NCBI GEO/SRA	Tissue	Primary skeletal muscle fibers	MW61_isolated_quadriceps_myofibers_weekly_prednisone_male	GSM5677352	GSM5677358
SE_12_1627	Mouse	NCBI GEO/SRA	Tissue	Primary skeletal muscle fibers	MW81_isolated_quadriceps_myofibers_weekly_prednisone_male	GSM5677354	GSM5677359
SE_12_1628	Mouse	NCBI GEO/SRA	Tissue	Pancreas	Pancreatic_cancer_cell_DMSO_wt	GSM8539622	GSM8539646
SE_12_1629	Mouse	NCBI GEO/SRA	Tissue	Pancreas	Pancreatic_cancer_cell_Gemcitabine_(in_DMSO)	GSM8539623	GSM8539647
SE_12_1630	Mouse	NCBI GEO/SRA	Cell line	Intestine	CT26_cell_mouse_colorectal_cancer_cell_ARID1AWT	GSM8539366	GSM8539368
SE_12_1631	Mouse	NCBI GEO/SRA	Cell line	embryo	E14tg2a_mESC_wt__0.01%_DMSO	GSM8599150	GSM8599162
SE_12_1632	Mouse	NCBI GEO/SRA	Cell line	embryo	E14tg2a_mESC_wt_100_ng/ml_TSA	GSM8599152	GSM8599164
SE_12_1633	Mouse	NCBI GEO/SRA	Cell line	embryo	E14tg2a_mESC_wt_24h_recovery_from_TSA_treatment	GSM8599154	GSM8599165
SE_12_1634	Mouse	NCBI GEO/SRA	Cell line	embryo	embryonic_stem_cells_wt	GSM8430812	GSM8430830
SE_12_1635	Mouse	NCBI GEO/SRA	Tissue	liver	Liver_REV-ERBaf/fREV-ERBbf/f_ZT10	GSM7774543	GSM7774507
SE_12_1636	Mouse	NCBI GEO/SRA	Cell line	Bone marrow	B3_mouse_pre-B_transduced_with_Ikaros-ERt2	GSM8093253	GSM8093261
SE_12_1637	Mouse	NCBI GEO/SRA	Cell line	Bone marrow	B3_mouse_pre-B_transduced_with_Ikaros-ERt2__4-hydroxytamoxifen_1hchip	GSM8093254	GSM8093262
SE_12_1638	Mouse	NCBI GEO/SRA	Cell line	Bone marrow	B3_mouse_pre-B_transduced_with_Ikaros-ERt2__4-hydroxytamoxifen_2hchip	GSM8093255	GSM8093263
SE_12_1639	Mouse	NCBI GEO/SRA	Cell line	Bone marrow	B3_mouse_pre-B_transduced_with_Ikaros-ERt2_4-hydroxytamoxifen_30mchip	GSM8093256	GSM8093264
SE_12_1640	Mouse	NCBI GEO/SRA	Tissue	Brain	primary_mouse_OPC_wt_T3_differentiation_1day	GSM7065129	GSM7065133
SE_12_1641	Mouse	NCBI GEO/SRA	Tissue	Brain	primary_mouse_OPCcell_KO_T3_differentiation_1day	GSM7065131	GSM7065134
SE_12_1642	Mouse	NCBI GEO/SRA	Tissue	liver	Liver_DIAMOND_male_RD	GSM6807020	GSM6807022
SE_12_1643	Mouse	NCBI GEO/SRA	Tissue	liver	Liver_DIAMOND_male_WD_FL	GSM6807023	GSM6807025
SE_12_1644	Mouse	NCBI GEO/SRA	Tissue	liver	Liver_DIAMOND_male_WD_HCC	GSM6807026	GSM6807028
SE_12_1645	Mouse	NCBI GEO/SRA	Cell line	embryo	E14_ESC	GSM6727242	GSM6727241
SE_12_1646	Mouse	NCBI GEO/SRA	Cell line	embryo	E14__EPSC	GSM6727244	GSM6727243
SE_12_1647	Mouse	NCBI GEO/SRA	Cell line	embryo	E14_EPSC+T09	GSM6727246	GSM6727245
SE_12_1648	Mouse	NCBI GEO/SRA	Cell line	embryo	E14_NrESCchip	GSM6727248	GSM6727247
SE_12_1649	Mouse	NCBI GEO/SRA	Cell line	lung	393T3_Lung_adenocarcinoma_cell_KrasG12D;Trp53-/-_SB505124_for_1.5_h	GSM8084208	GSM8084178
SE_12_1650	Mouse	NCBI GEO/SRA	Cell line	lung	393T3_Lung_adenocarcinoma_cell_KrasG12D;Trp53-/-_TGF-Beta_for_1.5_h	GSM8084209	GSM8084179
SE_12_1651	Mouse	NCBI GEO/SRA	Tissue	Bone marrow	bone_marrow_LSC_wt	GSM7088311	GSM7088295
SE_12_1652	Mouse	NCBI GEO/SRA	Tissue	Bone marrow	bone_marrow_LSC_Rreb1-KO	GSM7088313	GSM7088297
SE_12_1653	Mouse	NCBI GEO/SRA	Primary cell	Bone marrow	leukemia_cells_4_days_NUP98-HOXA9_DMSO	GSM7928428	GSM7928436
SE_12_1654	Mouse	NCBI GEO/SRA	Primary cell	Bone marrow	leukemia_cells_4_days_NUP98-HOXA9__2uM_VTP50469	GSM7928431	GSM7928439
SE_12_1655	Mouse	NCBI GEO/SRA	Primary cell	Bone marrow	leukemia_cells_4_days_sgLuciferase_NUP98-HOXA9_DMSO	GSM7928459	GSM7928473
SE_12_1656	Mouse	NCBI GEO/SRA	Primary cell	Bone marrow	leukemia_cells_4_days_sgLuciferase_NUP98-HOXA9_500nM_dTAG13	GSM7928461	GSM7928476
SE_12_1657	Mouse	NCBI GEO/SRA	Primary cell	Bone marrow	leukemia_cells_4_days_sgLuciferase_NUP98-HOXA9__2uM_VTP50469	GSM7928462	GSM7928480
SE_12_1658	Mouse	NCBI GEO/SRA	Primary cell	Bone marrow	leukemia_cells_4_days_sgPcgf1chip_NUP98-HOXA9__DMSO	GSM7928505	GSM7928518
SE_12_1659	Mouse	NCBI GEO/SRA	Primary cell	Bone marrow	leukemia_cells_4_days_sgPcgf1chip_NUP98-HOXA9__500nM_dTAG13	GSM7928507	GSM7928521
SE_12_1660	Mouse	NCBI GEO/SRA	Primary cell	Bone marrow	leukemia_cells_4_days_sgPcgf1chip_NUP98-HOXA9_2uM_VTP50469	GSM7928508	GSM7928524
SE_12_1661	Mouse	NCBI GEO/SRA	Tissue	Bone marrow	leukemia_cell_NUP98-HOXA9_DMSO_48_hours	GSM8449908	GSM8449923
SE_12_1662	Mouse	NCBI GEO/SRA	Tissue	Bone marrow	leukemia_cell_NUP98-HOXA9_500nM_dTAG13_24_hours	GSM8449910	GSM8449926
SE_12_1663	Mouse	NCBI GEO/SRA	Tissue	Bone marrow	leukemia_cell_NUP98-HOXA9_500nM_dTAG13_4_hours	GSM8449911	GSM8449927
SE_12_1664	Mouse	NCBI GEO/SRA	Tissue	Bone marrow	leukemia_cell_NUP98-HOXA9_500nM_dTAG13_1_hours	GSM8449912	GSM8449929
SE_12_1665	Mouse	NCBI GEO/SRA	Tissue	Bone marrow	leukemia_cell_NUP98-HOXA9_500nM_dTAG13_48_hours	GSM8449913	GSM8449930
SE_12_1666	Mouse	NCBI GEO/SRA	Tissue	Bone marrow	leukemia_cell_NUP98-HOXA9_DMSO_24_hours	GSM8490793	GSM8490797
SE_12_1667	Mouse	NCBI GEO/SRA	Tissue	Bone marrow	leukemia_cell_NUP98-HOXA9_500nM_dTAG13_24_hours	GSM8490794	GSM8490798
SE_12_1668	Mouse	NCBI GEO/SRA	Tissue	lung	lung_KrasFSF-G12D/+;_Rosa26FSF-CreERT2/Sun1;_Nkx2-1F/F_tamoxifen	GSM7901546	GSM7901545
SE_12_1669	Mouse	NCBI GEO/SRA	Tissue	lung	lung_KrasFSF-G12D/+;_Rosa26FSF-CreERT2/Sun1;_Nkx2-1F/F;_FoxA1F/F;_FoxA2F/F_tamoxifen	GSM7901550	GSM7901549
SE_12_1670	Mouse	NCBI GEO/SRA	Tissue	Spleen	CD4_T_cell_Vehicle_wt	GSM8476984	GSM8477000
SE_12_1671	Mouse	NCBI GEO/SRA	Tissue	Spleen	CD4_T_cell_TOFA_wt	GSM8476986	GSM8477003
SE_12_1672	Mouse	NCBI GEO/SRA	Tissue	Limbs	Skeletal_stem_cell_Ptipf/f_post_natal_day_3	GSM5560152	GSM5560153
SE_12_1673	Mouse	NCBI GEO/SRA	Tissue	Limbs	pre-bone_cartilage_and_stromal_progenitor_cell_Ptipf/f_post_natal_day_3	GSM5560156	GSM5560157
SE_12_1674	Mouse	NCBI GEO/SRA	Tissue	Limbs	bone_cartilage_and_stromal_progenitor_cells_Ptipf/f_post_natal_day_3	GSM5560160	GSM5560161
SE_12_1675	Mouse	NCBI GEO/SRA	Tissue	Limbs	Skeletal_stem_cell_Ptipf/f_Col2a1-cre_post_natal_day_3	GSM5560164	GSM5560165
SE_12_1676	Mouse	NCBI GEO/SRA	Tissue	Limbs	pre-bone_cartilage_and_stromal_progenitor_cells_Ptipf/f;Col2a1-cre_post_natal_day_3	GSM5560168	GSM5560169
SE_12_1677	Mouse	NCBI GEO/SRA	Tissue	Limbs	bone_cartilage_and_stromal_progenitor_cells_Ptipf/f;Col2a1-cre_post_natal_day_3	GSM5560172	GSM5560173
SE_12_1678	Mouse	NCBI GEO/SRA	Tissue	Forelimb_bud	E10.5_Forelimb_bud_WT_Swiss_Albino_DMSO	GSM8484488	GSM8484490
SE_12_1679	Mouse	NCBI GEO/SRA	Tissue	Forelimb_bud	E10.5_Forelimb_bud__WT_Swiss_Albino_C59	GSM8484494	GSM8484496
SE_12_1680	Mouse	NCBI GEO/SRA	Tissue	Eye	primary_retinal_pigment_epithelium_cells_normal	GSM7830180	GSM8174713
SE_12_1681	Mouse	NCBI GEO/SRA	Tissue	Eye	primary_retinal_pigment_epithelium_cells_PVR	GSM7830186	GSM8174714
SE_12_1682	Mouse	NCBI GEO/SRA	Cell line	embryo	MEF_Usf2_WT_Normal	GSM7999287	GSM7999285
SE_12_1683	Mouse	NCBI GEO/SRA	Cell line	embryo	MEF_Usf2_KO_Normal	GSM7999288	GSM7999286
SE_12_1684	Mouse	NCBI GEO/SRA	Tissue	Brain	Cd11b+_microglia_Male_BCG_12_months	GSM7191453	GSM7191457
SE_12_1685	Mouse	NCBI GEO/SRA	Tissue	Brain	Cd11b+_microglia_Male_Saline_12_months	GSM7191455	GSM7191459
SE_12_1686	Mouse	NCBI GEO/SRA	Tissue	Spleen and lymph nodes	naive_Treg_cells_hCD2__Foxp3tm1(CD2/CD52)Shori	GSM8156612	GSM8156613
SE_12_1687	Mouse	NCBI GEO/SRA	Tissue	Brain	hippocampus_NeuN+_cells_WT	GSM6757953	GSM6757952
SE_12_1688	Mouse	NCBI GEO/SRA	Tissue	Brain	hippocampus_NeuN+_cells_FUSdeltaNSL/+	GSM6757956	GSM6757955
SE_12_1689	Mouse	NCBI GEO/SRA	Primary cell	Bone marrow	culture_Th17_(72hr)_0.25_μg/mL_anti-CD3ε_(eBioscience)_1_μg/mL_anti-CD28_(eBioscience)_0.1ng/mL_TGF-β_(R&D_Systems)_and_20_ng/mL_IL-6_(R&D_Systems)	GSM4770955	GSM4770956
SE_12_1690	Mouse	NCBI GEO/SRA	Primary cell	heart	mouse_cardiac_nerual_crest_cells_E10.5_GFP+_cells_from_Wnt1Cre2;_mtmg_embryos	GSM4514265	GSM4514267
SE_12_1691	Mouse	NCBI GEO/SRA	Cell line	embryo	E14_Mouse_embryonic_stem_cell_DMSO	GSM8384896	GSM8384886
SE_12_1692	Mouse	NCBI GEO/SRA	Cell line	embryo	E14_Mouse_embryonic_stem_cell_Adriamycin	GSM8384897	GSM8384886
SE_12_1693	Mouse	NCBI GEO/SRA	Tissue	Spinal cord	Male_mouse_spinal_cord_tissue_Nkx6.1_Control	GSM8648837	GSM8648838
SE_12_1694	Mouse	NCBI GEO/SRA	Tissue	Spinal cord	Male_mouse_spinal_cord_tissue_Nkx6.1_cKO	GSM8648839	GSM8648840
SE_12_1695	Mouse	NCBI GEO/SRA	Tissue	Liver	Liver_Veh_1M5V_Vehicle	GSM8414961	GSM8415043
SE_12_1696	Mouse	NCBI GEO/SRA	Tissue	Liver	Liver_Veh_4M5V_Vehicle	GSM8414967	GSM8415044
SE_12_1697	Mouse	NCBI GEO/SRA	Tissue	Liver	Liver_Veh_1M10V_Vehicle	GSM8415085	GSM8415088
SE_12_1698	Mouse	NCBI GEO/SRA	Tissue	Liver	Liver_LR_10M10T_low_risk_TBT	GSM8415089	GSM8415175
SE_12_1699	Mouse	NCBI GEO/SRA	Tissue	Liver	Liver_UL_1M10T_high_risk_TBT	GSM8415094	GSM8415176
SE_12_1700	Mouse	NCBI GEO/SRA	Tissue	Spleen and lymph nodes	cd8+_T_cell_wt	GSM8128787	GSM8128789
SE_12_1701	Mouse	NCBI GEO/SRA	Tissue	Spleen and lymph nodes	cd8+_T_cell_TRIM28_knockout	GSM8128788	GSM8128790
SE_12_1702	Mouse	NCBI GEO/SRA	Tissue	Bone marrow	Bone_Marrow-derived_macrophages_wt_MSUc	GSM8096150	GSM8096148
SE_12_1703	Mouse	NCBI GEO/SRA	Tissue	Bone marrow	Bone_Marrow-derived_macrophages_wt_PBS	GSM8096152	GSM8096159
SE_12_1704	Mouse	NCBI GEO/SRA	Tissue	Bone marrow	Bone_marrow_derived_macrophages_vehicle	GSM7890103	GSM7890115
SE_12_1705	Mouse	NCBI GEO/SRA	Tissue	Bone marrow	Bone_marrow_derived_macrophages_Corticosterone	GSM7890106	GSM7890115
SE_12_1706	Mouse	NCBI GEO/SRA	Tissue	Bone marrow	Bone_marrow_derived_macrophages_IL4	GSM7890113	GSM7890115
SE_12_1707	Mouse	NCBI GEO/SRA	Tissue	kidney	As4.1_DMSO	GSM8060488	GSM8060496
SE_12_1708	Mouse	NCBI GEO/SRA	Tissue	kidney	As4.1_H89	GSM8060490	GSM8060496
SE_12_1709	Mouse	NCBI GEO/SRA	Cell line	skin	B16-F10_wt	GSM8434467	GSM8434476
SE_12_1710	Mouse	NCBI GEO/SRA	Cell line	skin	B16-F10_KO_HDAC6	GSM8434468	GSM8434476
SE_12_1711	Mouse	NCBI GEO/SRA	Stem cell	embryo	Mettl14_Control_mESCs	GSM5556786	GSM5556770
SE_12_1712	Mouse	NCBI GEO/SRA	Stem cell	embryo	Mettl14_CKO_mESCs	GSM5556788	GSM5556772
SE_12_1713	Mouse	NCBI GEO/SRA	Tissue	Spleen and lymph nodes	Treg_cells_wt	GSM7165880	GSM7165884
SE_12_1714	Mouse	NCBI GEO/SRA	Tissue	Spleen and lymph nodes	Treg_cells_IkE5-deletion	GSM7165881	GSM7165885
SE_12_1715	Mouse	NCBI GEO/SRA	Cell line	embryo	E14_SE_Mouse_embryonic_stem_cells_DMSO	GSM8384898	GSM8384889
SE_12_1716	Mouse	NCBI GEO/SRA	Cell line	embryo	E14_SE_Mouse_embryonic_stem_cells_Adriamycin	GSM8384899	GSM8384889
SE_12_1717	Mouse	NCBI GEO/SRA	Cell line	embryo	E14_SA_Mouse_embryonic_stem_cells_DMSO	GSM8384900	GSM8384892
SE_12_1718	Mouse	NCBI GEO/SRA	Cell line	embryo	E14_SA_Mouse_embryonic_stem_cells_Adriamycin	GSM8384901	GSM8384892
SE_12_1719	Mouse	NCBI GEO/SRA	Cell line	Brain	SMB56_mouse_SHH-subtype_medulloblastoma_cells	GSM8246095	GSM8246096
SE_12_1720	Mouse	NCBI GEO/SRA	Tissue	tumor	168FARN_Kmt2c_KO	GSM7610718	GSM7610733
SE_12_1721	Mouse	NCBI GEO/SRA	Cell line	mammary	NmuMG__BRM014-6h	GSM7928374	GSM7928382
SE_12_1722	Mouse	NCBI GEO/SRA	Cell line	mammary	NmuMG_DMSO-6h	GSM7928378	GSM7928386
SE_12_1723	Mouse	NCBI GEO/SRA	Tissue	Brain	neuroblast_4percent_O2	GSM4142100	GSM4142099
SE_12_1724	Mouse	NCBI GEO/SRA	Tissue	embryo	Yes_diploid_wild_type_mESC_derived_from_strain_E14_wt_Naive_ES	GSM6602310	GSM6602322
SE_12_1725	Mouse	NCBI GEO/SRA	Tissue	Bone marrow	mouse_CD4+T_cell_wt	GSM7716405	GSM7716411
SE_12_1726	Mouse	NCBI GEO/SRA	Tissue	Bone marrow	969_T-cell_acute_lymphoblastic_leukemiaRosa26CreERT2_Cdc73f/f_EtOH	GSM6858804	GSM6858833
SE_12_1727	Mouse	NCBI GEO/SRA	Tissue	Bone marrow	969_T-cell_acute_lymphoblastic_leukemia_Rosa26CreERT2_Cdc73f/f_OHT	GSM6858807	GSM6858833
SE_12_1728	Mouse	NCBI GEO/SRA	Tissue	Bone marrow	970_T-cell_acute_lymphoblastic_leukemia_Rosa26CreERT2_Cdc73f/f_OHT	GSM6858813	GSM6858834
SE_12_1729	Mouse	NCBI GEO/SRA	Cell line	skin	B16F10_mouse_melanoma_IFNg	GSM7050271	GSM7050267
SE_12_1730	Mouse	NCBI GEO/SRA	Cell line	skin	B16F10_mouse_melanoma_IFNg_aMSH+IFNg	GSM7050273	GSM7050269
SE_12_1731	Mouse	NCBI GEO/SRA	Cell line	Adipose	A9_5.832x10-6_nmol_IFN_gamma	GSM5435079	GSM5435078
SE_12_1732	Mouse	NCBI GEO/SRA	Cell line	Adipose	A9_5.832x10-6_nmol_IFN_gamma	GSM5436616	GSM5436615
SE_12_1733	Mouse	NCBI GEO/SRA	Tissue	Eye	SCN_ZT23	GSM6730649	GSM6730657
SE_12_1734	Mouse	NCBI GEO/SRA	Tissue	Brain	hippocampus_E18.5_control	GSM5694698	GSM5694702
SE_12_1735	Mouse	NCBI GEO/SRA	Primary cell	Bone marrow	dentritic_cell_8_weeks_old_CreER	GSM5625207	GSM5625199
SE_12_1736	Mouse	NCBI GEO/SRA	Primary cell	Bone marrow	CD8+_T_cells__PIPs_EnPGC-1	GSM5349927	GSM5349922
SE_12_1737	Mouse	NCBI GEO/SRA	Cell line	embryo	E14_ESCs__Klf4-KO	GSM6585942	GSM6585951
SE_12_1738	Mouse	NCBI GEO/SRA	Stem cell	embryo	Mouse_Embronic_Fibroblast_BALB/c_wt	GSM6131772	GSM6131762
SE_12_1739	Mouse	NCBI GEO/SRA	Stem cell	embryo	Mouse_Embronic_Fibroblast_BALB/c_NM1-KO	GSM6131784	GSM6131786
SE_12_1740	Mouse	NCBI GEO/SRA	Primary cell	Bone marrow	Leukemic_erythroid_cells_Dox_Untreated	GSM5241489	GSM5241501
SE_12_1741	Mouse	NCBI GEO/SRA	Primary cell	Bone marrow	Leukemic_erythroid_cells_Entinostat_Treated	GSM5241504	GSM5241508
SE_12_1742	Mouse	NCBI GEO/SRA	Stem cell	Bone marrow	129SV_mESC	GSM6058016	GSM6058013
SE_12_1743	Mouse	NCBI GEO/SRA	Primary cell	Bone marrow	pro-B_lymphocyte_Hdac7_knock-out	GSM6182676	GSM6182674
SE_12_1744	Mouse	NCBI GEO/SRA	Primary cell	Bone marrow	T_cell_sgRbpj_2-12	GSM5705553	GSM5705561
SE_12_1745	Mouse	NCBI GEO/SRA	Tissue	Bone marrow	Lin-7AAD-Sca-115-KITintermed34-16/32+Ly6G-/intermed11b+_Cebpe_KO	GSM5704740	GSM5704747
SE_12_1746	Mouse	NCBI GEO/SRA	Tissue	Bone marrow	Lin-7AAD-Sca-115-KIT-34-16/32+Ly6Gintermed11b+_Cebpe_WT	GSM5704742	GSM5704748
SE_12_1747	Mouse	NCBI GEO/SRA	Cell line	Bone marrow	macrophage_cell_line_RAW264.7_Vector-Ace-1	GSM5940991	GSM5940997
SE_12_1748	Mouse	NCBI GEO/SRA	Cell line	Bone marrow	macrophage_cell_line_RAW264.7_HDAC3KO	GSM5941000	GSM5941006
SE_12_1749	Mouse	NCBI GEO/SRA	Stem cell	embryo	ES_cells	GSM4773798	GSM4773803
SE_12_1750	Mouse	NCBI GEO/SRA	Stem cell	embryo	EPS_cells	GSM4773799	GSM4773802
SE_12_1751	Mouse	NCBI GEO/SRA	Stem cell	Bone marrow	HoxA9_transformed_bone_marrow_granulocyte_macorphage_progenitors_untreated	GSM5650999	GSM5651002
SE_12_1752	Mouse	NCBI GEO/SRA	Primary cell	tumor	MMTV_CAF_FVB_SG_PRRX1	GSM5213058	GSM5213060
SE_12_1753	Mouse	NCBI GEO/SRA	Primary cell	Bone marrow	splenic_NK_cells_IFNA_Project_08722_C	GSM5628887	GSM5628886
SE_12_1754	Mouse	NCBI GEO/SRA	Tissue	pancreas	mT3-2D_KPC__Kras_+/LSL-G12D;_Trp53_+/LSL-R172H;_Pdx1-Cre_Brca2KO_JQ1	GSM6284007	GSM6284011
SE_12_1755	Mouse	NCBI GEO/SRA	Tissue	pancreas	mT8-2D_Epithelial_cells_Kras_+/LSL-G12D;_Trp53_+/LSL-R172H_Pdx1-Cre__En1_cDNA	GSM7138734	GSM7138736
SE_12_1756	Mouse	NCBI GEO/SRA	Cell line	Bone marrow	LM1_beta_glucan_div14	GSM7058594	GSM7058730
SE_12_1757	Mouse	NCBI GEO/SRA	Tissue	tumor	2N15_mouse_ASPS_tumor_Rosa26:ASPSCR1-TFE3	GSM4952643	GSM4952647
SE_12_1758	Mouse	NCBI GEO/SRA	Tissue	Spleen	VertX_post_natal_day_56_IL-10_GFP_reporter	GSM3997567	GSM3997579
SE_12_1759	Mouse	NCBI GEO/SRA	Tissue	Spleen	C57BL/6_post_natal_day_56_wt	GSM3998159	GSM3998163
SE_12_1760	Mouse	NCBI GEO/SRA	Tissue	Spleen	C57BL/6_post_natal_day_66_wt	GSM3998160	GSM3998164
SE_12_1761	Mouse	NCBI GEO/SRA	Tissue	Spleen	C57BL/6_post_natal_day_86_wt	GSM3998161	GSM3998165
SE_12_1762	Mouse	NCBI GEO/SRA	Stem cell	embryo	mouse_embryonic_fibroblasts_senescent_KRASG12V-oncogene_induciton_(OI)	GSM3272258	GSM3272276
SE_12_1763	Mouse	NCBI GEO/SRA	Stem cell	embryo	mouse_embryonic_fibroblasts_induced	GSM3272262	GSM3272277
SE_12_1764	Mouse	NCBI GEO/SRA	Cell line	colon	CT26_mouse_colorectal_cancer_KO	GSM8539367	GSM8539369
SE_12_1765	Mouse	NCBI GEO/SRA	Tissue	Spleen and lymph nodes	IL_2_Treg_2000U/ml_human_IL-2_(Proleukin_S®_Novartis)	GSM8156608	GSM8156609
SE_12_1766	Mouse	NCBI GEO/SRA	Tissue	Spleen and lymph nodes	IL_2_Treg_2000U/ml_human_IL-2_(Proleukin_S®_Novartis)_5ng/ml_murine_IL-4_(Peprotech)_50ng/ml_IL-33_(Peprotech)_and_10_µg/ml_anti-mouse_IFNγ_blocking_antibodies_(BioXCell)	GSM8156618	GSM8156619
SE_12_1767	Mouse	NCBI GEO/SRA	Primary cell	Bone marrow	BMDM_BRM014_treated_4hr_LipidA	GSM7770693	GSM7770699
SE_12_1768	Mouse	NCBI GEO/SRA	Primary cell	Bone marrow	Macrophage_treated_with_A_fusion_protein_of_mouse_IL-4_with_the_Fc_portion_of_IgG1	GSM7904811	GSM7904814
SE_12_1769	Mouse	NCBI GEO/SRA	Primary cell	Bone marrow	mouse_large_pre-B_cell_(CD19+CD43+BP1+)IkE5_fl/fl_Rosa26-ERT2-Cre	GSM7336816	GSM7336828
SE_12_1770	Mouse	NCBI GEO/SRA	Primary cell	Bone marrow	mouse_large_pre-B_cell_(CD19+CD43+BP1+)_IkE5_fl/fl_Rosa26-ERT2-Cre	GSM7336817	GSM7336829
SE_12_1771	Mouse	NCBI GEO/SRA	Tissue	muscle	Gastrocnemius_muscle_12-week-old_normal	GSM6721940	GSM6721941
SE_12_1772	Mouse	NCBI GEO/SRA	erythroid progenitor cell	G1E-ER4	E2-induced for 24h	GSM5819751	GSM5819767
SE_12_1773	Mouse	NCBI GEO/SRA	Tissue	thymus	thymus_CD69negDP_wt	GSM5963434	GSM5963432
SE_12_1774	Mouse	NCBI GEO/SRA	Tissue	Bone marrow	bone_Marrowcell_Dexamethasone_24_h	GSM7890109	GSM7890115
SE_12_1775	Mouse	NCBI GEO/SRA	Tissue	Spleen	Naïve_Natural_killer_cells_WT_NK-CreERT2_Ly49H+_Day_0	GSM7092272	GSM7092296
SE_12_1776	Mouse	NCBI GEO/SRA	Tissue	Spleen	Naïve_Natural_killer_cells_Themis2_KO_NK-CreERT2_Ly49H+__Day_0	GSM7092275	GSM7092297
SE_12_1777	Mouse	NCBI GEO/SRA	Tissue	Spleen	Memory_Natural_killer_cells_WT_NK-CreERT2_Ly49H+__Day_28_post-MCMV_infection	GSM7092278	GSM7092296
SE_12_1778	Mouse	NCBI GEO/SRA	Tissue	Spleen	Memory_Natural_killer_cells_Themis2_KO_NK-CreERT2_Ly49H+__Day_28_post-MCMV_infection	GSM7092281	GSM7092297
SE_12_1779	Mouse	NCBI GEO/SRA	Tissue	Nose	Olfactory_epithelium_Globose_basal_cell_Methimazole	GSM7035132	GSM7035134
SE_12_1780	Mouse	NCBI GEO/SRA	Cell line	embryo	E14_ESC_WT_2i_inhibitors	GSM6318346	GSM6318358
SE_12_1781	Mouse	NCBI GEO/SRA	Cell line	embryo	E14_ESC_WT_FGF2_(R&D)_and_Activin-A_(R&D)	GSM6318348	GSM6318359
SE_12_1782	Mouse	NCBI GEO/SRA	Primary cell	embryo	mouse_embryonic_fibroblast__IL-1Beta_WT	GSM6616322	GSM6616321
SE_12_1783	Mouse	NCBI GEO/SRA	Primary cell	embryo	mouse_embryonic_fibroblast_IL-1Beta_LKB1/CRTC2_knockout	GSM6616330	GSM6616329
SE_12_1784	Mouse	NCBI GEO/SRA	Cell line	embryo	R1__NPCs_WT	GSM6956438	GSM6956439
SE_12_1785	Mouse	NCBI GEO/SRA	Tissue	Brain	Cortex_H3f3a+/G34R_7_days	GSM5990205	GSM5990208
SE_12_1786	Mouse	NCBI GEO/SRA	Tissue	Brain	Cortex_H3f3a+/+_7_days	GSM5990211	GSM5990214
SE_12_1787	Mouse	NCBI GEO/SRA	Primary cell	embryo	Mouse_Embryonic_Fibroblast_Infected_with_Brn2_Ascl1_Myt1l_virus	GSM5763682	GSM5763684
SE_12_1788	Mouse	NCBI GEO/SRA	Primary cell	embryo	Mouse_Embryonic_Fibroblast_Infected_with_TETG_virus	GSM5763686	GSM5763688
SE_12_1789	Mouse	NCBI GEO/SRA	Primary cell	embryo	Mouse_Embryonic_Fibroblast_Infected_with_Hnf4a_Foxa3_virus	GSM5763690	GSM5763692
SE_12_1790	Mouse	NCBI GEO/SRA	Primary cell	embryo	Mouse_Embryonic_Fibroblast_Infected_with_IRESG_virus	GSM5763694	GSM5763696
SE_12_1791	Mouse	NCBI GEO/SRA	Primary cell	embryo	Mouse_Embryonic_Fibroblast_Infected_with_MGT_virus	GSM5763698	GSM5763700
SE_12_1792	Mouse	NCBI GEO/SRA	Primary cell	embryo	Mouse_Embryonic_Fibroblast_Infected_with_LACZ_virus	GSM5763702	GSM5763704
SE_12_1793	Mouse	NCBI GEO/SRA	Primary cell	embryo	Mouse_Embryonic_Fibroblast_Infected_with_Ascl1_virus	GSM5765114	GSM5765116
SE_12_1794	Mouse	NCBI GEO/SRA	Primary cell	embryo	Mouse_Embryonic_Fibroblast_Infected_with_Mef2c_virus	GSM5765118	GSM5765120
SE_12_1795	Mouse	NCBI GEO/SRA	Primary cell	embryo	Mouse_Embryonic_Fibroblast_Infected_with_Ascl1_Mef2c_virus	GSM5765122	GSM5765124
SE_12_1796	Mouse	NCBI GEO/SRA	Primary cell	embryo	Mouse_Embryonic_Fibroblast_Infected_with_LACZ_virus	GSM5765126	GSM5765128
SE_12_1797	Mouse	NCBI GEO/SRA	Tissue	Spleen and lymph nodes	Primary_LCMV_TCRtg_CD4+_Thy1.1+_cells_Tbx21+/-__Neutral_conditions	GSM8241860	GSM8241858
SE_12_1798	Mouse	NCBI GEO/SRA	Tissue	Spleen and lymph nodes	Primary_LCMV_TCRtg_CD4+_Thy1.1+_cells_Tbx21+/-_Th2_conditions	GSM8241872	GSM8241870
SE_12_1799	Mouse	NCBI GEO/SRA	Tissue	Spleen and lymph nodes	Primary_LCMV_TCRtg_CD4+_Thy1.1+_cells_Tbx21-/-__Neutral_conditions	GSM8241884	GSM8241882
SE_12_1800	Mouse	NCBI GEO/SRA	Tissue	Spleen and lymph nodes	Primary_LCMV_TCRtg_CD4+_Thy1.1+_cells_Tbx21-/-_Th2_conditions	GSM8241896	GSM8241894
SE_12_1801	Mouse	NCBI GEO/SRA	Tissue	Spleen and lymph nodes	Primary_LCMV_TCRtg_CD4+_Thy1.1+_cells_WT__Th2_conditions	GSM8241908	GSM8241906
SE_12_1802	Mouse	NCBI GEO/SRA	Tissue	Spleen and lymph nodes	Primary_LCMV_TCRtg_CD4+_Thy1.1+_cells_WT_Neutral_conditions	GSM8241920	GSM8241918
SE_12_1803	Mouse	NCBI GEO/SRA	Tissue	Spleen and lymph nodes	Primary_LCMV_TCRtg_CD4+_Thy1.1+_cells_WT_Th2_conditions	GSM8241932	GSM8241930
SE_12_1804	Mouse	NCBI GEO/SRA	Tissue	muscle	skeletal_muscle_-_quadricep__Bcl6_fl/fl_TMX	GSM5736342	GSM5736348
SE_12_1805	Mouse	NCBI GEO/SRA	Tissue	muscle	skeletal_muscle_-_quadricep_AEC-Esr_Cre_(+):_Bcl6_fl/fl_TMX	GSM5736345	GSM5736349
SE_12_1806	Mouse	NCBI GEO/SRA	Primary cell	heart	Cardiomyocytes_XMlc2-Cre;Dot1Lflox/wt;Rosa-tdtomato	GSM6471491	GSM6471494
SE_12_1807	Mouse	NCBI GEO/SRA	Primary cell	heart	Cardiomyocytes_XMlc2-Cre;Dot1Lnull/flox;Rosa-tdtomato	GSM6471495	GSM6471498
SE_12_1808	Mouse	NCBI GEO/SRA	Primary cell	Brain	microglia_Ercc1wt/delta_Ercc1wt/ko_or_Ercc1wt/wt_PBS	GSM5342047	GSM5342051
SE_12_1809	Mouse	NCBI GEO/SRA	Primary cell	Brain	microglia_Ercc1delta/ko_PBS	GSM5342048	GSM5342052
SE_12_1810	Mouse	NCBI GEO/SRA	Stem cell	Adipose	Fibro_Adipogenic_Progenitors_Young_MDX_CTR	GSM5708326	GSM5708330
SE_12_1811	Mouse	NCBI GEO/SRA	Stem cell	Adipose	Fibro_Adipogenic_Progenitors_Young_MDX__TSA	GSM5708327	GSM5708331
SE_12_1812	Mouse	NCBI GEO/SRA	Stem cell	Adipose	Fibro_Adipogenic_Progenitors__Old_MDX_CTR	GSM5708328	GSM5708332
SE_12_1813	Mouse	NCBI GEO/SRA	Stem cell	Adipose	Fibro_Adipogenic_Progenitors__Old_MDX_TSA	GSM5708329	GSM5708333
SE_12_1814	Mouse	NCBI GEO/SRA	Stem cell	embryo	mouse_embryonic_stem_cells_Low_passages_(6-10)_wt	GSM6011973	GSM6011966
SE_12_1815	Mouse	NCBI GEO/SRA	Stem cell	embryo	mouse_embryonic_stem_cells_Low_passages_(6-10)_MLL3/4KO	GSM6011986	GSM6011968
SE_12_1816	Mouse	NCBI GEO/SRA	Cell line	tumor	4T07-TGL_cells_breast_cancer_cells_sgControl	GSM8118447	GSM8118451
SE_12_1817	Mouse	NCBI GEO/SRA	Cell line	tumor	4T07-TGL_cells_breast_cancer_cells_Brd7-KO	GSM8118449	GSM8118453
SE_13_0001	Mouse	GGR	Primary cell	Macrophage	macrophage	ENCSR933GNW	ENCSR601NNP
SE_14_0001	Mouse	NGDC GSA	Primary cell	Bone marrow	Lin-cKit+ cells Asxl2-KO	CRX007336	CRX007335
SE_14_0002	Mouse	NGDC GSA	Primary cell	Bone marrow	Lin-cKit+ cells Asxl2-WT	CRX007332	CRX007331
SE_14_0003	Mouse	NGDC GSA	Primary cell	Bone marrow	Asxl1+/-_Nf1+/- cKit+ cell	CRX022863	CRX022859
SE_14_0004	Mouse	NGDC GSA	Primary cell	Bone marrow	Asxl1+/-_Nf1+/- cKit+ cell	CRX022867	CRX022859
SE_14_0005	Mouse	NGDC GSA	Primary cell	Bone marrow	WT cKit+ cell	CRX022854	CRX022850
SE_14_0006	Mouse	NGDC GSA	Primary cell	Bone marrow	WT cKit+ cell	CRX022858	CRX022850
SE_14_0007	Mouse	NGDC GSA	Tissue	Skeletal muscle	Skeletal muscle MyoD-KO_Tac 12h	CRX102222	CRX102227
SE_14_0008	Mouse	NGDC GSA	Tissue	Skeletal muscle	Skeletal muscle MyoD-KO DMSO 3h	CRX102220	CRX102226
SE_14_0009	Mouse	NGDC GSA	Tissue	Skeletal muscle	Skeletal muscle WT c646 3h	CRX102218	CRX102225
SE_14_0010	Mouse	NGDC GSA	Tissue	Skeletal muscle	Skeletal muscle WT DMSO 3h	CRX102216	CRX102220
SE_14_0011	Mouse	NGDC GSA	Tissue	Skeletal muscle	Skeletal muscle MyoD-KO DM	CRX102162	CRX102183
SE_14_0012	Mouse	NGDC GSA	Tissue	Skeletal muscle	Skeletal muscle MyoD-KO GM	CRX102160	CRX102182
SE_14_0013	Mouse	NGDC GSA	Tissue	Skeletal muscle	Skeletal muscle WT DM	CRX102158	CRX102181
SE_14_0014	Mouse	NGDC GSA	Tissue	Skeletal muscle	Skeletal muscle WT GM	CRX102156	CRX102180
SE_14_0015	Mouse	NGDC GSA	Stem cell	Embryo	ESCs	CRX252302	CRX252301
SE_14_0016	Mouse	NGDC GSA	Stem cell	Embryo	ESCs	CRX252305	CRX252307
SE_14_0017	Mouse	NGDC GSA	Primary cell	Spleen	PAC1-/- T cells	CRX275098	CRX275099
SE_14_0018	Mouse	NGDC GSA	Primary cell	Spleen	wild-type T cells	CRX275102	CRX275103
SE_14_0019	Mouse	NGDC GSA	stem cell	embryo	embryonic_stem_cell_male_WT-K9	CRX269098	CRX269132
SE_14_0020	Mouse	NGDC GSA	stem cell	embryo	embryonic_stem_cell_male_BEND3KO-K6	CRX269094	CRX269130
SE_14_0021	Mouse	NGDC GSA	stem cell	embryo	embryonic_stem_cell_male_BEND3KO-C3	CRX269093	CRX269129
SE_14_0022	Mouse	NGDC GSA	stem cell	embryo	EPSiES-1_female	CRX270068	CRX270078
SE_14_0023	Mouse	NGDC GSA	stem cell	embryo	EPS-Gata6KO-1_female	CRX270046	CRX270056
SE_14_0024	Mouse	NGDC GSA	stem cell	embryo	EPS-1_female	CRX270024	CRX270034
SE_14_0025	Mouse	NGDC GSA	Tissue	embryo	NF_ICM	CRX322762	CRX322760
SE_14_0026	Mouse	NGDC GSA	Tissue	Ovary	cumulus_cell	CRX322745	CRX322744
SE_14_0027	Mouse	NGDC GSA	Tissue	embryo	NF.late2_cell	CRX322751	CRX322749
SE_14_0028	Mouse	NGDC GSA	Tissue	embryo	mouse_zygote	CRX413012	CRX413013
SE_14_0029	Mouse	NGDC GSA	Tissue	embryo	mouse_oocyte	CRX413009	CRX413010
SE_14_0030	Mouse	NGDC GSA	Tissue	embryo	mouse_4cell	CRX413022	CRX413023
SE_14_0031	Mouse	NGDC GSA	Tissue	embryo	mouse_late_2cell	CRX413015	CRX413016
SE_14_0032	Mouse	NGDC GSA	Tissue	embryo	mouse_morula	CRX413037	CRX413038
SE_14_0033	Mouse	NGDC GSA	Tissue	embryo	mouse_8cell	CRX413029	CRX413030
SE_14_0034	Mouse	NGDC GSA	Tissue	embryo	mouse_blastocyst	CRX413045	CRX413046
SE_14_0035	Mouse	NGDC GSA	stem cell	embryo	haES_A129-2_E	CRX466468	CRX466466
SE_14_0036	Mouse	NGDC GSA	stem cell	embryo	haES_A129-2_L	CRX466482	CRX466480
SE_14_0037	Mouse	NGDC GSA	stem cell	embryo	haES_A129-6_E	CRX466496	CRX466494
SE_14_0038	Mouse	NGDC GSA	stem cell	embryo	haES_A129-17_E	CRX466455	CRX466453
SE_14_0039	Mouse	NGDC GSA	stem cell	embryo	haES_AOS-14_E	CRX466510	CRX466508
SE_14_0040	Mouse	NGDC GSA	stem cell	embryo	haES_AOS-14_L	CRX466524	CRX466522
SE_14_0041	Mouse	NGDC GSA	stem cell	embryo	ES-R1_male	CRX466440	CRX466438
SE_14_0042	Mouse	NGDC GSA	Tissue	testis	mouse_AG-haESCs,_ESCs_and_RS	CRX466538	CRX466536
SE_14_0043	Mouse	NGDC GSA	Tissue	embryo	MEF	CRX572084	CRX572079
SE_14_0044	Mouse	NGDC GSA	Tissue	embryo	mouse_gastrula_E7-5-P	CRX1223058	CRX1222986
SE_14_0045	Mouse	NGDC GSA	Tissue	embryo	mouse_gastrula_E7-5-AM	CRX1223054	CRX1222982
SE_14_0046	Mouse	NGDC GSA	Tissue	embryo	mouse_gastrula_E7-5-ExE	CRX1223056	CRX1222984
SE_14_0047	Mouse	NGDC GSA	Tissue	embryo	mouse_gastrula_E7-0-P	CRX1223051	CRX1222979
SE_14_0048	Mouse	NGDC GSA	Tissue	embryo	mouse_gastrula_E7-0-ExE	CRX1223048	CRX1222976
SE_14_0049	Mouse	NGDC GSA	Tissue	embryo	mouse_gastrula_E7-0-A	CRX1223046	CRX1222974
SE_14_0050	Mouse	NGDC GSA	Tissue	embryo	mouse_gastrula_E6-5-ExE	CRX1223044	CRX1222972
SE_14_0051	Mouse	NGDC GSA	Tissue	embryo	mouse_gastrula_E6-5-Epi	CRX1223042	CRX1222970
