sample,fastq_1,fastq_2,replicate,antibody,control,control_replicate
ENCSR000AKC,https://www.encodeproject.org/files/ENCFF000ASU/@@download/ENCFF000ASU.fastq.gz,,1,H3K27ac,ENCSR000AKJ,1
ENCSR000AKC,https://www.encodeproject.org/files/ENCFF000ASP/@@download/ENCFF000ASP.fastq.gz,,2,H3K27ac,ENCSR000AKJ,2
ENCSR000AKP,https://www.encodeproject.org/files/ENCFF000BXH/@@download/ENCFF000BXH.fastq.gz,,1,H3K27ac,ENCSR000AKY,1
ENCSR000AKP,https://www.encodeproject.org/files/ENCFF000BXG/@@download/ENCFF000BXG.fastq.gz,,2,H3K27ac,ENCSR000AKY,2
ENCSR000AKP,https://www.encodeproject.org/files/ENCFF143EVF/@@download/ENCFF143EVF.fastq.gz,,3,H3K27ac,ENCSR000AKY,3
ENCSR000AKP,https://www.encodeproject.org/files/ENCFF845TAO/@@download/ENCFF845TAO.fastq.gz,,3,H3K27ac,ENCSR000AKY,3
ENCSR000AKP,https://www.encodeproject.org/files/ENCFF427JJU/@@download/ENCFF427JJU.fastq.gz,,3,H3K27ac,ENCSR000AKY,3
ENCSR000AKP,https://www.encodeproject.org/files/ENCFF760YTC/@@download/ENCFF760YTC.fastq.gz,,3,H3K27ac,ENCSR000AKY,3
ENCSR000ALB,https://www.encodeproject.org/files/ENCFF000BSI/@@download/ENCFF000BSI.fastq.gz,,1,H3K27ac,ENCSR000ALG,1
ENCSR000ALB,https://www.encodeproject.org/files/ENCFF000BSD/@@download/ENCFF000BSD.fastq.gz,,2,H3K27ac,ENCSR000ALG,1
ENCSR000ALK,https://www.encodeproject.org/files/ENCFF000CNN/@@download/ENCFF000CNN.fastq.gz,,1,H3K27ac,ENCSR000ALS,1
ENCSR000ALK,https://www.encodeproject.org/files/ENCFF000CNL/@@download/ENCFF000CNL.fastq.gz,,2,H3K27ac,ENCSR000ALS,1
ENCSR000ALW,https://www.encodeproject.org/files/ENCFF000BIL/@@download/ENCFF000BIL.fastq.gz,,1,H3K27ac,ENCSR000AMN,1
ENCSR000ALW,https://www.encodeproject.org/files/ENCFF000BIM/@@download/ENCFF000BIM.fastq.gz,,2,H3K27ac,ENCSR000AMN,2
ENCSR000AMO,https://www.encodeproject.org/files/ENCFF000BFD/@@download/ENCFF000BFD.fastq.gz,,1,H3K27ac,ENCSR055XHN,1
ENCSR000AMO,https://www.encodeproject.org/files/ENCFF000BFH/@@download/ENCFF000BFH.fastq.gz,,2,H3K27ac,ENCSR055XHN,2
ENCSR000AMO,https://www.encodeproject.org/files/ENCFF130TZW/@@download/ENCFF130TZW.fastq.gz,https://www.encodeproject.org/files/ENCFF087XCQ/@@download/ENCFF087XCQ.fastq.gz,3,H3K27ac,ENCSR055XHN,3
ENCSR000AMO,https://www.encodeproject.org/files/ENCFF515INE/@@download/ENCFF515INE.fastq.gz,https://www.encodeproject.org/files/ENCFF473WTU/@@download/ENCFF473WTU.fastq.gz,3,H3K27ac,ENCSR055XHN,3
ENCSR000AMO,https://www.encodeproject.org/files/ENCFF718PPI/@@download/ENCFF718PPI.fastq.gz,https://www.encodeproject.org/files/ENCFF117UJP/@@download/ENCFF117UJP.fastq.gz,3,H3K27ac,ENCSR055XHN,3
ENCSR000AMO,https://www.encodeproject.org/files/ENCFF834LZS/@@download/ENCFF834LZS.fastq.gz,https://www.encodeproject.org/files/ENCFF193TTD/@@download/ENCFF193TTD.fastq.gz,3,H3K27ac,ENCSR055XHN,3
ENCSR000AMR,https://www.encodeproject.org/files/ENCFF000CRV/@@download/ENCFF000CRV.fastq.gz,,1,H3K27ac,ENCSR000AMZ,1
ENCSR000AMR,https://www.encodeproject.org/files/ENCFF000CRS/@@download/ENCFF000CRS.fastq.gz,,2,H3K27ac,ENCSR000AMZ,2
ENCSR000ANF,https://www.encodeproject.org/files/ENCFF000BLI/@@download/ENCFF000BLI.fastq.gz,,1,H3K27ac,ENCSR000ANN,1
ENCSR000ANF,https://www.encodeproject.org/files/ENCFF000BLJ/@@download/ENCFF000BLJ.fastq.gz,,2,H3K27ac,ENCSR000ANN,2
ENCSR000ANP,https://www.encodeproject.org/files/ENCFF000AWR/@@download/ENCFF000AWR.fastq.gz,,1,H3K27ac,ENCSR000AMI,1
ENCSR000ANP,https://www.encodeproject.org/files/ENCFF000AWV/@@download/ENCFF000AWV.fastq.gz,,2,H3K27ac,ENCSR000AMI,2
ENCSR000ANV,https://www.encodeproject.org/files/ENCFF000BOT/@@download/ENCFF000BOT.fastq.gz,,1,H3K27ac,ENCSR000ANT,1
ENCSR000ANV,https://www.encodeproject.org/files/ENCFF000BOU/@@download/ENCFF000BOU.fastq.gz,,2,H3K27ac,ENCSR000ANT,2
ENCSR000AOC,https://www.encodeproject.org/files/ENCFF000BBY/@@download/ENCFF000BBY.fastq.gz,,1,H3K27ac,ENCSR000AOB,1
ENCSR000AOC,https://www.encodeproject.org/files/ENCFF000BBZ/@@download/ENCFF000BBZ.fastq.gz,,2,H3K27ac,ENCSR000AOB,2
ENCSR000AOQ,https://www.encodeproject.org/files/ENCFF000CHK/@@download/ENCFF000CHK.fastq.gz,,1,H3K27ac,ENCSR000AOP,1
ENCSR000AOQ,https://www.encodeproject.org/files/ENCFF000CHH/@@download/ENCFF000CHH.fastq.gz,,2,H3K27ac,ENCSR000AOP,2
ENCSR000APH,https://www.encodeproject.org/files/ENCFF000CVS/@@download/ENCFF000CVS.fastq.gz,,1,H3K27ac,ENCSR000APU,1
ENCSR000APH,https://www.encodeproject.org/files/ENCFF000CVU/@@download/ENCFF000CVU.fastq.gz,,2,H3K27ac,ENCSR000APU,2
ENCSR000APN,https://www.encodeproject.org/files/ENCFF000CKG/@@download/ENCFF000CKG.fastq.gz,,1,H3K27ac,ENCSR000APT,1
ENCSR000APN,https://www.encodeproject.org/files/ENCFF000CKH/@@download/ENCFF000CKH.fastq.gz,,2,H3K27ac,ENCSR000APT,2
ENCSR000AQW,https://www.encodeproject.org/files/ENCFF000AQI/@@download/ENCFF000AQI.fastq.gz,,1,H3K27ac,ENCSR000ASA,1
ENCSR000AQW,https://www.encodeproject.org/files/ENCFF000AQH/@@download/ENCFF000AQH.fastq.gz,,2,H3K27ac,ENCSR000ASA,2
ENCSR000ASJ,https://www.encodeproject.org/files/ENCFF000CEN/@@download/ENCFF000CEN.fastq.gz,,1,H3K27ac,ENCSR000AUU,1
ENCSR000ASJ,https://www.encodeproject.org/files/ENCFF000CEO/@@download/ENCFF000CEO.fastq.gz,,2,H3K27ac,ENCSR000AUU,2
ENCSR000AUI,https://www.encodeproject.org/files/ENCFF000AKR/@@download/ENCFF000AKR.fastq.gz,,1,H3K27ac,ENCSR000ASS,1
ENCSR000AUI,https://www.encodeproject.org/files/ENCFF000AKS/@@download/ENCFF000AKS.fastq.gz,,2,H3K27ac,ENCSR000ASS,2
ENCSR000AUP,https://www.encodeproject.org/files/ENCFF000ANT/@@download/ENCFF000ANT.fastq.gz,,1,H3K27ac,ENCSR000AUW,1
ENCSR000AUP,https://www.encodeproject.org/files/ENCFF000ANV/@@download/ENCFF000ANV.fastq.gz,,2,H3K27ac,ENCSR000AUW,1
ENCSR000AVF,https://www.encodeproject.org/files/ENCFF000AKL/@@download/ENCFF000AKL.fastq.gz,,1,H3K27ac,ENCSR000ASR,1
ENCSR000AVF,https://www.encodeproject.org/files/ENCFF000AKJ/@@download/ENCFF000AKJ.fastq.gz,,2,H3K27ac,ENCSR000ASR,2
ENCSR000DPL,https://www.encodeproject.org/files/ENCFF001END/@@download/ENCFF001END.fastq.gz,,1,H3K27ac,ENCSR000DPN,1
ENCSR000DPL,https://www.encodeproject.org/files/ENCFF001ENE/@@download/ENCFF001ENE.fastq.gz,,1,H3K27ac,ENCSR000DPN,1
ENCSR000EUT,https://www.encodeproject.org/files/ENCFF000VCQ/@@download/ENCFF000VCQ.fastq.gz,,1,H3K27ac,ENCSR000EUX,1
ENCSR000EUT,https://www.encodeproject.org/files/ENCFF000VCS/@@download/ENCFF000VCS.fastq.gz,,2,H3K27ac,ENCSR000EUX,1
ENCSR000EWR,https://www.encodeproject.org/files/ENCFF000VHD/@@download/ENCFF000VHD.fastq.gz,,1,H3K27ac,ENCSR000EWW,1
ENCSR000EWR,https://www.encodeproject.org/files/ENCFF000VHC/@@download/ENCFF000VHC.fastq.gz,,2,H3K27ac,ENCSR000EWW,2
ENCSR000EXK,https://www.encodeproject.org/files/ENCFF000VJD/@@download/ENCFF000VJD.fastq.gz,,1,H3K27ac,ENCSR000EXM,1
ENCSR000EXK,https://www.encodeproject.org/files/ENCFF000VJH/@@download/ENCFF000VJH.fastq.gz,,2,H3K27ac,ENCSR000EXM,1
ENCSR000FCH,https://www.encodeproject.org/files/ENCFF002ABA/@@download/ENCFF002ABA.fastq.gz,,1,H3K27ac,ENCSR000EVA,1
ENCSR000FCH,https://www.encodeproject.org/files/ENCFF002AAY/@@download/ENCFF002AAY.fastq.gz,,2,H3K27ac,ENCSR000EVA,1
ENCSR000FCH,https://www.encodeproject.org/files/ENCFF002ABC/@@download/ENCFF002ABC.fastq.gz,,2,H3K27ac,ENCSR000EVA,1
ENCSR000FCU,https://www.encodeproject.org/files/ENCFF002ABL/@@download/ENCFF002ABL.fastq.gz,,1,H3K27ac,ENCSR000FDA,1
ENCSR000FCU,https://www.encodeproject.org/files/ENCFF002ABN/@@download/ENCFF002ABN.fastq.gz,,2,H3K27ac,ENCSR000FDA,1
ENCSR000NPF,https://www.encodeproject.org/files/ENCFF143SXY/@@download/ENCFF143SXY.fastq.gz,,1,H3K27ac,ENCSR867SJE,1
ENCSR000NPF,https://www.encodeproject.org/files/ENCFF232TCS/@@download/ENCFF232TCS.fastq.gz,,1,H3K27ac,ENCSR867SJE,1
ENCSR000NPF,https://www.encodeproject.org/files/ENCFF236ZHP/@@download/ENCFF236ZHP.fastq.gz,,1,H3K27ac,ENCSR867SJE,1
ENCSR000NPF,https://www.encodeproject.org/files/ENCFF766VGS/@@download/ENCFF766VGS.fastq.gz,,1,H3K27ac,ENCSR867SJE,1
ENCSR000NPF,https://www.encodeproject.org/files/ENCFF299TZK/@@download/ENCFF299TZK.fastq.gz,,2,H3K27ac,ENCSR867SJE,2
ENCSR000NPF,https://www.encodeproject.org/files/ENCFF340KQN/@@download/ENCFF340KQN.fastq.gz,,2,H3K27ac,ENCSR867SJE,2
ENCSR000NPF,https://www.encodeproject.org/files/ENCFF366LCI/@@download/ENCFF366LCI.fastq.gz,,2,H3K27ac,ENCSR867SJE,2
ENCSR000NPF,https://www.encodeproject.org/files/ENCFF402UQN/@@download/ENCFF402UQN.fastq.gz,,2,H3K27ac,ENCSR867SJE,2
ENCSR000NPF,https://www.encodeproject.org/files/ENCFF478OZK/@@download/ENCFF478OZK.fastq.gz,,2,H3K27ac,ENCSR867SJE,2
ENCSR000NPF,https://www.encodeproject.org/files/ENCFF577YKS/@@download/ENCFF577YKS.fastq.gz,,2,H3K27ac,ENCSR867SJE,2
ENCSR001SHB,https://www.encodeproject.org/files/ENCFF271RIT/@@download/ENCFF271RIT.fastq.gz,,1,H3K27ac,ENCSR854GEV,1
ENCSR002YRE,https://www.encodeproject.org/files/ENCFF200XEH/@@download/ENCFF200XEH.fastq.gz,,1,H3K27ac,ENCSR001BSB,1
ENCSR002YRE,https://www.encodeproject.org/files/ENCFF419OFF/@@download/ENCFF419OFF.fastq.gz,,1,H3K27ac,ENCSR001BSB,1
ENCSR002YRE,https://www.encodeproject.org/files/ENCFF704RXG/@@download/ENCFF704RXG.fastq.gz,,1,H3K27ac,ENCSR001BSB,1
ENCSR002YRE,https://www.encodeproject.org/files/ENCFF734UGN/@@download/ENCFF734UGN.fastq.gz,,1,H3K27ac,ENCSR001BSB,1
ENCSR002YRE,https://www.encodeproject.org/files/ENCFF437DDC/@@download/ENCFF437DDC.fastq.gz,,2,H3K27ac,ENCSR001BSB,1
ENCSR004EKY,https://www.encodeproject.org/files/ENCFF759UQY/@@download/ENCFF759UQY.fastq.gz,,1,H3K27ac,ENCSR020OIW,1
ENCSR004EKY,https://www.encodeproject.org/files/ENCFF877CMK/@@download/ENCFF877CMK.fastq.gz,,1,H3K27ac,ENCSR020OIW,1
ENCSR004HIE,https://www.encodeproject.org/files/ENCFF225DCF/@@download/ENCFF225DCF.fastq.gz,,1,H3K27ac,ENCSR634QZP,1
ENCSR004HIE,https://www.encodeproject.org/files/ENCFF233PCU/@@download/ENCFF233PCU.fastq.gz,,1,H3K27ac,ENCSR634QZP,1
ENCSR004HIE,https://www.encodeproject.org/files/ENCFF347UGD/@@download/ENCFF347UGD.fastq.gz,,1,H3K27ac,ENCSR634QZP,1
ENCSR004HIE,https://www.encodeproject.org/files/ENCFF959SEU/@@download/ENCFF959SEU.fastq.gz,,1,H3K27ac,ENCSR634QZP,1
ENCSR004HIE,https://www.encodeproject.org/files/ENCFF238XWL/@@download/ENCFF238XWL.fastq.gz,,1,H3K27ac,ENCSR634QZP,1
ENCSR004HIE,https://www.encodeproject.org/files/ENCFF300BFU/@@download/ENCFF300BFU.fastq.gz,,1,H3K27ac,ENCSR634QZP,1
ENCSR004HIE,https://www.encodeproject.org/files/ENCFF467ZRD/@@download/ENCFF467ZRD.fastq.gz,,1,H3K27ac,ENCSR634QZP,1
ENCSR004HIE,https://www.encodeproject.org/files/ENCFF545ZYN/@@download/ENCFF545ZYN.fastq.gz,,1,H3K27ac,ENCSR634QZP,1
ENCSR004YQD,https://www.encodeproject.org/files/ENCFF283JAG/@@download/ENCFF283JAG.fastq.gz,,1,H3K27ac,ENCSR293ZPH,1
ENCSR004YQD,https://www.encodeproject.org/files/ENCFF469CAQ/@@download/ENCFF469CAQ.fastq.gz,,1,H3K27ac,ENCSR293ZPH,1
ENCSR004YQD,https://www.encodeproject.org/files/ENCFF689GCB/@@download/ENCFF689GCB.fastq.gz,,1,H3K27ac,ENCSR293ZPH,1
ENCSR004YQD,https://www.encodeproject.org/files/ENCFF693CUM/@@download/ENCFF693CUM.fastq.gz,,1,H3K27ac,ENCSR293ZPH,1
ENCSR004YQD,https://www.encodeproject.org/files/ENCFF310YKF/@@download/ENCFF310YKF.fastq.gz,,1,H3K27ac,ENCSR293ZPH,1
ENCSR004YQD,https://www.encodeproject.org/files/ENCFF351VHR/@@download/ENCFF351VHR.fastq.gz,,1,H3K27ac,ENCSR293ZPH,1
ENCSR004YQD,https://www.encodeproject.org/files/ENCFF388YHN/@@download/ENCFF388YHN.fastq.gz,,1,H3K27ac,ENCSR293ZPH,1
ENCSR004YQD,https://www.encodeproject.org/files/ENCFF922SBN/@@download/ENCFF922SBN.fastq.gz,,1,H3K27ac,ENCSR293ZPH,1
ENCSR006ANF,https://www.encodeproject.org/files/ENCFF646FLI/@@download/ENCFF646FLI.fastq.gz,,1,H3K27ac,ENCSR871SEB,1
ENCSR006ANF,https://www.encodeproject.org/files/ENCFF596VVW/@@download/ENCFF596VVW.fastq.gz,,2,H3K27ac,ENCSR871SEB,2
ENCSR007HLH,https://www.encodeproject.org/files/ENCFF915ZPV/@@download/ENCFF915ZPV.fastq.gz,,1,H3K27ac,ENCSR247BVB,1
ENCSR007HLH,https://www.encodeproject.org/files/ENCFF941MDI/@@download/ENCFF941MDI.fastq.gz,,1,H3K27ac,ENCSR247BVB,1
ENCSR007YOT,https://www.encodeproject.org/files/ENCFF863CCQ/@@download/ENCFF863CCQ.fastq.gz,,1,H3K27ac,ENCSR922FLS,1
ENCSR007YOT,https://www.encodeproject.org/files/ENCFF447BFL/@@download/ENCFF447BFL.fastq.gz,,2,H3K27ac,ENCSR922FLS,2
ENCSR010OVI,https://www.encodeproject.org/files/ENCFF928KVZ/@@download/ENCFF928KVZ.fastq.gz,,1,H3K27ac,ENCSR841CWN,1
ENCSR010OVI,https://www.encodeproject.org/files/ENCFF857LFL/@@download/ENCFF857LFL.fastq.gz,,2,H3K27ac,ENCSR841CWN,2
ENCSR011BHU,https://www.encodeproject.org/files/ENCFF214QFH/@@download/ENCFF214QFH.fastq.gz,,1,H3K27ac,ENCSR258GSA,1
ENCSR011BHU,https://www.encodeproject.org/files/ENCFF246RRM/@@download/ENCFF246RRM.fastq.gz,,1,H3K27ac,ENCSR258GSA,1
ENCSR011BHU,https://www.encodeproject.org/files/ENCFF335MFE/@@download/ENCFF335MFE.fastq.gz,,1,H3K27ac,ENCSR258GSA,1
ENCSR011BHU,https://www.encodeproject.org/files/ENCFF720DBB/@@download/ENCFF720DBB.fastq.gz,,1,H3K27ac,ENCSR258GSA,1
ENCSR011BHU,https://www.encodeproject.org/files/ENCFF361XKJ/@@download/ENCFF361XKJ.fastq.gz,,1,H3K27ac,ENCSR258GSA,1
ENCSR011BHU,https://www.encodeproject.org/files/ENCFF709HFN/@@download/ENCFF709HFN.fastq.gz,,1,H3K27ac,ENCSR258GSA,1
ENCSR011BHU,https://www.encodeproject.org/files/ENCFF811KDP/@@download/ENCFF811KDP.fastq.gz,,1,H3K27ac,ENCSR258GSA,1
ENCSR011BHU,https://www.encodeproject.org/files/ENCFF880ALS/@@download/ENCFF880ALS.fastq.gz,,1,H3K27ac,ENCSR258GSA,1
ENCSR011MGQ,https://www.encodeproject.org/files/ENCFF338AWO/@@download/ENCFF338AWO.fastq.gz,,1,H3K27ac,ENCSR570YPW,1
ENCSR011MGQ,https://www.encodeproject.org/files/ENCFF731QRB/@@download/ENCFF731QRB.fastq.gz,,1,H3K27ac,ENCSR570YPW,1
ENCSR012PII,https://www.encodeproject.org/files/ENCFF511CWO/@@download/ENCFF511CWO.fastq.gz,,1,H3K27ac,ENCSR444GJM,1
ENCSR012PII,https://www.encodeproject.org/files/ENCFF765EVS/@@download/ENCFF765EVS.fastq.gz,,1,H3K27ac,ENCSR444GJM,1
ENCSR013KEC,https://www.encodeproject.org/files/ENCFF970HHO/@@download/ENCFF970HHO.fastq.gz,,1,H3K27ac,ENCSR843OBM,1
ENCSR013KEC,https://www.encodeproject.org/files/ENCFF936KPA/@@download/ENCFF936KPA.fastq.gz,,2,H3K27ac,ENCSR843OBM,1
ENCSR014TDK,https://www.encodeproject.org/files/ENCFF167SMH/@@download/ENCFF167SMH.fastq.gz,,1,H3K27ac,ENCSR617MEB,1
ENCSR014TDK,https://www.encodeproject.org/files/ENCFF170VQI/@@download/ENCFF170VQI.fastq.gz,,1,H3K27ac,ENCSR617MEB,1
ENCSR014TDK,https://www.encodeproject.org/files/ENCFF342VAP/@@download/ENCFF342VAP.fastq.gz,,1,H3K27ac,ENCSR617MEB,1
ENCSR014TDK,https://www.encodeproject.org/files/ENCFF603BLP/@@download/ENCFF603BLP.fastq.gz,,1,H3K27ac,ENCSR617MEB,1
ENCSR014TDK,https://www.encodeproject.org/files/ENCFF687QYO/@@download/ENCFF687QYO.fastq.gz,,1,H3K27ac,ENCSR617MEB,1
ENCSR014TDK,https://www.encodeproject.org/files/ENCFF892KCH/@@download/ENCFF892KCH.fastq.gz,,1,H3K27ac,ENCSR617MEB,1
ENCSR015GFK,https://www.encodeproject.org/files/ENCFF124BGS/@@download/ENCFF124BGS.fastq.gz,,1,H3K27ac,ENCSR158PLZ,1
ENCSR015GFK,https://www.encodeproject.org/files/ENCFF542CPV/@@download/ENCFF542CPV.fastq.gz,,2,H3K27ac,ENCSR158PLZ,2
ENCSR016XBE,https://www.encodeproject.org/files/ENCFF692FLN/@@download/ENCFF692FLN.fastq.gz,,1,H3K27ac,ENCSR583DLA,1
ENCSR016XBE,https://www.encodeproject.org/files/ENCFF830NCL/@@download/ENCFF830NCL.fastq.gz,,1,H3K27ac,ENCSR583DLA,1
ENCSR025KPY,https://www.encodeproject.org/files/ENCFF342DQI/@@download/ENCFF342DQI.fastq.gz,,1,H3K27ac,ENCSR086BNR,1
ENCSR025KPY,https://www.encodeproject.org/files/ENCFF500QGP/@@download/ENCFF500QGP.fastq.gz,,1,H3K27ac,ENCSR086BNR,1
ENCSR025KPY,https://www.encodeproject.org/files/ENCFF704WYD/@@download/ENCFF704WYD.fastq.gz,,1,H3K27ac,ENCSR086BNR,1
ENCSR025KPY,https://www.encodeproject.org/files/ENCFF720MXI/@@download/ENCFF720MXI.fastq.gz,,1,H3K27ac,ENCSR086BNR,1
ENCSR025KPY,https://www.encodeproject.org/files/ENCFF321YNX/@@download/ENCFF321YNX.fastq.gz,,1,H3K27ac,ENCSR086BNR,1
ENCSR025KPY,https://www.encodeproject.org/files/ENCFF353KDD/@@download/ENCFF353KDD.fastq.gz,,1,H3K27ac,ENCSR086BNR,1
ENCSR025KPY,https://www.encodeproject.org/files/ENCFF370QTQ/@@download/ENCFF370QTQ.fastq.gz,,1,H3K27ac,ENCSR086BNR,1
ENCSR025KPY,https://www.encodeproject.org/files/ENCFF486XHI/@@download/ENCFF486XHI.fastq.gz,,1,H3K27ac,ENCSR086BNR,1
ENCSR027BPE,https://www.encodeproject.org/files/ENCFF127TTO/@@download/ENCFF127TTO.fastq.gz,,1,H3K27ac,ENCSR204GMP,1
ENCSR027BPE,https://www.encodeproject.org/files/ENCFF868OXZ/@@download/ENCFF868OXZ.fastq.gz,,2,H3K27ac,ENCSR204GMP,2
ENCSR027BPE,https://www.encodeproject.org/files/ENCFF893QTX/@@download/ENCFF893QTX.fastq.gz,,3,H3K27ac,ENCSR204GMP,3
ENCSR028NXO,https://www.encodeproject.org/files/ENCFF141ZLN/@@download/ENCFF141ZLN.fastq.gz,,1,H3K27ac,ENCSR592KRF,1
ENCSR028QEA,https://www.encodeproject.org/files/ENCFF214PWW/@@download/ENCFF214PWW.fastq.gz,,1,H3K27ac,ENCSR128HTH,1
ENCSR028QEA,https://www.encodeproject.org/files/ENCFF283XNR/@@download/ENCFF283XNR.fastq.gz,,1,H3K27ac,ENCSR128HTH,1
ENCSR029SIG,https://www.encodeproject.org/files/ENCFF504YRS/@@download/ENCFF504YRS.fastq.gz,,1,H3K27ac,ENCSR067CHO,1
ENCSR029SIG,https://www.encodeproject.org/files/ENCFF533KNU/@@download/ENCFF533KNU.fastq.gz,,1,H3K27ac,ENCSR067CHO,1
ENCSR029SIG,https://www.encodeproject.org/files/ENCFF558IGG/@@download/ENCFF558IGG.fastq.gz,,1,H3K27ac,ENCSR067CHO,1
ENCSR029SIG,https://www.encodeproject.org/files/ENCFF770GIJ/@@download/ENCFF770GIJ.fastq.gz,,1,H3K27ac,ENCSR067CHO,1
ENCSR029SIG,https://www.encodeproject.org/files/ENCFF512GBR/@@download/ENCFF512GBR.fastq.gz,,1,H3K27ac,ENCSR067CHO,1
ENCSR029SIG,https://www.encodeproject.org/files/ENCFF639BTG/@@download/ENCFF639BTG.fastq.gz,,1,H3K27ac,ENCSR067CHO,1
ENCSR029SIG,https://www.encodeproject.org/files/ENCFF645DRJ/@@download/ENCFF645DRJ.fastq.gz,,1,H3K27ac,ENCSR067CHO,1
ENCSR029SIG,https://www.encodeproject.org/files/ENCFF735YLE/@@download/ENCFF735YLE.fastq.gz,,1,H3K27ac,ENCSR067CHO,1
ENCSR029SIG,https://www.encodeproject.org/files/ENCFF122IEJ/@@download/ENCFF122IEJ.fastq.gz,,2,H3K27ac,ENCSR067CHO,1
ENCSR029SIG,https://www.encodeproject.org/files/ENCFF182YWC/@@download/ENCFF182YWC.fastq.gz,,2,H3K27ac,ENCSR067CHO,1
ENCSR029SIG,https://www.encodeproject.org/files/ENCFF511JXN/@@download/ENCFF511JXN.fastq.gz,,2,H3K27ac,ENCSR067CHO,1
ENCSR029SIG,https://www.encodeproject.org/files/ENCFF553OYC/@@download/ENCFF553OYC.fastq.gz,,2,H3K27ac,ENCSR067CHO,1
ENCSR029SIG,https://www.encodeproject.org/files/ENCFF165AZE/@@download/ENCFF165AZE.fastq.gz,,2,H3K27ac,ENCSR067CHO,1
ENCSR029SIG,https://www.encodeproject.org/files/ENCFF260LYF/@@download/ENCFF260LYF.fastq.gz,,2,H3K27ac,ENCSR067CHO,1
ENCSR029SIG,https://www.encodeproject.org/files/ENCFF673LJI/@@download/ENCFF673LJI.fastq.gz,,2,H3K27ac,ENCSR067CHO,1
ENCSR029SIG,https://www.encodeproject.org/files/ENCFF678SCP/@@download/ENCFF678SCP.fastq.gz,,2,H3K27ac,ENCSR067CHO,1
ENCSR034RQV,https://www.encodeproject.org/files/ENCFF033QTH/@@download/ENCFF033QTH.fastq.gz,,1,H3K27ac,ENCSR168STG,1
ENCSR034RQV,https://www.encodeproject.org/files/ENCFF356OSU/@@download/ENCFF356OSU.fastq.gz,,1,H3K27ac,ENCSR168STG,1
ENCSR034ZKE,https://www.encodeproject.org/files/ENCFF697YTU/@@download/ENCFF697YTU.fastq.gz,,1,H3K27ac,ENCSR247XFQ,1
ENCSR034ZKE,https://www.encodeproject.org/files/ENCFF737ZSN/@@download/ENCFF737ZSN.fastq.gz,,1,H3K27ac,ENCSR247XFQ,1
ENCSR039AHR,https://www.encodeproject.org/files/ENCFF127CMU/@@download/ENCFF127CMU.fastq.gz,,1,H3K27ac,ENCSR566AUD,1
ENCSR039AHR,https://www.encodeproject.org/files/ENCFF463OEA/@@download/ENCFF463OEA.fastq.gz,,2,H3K27ac,ENCSR566AUD,2
ENCSR041UZZ,https://www.encodeproject.org/files/ENCFF783CBS/@@download/ENCFF783CBS.fastq.gz,,1,H3K27ac,ENCSR828DDP,1
ENCSR041UZZ,https://www.encodeproject.org/files/ENCFF918JCL/@@download/ENCFF918JCL.fastq.gz,,1,H3K27ac,ENCSR828DDP,1
ENCSR041UZZ,https://www.encodeproject.org/files/ENCFF932AFM/@@download/ENCFF932AFM.fastq.gz,,1,H3K27ac,ENCSR828DDP,1
ENCSR041UZZ,https://www.encodeproject.org/files/ENCFF942RGN/@@download/ENCFF942RGN.fastq.gz,,1,H3K27ac,ENCSR828DDP,1
ENCSR051QLZ,https://www.encodeproject.org/files/ENCFF559TOW/@@download/ENCFF559TOW.fastq.gz,,1,H3K27ac,ENCSR646FGM,1
ENCSR051QLZ,https://www.encodeproject.org/files/ENCFF668PVO/@@download/ENCFF668PVO.fastq.gz,,1,H3K27ac,ENCSR646FGM,1
ENCSR051QLZ,https://www.encodeproject.org/files/ENCFF779VNY/@@download/ENCFF779VNY.fastq.gz,,1,H3K27ac,ENCSR646FGM,1
ENCSR051QLZ,https://www.encodeproject.org/files/ENCFF821QGM/@@download/ENCFF821QGM.fastq.gz,,1,H3K27ac,ENCSR646FGM,1
ENCSR051QLZ,https://www.encodeproject.org/files/ENCFF071ALN/@@download/ENCFF071ALN.fastq.gz,,1,H3K27ac,ENCSR646FGM,1
ENCSR051QLZ,https://www.encodeproject.org/files/ENCFF206UCB/@@download/ENCFF206UCB.fastq.gz,,1,H3K27ac,ENCSR646FGM,1
ENCSR051QLZ,https://www.encodeproject.org/files/ENCFF292EEY/@@download/ENCFF292EEY.fastq.gz,,1,H3K27ac,ENCSR646FGM,1
ENCSR051QLZ,https://www.encodeproject.org/files/ENCFF351RVW/@@download/ENCFF351RVW.fastq.gz,,1,H3K27ac,ENCSR646FGM,1
ENCSR054BKO,https://www.encodeproject.org/files/ENCFF413QKU/@@download/ENCFF413QKU.fastq.gz,,1,H3K27ac,ENCSR264DYL,1
ENCSR059MVB,https://www.encodeproject.org/files/ENCFF002AZR/@@download/ENCFF002AZR.fastq.gz,,1,H3K27ac,ENCSR836XKP,1
ENCSR059MVB,https://www.encodeproject.org/files/ENCFF002AWN/@@download/ENCFF002AWN.fastq.gz,,2,H3K27ac,ENCSR836XKP,2
ENCSR059MVB,https://www.encodeproject.org/files/ENCFF002AYM/@@download/ENCFF002AYM.fastq.gz,,2,H3K27ac,ENCSR836XKP,2
ENCSR061IAQ,https://www.encodeproject.org/files/ENCFF764LVT/@@download/ENCFF764LVT.fastq.gz,,1,H3K27ac,ENCSR583MIW,1
ENCSR061IAQ,https://www.encodeproject.org/files/ENCFF797MQQ/@@download/ENCFF797MQQ.fastq.gz,,1,H3K27ac,ENCSR583MIW,1
ENCSR061IAQ,https://www.encodeproject.org/files/ENCFF848JLL/@@download/ENCFF848JLL.fastq.gz,,1,H3K27ac,ENCSR583MIW,1
ENCSR061IAQ,https://www.encodeproject.org/files/ENCFF982QQS/@@download/ENCFF982QQS.fastq.gz,,1,H3K27ac,ENCSR583MIW,1
ENCSR061IAQ,https://www.encodeproject.org/files/ENCFF214COB/@@download/ENCFF214COB.fastq.gz,,1,H3K27ac,ENCSR583MIW,1
ENCSR061IAQ,https://www.encodeproject.org/files/ENCFF481UVI/@@download/ENCFF481UVI.fastq.gz,,1,H3K27ac,ENCSR583MIW,1
ENCSR061IAQ,https://www.encodeproject.org/files/ENCFF797LXA/@@download/ENCFF797LXA.fastq.gz,,1,H3K27ac,ENCSR583MIW,1
ENCSR061IAQ,https://www.encodeproject.org/files/ENCFF995JFP/@@download/ENCFF995JFP.fastq.gz,,1,H3K27ac,ENCSR583MIW,1
ENCSR066GUY,https://www.encodeproject.org/files/ENCFF343XAA/@@download/ENCFF343XAA.fastq.gz,,1,H3K27ac,ENCSR479BTD,1
ENCSR066GUY,https://www.encodeproject.org/files/ENCFF762IYJ/@@download/ENCFF762IYJ.fastq.gz,,1,H3K27ac,ENCSR479BTD,1
ENCSR067BGS,https://www.encodeproject.org/files/ENCFF526PUZ/@@download/ENCFF526PUZ.fastq.gz,,1,H3K27ac,ENCSR534KYQ,1
ENCSR067BGS,https://www.encodeproject.org/files/ENCFF684TZW/@@download/ENCFF684TZW.fastq.gz,,1,H3K27ac,ENCSR534KYQ,1
ENCSR067BGS,https://www.encodeproject.org/files/ENCFF802GUY/@@download/ENCFF802GUY.fastq.gz,,1,H3K27ac,ENCSR534KYQ,1
ENCSR067BGS,https://www.encodeproject.org/files/ENCFF803UNH/@@download/ENCFF803UNH.fastq.gz,,1,H3K27ac,ENCSR534KYQ,1
ENCSR067BGS,https://www.encodeproject.org/files/ENCFF277IEF/@@download/ENCFF277IEF.fastq.gz,,1,H3K27ac,ENCSR534KYQ,1
ENCSR067BGS,https://www.encodeproject.org/files/ENCFF278AFG/@@download/ENCFF278AFG.fastq.gz,,1,H3K27ac,ENCSR534KYQ,1
ENCSR067BGS,https://www.encodeproject.org/files/ENCFF892KWC/@@download/ENCFF892KWC.fastq.gz,,1,H3K27ac,ENCSR534KYQ,1
ENCSR067BGS,https://www.encodeproject.org/files/ENCFF987XFD/@@download/ENCFF987XFD.fastq.gz,,1,H3K27ac,ENCSR534KYQ,1
ENCSR069EGE,https://www.encodeproject.org/files/ENCFF382QHO/@@download/ENCFF382QHO.fastq.gz,,1,H3K27ac,ENCSR651ISB,1
ENCSR069EGE,https://www.encodeproject.org/files/ENCFF706KXN/@@download/ENCFF706KXN.fastq.gz,,1,H3K27ac,ENCSR651ISB,1
ENCSR069EGE,https://www.encodeproject.org/files/ENCFF349JBL/@@download/ENCFF349JBL.fastq.gz,,1,H3K27ac,ENCSR651ISB,1
ENCSR069EGE,https://www.encodeproject.org/files/ENCFF945XBP/@@download/ENCFF945XBP.fastq.gz,,1,H3K27ac,ENCSR651ISB,1
ENCSR069EGE,https://www.encodeproject.org/files/ENCFF033YTT/@@download/ENCFF033YTT.fastq.gz,,2,H3K27ac,ENCSR651ISB,3
ENCSR069EGE,https://www.encodeproject.org/files/ENCFF040XEO/@@download/ENCFF040XEO.fastq.gz,,2,H3K27ac,ENCSR651ISB,3
ENCSR069EGE,https://www.encodeproject.org/files/ENCFF088QFN/@@download/ENCFF088QFN.fastq.gz,,2,H3K27ac,ENCSR651ISB,3
ENCSR069EGE,https://www.encodeproject.org/files/ENCFF173QJF/@@download/ENCFF173QJF.fastq.gz,,2,H3K27ac,ENCSR651ISB,3
ENCSR069EGE,https://www.encodeproject.org/files/ENCFF778KZF/@@download/ENCFF778KZF.fastq.gz,,2,H3K27ac,ENCSR651ISB,3
ENCSR069EGE,https://www.encodeproject.org/files/ENCFF922CDY/@@download/ENCFF922CDY.fastq.gz,,2,H3K27ac,ENCSR651ISB,3
ENCSR069UMW,https://www.encodeproject.org/files/ENCFF121LEM/@@download/ENCFF121LEM.fastq.gz,,1,H3K27ac,ENCSR007WYC,1
ENCSR069UMW,https://www.encodeproject.org/files/ENCFF757QLQ/@@download/ENCFF757QLQ.fastq.gz,,1,H3K27ac,ENCSR007WYC,1
ENCSR074ECR,https://www.encodeproject.org/files/ENCFF812IBZ/@@download/ENCFF812IBZ.fastq.gz,,1,H3K27ac,ENCSR652ULP,1
ENCSR078LIZ,https://www.encodeproject.org/files/ENCFF220JXD/@@download/ENCFF220JXD.fastq.gz,,1,H3K27ac,ENCSR557RJE,1
ENCSR078LIZ,https://www.encodeproject.org/files/ENCFF370LOP/@@download/ENCFF370LOP.fastq.gz,,1,H3K27ac,ENCSR557RJE,1
ENCSR078LIZ,https://www.encodeproject.org/files/ENCFF588COD/@@download/ENCFF588COD.fastq.gz,,1,H3K27ac,ENCSR557RJE,1
ENCSR078LIZ,https://www.encodeproject.org/files/ENCFF784OAW/@@download/ENCFF784OAW.fastq.gz,,1,H3K27ac,ENCSR557RJE,1
ENCSR078LIZ,https://www.encodeproject.org/files/ENCFF200CSJ/@@download/ENCFF200CSJ.fastq.gz,,1,H3K27ac,ENCSR557RJE,1
ENCSR078LIZ,https://www.encodeproject.org/files/ENCFF241RIQ/@@download/ENCFF241RIQ.fastq.gz,,1,H3K27ac,ENCSR557RJE,1
ENCSR078LIZ,https://www.encodeproject.org/files/ENCFF531TAQ/@@download/ENCFF531TAQ.fastq.gz,,1,H3K27ac,ENCSR557RJE,1
ENCSR078LIZ,https://www.encodeproject.org/files/ENCFF714FGW/@@download/ENCFF714FGW.fastq.gz,,1,H3K27ac,ENCSR557RJE,1
ENCSR081OTO,https://www.encodeproject.org/files/ENCFF015QEG/@@download/ENCFF015QEG.fastq.gz,,1,H3K27ac,ENCSR980TBV,1
ENCSR081OTO,https://www.encodeproject.org/files/ENCFF339BRU/@@download/ENCFF339BRU.fastq.gz,,1,H3K27ac,ENCSR980TBV,1
ENCSR081OTO,https://www.encodeproject.org/files/ENCFF510CVF/@@download/ENCFF510CVF.fastq.gz,,1,H3K27ac,ENCSR980TBV,1
ENCSR081OTO,https://www.encodeproject.org/files/ENCFF611PBW/@@download/ENCFF611PBW.fastq.gz,,1,H3K27ac,ENCSR980TBV,1
ENCSR081OTO,https://www.encodeproject.org/files/ENCFF721SAG/@@download/ENCFF721SAG.fastq.gz,,1,H3K27ac,ENCSR980TBV,1
ENCSR081OTO,https://www.encodeproject.org/files/ENCFF928LYO/@@download/ENCFF928LYO.fastq.gz,,1,H3K27ac,ENCSR980TBV,1
ENCSR081OTO,https://www.encodeproject.org/files/ENCFF105IPI/@@download/ENCFF105IPI.fastq.gz,,1,H3K27ac,ENCSR980TBV,1
ENCSR081OTO,https://www.encodeproject.org/files/ENCFF280NUB/@@download/ENCFF280NUB.fastq.gz,,1,H3K27ac,ENCSR980TBV,1
ENCSR082SHT,https://www.encodeproject.org/files/ENCFF859ZAC/@@download/ENCFF859ZAC.fastq.gz,,1,H3K27ac,ENCSR163VJS,1
ENCSR086QZY,https://www.encodeproject.org/files/ENCFF259ULI/@@download/ENCFF259ULI.fastq.gz,,1,H3K27ac,ENCSR234FYG,1
ENCSR086QZY,https://www.encodeproject.org/files/ENCFF970BWS/@@download/ENCFF970BWS.fastq.gz,,1,H3K27ac,ENCSR234FYG,1
ENCSR086QZY,https://www.encodeproject.org/files/ENCFF166ZJN/@@download/ENCFF166ZJN.fastq.gz,,1,H3K27ac,ENCSR234FYG,1
ENCSR086QZY,https://www.encodeproject.org/files/ENCFF674WFL/@@download/ENCFF674WFL.fastq.gz,,1,H3K27ac,ENCSR234FYG,1
ENCSR086XCT,https://www.encodeproject.org/files/ENCFF772AWQ/@@download/ENCFF772AWQ.fastq.gz,,1,H3K27ac,ENCSR563OLJ,1
ENCSR091KXI,https://www.encodeproject.org/files/ENCFF065AFV/@@download/ENCFF065AFV.fastq.gz,,1,H3K27ac,ENCSR152HLZ,1
ENCSR091KXI,https://www.encodeproject.org/files/ENCFF547ASL/@@download/ENCFF547ASL.fastq.gz,,1,H3K27ac,ENCSR152HLZ,1
ENCSR091KXI,https://www.encodeproject.org/files/ENCFF205CMA/@@download/ENCFF205CMA.fastq.gz,,1,H3K27ac,ENCSR152HLZ,1
ENCSR091KXI,https://www.encodeproject.org/files/ENCFF874IQC/@@download/ENCFF874IQC.fastq.gz,,1,H3K27ac,ENCSR152HLZ,1
ENCSR094VJC,https://www.encodeproject.org/files/ENCFF697BQR/@@download/ENCFF697BQR.fastq.gz,,1,H3K27ac,ENCSR754WVA,1
ENCSR095YMD,https://www.encodeproject.org/files/ENCFF512DRA/@@download/ENCFF512DRA.fastq.gz,,1,H3K27ac,ENCSR474WLZ,1
ENCSR095YMD,https://www.encodeproject.org/files/ENCFF907WMK/@@download/ENCFF907WMK.fastq.gz,,1,H3K27ac,ENCSR474WLZ,1
ENCSR102XUM,https://www.encodeproject.org/files/ENCFF943CYX/@@download/ENCFF943CYX.fastq.gz,,1,H3K27ac,ENCSR491TAD,1
ENCSR102XUM,https://www.encodeproject.org/files/ENCFF432NFM/@@download/ENCFF432NFM.fastq.gz,,2,H3K27ac,ENCSR491TAD,2
ENCSR102XUM,https://www.encodeproject.org/files/ENCFF436GPV/@@download/ENCFF436GPV.fastq.gz,,3,H3K27ac,ENCSR491TAD,3
ENCSR105EMQ,https://www.encodeproject.org/files/ENCFF173JTZ/@@download/ENCFF173JTZ.fastq.gz,,1,H3K27ac,ENCSR913DKN,1
ENCSR105EMQ,https://www.encodeproject.org/files/ENCFF882NUN/@@download/ENCFF882NUN.fastq.gz,,1,H3K27ac,ENCSR913DKN,1
ENCSR105VFR,https://www.encodeproject.org/files/ENCFF087DHJ/@@download/ENCFF087DHJ.fastq.gz,,1,H3K27ac,ENCSR979YKY,1
ENCSR105VFR,https://www.encodeproject.org/files/ENCFF283RQY/@@download/ENCFF283RQY.fastq.gz,,1,H3K27ac,ENCSR979YKY,1
ENCSR105VFR,https://www.encodeproject.org/files/ENCFF419AWE/@@download/ENCFF419AWE.fastq.gz,,1,H3K27ac,ENCSR979YKY,1
ENCSR105VFR,https://www.encodeproject.org/files/ENCFF700QKO/@@download/ENCFF700QKO.fastq.gz,,1,H3K27ac,ENCSR979YKY,1
ENCSR105VFR,https://www.encodeproject.org/files/ENCFF171UTE/@@download/ENCFF171UTE.fastq.gz,,1,H3K27ac,ENCSR979YKY,1
ENCSR105VFR,https://www.encodeproject.org/files/ENCFF514BIN/@@download/ENCFF514BIN.fastq.gz,,1,H3K27ac,ENCSR979YKY,1
ENCSR105VFR,https://www.encodeproject.org/files/ENCFF670BGR/@@download/ENCFF670BGR.fastq.gz,,1,H3K27ac,ENCSR979YKY,1
ENCSR105VFR,https://www.encodeproject.org/files/ENCFF826WBN/@@download/ENCFF826WBN.fastq.gz,,1,H3K27ac,ENCSR979YKY,1
ENCSR108NVQ,https://www.encodeproject.org/files/ENCFF068GHS/@@download/ENCFF068GHS.fastq.gz,https://www.encodeproject.org/files/ENCFF764IXG/@@download/ENCFF764IXG.fastq.gz,1,H3K27ac,ENCSR214UPJ,1
ENCSR108NVQ,https://www.encodeproject.org/files/ENCFF187DZU/@@download/ENCFF187DZU.fastq.gz,https://www.encodeproject.org/files/ENCFF867ERT/@@download/ENCFF867ERT.fastq.gz,1,H3K27ac,ENCSR214UPJ,1
ENCSR111QCU,https://www.encodeproject.org/files/ENCFF586SSF/@@download/ENCFF586SSF.fastq.gz,https://www.encodeproject.org/files/ENCFF270VHX/@@download/ENCFF270VHX.fastq.gz,1,H3K27ac,ENCSR000JGO,1
ENCSR111QCU,https://www.encodeproject.org/files/ENCFF955KTA/@@download/ENCFF955KTA.fastq.gz,https://www.encodeproject.org/files/ENCFF811ZNM/@@download/ENCFF811ZNM.fastq.gz,2,H3K27ac,ENCSR000JGO,1
ENCSR116MKX,https://www.encodeproject.org/files/ENCFF106GBQ/@@download/ENCFF106GBQ.fastq.gz,,1,H3K27ac,ENCSR708TMV,1
ENCSR116MKX,https://www.encodeproject.org/files/ENCFF139FBJ/@@download/ENCFF139FBJ.fastq.gz,,1,H3K27ac,ENCSR708TMV,1
ENCSR116MKX,https://www.encodeproject.org/files/ENCFF199HWP/@@download/ENCFF199HWP.fastq.gz,,1,H3K27ac,ENCSR708TMV,1
ENCSR116MKX,https://www.encodeproject.org/files/ENCFF419HTK/@@download/ENCFF419HTK.fastq.gz,,1,H3K27ac,ENCSR708TMV,1
ENCSR116MKX,https://www.encodeproject.org/files/ENCFF058XCC/@@download/ENCFF058XCC.fastq.gz,,1,H3K27ac,ENCSR708TMV,1
ENCSR116MKX,https://www.encodeproject.org/files/ENCFF122IQW/@@download/ENCFF122IQW.fastq.gz,,1,H3K27ac,ENCSR708TMV,1
ENCSR116MKX,https://www.encodeproject.org/files/ENCFF532HIR/@@download/ENCFF532HIR.fastq.gz,,1,H3K27ac,ENCSR708TMV,1
ENCSR116MKX,https://www.encodeproject.org/files/ENCFF830OPW/@@download/ENCFF830OPW.fastq.gz,,1,H3K27ac,ENCSR708TMV,1
ENCSR119XNK,https://www.encodeproject.org/files/ENCFF102QNN/@@download/ENCFF102QNN.fastq.gz,,1,H3K27ac,ENCSR683VJG,1
ENCSR119XNK,https://www.encodeproject.org/files/ENCFF431CEU/@@download/ENCFF431CEU.fastq.gz,,1,H3K27ac,ENCSR683VJG,1
ENCSR119XNK,https://www.encodeproject.org/files/ENCFF647MXM/@@download/ENCFF647MXM.fastq.gz,,1,H3K27ac,ENCSR683VJG,1
ENCSR119XNK,https://www.encodeproject.org/files/ENCFF988BZC/@@download/ENCFF988BZC.fastq.gz,,1,H3K27ac,ENCSR683VJG,1
ENCSR119XNK,https://www.encodeproject.org/files/ENCFF340JDY/@@download/ENCFF340JDY.fastq.gz,,1,H3K27ac,ENCSR683VJG,1
ENCSR119XNK,https://www.encodeproject.org/files/ENCFF374KJP/@@download/ENCFF374KJP.fastq.gz,,1,H3K27ac,ENCSR683VJG,1
ENCSR119XNK,https://www.encodeproject.org/files/ENCFF617LEO/@@download/ENCFF617LEO.fastq.gz,,1,H3K27ac,ENCSR683VJG,1
ENCSR119XNK,https://www.encodeproject.org/files/ENCFF885UGZ/@@download/ENCFF885UGZ.fastq.gz,,1,H3K27ac,ENCSR683VJG,1
ENCSR120WKZ,https://www.encodeproject.org/files/ENCFF061NJX/@@download/ENCFF061NJX.fastq.gz,,1,H3K27ac,ENCSR644CBZ,1
ENCSR120WKZ,https://www.encodeproject.org/files/ENCFF725BZP/@@download/ENCFF725BZP.fastq.gz,,1,H3K27ac,ENCSR644CBZ,1
ENCSR120WKZ,https://www.encodeproject.org/files/ENCFF832IBO/@@download/ENCFF832IBO.fastq.gz,,1,H3K27ac,ENCSR644CBZ,1
ENCSR120WKZ,https://www.encodeproject.org/files/ENCFF248LNM/@@download/ENCFF248LNM.fastq.gz,,2,H3K27ac,ENCSR644CBZ,1
ENCSR120WKZ,https://www.encodeproject.org/files/ENCFF399YYC/@@download/ENCFF399YYC.fastq.gz,,2,H3K27ac,ENCSR644CBZ,1
ENCSR120WKZ,https://www.encodeproject.org/files/ENCFF625IWI/@@download/ENCFF625IWI.fastq.gz,,2,H3K27ac,ENCSR644CBZ,1
ENCSR123HEE,https://www.encodeproject.org/files/ENCFF584WUQ/@@download/ENCFF584WUQ.fastq.gz,,1,H3K27ac,ENCSR126ZPV,1
ENCSR123HEE,https://www.encodeproject.org/files/ENCFF662GYZ/@@download/ENCFF662GYZ.fastq.gz,,1,H3K27ac,ENCSR126ZPV,1
ENCSR124VOE,https://www.encodeproject.org/files/ENCFF002AZH/@@download/ENCFF002AZH.fastq.gz,,1,H3K27ac,ENCSR308JFE,1
ENCSR124VOE,https://www.encodeproject.org/files/ENCFF002AZW/@@download/ENCFF002AZW.fastq.gz,,2,H3K27ac,ENCSR308JFE,2
ENCSR125KVG,https://www.encodeproject.org/files/ENCFF006QBJ/@@download/ENCFF006QBJ.fastq.gz,,1,H3K27ac,ENCSR373OML,1
ENCSR125KVG,https://www.encodeproject.org/files/ENCFF274HHR/@@download/ENCFF274HHR.fastq.gz,,1,H3K27ac,ENCSR373OML,1
ENCSR125KVG,https://www.encodeproject.org/files/ENCFF411QJV/@@download/ENCFF411QJV.fastq.gz,,1,H3K27ac,ENCSR373OML,1
ENCSR125KVG,https://www.encodeproject.org/files/ENCFF564PQU/@@download/ENCFF564PQU.fastq.gz,,1,H3K27ac,ENCSR373OML,1
ENCSR125KVG,https://www.encodeproject.org/files/ENCFF167PHR/@@download/ENCFF167PHR.fastq.gz,,1,H3K27ac,ENCSR373OML,1
ENCSR125KVG,https://www.encodeproject.org/files/ENCFF459DYG/@@download/ENCFF459DYG.fastq.gz,,1,H3K27ac,ENCSR373OML,1
ENCSR125KVG,https://www.encodeproject.org/files/ENCFF683VPW/@@download/ENCFF683VPW.fastq.gz,,1,H3K27ac,ENCSR373OML,1
ENCSR125KVG,https://www.encodeproject.org/files/ENCFF920PWG/@@download/ENCFF920PWG.fastq.gz,,1,H3K27ac,ENCSR373OML,1
ENCSR131DVD,https://www.encodeproject.org/files/ENCFF254LWX/@@download/ENCFF254LWX.fastq.gz,https://www.encodeproject.org/files/ENCFF490XNW/@@download/ENCFF490XNW.fastq.gz,1,H3K27ac,ENCSR771IOP,1
ENCSR131DVD,https://www.encodeproject.org/files/ENCFF641LAG/@@download/ENCFF641LAG.fastq.gz,https://www.encodeproject.org/files/ENCFF737LVW/@@download/ENCFF737LVW.fastq.gz,2,H3K27ac,ENCSR771IOP,1
ENCSR133NBJ,https://www.encodeproject.org/files/ENCFF628GCG/@@download/ENCFF628GCG.fastq.gz,,1,H3K27ac,ENCSR539HNK,1
ENCSR133NBJ,https://www.encodeproject.org/files/ENCFF964NOS/@@download/ENCFF964NOS.fastq.gz,,1,H3K27ac,ENCSR539HNK,1
ENCSR136KIM,https://www.encodeproject.org/files/ENCFF178AXK/@@download/ENCFF178AXK.fastq.gz,,1,H3K27ac,ENCSR105CRB,1
ENCSR136KIM,https://www.encodeproject.org/files/ENCFF523REW/@@download/ENCFF523REW.fastq.gz,,1,H3K27ac,ENCSR105CRB,1
ENCSR136KIM,https://www.encodeproject.org/files/ENCFF567XYD/@@download/ENCFF567XYD.fastq.gz,,1,H3K27ac,ENCSR105CRB,1
ENCSR136KIM,https://www.encodeproject.org/files/ENCFF644FFI/@@download/ENCFF644FFI.fastq.gz,,1,H3K27ac,ENCSR105CRB,1
ENCSR136KIM,https://www.encodeproject.org/files/ENCFF081HED/@@download/ENCFF081HED.fastq.gz,,1,H3K27ac,ENCSR105CRB,1
ENCSR136KIM,https://www.encodeproject.org/files/ENCFF298ORZ/@@download/ENCFF298ORZ.fastq.gz,,1,H3K27ac,ENCSR105CRB,1
ENCSR136KIM,https://www.encodeproject.org/files/ENCFF548EIV/@@download/ENCFF548EIV.fastq.gz,,1,H3K27ac,ENCSR105CRB,1
ENCSR136KIM,https://www.encodeproject.org/files/ENCFF856URD/@@download/ENCFF856URD.fastq.gz,,1,H3K27ac,ENCSR105CRB,1
ENCSR136ZQZ,https://www.encodeproject.org/files/ENCFF264VOW/@@download/ENCFF264VOW.fastq.gz,,1,H3K27ac,ENCSR215WNN,1
ENCSR136ZQZ,https://www.encodeproject.org/files/ENCFF274PXW/@@download/ENCFF274PXW.fastq.gz,,1,H3K27ac,ENCSR215WNN,1
ENCSR136ZQZ,https://www.encodeproject.org/files/ENCFF332BZM/@@download/ENCFF332BZM.fastq.gz,,1,H3K27ac,ENCSR215WNN,1
ENCSR136ZQZ,https://www.encodeproject.org/files/ENCFF390GRW/@@download/ENCFF390GRW.fastq.gz,,1,H3K27ac,ENCSR215WNN,1
ENCSR136ZQZ,https://www.encodeproject.org/files/ENCFF433VCF/@@download/ENCFF433VCF.fastq.gz,,1,H3K27ac,ENCSR215WNN,1
ENCSR136ZQZ,https://www.encodeproject.org/files/ENCFF835AYA/@@download/ENCFF835AYA.fastq.gz,,1,H3K27ac,ENCSR215WNN,1
ENCSR136ZQZ,https://www.encodeproject.org/files/ENCFF641XWI/@@download/ENCFF641XWI.fastq.gz,,1,H3K27ac,ENCSR215WNN,1
ENCSR136ZQZ,https://www.encodeproject.org/files/ENCFF682TKX/@@download/ENCFF682TKX.fastq.gz,,1,H3K27ac,ENCSR215WNN,1
ENCSR137ZID,https://www.encodeproject.org/files/ENCFF350WVU/@@download/ENCFF350WVU.fastq.gz,,1,H3K27ac,ENCSR462ZQL,1
ENCSR137ZID,https://www.encodeproject.org/files/ENCFF579GWY/@@download/ENCFF579GWY.fastq.gz,,1,H3K27ac,ENCSR462ZQL,1
ENCSR137ZID,https://www.encodeproject.org/files/ENCFF940QUQ/@@download/ENCFF940QUQ.fastq.gz,,1,H3K27ac,ENCSR462ZQL,1
ENCSR137ZID,https://www.encodeproject.org/files/ENCFF947LQR/@@download/ENCFF947LQR.fastq.gz,,1,H3K27ac,ENCSR462ZQL,1
ENCSR137ZID,https://www.encodeproject.org/files/ENCFF565EJQ/@@download/ENCFF565EJQ.fastq.gz,,1,H3K27ac,ENCSR462ZQL,1
ENCSR137ZID,https://www.encodeproject.org/files/ENCFF630BRT/@@download/ENCFF630BRT.fastq.gz,,1,H3K27ac,ENCSR462ZQL,1
ENCSR137ZID,https://www.encodeproject.org/files/ENCFF825VFL/@@download/ENCFF825VFL.fastq.gz,,1,H3K27ac,ENCSR462ZQL,1
ENCSR137ZID,https://www.encodeproject.org/files/ENCFF929VLQ/@@download/ENCFF929VLQ.fastq.gz,,1,H3K27ac,ENCSR462ZQL,1
ENCSR138DOM,https://www.encodeproject.org/files/ENCFF034CMO/@@download/ENCFF034CMO.fastq.gz,,1,H3K27ac,ENCSR510OLN,1
ENCSR138DOM,https://www.encodeproject.org/files/ENCFF347NSQ/@@download/ENCFF347NSQ.fastq.gz,,1,H3K27ac,ENCSR510OLN,1
ENCSR138DOM,https://www.encodeproject.org/files/ENCFF935SGY/@@download/ENCFF935SGY.fastq.gz,,1,H3K27ac,ENCSR510OLN,1
ENCSR138DOM,https://www.encodeproject.org/files/ENCFF640NSU/@@download/ENCFF640NSU.fastq.gz,,2,H3K27ac,ENCSR510OLN,2
ENCSR138DOM,https://www.encodeproject.org/files/ENCFF991CZB/@@download/ENCFF991CZB.fastq.gz,,2,H3K27ac,ENCSR510OLN,2
ENCSR138TQF,https://www.encodeproject.org/files/ENCFF685CHS/@@download/ENCFF685CHS.fastq.gz,,1,H3K27ac,ENCSR576VXL,1
ENCSR138TQF,https://www.encodeproject.org/files/ENCFF746TJH/@@download/ENCFF746TJH.fastq.gz,,1,H3K27ac,ENCSR576VXL,1
ENCSR138TQF,https://www.encodeproject.org/files/ENCFF828YFW/@@download/ENCFF828YFW.fastq.gz,,1,H3K27ac,ENCSR576VXL,1
ENCSR138TQF,https://www.encodeproject.org/files/ENCFF900SZT/@@download/ENCFF900SZT.fastq.gz,,1,H3K27ac,ENCSR576VXL,1
ENCSR138TQF,https://www.encodeproject.org/files/ENCFF145VFD/@@download/ENCFF145VFD.fastq.gz,,1,H3K27ac,ENCSR576VXL,1
ENCSR138TQF,https://www.encodeproject.org/files/ENCFF610PHP/@@download/ENCFF610PHP.fastq.gz,,1,H3K27ac,ENCSR576VXL,1
ENCSR138TQF,https://www.encodeproject.org/files/ENCFF802DIP/@@download/ENCFF802DIP.fastq.gz,,1,H3K27ac,ENCSR576VXL,1
ENCSR138TQF,https://www.encodeproject.org/files/ENCFF860ERH/@@download/ENCFF860ERH.fastq.gz,,1,H3K27ac,ENCSR576VXL,1
ENCSR138TQF,https://www.encodeproject.org/files/ENCFF575IFY/@@download/ENCFF575IFY.fastq.gz,,2,H3K27ac,ENCSR576VXL,2
ENCSR138TQF,https://www.encodeproject.org/files/ENCFF575TZW/@@download/ENCFF575TZW.fastq.gz,,2,H3K27ac,ENCSR576VXL,2
ENCSR138TQF,https://www.encodeproject.org/files/ENCFF628HHQ/@@download/ENCFF628HHQ.fastq.gz,,2,H3K27ac,ENCSR576VXL,2
ENCSR138TQF,https://www.encodeproject.org/files/ENCFF638SFL/@@download/ENCFF638SFL.fastq.gz,,2,H3K27ac,ENCSR576VXL,2
ENCSR138TQF,https://www.encodeproject.org/files/ENCFF127PCV/@@download/ENCFF127PCV.fastq.gz,,2,H3K27ac,ENCSR576VXL,2
ENCSR138TQF,https://www.encodeproject.org/files/ENCFF632QVG/@@download/ENCFF632QVG.fastq.gz,,2,H3K27ac,ENCSR576VXL,2
ENCSR138TQF,https://www.encodeproject.org/files/ENCFF887DEN/@@download/ENCFF887DEN.fastq.gz,,2,H3K27ac,ENCSR576VXL,2
ENCSR138TQF,https://www.encodeproject.org/files/ENCFF947WMQ/@@download/ENCFF947WMQ.fastq.gz,,2,H3K27ac,ENCSR576VXL,2
ENCSR143XNJ,https://www.encodeproject.org/files/ENCFF219MND/@@download/ENCFF219MND.fastq.gz,,1,H3K27ac,ENCSR156WTZ,1
ENCSR143XNJ,https://www.encodeproject.org/files/ENCFF293EZM/@@download/ENCFF293EZM.fastq.gz,,1,H3K27ac,ENCSR156WTZ,1
ENCSR143XNJ,https://www.encodeproject.org/files/ENCFF091VXJ/@@download/ENCFF091VXJ.fastq.gz,,1,H3K27ac,ENCSR156WTZ,1
ENCSR143XNJ,https://www.encodeproject.org/files/ENCFF402XQS/@@download/ENCFF402XQS.fastq.gz,,1,H3K27ac,ENCSR156WTZ,1
ENCSR150QXE,https://www.encodeproject.org/files/ENCFF966ALG/@@download/ENCFF966ALG.fastq.gz,,1,H3K27ac,ENCSR961QMI,1
ENCSR152MAZ,https://www.encodeproject.org/files/ENCFF116BHC/@@download/ENCFF116BHC.fastq.gz,,1,H3K27ac,ENCSR564VBC,1
ENCSR152MAZ,https://www.encodeproject.org/files/ENCFF149YID/@@download/ENCFF149YID.fastq.gz,,1,H3K27ac,ENCSR564VBC,1
ENCSR152MAZ,https://www.encodeproject.org/files/ENCFF574UYY/@@download/ENCFF574UYY.fastq.gz,,1,H3K27ac,ENCSR564VBC,1
ENCSR152MAZ,https://www.encodeproject.org/files/ENCFF848RWQ/@@download/ENCFF848RWQ.fastq.gz,,1,H3K27ac,ENCSR564VBC,1
ENCSR152MAZ,https://www.encodeproject.org/files/ENCFF274PSU/@@download/ENCFF274PSU.fastq.gz,,1,H3K27ac,ENCSR564VBC,1
ENCSR152MAZ,https://www.encodeproject.org/files/ENCFF617KJE/@@download/ENCFF617KJE.fastq.gz,,1,H3K27ac,ENCSR564VBC,1
ENCSR152MAZ,https://www.encodeproject.org/files/ENCFF921ZRQ/@@download/ENCFF921ZRQ.fastq.gz,,1,H3K27ac,ENCSR564VBC,1
ENCSR152MAZ,https://www.encodeproject.org/files/ENCFF923FXI/@@download/ENCFF923FXI.fastq.gz,,1,H3K27ac,ENCSR564VBC,1
ENCSR156MYA,https://www.encodeproject.org/files/ENCFF075ZNF/@@download/ENCFF075ZNF.fastq.gz,,1,H3K27ac,ENCSR988CHU,1
ENCSR156MYA,https://www.encodeproject.org/files/ENCFF986YBF/@@download/ENCFF986YBF.fastq.gz,,1,H3K27ac,ENCSR988CHU,1
ENCSR156XNC,https://www.encodeproject.org/files/ENCFF169OOR/@@download/ENCFF169OOR.fastq.gz,,1,H3K27ac,ENCSR625BDY,1
ENCSR156XNC,https://www.encodeproject.org/files/ENCFF938TFR/@@download/ENCFF938TFR.fastq.gz,,1,H3K27ac,ENCSR625BDY,1
ENCSR165CDY,https://www.encodeproject.org/files/ENCFF200QAT/@@download/ENCFF200QAT.fastq.gz,,1,H3K27ac,ENCSR608IVH,1
ENCSR165CDY,https://www.encodeproject.org/files/ENCFF605JMT/@@download/ENCFF605JMT.fastq.gz,,1,H3K27ac,ENCSR608IVH,1
ENCSR165CDY,https://www.encodeproject.org/files/ENCFF707FUH/@@download/ENCFF707FUH.fastq.gz,,1,H3K27ac,ENCSR608IVH,1
ENCSR165CDY,https://www.encodeproject.org/files/ENCFF940KKR/@@download/ENCFF940KKR.fastq.gz,,1,H3K27ac,ENCSR608IVH,1
ENCSR165CDY,https://www.encodeproject.org/files/ENCFF004ZEF/@@download/ENCFF004ZEF.fastq.gz,,1,H3K27ac,ENCSR608IVH,1
ENCSR165CDY,https://www.encodeproject.org/files/ENCFF284DVX/@@download/ENCFF284DVX.fastq.gz,,1,H3K27ac,ENCSR608IVH,1
ENCSR165CDY,https://www.encodeproject.org/files/ENCFF799CXD/@@download/ENCFF799CXD.fastq.gz,,1,H3K27ac,ENCSR608IVH,1
ENCSR165CDY,https://www.encodeproject.org/files/ENCFF979LDB/@@download/ENCFF979LDB.fastq.gz,,1,H3K27ac,ENCSR608IVH,1
ENCSR165CDY,https://www.encodeproject.org/files/ENCFF553AWM/@@download/ENCFF553AWM.fastq.gz,,2,H3K27ac,ENCSR608IVH,2
ENCSR165CDY,https://www.encodeproject.org/files/ENCFF703LTX/@@download/ENCFF703LTX.fastq.gz,,2,H3K27ac,ENCSR608IVH,2
ENCSR165CDY,https://www.encodeproject.org/files/ENCFF855QYV/@@download/ENCFF855QYV.fastq.gz,,2,H3K27ac,ENCSR608IVH,2
ENCSR165CDY,https://www.encodeproject.org/files/ENCFF913WRL/@@download/ENCFF913WRL.fastq.gz,,2,H3K27ac,ENCSR608IVH,2
ENCSR165CDY,https://www.encodeproject.org/files/ENCFF144RFU/@@download/ENCFF144RFU.fastq.gz,,2,H3K27ac,ENCSR608IVH,2
ENCSR165CDY,https://www.encodeproject.org/files/ENCFF343VYA/@@download/ENCFF343VYA.fastq.gz,,2,H3K27ac,ENCSR608IVH,2
ENCSR165CDY,https://www.encodeproject.org/files/ENCFF371DAT/@@download/ENCFF371DAT.fastq.gz,,2,H3K27ac,ENCSR608IVH,2
ENCSR165CDY,https://www.encodeproject.org/files/ENCFF833ARZ/@@download/ENCFF833ARZ.fastq.gz,,2,H3K27ac,ENCSR608IVH,2
ENCSR170MAJ,https://www.encodeproject.org/files/ENCFF063UMS/@@download/ENCFF063UMS.fastq.gz,,1,H3K27ac,ENCSR652ZLE,1
ENCSR174GMQ,https://www.encodeproject.org/files/ENCFF103EJM/@@download/ENCFF103EJM.fastq.gz,,1,H3K27ac,ENCSR481SJM,1
ENCSR174GMQ,https://www.encodeproject.org/files/ENCFF452QPN/@@download/ENCFF452QPN.fastq.gz,,1,H3K27ac,ENCSR481SJM,1
ENCSR174GMQ,https://www.encodeproject.org/files/ENCFF584UTP/@@download/ENCFF584UTP.fastq.gz,,1,H3K27ac,ENCSR481SJM,1
ENCSR174GMQ,https://www.encodeproject.org/files/ENCFF643SEB/@@download/ENCFF643SEB.fastq.gz,,1,H3K27ac,ENCSR481SJM,1
ENCSR174GMQ,https://www.encodeproject.org/files/ENCFF226WBI/@@download/ENCFF226WBI.fastq.gz,,1,H3K27ac,ENCSR481SJM,1
ENCSR174GMQ,https://www.encodeproject.org/files/ENCFF394MLC/@@download/ENCFF394MLC.fastq.gz,,1,H3K27ac,ENCSR481SJM,1
ENCSR174GMQ,https://www.encodeproject.org/files/ENCFF712JST/@@download/ENCFF712JST.fastq.gz,,1,H3K27ac,ENCSR481SJM,1
ENCSR174GMQ,https://www.encodeproject.org/files/ENCFF988TCB/@@download/ENCFF988TCB.fastq.gz,,1,H3K27ac,ENCSR481SJM,1
ENCSR175ABH,https://www.encodeproject.org/files/ENCFF295JIQ/@@download/ENCFF295JIQ.fastq.gz,,1,H3K27ac,ENCSR597PTH,1
ENCSR175ABH,https://www.encodeproject.org/files/ENCFF550GFW/@@download/ENCFF550GFW.fastq.gz,,1,H3K27ac,ENCSR597PTH,1
ENCSR175ABH,https://www.encodeproject.org/files/ENCFF713NIM/@@download/ENCFF713NIM.fastq.gz,,1,H3K27ac,ENCSR597PTH,1
ENCSR175ABH,https://www.encodeproject.org/files/ENCFF972UMH/@@download/ENCFF972UMH.fastq.gz,,1,H3K27ac,ENCSR597PTH,1
ENCSR175ABH,https://www.encodeproject.org/files/ENCFF010RMC/@@download/ENCFF010RMC.fastq.gz,,1,H3K27ac,ENCSR597PTH,1
ENCSR175ABH,https://www.encodeproject.org/files/ENCFF226EGR/@@download/ENCFF226EGR.fastq.gz,,1,H3K27ac,ENCSR597PTH,1
ENCSR175ABH,https://www.encodeproject.org/files/ENCFF261ZFV/@@download/ENCFF261ZFV.fastq.gz,,1,H3K27ac,ENCSR597PTH,1
ENCSR175ABH,https://www.encodeproject.org/files/ENCFF267ZLF/@@download/ENCFF267ZLF.fastq.gz,,1,H3K27ac,ENCSR597PTH,1
ENCSR175ABH,https://www.encodeproject.org/files/ENCFF308TVU/@@download/ENCFF308TVU.fastq.gz,,1,H3K27ac,ENCSR597PTH,1
ENCSR175ABH,https://www.encodeproject.org/files/ENCFF515IUA/@@download/ENCFF515IUA.fastq.gz,,1,H3K27ac,ENCSR597PTH,1
ENCSR175ABH,https://www.encodeproject.org/files/ENCFF666FWV/@@download/ENCFF666FWV.fastq.gz,,1,H3K27ac,ENCSR597PTH,1
ENCSR175ABH,https://www.encodeproject.org/files/ENCFF819RAJ/@@download/ENCFF819RAJ.fastq.gz,,1,H3K27ac,ENCSR597PTH,1
ENCSR175XPY,https://www.encodeproject.org/files/ENCFF482TER/@@download/ENCFF482TER.fastq.gz,,1,H3K27ac,ENCSR247NUF,1
ENCSR175XPY,https://www.encodeproject.org/files/ENCFF729UEP/@@download/ENCFF729UEP.fastq.gz,,1,H3K27ac,ENCSR247NUF,1
ENCSR177QFY,https://www.encodeproject.org/files/ENCFF396LFR/@@download/ENCFF396LFR.fastq.gz,,1,H3K27ac,ENCSR828HXJ,1
ENCSR177QFY,https://www.encodeproject.org/files/ENCFF215HBL/@@download/ENCFF215HBL.fastq.gz,,2,H3K27ac,ENCSR828HXJ,1
ENCSR180YHA,https://www.encodeproject.org/files/ENCFF522VJD/@@download/ENCFF522VJD.fastq.gz,,1,H3K27ac,ENCSR310TYO,1
ENCSR180YHA,https://www.encodeproject.org/files/ENCFF562MBW/@@download/ENCFF562MBW.fastq.gz,,2,H3K27ac,ENCSR310TYO,2
ENCSR180YHA,https://www.encodeproject.org/files/ENCFF428CQY/@@download/ENCFF428CQY.fastq.gz,,3,H3K27ac,ENCSR310TYO,3
ENCSR181OHF,https://www.encodeproject.org/files/ENCFF045IUR/@@download/ENCFF045IUR.fastq.gz,,1,H3K27ac,ENCSR968MKZ,1
ENCSR181OHF,https://www.encodeproject.org/files/ENCFF238GLE/@@download/ENCFF238GLE.fastq.gz,,1,H3K27ac,ENCSR968MKZ,1
ENCSR181OHF,https://www.encodeproject.org/files/ENCFF395OOA/@@download/ENCFF395OOA.fastq.gz,,1,H3K27ac,ENCSR968MKZ,1
ENCSR181OHF,https://www.encodeproject.org/files/ENCFF877QUU/@@download/ENCFF877QUU.fastq.gz,,1,H3K27ac,ENCSR968MKZ,1
ENCSR181OHF,https://www.encodeproject.org/files/ENCFF051FMA/@@download/ENCFF051FMA.fastq.gz,,1,H3K27ac,ENCSR968MKZ,1
ENCSR181OHF,https://www.encodeproject.org/files/ENCFF170MHZ/@@download/ENCFF170MHZ.fastq.gz,,1,H3K27ac,ENCSR968MKZ,1
ENCSR181OHF,https://www.encodeproject.org/files/ENCFF529BXN/@@download/ENCFF529BXN.fastq.gz,,1,H3K27ac,ENCSR968MKZ,1
ENCSR181OHF,https://www.encodeproject.org/files/ENCFF641XOU/@@download/ENCFF641XOU.fastq.gz,,1,H3K27ac,ENCSR968MKZ,1
ENCSR189JIH,https://www.encodeproject.org/files/ENCFF631MUY/@@download/ENCFF631MUY.fastq.gz,,1,H3K27ac,ENCSR859LXC,1
ENCSR189JIH,https://www.encodeproject.org/files/ENCFF941GCO/@@download/ENCFF941GCO.fastq.gz,,1,H3K27ac,ENCSR859LXC,1
ENCSR189JIH,https://www.encodeproject.org/files/ENCFF250ZFX/@@download/ENCFF250ZFX.fastq.gz,,1,H3K27ac,ENCSR859LXC,1
ENCSR189JIH,https://www.encodeproject.org/files/ENCFF534QUU/@@download/ENCFF534QUU.fastq.gz,,1,H3K27ac,ENCSR859LXC,1
ENCSR189QAD,https://www.encodeproject.org/files/ENCFF237XPL/@@download/ENCFF237XPL.fastq.gz,,1,H3K27ac,ENCSR043UWF,1
ENCSR189QAD,https://www.encodeproject.org/files/ENCFF667USM/@@download/ENCFF667USM.fastq.gz,,1,H3K27ac,ENCSR043UWF,1
ENCSR191ZQT,https://www.encodeproject.org/files/ENCFF861JPC/@@download/ENCFF861JPC.fastq.gz,,1,H3K27ac,ENCSR300ZUS,1
ENCSR191ZQT,https://www.encodeproject.org/files/ENCFF995OBQ/@@download/ENCFF995OBQ.fastq.gz,,1,H3K27ac,ENCSR300ZUS,1
ENCSR194KGO,https://www.encodeproject.org/files/ENCFF222STO/@@download/ENCFF222STO.fastq.gz,,1,H3K27ac,ENCSR033XKQ,1
ENCSR194KGO,https://www.encodeproject.org/files/ENCFF498MME/@@download/ENCFF498MME.fastq.gz,,1,H3K27ac,ENCSR033XKQ,1
ENCSR194KGO,https://www.encodeproject.org/files/ENCFF903OCR/@@download/ENCFF903OCR.fastq.gz,,1,H3K27ac,ENCSR033XKQ,1
ENCSR194KGO,https://www.encodeproject.org/files/ENCFF916UCZ/@@download/ENCFF916UCZ.fastq.gz,,1,H3K27ac,ENCSR033XKQ,1
ENCSR195CFR,https://www.encodeproject.org/files/ENCFF049HSG/@@download/ENCFF049HSG.fastq.gz,,1,H3K27ac,ENCSR793ISY,1
ENCSR195CFR,https://www.encodeproject.org/files/ENCFF109RKU/@@download/ENCFF109RKU.fastq.gz,,1,H3K27ac,ENCSR793ISY,1
ENCSR195CFR,https://www.encodeproject.org/files/ENCFF228XNT/@@download/ENCFF228XNT.fastq.gz,,1,H3K27ac,ENCSR793ISY,1
ENCSR195CFR,https://www.encodeproject.org/files/ENCFF769NAE/@@download/ENCFF769NAE.fastq.gz,,1,H3K27ac,ENCSR793ISY,1
ENCSR195CFR,https://www.encodeproject.org/files/ENCFF855BUE/@@download/ENCFF855BUE.fastq.gz,,1,H3K27ac,ENCSR793ISY,1
ENCSR195CFR,https://www.encodeproject.org/files/ENCFF970WZU/@@download/ENCFF970WZU.fastq.gz,,1,H3K27ac,ENCSR793ISY,1
ENCSR195JWZ,https://www.encodeproject.org/files/ENCFF002OYV/@@download/ENCFF002OYV.fastq.gz,,1,H3K27ac,ENCSR728EIP,1
ENCSR195JWZ,https://www.encodeproject.org/files/ENCFF011ZFX/@@download/ENCFF011ZFX.fastq.gz,,1,H3K27ac,ENCSR728EIP,1
ENCSR195JWZ,https://www.encodeproject.org/files/ENCFF076MFG/@@download/ENCFF076MFG.fastq.gz,,1,H3K27ac,ENCSR728EIP,1
ENCSR195JWZ,https://www.encodeproject.org/files/ENCFF797TMM/@@download/ENCFF797TMM.fastq.gz,,1,H3K27ac,ENCSR728EIP,1
ENCSR200ETW,https://www.encodeproject.org/files/ENCFF622OAL/@@download/ENCFF622OAL.fastq.gz,,1,H3K27ac,ENCSR650EVQ,1
ENCSR200ETW,https://www.encodeproject.org/files/ENCFF878IZP/@@download/ENCFF878IZP.fastq.gz,,1,H3K27ac,ENCSR650EVQ,1
ENCSR200ETW,https://www.encodeproject.org/files/ENCFF199QKQ/@@download/ENCFF199QKQ.fastq.gz,,2,H3K27ac,ENCSR650EVQ,1
ENCSR200ETW,https://www.encodeproject.org/files/ENCFF441DST/@@download/ENCFF441DST.fastq.gz,,2,H3K27ac,ENCSR650EVQ,1
ENCSR200JVJ,https://www.encodeproject.org/files/ENCFF531ZQY/@@download/ENCFF531ZQY.fastq.gz,,1,H3K27ac,ENCSR557HEX,1
ENCSR200JVJ,https://www.encodeproject.org/files/ENCFF625WKJ/@@download/ENCFF625WKJ.fastq.gz,,1,H3K27ac,ENCSR557HEX,1
ENCSR200JVJ,https://www.encodeproject.org/files/ENCFF767UQP/@@download/ENCFF767UQP.fastq.gz,,1,H3K27ac,ENCSR557HEX,1
ENCSR200JVJ,https://www.encodeproject.org/files/ENCFF923BFU/@@download/ENCFF923BFU.fastq.gz,,1,H3K27ac,ENCSR557HEX,1
ENCSR200JVJ,https://www.encodeproject.org/files/ENCFF089DAK/@@download/ENCFF089DAK.fastq.gz,,1,H3K27ac,ENCSR557HEX,1
ENCSR200JVJ,https://www.encodeproject.org/files/ENCFF201WFI/@@download/ENCFF201WFI.fastq.gz,,1,H3K27ac,ENCSR557HEX,1
ENCSR200JVJ,https://www.encodeproject.org/files/ENCFF331VFI/@@download/ENCFF331VFI.fastq.gz,,1,H3K27ac,ENCSR557HEX,1
ENCSR200JVJ,https://www.encodeproject.org/files/ENCFF533JVX/@@download/ENCFF533JVX.fastq.gz,,1,H3K27ac,ENCSR557HEX,1
ENCSR203KCB,https://www.encodeproject.org/files/ENCFF209OKJ/@@download/ENCFF209OKJ.fastq.gz,,1,H3K27ac,ENCSR164POT,1
ENCSR203KCB,https://www.encodeproject.org/files/ENCFF214DHU/@@download/ENCFF214DHU.fastq.gz,,1,H3K27ac,ENCSR164POT,1
ENCSR203KCB,https://www.encodeproject.org/files/ENCFF330KKH/@@download/ENCFF330KKH.fastq.gz,,2,H3K27ac,ENCSR164POT,1
ENCSR203KCB,https://www.encodeproject.org/files/ENCFF343NQH/@@download/ENCFF343NQH.fastq.gz,,2,H3K27ac,ENCSR164POT,1
ENCSR203KEU,https://www.encodeproject.org/files/ENCFF950OXW/@@download/ENCFF950OXW.fastq.gz,https://www.encodeproject.org/files/ENCFF054HVM/@@download/ENCFF054HVM.fastq.gz,1,H3K27ac,ENCSR248IFK,1
ENCSR203KEU,https://www.encodeproject.org/files/ENCFF666GAH/@@download/ENCFF666GAH.fastq.gz,https://www.encodeproject.org/files/ENCFF925HTP/@@download/ENCFF925HTP.fastq.gz,2,H3K27ac,ENCSR248IFK,2
ENCSR204OJS,https://www.encodeproject.org/files/ENCFF564PES/@@download/ENCFF564PES.fastq.gz,,1,H3K27ac,ENCSR962EJE,1
ENCSR204OJS,https://www.encodeproject.org/files/ENCFF851QYW/@@download/ENCFF851QYW.fastq.gz,,1,H3K27ac,ENCSR962EJE,1
ENCSR204OJS,https://www.encodeproject.org/files/ENCFF053CBZ/@@download/ENCFF053CBZ.fastq.gz,,1,H3K27ac,ENCSR962EJE,1
ENCSR204OJS,https://www.encodeproject.org/files/ENCFF303NHQ/@@download/ENCFF303NHQ.fastq.gz,,1,H3K27ac,ENCSR962EJE,1
ENCSR204OJS,https://www.encodeproject.org/files/ENCFF394YBR/@@download/ENCFF394YBR.fastq.gz,,1,H3K27ac,ENCSR962EJE,1
ENCSR204OJS,https://www.encodeproject.org/files/ENCFF765XNJ/@@download/ENCFF765XNJ.fastq.gz,,1,H3K27ac,ENCSR962EJE,1
ENCSR204TAU,https://www.encodeproject.org/files/ENCFF083KAU/@@download/ENCFF083KAU.fastq.gz,,1,H3K27ac,ENCSR514EZP,1
ENCSR204TAU,https://www.encodeproject.org/files/ENCFF269WVG/@@download/ENCFF269WVG.fastq.gz,,1,H3K27ac,ENCSR514EZP,1
ENCSR204TAU,https://www.encodeproject.org/files/ENCFF204SXR/@@download/ENCFF204SXR.fastq.gz,,1,H3K27ac,ENCSR514EZP,1
ENCSR204TAU,https://www.encodeproject.org/files/ENCFF246UOV/@@download/ENCFF246UOV.fastq.gz,,1,H3K27ac,ENCSR514EZP,1
ENCSR207ABA,https://www.encodeproject.org/files/ENCFF381DSO/@@download/ENCFF381DSO.fastq.gz,,1,H3K27ac,ENCSR438NOO,1
ENCSR207ABA,https://www.encodeproject.org/files/ENCFF411VHY/@@download/ENCFF411VHY.fastq.gz,,1,H3K27ac,ENCSR438NOO,1
ENCSR207ABA,https://www.encodeproject.org/files/ENCFF551OCL/@@download/ENCFF551OCL.fastq.gz,,1,H3K27ac,ENCSR438NOO,1
ENCSR207ABA,https://www.encodeproject.org/files/ENCFF818IKU/@@download/ENCFF818IKU.fastq.gz,,1,H3K27ac,ENCSR438NOO,1
ENCSR207FYD,https://www.encodeproject.org/files/ENCFF068RXL/@@download/ENCFF068RXL.fastq.gz,,1,H3K27ac,ENCSR891ZHA,1
ENCSR207FYD,https://www.encodeproject.org/files/ENCFF278YTC/@@download/ENCFF278YTC.fastq.gz,,1,H3K27ac,ENCSR891ZHA,1
ENCSR207FYD,https://www.encodeproject.org/files/ENCFF316EAG/@@download/ENCFF316EAG.fastq.gz,,1,H3K27ac,ENCSR891ZHA,1
ENCSR207FYD,https://www.encodeproject.org/files/ENCFF475EST/@@download/ENCFF475EST.fastq.gz,,1,H3K27ac,ENCSR891ZHA,1
ENCSR207FYD,https://www.encodeproject.org/files/ENCFF091MNM/@@download/ENCFF091MNM.fastq.gz,,1,H3K27ac,ENCSR891ZHA,1
ENCSR207FYD,https://www.encodeproject.org/files/ENCFF543APQ/@@download/ENCFF543APQ.fastq.gz,,1,H3K27ac,ENCSR891ZHA,1
ENCSR207FYD,https://www.encodeproject.org/files/ENCFF892CUT/@@download/ENCFF892CUT.fastq.gz,,1,H3K27ac,ENCSR891ZHA,1
ENCSR207FYD,https://www.encodeproject.org/files/ENCFF949DVR/@@download/ENCFF949DVR.fastq.gz,,1,H3K27ac,ENCSR891ZHA,1
ENCSR208QRN,https://www.encodeproject.org/files/ENCFF359AHW/@@download/ENCFF359AHW.fastq.gz,,1,H3K27ac,ENCSR828XQV,1
ENCSR208QRN,https://www.encodeproject.org/files/ENCFF481TGO/@@download/ENCFF481TGO.fastq.gz,,1,H3K27ac,ENCSR828XQV,1
ENCSR208QRN,https://www.encodeproject.org/files/ENCFF252NKY/@@download/ENCFF252NKY.fastq.gz,,1,H3K27ac,ENCSR828XQV,1
ENCSR208QRN,https://www.encodeproject.org/files/ENCFF920PYS/@@download/ENCFF920PYS.fastq.gz,,1,H3K27ac,ENCSR828XQV,1
ENCSR208QRN,https://www.encodeproject.org/files/ENCFF113KFQ/@@download/ENCFF113KFQ.fastq.gz,,2,H3K27ac,ENCSR828XQV,2
ENCSR208QRN,https://www.encodeproject.org/files/ENCFF264CZV/@@download/ENCFF264CZV.fastq.gz,,2,H3K27ac,ENCSR828XQV,2
ENCSR208QRN,https://www.encodeproject.org/files/ENCFF384MQH/@@download/ENCFF384MQH.fastq.gz,,2,H3K27ac,ENCSR828XQV,2
ENCSR208QRN,https://www.encodeproject.org/files/ENCFF605JUU/@@download/ENCFF605JUU.fastq.gz,,2,H3K27ac,ENCSR828XQV,2
ENCSR208QRN,https://www.encodeproject.org/files/ENCFF003LQT/@@download/ENCFF003LQT.fastq.gz,,2,H3K27ac,ENCSR828XQV,2
ENCSR208QRN,https://www.encodeproject.org/files/ENCFF219DYV/@@download/ENCFF219DYV.fastq.gz,,2,H3K27ac,ENCSR828XQV,2
ENCSR208QRN,https://www.encodeproject.org/files/ENCFF270YMP/@@download/ENCFF270YMP.fastq.gz,,2,H3K27ac,ENCSR828XQV,2
ENCSR208QRN,https://www.encodeproject.org/files/ENCFF867PQG/@@download/ENCFF867PQG.fastq.gz,,2,H3K27ac,ENCSR828XQV,2
ENCSR209QGZ,https://www.encodeproject.org/files/ENCFF183MZS/@@download/ENCFF183MZS.fastq.gz,,1,H3K27ac,ENCSR113XPE,1
ENCSR209QGZ,https://www.encodeproject.org/files/ENCFF306ZIT/@@download/ENCFF306ZIT.fastq.gz,,1,H3K27ac,ENCSR113XPE,1
ENCSR210ZPC,https://www.encodeproject.org/files/ENCFF325IYG/@@download/ENCFF325IYG.fastq.gz,,1,H3K27ac,ENCSR729MRJ,1
ENCSR210ZPC,https://www.encodeproject.org/files/ENCFF586FTG/@@download/ENCFF586FTG.fastq.gz,,2,H3K27ac,ENCSR729MRJ,2
ENCSR210ZPC,https://www.encodeproject.org/files/ENCFF489VEC/@@download/ENCFF489VEC.fastq.gz,,2,H3K27ac,ENCSR729MRJ,2
ENCSR213SMK,https://www.encodeproject.org/files/ENCFF690WBN/@@download/ENCFF690WBN.fastq.gz,,1,H3K27ac,ENCSR780UWK,1
ENCSR214UZE,https://www.encodeproject.org/files/ENCFF453HBU/@@download/ENCFF453HBU.fastq.gz,,1,H3K27ac,ENCSR126UEY,1
ENCSR214UZE,https://www.encodeproject.org/files/ENCFF479YCO/@@download/ENCFF479YCO.fastq.gz,,1,H3K27ac,ENCSR126UEY,1
ENCSR217SDT,https://www.encodeproject.org/files/ENCFF931LBD/@@download/ENCFF931LBD.fastq.gz,,1,H3K27ac,ENCSR978XYH,1
ENCSR217SDT,https://www.encodeproject.org/files/ENCFF992IHG/@@download/ENCFF992IHG.fastq.gz,,1,H3K27ac,ENCSR978XYH,1
ENCSR217SDT,https://www.encodeproject.org/files/ENCFF539BEL/@@download/ENCFF539BEL.fastq.gz,,2,H3K27ac,ENCSR978XYH,2
ENCSR220TRW,https://www.encodeproject.org/files/ENCFF154RRD/@@download/ENCFF154RRD.fastq.gz,,1,H3K27ac,ENCSR151NEZ,1
ENCSR220TRW,https://www.encodeproject.org/files/ENCFF233UZW/@@download/ENCFF233UZW.fastq.gz,,1,H3K27ac,ENCSR151NEZ,1
ENCSR220TRW,https://www.encodeproject.org/files/ENCFF292NDG/@@download/ENCFF292NDG.fastq.gz,,1,H3K27ac,ENCSR151NEZ,1
ENCSR220TRW,https://www.encodeproject.org/files/ENCFF895JXP/@@download/ENCFF895JXP.fastq.gz,,1,H3K27ac,ENCSR151NEZ,1
ENCSR220TRW,https://www.encodeproject.org/files/ENCFF157URJ/@@download/ENCFF157URJ.fastq.gz,,1,H3K27ac,ENCSR151NEZ,1
ENCSR220TRW,https://www.encodeproject.org/files/ENCFF385UWB/@@download/ENCFF385UWB.fastq.gz,,1,H3K27ac,ENCSR151NEZ,1
ENCSR220TRW,https://www.encodeproject.org/files/ENCFF472WFX/@@download/ENCFF472WFX.fastq.gz,,1,H3K27ac,ENCSR151NEZ,1
ENCSR220TRW,https://www.encodeproject.org/files/ENCFF913MHQ/@@download/ENCFF913MHQ.fastq.gz,,1,H3K27ac,ENCSR151NEZ,1
ENCSR222QLW,https://www.encodeproject.org/files/ENCFF011CJP/@@download/ENCFF011CJP.fastq.gz,,1,H3K27ac,ENCSR930RIA,1
ENCSR222QLW,https://www.encodeproject.org/files/ENCFF602PKX/@@download/ENCFF602PKX.fastq.gz,,1,H3K27ac,ENCSR930RIA,1
ENCSR223UPC,https://www.encodeproject.org/files/ENCFF346UUJ/@@download/ENCFF346UUJ.fastq.gz,,1,H3K27ac,ENCSR849NEM,1
ENCSR223UPC,https://www.encodeproject.org/files/ENCFF392URZ/@@download/ENCFF392URZ.fastq.gz,,1,H3K27ac,ENCSR849NEM,1
ENCSR227FYJ,https://www.encodeproject.org/files/ENCFF355TVQ/@@download/ENCFF355TVQ.fastq.gz,https://www.encodeproject.org/files/ENCFF810OGJ/@@download/ENCFF810OGJ.fastq.gz,1,H3K27ac,ENCSR425NYG,1
ENCSR227FYJ,https://www.encodeproject.org/files/ENCFF744YHC/@@download/ENCFF744YHC.fastq.gz,https://www.encodeproject.org/files/ENCFF996CII/@@download/ENCFF996CII.fastq.gz,1,H3K27ac,ENCSR425NYG,1
ENCSR227FYJ,https://www.encodeproject.org/files/ENCFF164WKW/@@download/ENCFF164WKW.fastq.gz,https://www.encodeproject.org/files/ENCFF231CFW/@@download/ENCFF231CFW.fastq.gz,1,H3K27ac,ENCSR425NYG,1
ENCSR227FYJ,https://www.encodeproject.org/files/ENCFF230ABY/@@download/ENCFF230ABY.fastq.gz,https://www.encodeproject.org/files/ENCFF429UJU/@@download/ENCFF429UJU.fastq.gz,1,H3K27ac,ENCSR425NYG,1
ENCSR230BWN,https://www.encodeproject.org/files/ENCFF149MYO/@@download/ENCFF149MYO.fastq.gz,,1,H3K27ac,ENCSR857YQI,1
ENCSR230BWN,https://www.encodeproject.org/files/ENCFF566GWM/@@download/ENCFF566GWM.fastq.gz,,1,H3K27ac,ENCSR857YQI,1
ENCSR230IMS,https://www.encodeproject.org/files/ENCFF158CGU/@@download/ENCFF158CGU.fastq.gz,,1,H3K27ac,ENCSR687HYO,1
ENCSR230IMS,https://www.encodeproject.org/files/ENCFF958FAY/@@download/ENCFF958FAY.fastq.gz,,1,H3K27ac,ENCSR687HYO,1
ENCSR233RWF,https://www.encodeproject.org/files/ENCFF141FSW/@@download/ENCFF141FSW.fastq.gz,,1,H3K27ac,ENCSR096QCF,1
ENCSR233RWF,https://www.encodeproject.org/files/ENCFF292TQV/@@download/ENCFF292TQV.fastq.gz,,1,H3K27ac,ENCSR096QCF,1
ENCSR233RWF,https://www.encodeproject.org/files/ENCFF367ROL/@@download/ENCFF367ROL.fastq.gz,,1,H3K27ac,ENCSR096QCF,1
ENCSR233RWF,https://www.encodeproject.org/files/ENCFF563VDT/@@download/ENCFF563VDT.fastq.gz,,1,H3K27ac,ENCSR096QCF,1
ENCSR233RWF,https://www.encodeproject.org/files/ENCFF075CGR/@@download/ENCFF075CGR.fastq.gz,,1,H3K27ac,ENCSR096QCF,1
ENCSR233RWF,https://www.encodeproject.org/files/ENCFF190OGW/@@download/ENCFF190OGW.fastq.gz,,1,H3K27ac,ENCSR096QCF,1
ENCSR233RWF,https://www.encodeproject.org/files/ENCFF292PKW/@@download/ENCFF292PKW.fastq.gz,,1,H3K27ac,ENCSR096QCF,1
ENCSR233RWF,https://www.encodeproject.org/files/ENCFF378LRP/@@download/ENCFF378LRP.fastq.gz,,1,H3K27ac,ENCSR096QCF,1
ENCSR235KRX,https://www.encodeproject.org/files/ENCFF433UXG/@@download/ENCFF433UXG.fastq.gz,,1,H3K27ac,ENCSR071DPR,1
ENCSR235KRX,https://www.encodeproject.org/files/ENCFF987CDC/@@download/ENCFF987CDC.fastq.gz,,1,H3K27ac,ENCSR071DPR,1
ENCSR235ZBF,https://www.encodeproject.org/files/ENCFF024MIO/@@download/ENCFF024MIO.fastq.gz,,1,H3K27ac,ENCSR239LAP,1
ENCSR240GDT,https://www.encodeproject.org/files/ENCFF378BAT/@@download/ENCFF378BAT.fastq.gz,,1,H3K27ac,ENCSR519UXW,1
ENCSR240GDT,https://www.encodeproject.org/files/ENCFF486TDW/@@download/ENCFF486TDW.fastq.gz,,1,H3K27ac,ENCSR519UXW,1
ENCSR240GDT,https://www.encodeproject.org/files/ENCFF815TAA/@@download/ENCFF815TAA.fastq.gz,,1,H3K27ac,ENCSR519UXW,1
ENCSR240GDT,https://www.encodeproject.org/files/ENCFF819DQL/@@download/ENCFF819DQL.fastq.gz,,1,H3K27ac,ENCSR519UXW,1
ENCSR240GDT,https://www.encodeproject.org/files/ENCFF232VJF/@@download/ENCFF232VJF.fastq.gz,,1,H3K27ac,ENCSR519UXW,1
ENCSR240GDT,https://www.encodeproject.org/files/ENCFF254DQS/@@download/ENCFF254DQS.fastq.gz,,1,H3K27ac,ENCSR519UXW,1
ENCSR240GDT,https://www.encodeproject.org/files/ENCFF271YDM/@@download/ENCFF271YDM.fastq.gz,,1,H3K27ac,ENCSR519UXW,1
ENCSR240GDT,https://www.encodeproject.org/files/ENCFF982EKL/@@download/ENCFF982EKL.fastq.gz,,1,H3K27ac,ENCSR519UXW,1
ENCSR242AHB,https://www.encodeproject.org/files/ENCFF455VEQ/@@download/ENCFF455VEQ.fastq.gz,,1,H3K27ac,ENCSR149EOW,1
ENCSR242AHB,https://www.encodeproject.org/files/ENCFF837DGA/@@download/ENCFF837DGA.fastq.gz,,1,H3K27ac,ENCSR149EOW,1
ENCSR242TBH,https://www.encodeproject.org/files/ENCFF420VHJ/@@download/ENCFF420VHJ.fastq.gz,,1,H3K27ac,ENCSR548SPY,1
ENCSR242TBH,https://www.encodeproject.org/files/ENCFF262JTH/@@download/ENCFF262JTH.fastq.gz,,2,H3K27ac,ENCSR548SPY,2
ENCSR242TBH,https://www.encodeproject.org/files/ENCFF611SVJ/@@download/ENCFF611SVJ.fastq.gz,,3,H3K27ac,ENCSR548SPY,3
ENCSR245GEV,https://www.encodeproject.org/files/ENCFF302FUB/@@download/ENCFF302FUB.fastq.gz,,1,H3K27ac,ENCSR130HAG,1
ENCSR245GEV,https://www.encodeproject.org/files/ENCFF508KZK/@@download/ENCFF508KZK.fastq.gz,,1,H3K27ac,ENCSR130HAG,1
ENCSR245GEV,https://www.encodeproject.org/files/ENCFF840MCF/@@download/ENCFF840MCF.fastq.gz,,1,H3K27ac,ENCSR130HAG,1
ENCSR245GEV,https://www.encodeproject.org/files/ENCFF991KIP/@@download/ENCFF991KIP.fastq.gz,,1,H3K27ac,ENCSR130HAG,1
ENCSR245GEV,https://www.encodeproject.org/files/ENCFF117WRK/@@download/ENCFF117WRK.fastq.gz,,1,H3K27ac,ENCSR130HAG,1
ENCSR245GEV,https://www.encodeproject.org/files/ENCFF125FPX/@@download/ENCFF125FPX.fastq.gz,,1,H3K27ac,ENCSR130HAG,1
ENCSR245GEV,https://www.encodeproject.org/files/ENCFF475RTC/@@download/ENCFF475RTC.fastq.gz,,1,H3K27ac,ENCSR130HAG,1
ENCSR245GEV,https://www.encodeproject.org/files/ENCFF694XKV/@@download/ENCFF694XKV.fastq.gz,,1,H3K27ac,ENCSR130HAG,1
ENCSR249IKQ,https://www.encodeproject.org/files/ENCFF199HWV/@@download/ENCFF199HWV.fastq.gz,,1,H3K27ac,ENCSR773UBR,1
ENCSR249IKQ,https://www.encodeproject.org/files/ENCFF932HFC/@@download/ENCFF932HFC.fastq.gz,,1,H3K27ac,ENCSR773UBR,1
ENCSR249IKQ,https://www.encodeproject.org/files/ENCFF015FDL/@@download/ENCFF015FDL.fastq.gz,,1,H3K27ac,ENCSR773UBR,1
ENCSR249IKQ,https://www.encodeproject.org/files/ENCFF305CFK/@@download/ENCFF305CFK.fastq.gz,,1,H3K27ac,ENCSR773UBR,1
ENCSR249INE,https://www.encodeproject.org/files/ENCFF072KDT/@@download/ENCFF072KDT.fastq.gz,,1,H3K27ac,ENCSR979XBX,1
ENCSR249INE,https://www.encodeproject.org/files/ENCFF654XGY/@@download/ENCFF654XGY.fastq.gz,,1,H3K27ac,ENCSR979XBX,1
ENCSR249INE,https://www.encodeproject.org/files/ENCFF059KCC/@@download/ENCFF059KCC.fastq.gz,,2,H3K27ac,ENCSR979XBX,2
ENCSR249INE,https://www.encodeproject.org/files/ENCFF064KXF/@@download/ENCFF064KXF.fastq.gz,,2,H3K27ac,ENCSR979XBX,2
ENCSR249INE,https://www.encodeproject.org/files/ENCFF194MVI/@@download/ENCFF194MVI.fastq.gz,,2,H3K27ac,ENCSR979XBX,2
ENCSR249INE,https://www.encodeproject.org/files/ENCFF762RRI/@@download/ENCFF762RRI.fastq.gz,,2,H3K27ac,ENCSR979XBX,2
ENCSR250EHC,https://www.encodeproject.org/files/ENCFF579OTF/@@download/ENCFF579OTF.fastq.gz,,1,H3K27ac,ENCSR274VPI,1
ENCSR250EHC,https://www.encodeproject.org/files/ENCFF859DPQ/@@download/ENCFF859DPQ.fastq.gz,,2,H3K27ac,ENCSR274VPI,2
ENCSR250NHD,https://www.encodeproject.org/files/ENCFF590MND/@@download/ENCFF590MND.fastq.gz,,1,H3K27ac,ENCSR139WMA,1
ENCSR251PPB,https://www.encodeproject.org/files/ENCFF583BHP/@@download/ENCFF583BHP.fastq.gz,,1,H3K27ac,ENCSR153LYY,1
ENCSR251PPB,https://www.encodeproject.org/files/ENCFF763UYX/@@download/ENCFF763UYX.fastq.gz,,1,H3K27ac,ENCSR153LYY,1
ENCSR251PPB,https://www.encodeproject.org/files/ENCFF867SEH/@@download/ENCFF867SEH.fastq.gz,,1,H3K27ac,ENCSR153LYY,1
ENCSR251PPB,https://www.encodeproject.org/files/ENCFF900MHT/@@download/ENCFF900MHT.fastq.gz,,1,H3K27ac,ENCSR153LYY,1
ENCSR251PPB,https://www.encodeproject.org/files/ENCFF035PLN/@@download/ENCFF035PLN.fastq.gz,,1,H3K27ac,ENCSR153LYY,1
ENCSR251PPB,https://www.encodeproject.org/files/ENCFF227IIY/@@download/ENCFF227IIY.fastq.gz,,1,H3K27ac,ENCSR153LYY,1
ENCSR251PPB,https://www.encodeproject.org/files/ENCFF278QFD/@@download/ENCFF278QFD.fastq.gz,,1,H3K27ac,ENCSR153LYY,1
ENCSR251PPB,https://www.encodeproject.org/files/ENCFF743CXP/@@download/ENCFF743CXP.fastq.gz,,1,H3K27ac,ENCSR153LYY,1
ENCSR262JRZ,https://www.encodeproject.org/files/ENCFF013WJK/@@download/ENCFF013WJK.fastq.gz,,1,H3K27ac,ENCSR103IXF,1
ENCSR262JRZ,https://www.encodeproject.org/files/ENCFF204FKA/@@download/ENCFF204FKA.fastq.gz,,1,H3K27ac,ENCSR103IXF,1
ENCSR262JRZ,https://www.encodeproject.org/files/ENCFF291ZIM/@@download/ENCFF291ZIM.fastq.gz,,1,H3K27ac,ENCSR103IXF,1
ENCSR262JRZ,https://www.encodeproject.org/files/ENCFF471CTY/@@download/ENCFF471CTY.fastq.gz,,1,H3K27ac,ENCSR103IXF,1
ENCSR262JRZ,https://www.encodeproject.org/files/ENCFF559SPP/@@download/ENCFF559SPP.fastq.gz,,1,H3K27ac,ENCSR103IXF,1
ENCSR262JRZ,https://www.encodeproject.org/files/ENCFF635JPY/@@download/ENCFF635JPY.fastq.gz,,1,H3K27ac,ENCSR103IXF,1
ENCSR262JRZ,https://www.encodeproject.org/files/ENCFF711IDT/@@download/ENCFF711IDT.fastq.gz,,1,H3K27ac,ENCSR103IXF,1
ENCSR262JRZ,https://www.encodeproject.org/files/ENCFF837QQZ/@@download/ENCFF837QQZ.fastq.gz,,1,H3K27ac,ENCSR103IXF,1
ENCSR262JRZ,https://www.encodeproject.org/files/ENCFF026FVE/@@download/ENCFF026FVE.fastq.gz,,1,H3K27ac,ENCSR103IXF,1
ENCSR262JRZ,https://www.encodeproject.org/files/ENCFF229OMC/@@download/ENCFF229OMC.fastq.gz,,1,H3K27ac,ENCSR103IXF,1
ENCSR262JRZ,https://www.encodeproject.org/files/ENCFF243NRG/@@download/ENCFF243NRG.fastq.gz,,1,H3K27ac,ENCSR103IXF,1
ENCSR262JRZ,https://www.encodeproject.org/files/ENCFF259ISK/@@download/ENCFF259ISK.fastq.gz,,1,H3K27ac,ENCSR103IXF,1
ENCSR262JRZ,https://www.encodeproject.org/files/ENCFF286YPC/@@download/ENCFF286YPC.fastq.gz,,1,H3K27ac,ENCSR103IXF,1
ENCSR262JRZ,https://www.encodeproject.org/files/ENCFF364EAR/@@download/ENCFF364EAR.fastq.gz,,1,H3K27ac,ENCSR103IXF,1
ENCSR262JRZ,https://www.encodeproject.org/files/ENCFF392EUT/@@download/ENCFF392EUT.fastq.gz,,1,H3K27ac,ENCSR103IXF,1
ENCSR262JRZ,https://www.encodeproject.org/files/ENCFF585EAK/@@download/ENCFF585EAK.fastq.gz,,1,H3K27ac,ENCSR103IXF,1
ENCSR262JRZ,https://www.encodeproject.org/files/ENCFF022ECX/@@download/ENCFF022ECX.fastq.gz,,2,H3K27ac,ENCSR103IXF,2
ENCSR262JRZ,https://www.encodeproject.org/files/ENCFF127ZSC/@@download/ENCFF127ZSC.fastq.gz,,2,H3K27ac,ENCSR103IXF,2
ENCSR262JRZ,https://www.encodeproject.org/files/ENCFF532JIV/@@download/ENCFF532JIV.fastq.gz,,2,H3K27ac,ENCSR103IXF,2
ENCSR262JRZ,https://www.encodeproject.org/files/ENCFF737SEH/@@download/ENCFF737SEH.fastq.gz,,2,H3K27ac,ENCSR103IXF,2
ENCSR262JRZ,https://www.encodeproject.org/files/ENCFF052VZJ/@@download/ENCFF052VZJ.fastq.gz,,2,H3K27ac,ENCSR103IXF,2
ENCSR262JRZ,https://www.encodeproject.org/files/ENCFF084DPM/@@download/ENCFF084DPM.fastq.gz,,2,H3K27ac,ENCSR103IXF,2
ENCSR262JRZ,https://www.encodeproject.org/files/ENCFF149FND/@@download/ENCFF149FND.fastq.gz,,2,H3K27ac,ENCSR103IXF,2
ENCSR262JRZ,https://www.encodeproject.org/files/ENCFF954XVK/@@download/ENCFF954XVK.fastq.gz,,2,H3K27ac,ENCSR103IXF,2
ENCSR267YXV,https://www.encodeproject.org/files/ENCFF135DHL/@@download/ENCFF135DHL.fastq.gz,,1,H3K27ac,ENCSR557RDB,1
ENCSR267YXV,https://www.encodeproject.org/files/ENCFF355TKV/@@download/ENCFF355TKV.fastq.gz,,1,H3K27ac,ENCSR557RDB,1
ENCSR267YXV,https://www.encodeproject.org/files/ENCFF177OIN/@@download/ENCFF177OIN.fastq.gz,,1,H3K27ac,ENCSR557RDB,1
ENCSR267YXV,https://www.encodeproject.org/files/ENCFF554IFD/@@download/ENCFF554IFD.fastq.gz,,1,H3K27ac,ENCSR557RDB,1
ENCSR267YXV,https://www.encodeproject.org/files/ENCFF626POI/@@download/ENCFF626POI.fastq.gz,,1,H3K27ac,ENCSR557RDB,1
ENCSR267YXV,https://www.encodeproject.org/files/ENCFF874HQL/@@download/ENCFF874HQL.fastq.gz,,1,H3K27ac,ENCSR557RDB,1
ENCSR267YXV,https://www.encodeproject.org/files/ENCFF755GNZ/@@download/ENCFF755GNZ.fastq.gz,,2,H3K27ac,ENCSR557RDB,2
ENCSR267YXV,https://www.encodeproject.org/files/ENCFF796DRE/@@download/ENCFF796DRE.fastq.gz,,2,H3K27ac,ENCSR557RDB,2
ENCSR268JQE,https://www.encodeproject.org/files/ENCFF503FJZ/@@download/ENCFF503FJZ.fastq.gz,,1,H3K27ac,ENCSR818VNL,1
ENCSR268ZCF,https://www.encodeproject.org/files/ENCFF178GRO/@@download/ENCFF178GRO.fastq.gz,,1,H3K27ac,ENCSR844YME,1
ENCSR268ZCF,https://www.encodeproject.org/files/ENCFF847AST/@@download/ENCFF847AST.fastq.gz,,1,H3K27ac,ENCSR844YME,1
ENCSR278JAH,https://www.encodeproject.org/files/ENCFF140JWV/@@download/ENCFF140JWV.fastq.gz,,1,H3K27ac,ENCSR968XKG,1
ENCSR278JAH,https://www.encodeproject.org/files/ENCFF402YNC/@@download/ENCFF402YNC.fastq.gz,,1,H3K27ac,ENCSR968XKG,1
ENCSR278JAH,https://www.encodeproject.org/files/ENCFF537IMS/@@download/ENCFF537IMS.fastq.gz,,1,H3K27ac,ENCSR968XKG,1
ENCSR278JAH,https://www.encodeproject.org/files/ENCFF690CEV/@@download/ENCFF690CEV.fastq.gz,,1,H3K27ac,ENCSR968XKG,1
ENCSR278JAH,https://www.encodeproject.org/files/ENCFF274FYS/@@download/ENCFF274FYS.fastq.gz,,1,H3K27ac,ENCSR968XKG,1
ENCSR278JAH,https://www.encodeproject.org/files/ENCFF401PWG/@@download/ENCFF401PWG.fastq.gz,,1,H3K27ac,ENCSR968XKG,1
ENCSR278JAH,https://www.encodeproject.org/files/ENCFF454YFC/@@download/ENCFF454YFC.fastq.gz,,1,H3K27ac,ENCSR968XKG,1
ENCSR278JAH,https://www.encodeproject.org/files/ENCFF515BUA/@@download/ENCFF515BUA.fastq.gz,,1,H3K27ac,ENCSR968XKG,1
ENCSR278JAH,https://www.encodeproject.org/files/ENCFF013NSC/@@download/ENCFF013NSC.fastq.gz,,2,H3K27ac,ENCSR968XKG,2
ENCSR278JAH,https://www.encodeproject.org/files/ENCFF279FGL/@@download/ENCFF279FGL.fastq.gz,,2,H3K27ac,ENCSR968XKG,2
ENCSR278JAH,https://www.encodeproject.org/files/ENCFF422SBP/@@download/ENCFF422SBP.fastq.gz,,2,H3K27ac,ENCSR968XKG,2
ENCSR278JAH,https://www.encodeproject.org/files/ENCFF824HEP/@@download/ENCFF824HEP.fastq.gz,,2,H3K27ac,ENCSR968XKG,2
ENCSR278JAH,https://www.encodeproject.org/files/ENCFF181MLK/@@download/ENCFF181MLK.fastq.gz,,2,H3K27ac,ENCSR968XKG,2
ENCSR278JAH,https://www.encodeproject.org/files/ENCFF430VPH/@@download/ENCFF430VPH.fastq.gz,,2,H3K27ac,ENCSR968XKG,2
ENCSR278JAH,https://www.encodeproject.org/files/ENCFF453SYY/@@download/ENCFF453SYY.fastq.gz,,2,H3K27ac,ENCSR968XKG,2
ENCSR278JAH,https://www.encodeproject.org/files/ENCFF603QCK/@@download/ENCFF603QCK.fastq.gz,,2,H3K27ac,ENCSR968XKG,2
ENCSR279KIX,https://www.encodeproject.org/files/ENCFF226MBW/@@download/ENCFF226MBW.fastq.gz,https://www.encodeproject.org/files/ENCFF098LPP/@@download/ENCFF098LPP.fastq.gz,1,H3K27ac,ENCSR585FQO,1
ENCSR279KIX,https://www.encodeproject.org/files/ENCFF306IVP/@@download/ENCFF306IVP.fastq.gz,https://www.encodeproject.org/files/ENCFF962GKC/@@download/ENCFF962GKC.fastq.gz,2,H3K27ac,ENCSR585FQO,2
ENCSR285NFQ,https://www.encodeproject.org/files/ENCFF403CAU/@@download/ENCFF403CAU.fastq.gz,,1,H3K27ac,ENCSR845IKY,1
ENCSR285NFQ,https://www.encodeproject.org/files/ENCFF728NUR/@@download/ENCFF728NUR.fastq.gz,,2,H3K27ac,ENCSR845IKY,2
ENCSR299EQJ,https://www.encodeproject.org/files/ENCFF372MKE/@@download/ENCFF372MKE.fastq.gz,,1,H3K27ac,ENCSR617ONQ,1
ENCSR299EQJ,https://www.encodeproject.org/files/ENCFF491ONR/@@download/ENCFF491ONR.fastq.gz,,1,H3K27ac,ENCSR617ONQ,1
ENCSR299EQJ,https://www.encodeproject.org/files/ENCFF756RBU/@@download/ENCFF756RBU.fastq.gz,,1,H3K27ac,ENCSR617ONQ,1
ENCSR299EQJ,https://www.encodeproject.org/files/ENCFF880DRF/@@download/ENCFF880DRF.fastq.gz,,1,H3K27ac,ENCSR617ONQ,1
ENCSR299EQJ,https://www.encodeproject.org/files/ENCFF303KED/@@download/ENCFF303KED.fastq.gz,,1,H3K27ac,ENCSR617ONQ,1
ENCSR299EQJ,https://www.encodeproject.org/files/ENCFF576ARB/@@download/ENCFF576ARB.fastq.gz,,1,H3K27ac,ENCSR617ONQ,1
ENCSR299EQJ,https://www.encodeproject.org/files/ENCFF608BVO/@@download/ENCFF608BVO.fastq.gz,,1,H3K27ac,ENCSR617ONQ,1
ENCSR299EQJ,https://www.encodeproject.org/files/ENCFF846JYK/@@download/ENCFF846JYK.fastq.gz,,1,H3K27ac,ENCSR617ONQ,1
ENCSR303IKJ,https://www.encodeproject.org/files/ENCFF799IYC/@@download/ENCFF799IYC.fastq.gz,,1,H3K27ac,ENCSR687ZYY,1
ENCSR305ISQ,https://www.encodeproject.org/files/ENCFF305IAS/@@download/ENCFF305IAS.fastq.gz,,1,H3K27ac,ENCSR316UPM,1
ENCSR305ISQ,https://www.encodeproject.org/files/ENCFF477LEH/@@download/ENCFF477LEH.fastq.gz,,1,H3K27ac,ENCSR316UPM,1
ENCSR307DQT,https://www.encodeproject.org/files/ENCFF002AYA/@@download/ENCFF002AYA.fastq.gz,,1,H3K27ac,ENCSR179YLS,1
ENCSR307DQT,https://www.encodeproject.org/files/ENCFF575WVR/@@download/ENCFF575WVR.fastq.gz,,1,H3K27ac,ENCSR179YLS,1
ENCSR307DQT,https://www.encodeproject.org/files/ENCFF631IKT/@@download/ENCFF631IKT.fastq.gz,,1,H3K27ac,ENCSR179YLS,1
ENCSR307DQT,https://www.encodeproject.org/files/ENCFF893WQJ/@@download/ENCFF893WQJ.fastq.gz,,2,H3K27ac,ENCSR179YLS,1
ENCSR312HLG,https://www.encodeproject.org/files/ENCFF746HTE/@@download/ENCFF746HTE.fastq.gz,https://www.encodeproject.org/files/ENCFF959OQJ/@@download/ENCFF959OQJ.fastq.gz,1,H3K27ac,ENCSR175HRD,1
ENCSR312HLG,https://www.encodeproject.org/files/ENCFF530VQZ/@@download/ENCFF530VQZ.fastq.gz,https://www.encodeproject.org/files/ENCFF197EZL/@@download/ENCFF197EZL.fastq.gz,2,H3K27ac,ENCSR175HRD,1
ENCSR313CEH,https://www.encodeproject.org/files/ENCFF191CMV/@@download/ENCFF191CMV.fastq.gz,,1,H3K27ac,ENCSR846VGG,1
ENCSR313CEH,https://www.encodeproject.org/files/ENCFF276BLT/@@download/ENCFF276BLT.fastq.gz,,1,H3K27ac,ENCSR846VGG,1
ENCSR313CEH,https://www.encodeproject.org/files/ENCFF285FKI/@@download/ENCFF285FKI.fastq.gz,,1,H3K27ac,ENCSR846VGG,1
ENCSR313CEH,https://www.encodeproject.org/files/ENCFF741MZD/@@download/ENCFF741MZD.fastq.gz,,1,H3K27ac,ENCSR846VGG,1
ENCSR313CEH,https://www.encodeproject.org/files/ENCFF028RZT/@@download/ENCFF028RZT.fastq.gz,,1,H3K27ac,ENCSR846VGG,1
ENCSR313CEH,https://www.encodeproject.org/files/ENCFF671QCO/@@download/ENCFF671QCO.fastq.gz,,1,H3K27ac,ENCSR846VGG,1
ENCSR313CEH,https://www.encodeproject.org/files/ENCFF863HVT/@@download/ENCFF863HVT.fastq.gz,,1,H3K27ac,ENCSR846VGG,1
ENCSR313CEH,https://www.encodeproject.org/files/ENCFF943LWN/@@download/ENCFF943LWN.fastq.gz,,1,H3K27ac,ENCSR846VGG,1
ENCSR314BEX,https://www.encodeproject.org/files/ENCFF458LFW/@@download/ENCFF458LFW.fastq.gz,,1,H3K27ac,ENCSR595SMV,1
ENCSR314BEX,https://www.encodeproject.org/files/ENCFF622PWS/@@download/ENCFF622PWS.fastq.gz,,1,H3K27ac,ENCSR595SMV,1
ENCSR314BEX,https://www.encodeproject.org/files/ENCFF737QHX/@@download/ENCFF737QHX.fastq.gz,,1,H3K27ac,ENCSR595SMV,1
ENCSR314BEX,https://www.encodeproject.org/files/ENCFF856WJI/@@download/ENCFF856WJI.fastq.gz,,1,H3K27ac,ENCSR595SMV,1
ENCSR315IRO,https://www.encodeproject.org/files/ENCFF538AHQ/@@download/ENCFF538AHQ.fastq.gz,,1,H3K27ac,ENCSR534CZJ,1
ENCSR315IRO,https://www.encodeproject.org/files/ENCFF589AAX/@@download/ENCFF589AAX.fastq.gz,,1,H3K27ac,ENCSR534CZJ,1
ENCSR315IRO,https://www.encodeproject.org/files/ENCFF160XCH/@@download/ENCFF160XCH.fastq.gz,,2,H3K27ac,ENCSR534CZJ,1
ENCSR315IRO,https://www.encodeproject.org/files/ENCFF871THY/@@download/ENCFF871THY.fastq.gz,,2,H3K27ac,ENCSR534CZJ,1
ENCSR315UUP,https://www.encodeproject.org/files/ENCFF180CHC/@@download/ENCFF180CHC.fastq.gz,,1,H3K27ac,ENCSR386UHY,1
ENCSR315UUP,https://www.encodeproject.org/files/ENCFF247RMH/@@download/ENCFF247RMH.fastq.gz,,1,H3K27ac,ENCSR386UHY,1
ENCSR315UUP,https://www.encodeproject.org/files/ENCFF566MRG/@@download/ENCFF566MRG.fastq.gz,,1,H3K27ac,ENCSR386UHY,1
ENCSR315UUP,https://www.encodeproject.org/files/ENCFF798QLM/@@download/ENCFF798QLM.fastq.gz,,1,H3K27ac,ENCSR386UHY,1
ENCSR315UUP,https://www.encodeproject.org/files/ENCFF160WUV/@@download/ENCFF160WUV.fastq.gz,,1,H3K27ac,ENCSR386UHY,1
ENCSR315UUP,https://www.encodeproject.org/files/ENCFF194GXC/@@download/ENCFF194GXC.fastq.gz,,1,H3K27ac,ENCSR386UHY,1
ENCSR315UUP,https://www.encodeproject.org/files/ENCFF419ABT/@@download/ENCFF419ABT.fastq.gz,,1,H3K27ac,ENCSR386UHY,1
ENCSR315UUP,https://www.encodeproject.org/files/ENCFF590CZO/@@download/ENCFF590CZO.fastq.gz,,1,H3K27ac,ENCSR386UHY,1
ENCSR316LNO,https://www.encodeproject.org/files/ENCFF024KFQ/@@download/ENCFF024KFQ.fastq.gz,,1,H3K27ac,ENCSR642QDW,1
ENCSR316LNO,https://www.encodeproject.org/files/ENCFF065THC/@@download/ENCFF065THC.fastq.gz,,1,H3K27ac,ENCSR642QDW,1
ENCSR316LNO,https://www.encodeproject.org/files/ENCFF585IMU/@@download/ENCFF585IMU.fastq.gz,,1,H3K27ac,ENCSR642QDW,1
ENCSR316LNO,https://www.encodeproject.org/files/ENCFF839BLY/@@download/ENCFF839BLY.fastq.gz,,1,H3K27ac,ENCSR642QDW,1
ENCSR316LNO,https://www.encodeproject.org/files/ENCFF878STL/@@download/ENCFF878STL.fastq.gz,,1,H3K27ac,ENCSR642QDW,1
ENCSR316LNO,https://www.encodeproject.org/files/ENCFF917VAP/@@download/ENCFF917VAP.fastq.gz,,1,H3K27ac,ENCSR642QDW,1
ENCSR316LNO,https://www.encodeproject.org/files/ENCFF099PUQ/@@download/ENCFF099PUQ.fastq.gz,,2,H3K27ac,ENCSR642QDW,2
ENCSR316LNO,https://www.encodeproject.org/files/ENCFF272AFL/@@download/ENCFF272AFL.fastq.gz,,2,H3K27ac,ENCSR642QDW,2
ENCSR316LNO,https://www.encodeproject.org/files/ENCFF488NZH/@@download/ENCFF488NZH.fastq.gz,,2,H3K27ac,ENCSR642QDW,2
ENCSR316LNO,https://www.encodeproject.org/files/ENCFF969RFG/@@download/ENCFF969RFG.fastq.gz,,2,H3K27ac,ENCSR642QDW,2
ENCSR318HUC,https://www.encodeproject.org/files/ENCFF514FNB/@@download/ENCFF514FNB.fastq.gz,,1,H3K27ac,ENCSR266XMB,1
ENCSR321KDV,https://www.encodeproject.org/files/ENCFF066QUG/@@download/ENCFF066QUG.fastq.gz,,1,H3K27ac,ENCSR529OPX,1
ENCSR321KDV,https://www.encodeproject.org/files/ENCFF926NIZ/@@download/ENCFF926NIZ.fastq.gz,,1,H3K27ac,ENCSR529OPX,1
ENCSR321LKT,https://www.encodeproject.org/files/ENCFF581KVJ/@@download/ENCFF581KVJ.fastq.gz,,1,H3K27ac,ENCSR416ESX,1
ENCSR321LKT,https://www.encodeproject.org/files/ENCFF639EID/@@download/ENCFF639EID.fastq.gz,,1,H3K27ac,ENCSR416ESX,1
ENCSR321LKT,https://www.encodeproject.org/files/ENCFF822CUB/@@download/ENCFF822CUB.fastq.gz,,1,H3K27ac,ENCSR416ESX,1
ENCSR321LKT,https://www.encodeproject.org/files/ENCFF920NME/@@download/ENCFF920NME.fastq.gz,,1,H3K27ac,ENCSR416ESX,1
ENCSR322TJD,https://www.encodeproject.org/files/ENCFF156XMU/@@download/ENCFF156XMU.fastq.gz,,1,H3K27ac,ENCSR116QUS,1
ENCSR324JDC,https://www.encodeproject.org/files/ENCFF377ORA/@@download/ENCFF377ORA.fastq.gz,,1,H3K27ac,ENCSR770VVH,1
ENCSR324JDC,https://www.encodeproject.org/files/ENCFF842JII/@@download/ENCFF842JII.fastq.gz,,1,H3K27ac,ENCSR770VVH,1
ENCSR325VCV,https://www.encodeproject.org/files/ENCFF967DNX/@@download/ENCFF967DNX.fastq.gz,,1,H3K27ac,ENCSR212FST,1
ENCSR325VCV,https://www.encodeproject.org/files/ENCFF714TSH/@@download/ENCFF714TSH.fastq.gz,,2,H3K27ac,ENCSR212FST,2
ENCSR325VCV,https://www.encodeproject.org/files/ENCFF030ILJ/@@download/ENCFF030ILJ.fastq.gz,,3,H3K27ac,ENCSR212FST,3
ENCSR326YRW,https://www.encodeproject.org/files/ENCFF236FOW/@@download/ENCFF236FOW.fastq.gz,,1,H3K27ac,ENCSR583BXC,1
ENCSR326YRW,https://www.encodeproject.org/files/ENCFF276UDF/@@download/ENCFF276UDF.fastq.gz,,1,H3K27ac,ENCSR583BXC,1
ENCSR326YRW,https://www.encodeproject.org/files/ENCFF584VEZ/@@download/ENCFF584VEZ.fastq.gz,,1,H3K27ac,ENCSR583BXC,1
ENCSR326YRW,https://www.encodeproject.org/files/ENCFF690EHV/@@download/ENCFF690EHV.fastq.gz,,1,H3K27ac,ENCSR583BXC,1
ENCSR326YRW,https://www.encodeproject.org/files/ENCFF788LTZ/@@download/ENCFF788LTZ.fastq.gz,,1,H3K27ac,ENCSR583BXC,1
ENCSR326YRW,https://www.encodeproject.org/files/ENCFF840MQE/@@download/ENCFF840MQE.fastq.gz,,1,H3K27ac,ENCSR583BXC,1
ENCSR326YRW,https://www.encodeproject.org/files/ENCFF861DOM/@@download/ENCFF861DOM.fastq.gz,,1,H3K27ac,ENCSR583BXC,1
ENCSR326YRW,https://www.encodeproject.org/files/ENCFF970TJW/@@download/ENCFF970TJW.fastq.gz,,1,H3K27ac,ENCSR583BXC,1
ENCSR326YRW,https://www.encodeproject.org/files/ENCFF044XEI/@@download/ENCFF044XEI.fastq.gz,,1,H3K27ac,ENCSR583BXC,1
ENCSR326YRW,https://www.encodeproject.org/files/ENCFF074FGT/@@download/ENCFF074FGT.fastq.gz,,1,H3K27ac,ENCSR583BXC,1
ENCSR326YRW,https://www.encodeproject.org/files/ENCFF176SWS/@@download/ENCFF176SWS.fastq.gz,,1,H3K27ac,ENCSR583BXC,1
ENCSR326YRW,https://www.encodeproject.org/files/ENCFF351BVD/@@download/ENCFF351BVD.fastq.gz,,1,H3K27ac,ENCSR583BXC,1
ENCSR326YRW,https://www.encodeproject.org/files/ENCFF455UST/@@download/ENCFF455UST.fastq.gz,,1,H3K27ac,ENCSR583BXC,1
ENCSR326YRW,https://www.encodeproject.org/files/ENCFF575PER/@@download/ENCFF575PER.fastq.gz,,1,H3K27ac,ENCSR583BXC,1
ENCSR326YRW,https://www.encodeproject.org/files/ENCFF796ARV/@@download/ENCFF796ARV.fastq.gz,,1,H3K27ac,ENCSR583BXC,1
ENCSR326YRW,https://www.encodeproject.org/files/ENCFF844EBG/@@download/ENCFF844EBG.fastq.gz,,1,H3K27ac,ENCSR583BXC,1
ENCSR327XTS,https://www.encodeproject.org/files/ENCFF528AHN/@@download/ENCFF528AHN.fastq.gz,,1,H3K27ac,ENCSR330SVG,1
ENCSR327XTS,https://www.encodeproject.org/files/ENCFF840TPB/@@download/ENCFF840TPB.fastq.gz,,1,H3K27ac,ENCSR330SVG,1
ENCSR329FXI,https://www.encodeproject.org/files/ENCFF050ULM/@@download/ENCFF050ULM.fastq.gz,,1,H3K27ac,ENCSR835ARG,1
ENCSR329FXI,https://www.encodeproject.org/files/ENCFF824CZS/@@download/ENCFF824CZS.fastq.gz,,1,H3K27ac,ENCSR835ARG,1
ENCSR334DRN,https://www.encodeproject.org/files/ENCFF307JXY/@@download/ENCFF307JXY.fastq.gz,,1,H3K27ac,ENCSR568JFZ,1
ENCSR334DRN,https://www.encodeproject.org/files/ENCFF326VWI/@@download/ENCFF326VWI.fastq.gz,,1,H3K27ac,ENCSR568JFZ,1
ENCSR334DRN,https://www.encodeproject.org/files/ENCFF406EYP/@@download/ENCFF406EYP.fastq.gz,,1,H3K27ac,ENCSR568JFZ,1
ENCSR334DRN,https://www.encodeproject.org/files/ENCFF406STC/@@download/ENCFF406STC.fastq.gz,,1,H3K27ac,ENCSR568JFZ,1
ENCSR334DRN,https://www.encodeproject.org/files/ENCFF440GRX/@@download/ENCFF440GRX.fastq.gz,,1,H3K27ac,ENCSR568JFZ,1
ENCSR334DRN,https://www.encodeproject.org/files/ENCFF697FJV/@@download/ENCFF697FJV.fastq.gz,,1,H3K27ac,ENCSR568JFZ,1
ENCSR334DRN,https://www.encodeproject.org/files/ENCFF806TRP/@@download/ENCFF806TRP.fastq.gz,,1,H3K27ac,ENCSR568JFZ,1
ENCSR334DRN,https://www.encodeproject.org/files/ENCFF944SXD/@@download/ENCFF944SXD.fastq.gz,,1,H3K27ac,ENCSR568JFZ,1
ENCSR339XMR,https://www.encodeproject.org/files/ENCFF061PAO/@@download/ENCFF061PAO.fastq.gz,,1,H3K27ac,ENCSR564GJK,1
ENCSR339XMR,https://www.encodeproject.org/files/ENCFF966WRK/@@download/ENCFF966WRK.fastq.gz,,1,H3K27ac,ENCSR564GJK,1
ENCSR340NAL,https://www.encodeproject.org/files/ENCFF860PUC/@@download/ENCFF860PUC.fastq.gz,,1,H3K27ac,ENCSR887SZF,1
ENCSR340NAL,https://www.encodeproject.org/files/ENCFF362GWT/@@download/ENCFF362GWT.fastq.gz,,2,H3K27ac,ENCSR887SZF,2
ENCSR340NAL,https://www.encodeproject.org/files/ENCFF175INS/@@download/ENCFF175INS.fastq.gz,,3,H3K27ac,ENCSR887SZF,3
ENCSR340OJR,https://www.encodeproject.org/files/ENCFF011VZT/@@download/ENCFF011VZT.fastq.gz,,1,H3K27ac,ENCSR405NKC,1
ENCSR340OJR,https://www.encodeproject.org/files/ENCFF136KNB/@@download/ENCFF136KNB.fastq.gz,,1,H3K27ac,ENCSR405NKC,1
ENCSR340OJR,https://www.encodeproject.org/files/ENCFF165TPA/@@download/ENCFF165TPA.fastq.gz,,1,H3K27ac,ENCSR405NKC,1
ENCSR340OJR,https://www.encodeproject.org/files/ENCFF495HKJ/@@download/ENCFF495HKJ.fastq.gz,,1,H3K27ac,ENCSR405NKC,1
ENCSR340OJR,https://www.encodeproject.org/files/ENCFF228RCV/@@download/ENCFF228RCV.fastq.gz,,1,H3K27ac,ENCSR405NKC,1
ENCSR340OJR,https://www.encodeproject.org/files/ENCFF641EEY/@@download/ENCFF641EEY.fastq.gz,,1,H3K27ac,ENCSR405NKC,1
ENCSR340OJR,https://www.encodeproject.org/files/ENCFF665KLS/@@download/ENCFF665KLS.fastq.gz,,1,H3K27ac,ENCSR405NKC,1
ENCSR340OJR,https://www.encodeproject.org/files/ENCFF813MCG/@@download/ENCFF813MCG.fastq.gz,,1,H3K27ac,ENCSR405NKC,1
ENCSR340ZTB,https://www.encodeproject.org/files/ENCFF164IPH/@@download/ENCFF164IPH.fastq.gz,,1,H3K27ac,ENCSR621OKB,1
ENCSR340ZTB,https://www.encodeproject.org/files/ENCFF286QVY/@@download/ENCFF286QVY.fastq.gz,,1,H3K27ac,ENCSR621OKB,1
ENCSR342KXD,https://www.encodeproject.org/files/ENCFF383YTR/@@download/ENCFF383YTR.fastq.gz,,1,H3K27ac,ENCSR481QDJ,1
ENCSR342KXD,https://www.encodeproject.org/files/ENCFF642VJS/@@download/ENCFF642VJS.fastq.gz,,1,H3K27ac,ENCSR481QDJ,1
ENCSR342KXD,https://www.encodeproject.org/files/ENCFF892ZIG/@@download/ENCFF892ZIG.fastq.gz,,1,H3K27ac,ENCSR481QDJ,1
ENCSR342KXD,https://www.encodeproject.org/files/ENCFF922EAV/@@download/ENCFF922EAV.fastq.gz,,1,H3K27ac,ENCSR481QDJ,1
ENCSR342KXD,https://www.encodeproject.org/files/ENCFF213VIV/@@download/ENCFF213VIV.fastq.gz,,1,H3K27ac,ENCSR481QDJ,1
ENCSR342KXD,https://www.encodeproject.org/files/ENCFF301EMK/@@download/ENCFF301EMK.fastq.gz,,1,H3K27ac,ENCSR481QDJ,1
ENCSR342KXD,https://www.encodeproject.org/files/ENCFF693KYU/@@download/ENCFF693KYU.fastq.gz,,1,H3K27ac,ENCSR481QDJ,1
ENCSR342KXD,https://www.encodeproject.org/files/ENCFF861YZS/@@download/ENCFF861YZS.fastq.gz,,1,H3K27ac,ENCSR481QDJ,1
ENCSR343DFX,https://www.encodeproject.org/files/ENCFF092CZH/@@download/ENCFF092CZH.fastq.gz,,1,H3K27ac,ENCSR749YQP,1
ENCSR343DFX,https://www.encodeproject.org/files/ENCFF228JKO/@@download/ENCFF228JKO.fastq.gz,,1,H3K27ac,ENCSR749YQP,1
ENCSR343DFX,https://www.encodeproject.org/files/ENCFF288YPO/@@download/ENCFF288YPO.fastq.gz,,1,H3K27ac,ENCSR749YQP,1
ENCSR343DFX,https://www.encodeproject.org/files/ENCFF746YOC/@@download/ENCFF746YOC.fastq.gz,,1,H3K27ac,ENCSR749YQP,1
ENCSR343DFX,https://www.encodeproject.org/files/ENCFF060POO/@@download/ENCFF060POO.fastq.gz,,1,H3K27ac,ENCSR749YQP,1
ENCSR343DFX,https://www.encodeproject.org/files/ENCFF632ZIJ/@@download/ENCFF632ZIJ.fastq.gz,,1,H3K27ac,ENCSR749YQP,1
ENCSR343DFX,https://www.encodeproject.org/files/ENCFF756YKE/@@download/ENCFF756YKE.fastq.gz,,1,H3K27ac,ENCSR749YQP,1
ENCSR343DFX,https://www.encodeproject.org/files/ENCFF870MFX/@@download/ENCFF870MFX.fastq.gz,,1,H3K27ac,ENCSR749YQP,1
ENCSR344PHP,https://www.encodeproject.org/files/ENCFF164PYC/@@download/ENCFF164PYC.fastq.gz,,1,H3K27ac,ENCSR291VCJ,1
ENCSR344PHP,https://www.encodeproject.org/files/ENCFF545OQB/@@download/ENCFF545OQB.fastq.gz,,1,H3K27ac,ENCSR291VCJ,1
ENCSR344PHP,https://www.encodeproject.org/files/ENCFF882CQR/@@download/ENCFF882CQR.fastq.gz,,1,H3K27ac,ENCSR291VCJ,1
ENCSR344PHP,https://www.encodeproject.org/files/ENCFF903IXW/@@download/ENCFF903IXW.fastq.gz,,1,H3K27ac,ENCSR291VCJ,1
ENCSR344PHP,https://www.encodeproject.org/files/ENCFF008HVN/@@download/ENCFF008HVN.fastq.gz,,1,H3K27ac,ENCSR291VCJ,1
ENCSR344PHP,https://www.encodeproject.org/files/ENCFF470ROY/@@download/ENCFF470ROY.fastq.gz,,1,H3K27ac,ENCSR291VCJ,1
ENCSR344PHP,https://www.encodeproject.org/files/ENCFF505RUC/@@download/ENCFF505RUC.fastq.gz,,1,H3K27ac,ENCSR291VCJ,1
ENCSR344PHP,https://www.encodeproject.org/files/ENCFF676TWB/@@download/ENCFF676TWB.fastq.gz,,1,H3K27ac,ENCSR291VCJ,1
ENCSR346FVK,https://www.encodeproject.org/files/ENCFF399BJW/@@download/ENCFF399BJW.fastq.gz,,1,H3K27ac,ENCSR607UWA,1
ENCSR346FVK,https://www.encodeproject.org/files/ENCFF501VAD/@@download/ENCFF501VAD.fastq.gz,,1,H3K27ac,ENCSR607UWA,1
ENCSR346FVK,https://www.encodeproject.org/files/ENCFF319FBJ/@@download/ENCFF319FBJ.fastq.gz,,1,H3K27ac,ENCSR607UWA,1
ENCSR346FVK,https://www.encodeproject.org/files/ENCFF334PZB/@@download/ENCFF334PZB.fastq.gz,,1,H3K27ac,ENCSR607UWA,1
ENCSR349VAW,https://www.encodeproject.org/files/ENCFF536ITA/@@download/ENCFF536ITA.fastq.gz,https://www.encodeproject.org/files/ENCFF158GBL/@@download/ENCFF158GBL.fastq.gz,1,H3K27ac,ENCSR268BDW,1
ENCSR349VAW,https://www.encodeproject.org/files/ENCFF920CIK/@@download/ENCFF920CIK.fastq.gz,https://www.encodeproject.org/files/ENCFF890GFB/@@download/ENCFF890GFB.fastq.gz,2,H3K27ac,ENCSR268BDW,1
ENCSR350EFV,https://www.encodeproject.org/files/ENCFF862BBX/@@download/ENCFF862BBX.fastq.gz,,1,H3K27ac,ENCSR325PXS,1
ENCSR350EFV,https://www.encodeproject.org/files/ENCFF974OQD/@@download/ENCFF974OQD.fastq.gz,,2,H3K27ac,ENCSR325PXS,2
ENCSR350EFV,https://www.encodeproject.org/files/ENCFF886DEN/@@download/ENCFF886DEN.fastq.gz,,3,H3K27ac,ENCSR325PXS,3
ENCSR355GNZ,https://www.encodeproject.org/files/ENCFF614EJM/@@download/ENCFF614EJM.fastq.gz,,1,H3K27ac,ENCSR163XFK,1
ENCSR355GNZ,https://www.encodeproject.org/files/ENCFF886XBD/@@download/ENCFF886XBD.fastq.gz,,1,H3K27ac,ENCSR163XFK,1
ENCSR355GNZ,https://www.encodeproject.org/files/ENCFF306PEZ/@@download/ENCFF306PEZ.fastq.gz,,1,H3K27ac,ENCSR163XFK,1
ENCSR355GNZ,https://www.encodeproject.org/files/ENCFF478JMS/@@download/ENCFF478JMS.fastq.gz,,1,H3K27ac,ENCSR163XFK,1
ENCSR355UYP,https://www.encodeproject.org/files/ENCFF157BVN/@@download/ENCFF157BVN.fastq.gz,,1,H3K27ac,ENCSR143DQF,1
ENCSR355UYP,https://www.encodeproject.org/files/ENCFF367IIJ/@@download/ENCFF367IIJ.fastq.gz,,1,H3K27ac,ENCSR143DQF,1
ENCSR355UYP,https://www.encodeproject.org/files/ENCFF512XSJ/@@download/ENCFF512XSJ.fastq.gz,,1,H3K27ac,ENCSR143DQF,1
ENCSR355UYP,https://www.encodeproject.org/files/ENCFF665UBX/@@download/ENCFF665UBX.fastq.gz,,1,H3K27ac,ENCSR143DQF,1
ENCSR355UYP,https://www.encodeproject.org/files/ENCFF700PUT/@@download/ENCFF700PUT.fastq.gz,,1,H3K27ac,ENCSR143DQF,1
ENCSR355UYP,https://www.encodeproject.org/files/ENCFF904DGX/@@download/ENCFF904DGX.fastq.gz,,1,H3K27ac,ENCSR143DQF,1
ENCSR367WYJ,https://www.encodeproject.org/files/ENCFF351KVM/@@download/ENCFF351KVM.fastq.gz,,1,H3K27ac,ENCSR163UEW,1
ENCSR367WYJ,https://www.encodeproject.org/files/ENCFF227HUK/@@download/ENCFF227HUK.fastq.gz,,1,H3K27ac,ENCSR163UEW,1
ENCSR367WYJ,https://www.encodeproject.org/files/ENCFF823MZG/@@download/ENCFF823MZG.fastq.gz,,1,H3K27ac,ENCSR163UEW,1
ENCSR368CYW,https://www.encodeproject.org/files/ENCFF093PPA/@@download/ENCFF093PPA.fastq.gz,https://www.encodeproject.org/files/ENCFF110AIW/@@download/ENCFF110AIW.fastq.gz,1,H3K27ac,ENCSR698TWO,1
ENCSR368CYW,https://www.encodeproject.org/files/ENCFF165LZF/@@download/ENCFF165LZF.fastq.gz,https://www.encodeproject.org/files/ENCFF030YLK/@@download/ENCFF030YLK.fastq.gz,2,H3K27ac,ENCSR698TWO,1
ENCSR370OQJ,https://www.encodeproject.org/files/ENCFF010UMM/@@download/ENCFF010UMM.fastq.gz,,1,H3K27ac,ENCSR839VEU,1
ENCSR370OQJ,https://www.encodeproject.org/files/ENCFF136NDL/@@download/ENCFF136NDL.fastq.gz,,1,H3K27ac,ENCSR839VEU,1
ENCSR370OQJ,https://www.encodeproject.org/files/ENCFF302UMB/@@download/ENCFF302UMB.fastq.gz,,1,H3K27ac,ENCSR839VEU,1
ENCSR370OQJ,https://www.encodeproject.org/files/ENCFF426YUC/@@download/ENCFF426YUC.fastq.gz,,1,H3K27ac,ENCSR839VEU,1
ENCSR370OQJ,https://www.encodeproject.org/files/ENCFF311NQC/@@download/ENCFF311NQC.fastq.gz,,1,H3K27ac,ENCSR839VEU,1
ENCSR370OQJ,https://www.encodeproject.org/files/ENCFF628FHB/@@download/ENCFF628FHB.fastq.gz,,1,H3K27ac,ENCSR839VEU,1
ENCSR370OQJ,https://www.encodeproject.org/files/ENCFF723NSR/@@download/ENCFF723NSR.fastq.gz,,1,H3K27ac,ENCSR839VEU,1
ENCSR370OQJ,https://www.encodeproject.org/files/ENCFF803HAM/@@download/ENCFF803HAM.fastq.gz,,1,H3K27ac,ENCSR839VEU,1
ENCSR379DNM,https://www.encodeproject.org/files/ENCFF053RIQ/@@download/ENCFF053RIQ.fastq.gz,,1,H3K27ac,ENCSR417AQU,1
ENCSR379DNM,https://www.encodeproject.org/files/ENCFF201JCK/@@download/ENCFF201JCK.fastq.gz,,1,H3K27ac,ENCSR417AQU,1
ENCSR379DNM,https://www.encodeproject.org/files/ENCFF485QKT/@@download/ENCFF485QKT.fastq.gz,,1,H3K27ac,ENCSR417AQU,1
ENCSR379DNM,https://www.encodeproject.org/files/ENCFF954EQC/@@download/ENCFF954EQC.fastq.gz,,1,H3K27ac,ENCSR417AQU,1
ENCSR379DNM,https://www.encodeproject.org/files/ENCFF297HSO/@@download/ENCFF297HSO.fastq.gz,,1,H3K27ac,ENCSR417AQU,1
ENCSR379DNM,https://www.encodeproject.org/files/ENCFF463XGR/@@download/ENCFF463XGR.fastq.gz,,1,H3K27ac,ENCSR417AQU,1
ENCSR379DNM,https://www.encodeproject.org/files/ENCFF599MBM/@@download/ENCFF599MBM.fastq.gz,,1,H3K27ac,ENCSR417AQU,1
ENCSR379DNM,https://www.encodeproject.org/files/ENCFF898GEA/@@download/ENCFF898GEA.fastq.gz,,1,H3K27ac,ENCSR417AQU,1
ENCSR379WXM,https://www.encodeproject.org/files/ENCFF045BAQ/@@download/ENCFF045BAQ.fastq.gz,https://www.encodeproject.org/files/ENCFF322DZF/@@download/ENCFF322DZF.fastq.gz,1,H3K27ac,ENCSR895KPB,1
ENCSR379WXM,https://www.encodeproject.org/files/ENCFF382PQJ/@@download/ENCFF382PQJ.fastq.gz,https://www.encodeproject.org/files/ENCFF654LRA/@@download/ENCFF654LRA.fastq.gz,1,H3K27ac,ENCSR895KPB,1
ENCSR380KOO,https://www.encodeproject.org/files/ENCFF089YDL/@@download/ENCFF089YDL.fastq.gz,,1,H3K27ac,ENCSR562HZE,1
ENCSR380KOO,https://www.encodeproject.org/files/ENCFF135TTP/@@download/ENCFF135TTP.fastq.gz,,1,H3K27ac,ENCSR562HZE,1
ENCSR380KOO,https://www.encodeproject.org/files/ENCFF184RUV/@@download/ENCFF184RUV.fastq.gz,,1,H3K27ac,ENCSR562HZE,1
ENCSR380KOO,https://www.encodeproject.org/files/ENCFF298AGE/@@download/ENCFF298AGE.fastq.gz,,1,H3K27ac,ENCSR562HZE,1
ENCSR380KOO,https://www.encodeproject.org/files/ENCFF537IOP/@@download/ENCFF537IOP.fastq.gz,,1,H3K27ac,ENCSR562HZE,1
ENCSR380KOO,https://www.encodeproject.org/files/ENCFF858AEC/@@download/ENCFF858AEC.fastq.gz,,1,H3K27ac,ENCSR562HZE,1
ENCSR386CKJ,https://www.encodeproject.org/files/ENCFF646WDP/@@download/ENCFF646WDP.fastq.gz,,1,H3K27ac,ENCSR704QBF,1
ENCSR386CKJ,https://www.encodeproject.org/files/ENCFF811OHK/@@download/ENCFF811OHK.fastq.gz,,1,H3K27ac,ENCSR704QBF,1
ENCSR391EQV,https://www.encodeproject.org/files/ENCFF002LAJ/@@download/ENCFF002LAJ.fastq.gz,,1,H3K27ac,ENCSR726FHN,1
ENCSR391EQV,https://www.encodeproject.org/files/ENCFF612WYS/@@download/ENCFF612WYS.fastq.gz,,1,H3K27ac,ENCSR726FHN,1
ENCSR391NPE,https://www.encodeproject.org/files/ENCFF502OEM/@@download/ENCFF502OEM.fastq.gz,https://www.encodeproject.org/files/ENCFF415BYG/@@download/ENCFF415BYG.fastq.gz,1,H3K27ac,ENCSR933UGQ,1
ENCSR391NPE,https://www.encodeproject.org/files/ENCFF426UOT/@@download/ENCFF426UOT.fastq.gz,https://www.encodeproject.org/files/ENCFF957IAM/@@download/ENCFF957IAM.fastq.gz,2,H3K27ac,ENCSR933UGQ,2
ENCSR397NQK,https://www.encodeproject.org/files/ENCFF668ELW/@@download/ENCFF668ELW.fastq.gz,,1,H3K27ac,ENCSR785LQK,1
ENCSR397NQK,https://www.encodeproject.org/files/ENCFF690OVW/@@download/ENCFF690OVW.fastq.gz,,1,H3K27ac,ENCSR785LQK,1
ENCSR400XSW,https://www.encodeproject.org/files/ENCFF644BLC/@@download/ENCFF644BLC.fastq.gz,,1,H3K27ac,ENCSR255SDP,1
ENCSR400XSW,https://www.encodeproject.org/files/ENCFF307VPM/@@download/ENCFF307VPM.fastq.gz,,2,H3K27ac,ENCSR255SDP,2
ENCSR401KZW,https://www.encodeproject.org/files/ENCFF014COL/@@download/ENCFF014COL.fastq.gz,,1,H3K27ac,ENCSR200QAA,1
ENCSR401KZW,https://www.encodeproject.org/files/ENCFF553ZRR/@@download/ENCFF553ZRR.fastq.gz,,1,H3K27ac,ENCSR200QAA,1
ENCSR401KZW,https://www.encodeproject.org/files/ENCFF664VDZ/@@download/ENCFF664VDZ.fastq.gz,,1,H3K27ac,ENCSR200QAA,1
ENCSR401KZW,https://www.encodeproject.org/files/ENCFF851RXE/@@download/ENCFF851RXE.fastq.gz,,1,H3K27ac,ENCSR200QAA,1
ENCSR401KZW,https://www.encodeproject.org/files/ENCFF235WAR/@@download/ENCFF235WAR.fastq.gz,,1,H3K27ac,ENCSR200QAA,1
ENCSR401KZW,https://www.encodeproject.org/files/ENCFF290ZYP/@@download/ENCFF290ZYP.fastq.gz,,1,H3K27ac,ENCSR200QAA,1
ENCSR401KZW,https://www.encodeproject.org/files/ENCFF519CUG/@@download/ENCFF519CUG.fastq.gz,,1,H3K27ac,ENCSR200QAA,1
ENCSR401KZW,https://www.encodeproject.org/files/ENCFF892CVQ/@@download/ENCFF892CVQ.fastq.gz,,1,H3K27ac,ENCSR200QAA,1
ENCSR402HFW,https://www.encodeproject.org/files/ENCFF996ECL/@@download/ENCFF996ECL.fastq.gz,,1,H3K27ac,ENCSR480NNC,1
ENCSR402JWL,https://www.encodeproject.org/files/ENCFF036VJA/@@download/ENCFF036VJA.fastq.gz,,1,H3K27ac,ENCSR170MJE,1
ENCSR402JWL,https://www.encodeproject.org/files/ENCFF134FKT/@@download/ENCFF134FKT.fastq.gz,,1,H3K27ac,ENCSR170MJE,1
ENCSR402JWL,https://www.encodeproject.org/files/ENCFF220SHP/@@download/ENCFF220SHP.fastq.gz,,1,H3K27ac,ENCSR170MJE,1
ENCSR402JWL,https://www.encodeproject.org/files/ENCFF644GRR/@@download/ENCFF644GRR.fastq.gz,,1,H3K27ac,ENCSR170MJE,1
ENCSR402JWL,https://www.encodeproject.org/files/ENCFF226DKJ/@@download/ENCFF226DKJ.fastq.gz,,1,H3K27ac,ENCSR170MJE,1
ENCSR402JWL,https://www.encodeproject.org/files/ENCFF278ZUL/@@download/ENCFF278ZUL.fastq.gz,,1,H3K27ac,ENCSR170MJE,1
ENCSR402JWL,https://www.encodeproject.org/files/ENCFF588SKL/@@download/ENCFF588SKL.fastq.gz,,1,H3K27ac,ENCSR170MJE,1
ENCSR402JWL,https://www.encodeproject.org/files/ENCFF976CPS/@@download/ENCFF976CPS.fastq.gz,,1,H3K27ac,ENCSR170MJE,1
ENCSR403PZH,https://www.encodeproject.org/files/ENCFF075ERS/@@download/ENCFF075ERS.fastq.gz,,1,H3K27ac,ENCSR456AMX,1
ENCSR403PZH,https://www.encodeproject.org/files/ENCFF143FIM/@@download/ENCFF143FIM.fastq.gz,,1,H3K27ac,ENCSR456AMX,1
ENCSR403PZH,https://www.encodeproject.org/files/ENCFF310MXW/@@download/ENCFF310MXW.fastq.gz,,1,H3K27ac,ENCSR456AMX,1
ENCSR403PZH,https://www.encodeproject.org/files/ENCFF781KMK/@@download/ENCFF781KMK.fastq.gz,,1,H3K27ac,ENCSR456AMX,1
ENCSR403PZH,https://www.encodeproject.org/files/ENCFF121QOJ/@@download/ENCFF121QOJ.fastq.gz,,1,H3K27ac,ENCSR456AMX,1
ENCSR403PZH,https://www.encodeproject.org/files/ENCFF336TWX/@@download/ENCFF336TWX.fastq.gz,,1,H3K27ac,ENCSR456AMX,1
ENCSR403PZH,https://www.encodeproject.org/files/ENCFF597IBK/@@download/ENCFF597IBK.fastq.gz,,1,H3K27ac,ENCSR456AMX,1
ENCSR403PZH,https://www.encodeproject.org/files/ENCFF936DRE/@@download/ENCFF936DRE.fastq.gz,,1,H3K27ac,ENCSR456AMX,1
ENCSR405ESP,https://www.encodeproject.org/files/ENCFF113XXR/@@download/ENCFF113XXR.fastq.gz,,1,H3K27ac,ENCSR815BDB,1
ENCSR405ESP,https://www.encodeproject.org/files/ENCFF965NCN/@@download/ENCFF965NCN.fastq.gz,,1,H3K27ac,ENCSR815BDB,1
ENCSR405FZE,https://www.encodeproject.org/files/ENCFF861FFL/@@download/ENCFF861FFL.fastq.gz,,1,H3K27ac,ENCSR642TGI,1
ENCSR405FZE,https://www.encodeproject.org/files/ENCFF909GCK/@@download/ENCFF909GCK.fastq.gz,,1,H3K27ac,ENCSR642TGI,1
ENCSR413QLR,https://www.encodeproject.org/files/ENCFF304WCT/@@download/ENCFF304WCT.fastq.gz,,1,H3K27ac,ENCSR531AUV,1
ENCSR413QLR,https://www.encodeproject.org/files/ENCFF738FLW/@@download/ENCFF738FLW.fastq.gz,,1,H3K27ac,ENCSR531AUV,1
ENCSR413QLR,https://www.encodeproject.org/files/ENCFF204FHV/@@download/ENCFF204FHV.fastq.gz,,1,H3K27ac,ENCSR531AUV,1
ENCSR413QLR,https://www.encodeproject.org/files/ENCFF781LKG/@@download/ENCFF781LKG.fastq.gz,,1,H3K27ac,ENCSR531AUV,1
ENCSR413YCI,https://www.encodeproject.org/files/ENCFF804VDH/@@download/ENCFF804VDH.fastq.gz,,1,H3K27ac,ENCSR455AFK,1
ENCSR413YCI,https://www.encodeproject.org/files/ENCFF992TJZ/@@download/ENCFF992TJZ.fastq.gz,,2,H3K27ac,ENCSR455AFK,2
ENCSR419BNY,https://www.encodeproject.org/files/ENCFF509TZQ/@@download/ENCFF509TZQ.fastq.gz,,1,H3K27ac,ENCSR061EXX,1
ENCSR419BNY,https://www.encodeproject.org/files/ENCFF546XMJ/@@download/ENCFF546XMJ.fastq.gz,,1,H3K27ac,ENCSR061EXX,1
ENCSR419BNY,https://www.encodeproject.org/files/ENCFF577XLT/@@download/ENCFF577XLT.fastq.gz,,1,H3K27ac,ENCSR061EXX,1
ENCSR419BNY,https://www.encodeproject.org/files/ENCFF792AIZ/@@download/ENCFF792AIZ.fastq.gz,,1,H3K27ac,ENCSR061EXX,1
ENCSR419BNY,https://www.encodeproject.org/files/ENCFF144PAB/@@download/ENCFF144PAB.fastq.gz,,1,H3K27ac,ENCSR061EXX,1
ENCSR419BNY,https://www.encodeproject.org/files/ENCFF173PSY/@@download/ENCFF173PSY.fastq.gz,,1,H3K27ac,ENCSR061EXX,1
ENCSR419BNY,https://www.encodeproject.org/files/ENCFF324GED/@@download/ENCFF324GED.fastq.gz,,1,H3K27ac,ENCSR061EXX,1
ENCSR419BNY,https://www.encodeproject.org/files/ENCFF886OQC/@@download/ENCFF886OQC.fastq.gz,,1,H3K27ac,ENCSR061EXX,1
ENCSR424IJM,https://www.encodeproject.org/files/ENCFF095PNU/@@download/ENCFF095PNU.fastq.gz,,1,H3K27ac,ENCSR427DIF,1
ENCSR424IJM,https://www.encodeproject.org/files/ENCFF102VZU/@@download/ENCFF102VZU.fastq.gz,,1,H3K27ac,ENCSR427DIF,1
ENCSR424IJM,https://www.encodeproject.org/files/ENCFF432ZMR/@@download/ENCFF432ZMR.fastq.gz,,1,H3K27ac,ENCSR427DIF,1
ENCSR424IJM,https://www.encodeproject.org/files/ENCFF903XDU/@@download/ENCFF903XDU.fastq.gz,,1,H3K27ac,ENCSR427DIF,1
ENCSR424IJM,https://www.encodeproject.org/files/ENCFF064CIH/@@download/ENCFF064CIH.fastq.gz,,1,H3K27ac,ENCSR427DIF,1
ENCSR424IJM,https://www.encodeproject.org/files/ENCFF423SMW/@@download/ENCFF423SMW.fastq.gz,,1,H3K27ac,ENCSR427DIF,1
ENCSR424IJM,https://www.encodeproject.org/files/ENCFF666FXC/@@download/ENCFF666FXC.fastq.gz,,1,H3K27ac,ENCSR427DIF,1
ENCSR424IJM,https://www.encodeproject.org/files/ENCFF975WHE/@@download/ENCFF975WHE.fastq.gz,,1,H3K27ac,ENCSR427DIF,1
ENCSR425FUS,https://www.encodeproject.org/files/ENCFF065NAM/@@download/ENCFF065NAM.fastq.gz,https://www.encodeproject.org/files/ENCFF072RPJ/@@download/ENCFF072RPJ.fastq.gz,1,H3K27ac,ENCSR663GIS,1
ENCSR425FUS,https://www.encodeproject.org/files/ENCFF337OSR/@@download/ENCFF337OSR.fastq.gz,https://www.encodeproject.org/files/ENCFF443OWU/@@download/ENCFF443OWU.fastq.gz,2,H3K27ac,ENCSR663GIS,1
ENCSR425PQI,https://www.encodeproject.org/files/ENCFF710QVF/@@download/ENCFF710QVF.fastq.gz,,1,H3K27ac,ENCSR890MJO,1
ENCSR425PQI,https://www.encodeproject.org/files/ENCFF613EXZ/@@download/ENCFF613EXZ.fastq.gz,,2,H3K27ac,ENCSR890MJO,1
ENCSR426VHO,https://www.encodeproject.org/files/ENCFF206CBY/@@download/ENCFF206CBY.fastq.gz,,1,H3K27ac,ENCSR889RIF,1
ENCSR426VHO,https://www.encodeproject.org/files/ENCFF287OKD/@@download/ENCFF287OKD.fastq.gz,,1,H3K27ac,ENCSR889RIF,1
ENCSR426VHO,https://www.encodeproject.org/files/ENCFF537VQM/@@download/ENCFF537VQM.fastq.gz,,1,H3K27ac,ENCSR889RIF,1
ENCSR426VHO,https://www.encodeproject.org/files/ENCFF845LXK/@@download/ENCFF845LXK.fastq.gz,,1,H3K27ac,ENCSR889RIF,1
ENCSR426VHO,https://www.encodeproject.org/files/ENCFF061MTL/@@download/ENCFF061MTL.fastq.gz,,2,H3K27ac,ENCSR889RIF,2
ENCSR426VHO,https://www.encodeproject.org/files/ENCFF419CCZ/@@download/ENCFF419CCZ.fastq.gz,,2,H3K27ac,ENCSR889RIF,2
ENCSR426VHO,https://www.encodeproject.org/files/ENCFF742JGZ/@@download/ENCFF742JGZ.fastq.gz,,2,H3K27ac,ENCSR889RIF,2
ENCSR426VHO,https://www.encodeproject.org/files/ENCFF989KCU/@@download/ENCFF989KCU.fastq.gz,,2,H3K27ac,ENCSR889RIF,2
ENCSR426VHO,https://www.encodeproject.org/files/ENCFF055HTK/@@download/ENCFF055HTK.fastq.gz,,2,H3K27ac,ENCSR889RIF,2
ENCSR426VHO,https://www.encodeproject.org/files/ENCFF545NBT/@@download/ENCFF545NBT.fastq.gz,,2,H3K27ac,ENCSR889RIF,2
ENCSR426VHO,https://www.encodeproject.org/files/ENCFF832LFB/@@download/ENCFF832LFB.fastq.gz,,2,H3K27ac,ENCSR889RIF,2
ENCSR426VHO,https://www.encodeproject.org/files/ENCFF990BNJ/@@download/ENCFF990BNJ.fastq.gz,,2,H3K27ac,ENCSR889RIF,2
ENCSR429YAE,https://www.encodeproject.org/files/ENCFF176RPG/@@download/ENCFF176RPG.fastq.gz,,1,H3K27ac,ENCSR580WGM,1
ENCSR429YAE,https://www.encodeproject.org/files/ENCFF689LBV/@@download/ENCFF689LBV.fastq.gz,,1,H3K27ac,ENCSR580WGM,1
ENCSR429YAE,https://www.encodeproject.org/files/ENCFF745NTJ/@@download/ENCFF745NTJ.fastq.gz,,1,H3K27ac,ENCSR580WGM,1
ENCSR429YAE,https://www.encodeproject.org/files/ENCFF989MLG/@@download/ENCFF989MLG.fastq.gz,,1,H3K27ac,ENCSR580WGM,1
ENCSR430RVP,https://www.encodeproject.org/files/ENCFF401TJV/@@download/ENCFF401TJV.fastq.gz,,1,H3K27ac,ENCSR055YMD,1
ENCSR430RVP,https://www.encodeproject.org/files/ENCFF552FAD/@@download/ENCFF552FAD.fastq.gz,,1,H3K27ac,ENCSR055YMD,1
ENCSR432DPY,https://www.encodeproject.org/files/ENCFF269LUW/@@download/ENCFF269LUW.fastq.gz,,1,H3K27ac,ENCSR700CAX,1
ENCSR432DPY,https://www.encodeproject.org/files/ENCFF300XWB/@@download/ENCFF300XWB.fastq.gz,,1,H3K27ac,ENCSR700CAX,1
ENCSR432DPY,https://www.encodeproject.org/files/ENCFF006XLB/@@download/ENCFF006XLB.fastq.gz,,1,H3K27ac,ENCSR700CAX,1
ENCSR432DPY,https://www.encodeproject.org/files/ENCFF999TWW/@@download/ENCFF999TWW.fastq.gz,,1,H3K27ac,ENCSR700CAX,1
ENCSR435JKM,https://www.encodeproject.org/files/ENCFF051HIO/@@download/ENCFF051HIO.fastq.gz,,1,H3K27ac,ENCSR549SVK,1
ENCSR435JKM,https://www.encodeproject.org/files/ENCFF445JNN/@@download/ENCFF445JNN.fastq.gz,,2,H3K27ac,ENCSR549SVK,2
ENCSR435JKM,https://www.encodeproject.org/files/ENCFF138WAA/@@download/ENCFF138WAA.fastq.gz,,3,H3K27ac,ENCSR549SVK,3
ENCSR436JNB,https://www.encodeproject.org/files/ENCFF091YBK/@@download/ENCFF091YBK.fastq.gz,,1,H3K27ac,ENCSR119AVG,1
ENCSR436JNB,https://www.encodeproject.org/files/ENCFF317IDE/@@download/ENCFF317IDE.fastq.gz,,1,H3K27ac,ENCSR119AVG,1
ENCSR436JNB,https://www.encodeproject.org/files/ENCFF689COG/@@download/ENCFF689COG.fastq.gz,,1,H3K27ac,ENCSR119AVG,1
ENCSR436JNB,https://www.encodeproject.org/files/ENCFF758SRN/@@download/ENCFF758SRN.fastq.gz,,1,H3K27ac,ENCSR119AVG,1
ENCSR436JNB,https://www.encodeproject.org/files/ENCFF010GVM/@@download/ENCFF010GVM.fastq.gz,,1,H3K27ac,ENCSR119AVG,1
ENCSR436JNB,https://www.encodeproject.org/files/ENCFF417BHH/@@download/ENCFF417BHH.fastq.gz,,1,H3K27ac,ENCSR119AVG,1
ENCSR436JNB,https://www.encodeproject.org/files/ENCFF742IFJ/@@download/ENCFF742IFJ.fastq.gz,,1,H3K27ac,ENCSR119AVG,1
ENCSR436JNB,https://www.encodeproject.org/files/ENCFF901VRJ/@@download/ENCFF901VRJ.fastq.gz,,1,H3K27ac,ENCSR119AVG,1
ENCSR437QMD,https://www.encodeproject.org/files/ENCFF669MHN/@@download/ENCFF669MHN.fastq.gz,,1,H3K27ac,ENCSR628GIZ,1
ENCSR437QMD,https://www.encodeproject.org/files/ENCFF666EGF/@@download/ENCFF666EGF.fastq.gz,,1,H3K27ac,ENCSR628GIZ,1
ENCSR438KQU,https://www.encodeproject.org/files/ENCFF564OWD/@@download/ENCFF564OWD.fastq.gz,,1,H3K27ac,ENCSR845BPQ,1
ENCSR438KQU,https://www.encodeproject.org/files/ENCFF607LIL/@@download/ENCFF607LIL.fastq.gz,,1,H3K27ac,ENCSR845BPQ,1
ENCSR438KQU,https://www.encodeproject.org/files/ENCFF746VSZ/@@download/ENCFF746VSZ.fastq.gz,,1,H3K27ac,ENCSR845BPQ,1
ENCSR438KQU,https://www.encodeproject.org/files/ENCFF867IVN/@@download/ENCFF867IVN.fastq.gz,,1,H3K27ac,ENCSR845BPQ,1
ENCSR438KQU,https://www.encodeproject.org/files/ENCFF003MMJ/@@download/ENCFF003MMJ.fastq.gz,,1,H3K27ac,ENCSR845BPQ,1
ENCSR438KQU,https://www.encodeproject.org/files/ENCFF090TYB/@@download/ENCFF090TYB.fastq.gz,,1,H3K27ac,ENCSR845BPQ,1
ENCSR438KQU,https://www.encodeproject.org/files/ENCFF257IZX/@@download/ENCFF257IZX.fastq.gz,,1,H3K27ac,ENCSR845BPQ,1
ENCSR438KQU,https://www.encodeproject.org/files/ENCFF319DCF/@@download/ENCFF319DCF.fastq.gz,,1,H3K27ac,ENCSR845BPQ,1
ENCSR438KQU,https://www.encodeproject.org/files/ENCFF345SBO/@@download/ENCFF345SBO.fastq.gz,,1,H3K27ac,ENCSR845BPQ,1
ENCSR438KQU,https://www.encodeproject.org/files/ENCFF652LEX/@@download/ENCFF652LEX.fastq.gz,,1,H3K27ac,ENCSR845BPQ,1
ENCSR438KQU,https://www.encodeproject.org/files/ENCFF917IOG/@@download/ENCFF917IOG.fastq.gz,,1,H3K27ac,ENCSR845BPQ,1
ENCSR438KQU,https://www.encodeproject.org/files/ENCFF990EEC/@@download/ENCFF990EEC.fastq.gz,,1,H3K27ac,ENCSR845BPQ,1
ENCSR438SPO,https://www.encodeproject.org/files/ENCFF183ZNC/@@download/ENCFF183ZNC.fastq.gz,,1,H3K27ac,ENCSR675ZDM,1
ENCSR438SPO,https://www.encodeproject.org/files/ENCFF496ZEH/@@download/ENCFF496ZEH.fastq.gz,,1,H3K27ac,ENCSR675ZDM,1
ENCSR440PMP,https://www.encodeproject.org/files/ENCFF394NHL/@@download/ENCFF394NHL.fastq.gz,,1,H3K27ac,ENCSR708OCZ,1
ENCSR440PMP,https://www.encodeproject.org/files/ENCFF481NMX/@@download/ENCFF481NMX.fastq.gz,,1,H3K27ac,ENCSR708OCZ,1
ENCSR440PMP,https://www.encodeproject.org/files/ENCFF175WPU/@@download/ENCFF175WPU.fastq.gz,,1,H3K27ac,ENCSR708OCZ,1
ENCSR440PMP,https://www.encodeproject.org/files/ENCFF239FZM/@@download/ENCFF239FZM.fastq.gz,,1,H3K27ac,ENCSR708OCZ,1
ENCSR443UYU,https://www.encodeproject.org/files/ENCFF091MNB/@@download/ENCFF091MNB.fastq.gz,,1,H3K27ac,ENCSR122GIL,1
ENCSR443UYU,https://www.encodeproject.org/files/ENCFF182ELC/@@download/ENCFF182ELC.fastq.gz,,1,H3K27ac,ENCSR122GIL,1
ENCSR447OHF,https://www.encodeproject.org/files/ENCFF740YHE/@@download/ENCFF740YHE.fastq.gz,,1,H3K27ac,ENCSR995BPJ,1
ENCSR447OHF,https://www.encodeproject.org/files/ENCFF951ADP/@@download/ENCFF951ADP.fastq.gz,,1,H3K27ac,ENCSR995BPJ,1
ENCSR447ZGY,https://www.encodeproject.org/files/ENCFF524KGJ/@@download/ENCFF524KGJ.fastq.gz,https://www.encodeproject.org/files/ENCFF773UBZ/@@download/ENCFF773UBZ.fastq.gz,1,H3K27ac,ENCSR063AUO,1
ENCSR447ZGY,https://www.encodeproject.org/files/ENCFF558WXW/@@download/ENCFF558WXW.fastq.gz,https://www.encodeproject.org/files/ENCFF094GON/@@download/ENCFF094GON.fastq.gz,1,H3K27ac,ENCSR063AUO,1
ENCSR447ZGY,https://www.encodeproject.org/files/ENCFF822DBR/@@download/ENCFF822DBR.fastq.gz,https://www.encodeproject.org/files/ENCFF004YXE/@@download/ENCFF004YXE.fastq.gz,1,H3K27ac,ENCSR063AUO,1
ENCSR447ZGY,https://www.encodeproject.org/files/ENCFF002BBG/@@download/ENCFF002BBG.fastq.gz,,1,H3K27ac,ENCSR063AUO,1
ENCSR447ZGY,https://www.encodeproject.org/files/ENCFF002ATK/@@download/ENCFF002ATK.fastq.gz,,2,H3K27ac,ENCSR063AUO,2
ENCSR449AUD,https://www.encodeproject.org/files/ENCFF620QHQ/@@download/ENCFF620QHQ.fastq.gz,,1,H3K27ac,ENCSR869KBA,1
ENCSR449AUD,https://www.encodeproject.org/files/ENCFF660YVS/@@download/ENCFF660YVS.fastq.gz,,1,H3K27ac,ENCSR869KBA,1
ENCSR449AUD,https://www.encodeproject.org/files/ENCFF886MAY/@@download/ENCFF886MAY.fastq.gz,,1,H3K27ac,ENCSR869KBA,1
ENCSR449AUD,https://www.encodeproject.org/files/ENCFF937QLR/@@download/ENCFF937QLR.fastq.gz,,1,H3K27ac,ENCSR869KBA,1
ENCSR449AUD,https://www.encodeproject.org/files/ENCFF076ZHV/@@download/ENCFF076ZHV.fastq.gz,,1,H3K27ac,ENCSR869KBA,1
ENCSR449AUD,https://www.encodeproject.org/files/ENCFF180CNR/@@download/ENCFF180CNR.fastq.gz,,1,H3K27ac,ENCSR869KBA,1
ENCSR449AUD,https://www.encodeproject.org/files/ENCFF714SGL/@@download/ENCFF714SGL.fastq.gz,,1,H3K27ac,ENCSR869KBA,1
ENCSR449AUD,https://www.encodeproject.org/files/ENCFF842VSJ/@@download/ENCFF842VSJ.fastq.gz,,1,H3K27ac,ENCSR869KBA,1
ENCSR449AXO,https://www.encodeproject.org/files/ENCFF181EVF/@@download/ENCFF181EVF.fastq.gz,,1,H3K27ac,ENCSR603SVD,1
ENCSR449AXO,https://www.encodeproject.org/files/ENCFF785ZLV/@@download/ENCFF785ZLV.fastq.gz,,1,H3K27ac,ENCSR603SVD,1
ENCSR449AXO,https://www.encodeproject.org/files/ENCFF860HDF/@@download/ENCFF860HDF.fastq.gz,,1,H3K27ac,ENCSR603SVD,1
ENCSR449AXO,https://www.encodeproject.org/files/ENCFF932YFI/@@download/ENCFF932YFI.fastq.gz,,2,H3K27ac,ENCSR603SVD,2
ENCSR451WXC,https://www.encodeproject.org/files/ENCFF097DJJ/@@download/ENCFF097DJJ.fastq.gz,,1,H3K27ac,ENCSR354HOM,1
ENCSR451WXC,https://www.encodeproject.org/files/ENCFF815UIL/@@download/ENCFF815UIL.fastq.gz,,1,H3K27ac,ENCSR354HOM,1
ENCSR451WXC,https://www.encodeproject.org/files/ENCFF161DOP/@@download/ENCFF161DOP.fastq.gz,,2,H3K27ac,ENCSR354HOM,2
ENCSR453MUW,https://www.encodeproject.org/files/ENCFF542FRC/@@download/ENCFF542FRC.fastq.gz,,1,H3K27ac,ENCSR750DLX,1
ENCSR453MUW,https://www.encodeproject.org/files/ENCFF571QQY/@@download/ENCFF571QQY.fastq.gz,,1,H3K27ac,ENCSR750DLX,1
ENCSR453MUW,https://www.encodeproject.org/files/ENCFF190JZI/@@download/ENCFF190JZI.fastq.gz,,1,H3K27ac,ENCSR750DLX,1
ENCSR453MUW,https://www.encodeproject.org/files/ENCFF736PMU/@@download/ENCFF736PMU.fastq.gz,,1,H3K27ac,ENCSR750DLX,1
ENCSR454VRA,https://www.encodeproject.org/files/ENCFF910WPG/@@download/ENCFF910WPG.fastq.gz,,1,H3K27ac,ENCSR687YOP,1
ENCSR458RRZ,https://www.encodeproject.org/files/ENCFF007GTB/@@download/ENCFF007GTB.fastq.gz,,1,H3K27ac,ENCSR059QYS,1
ENCSR458RRZ,https://www.encodeproject.org/files/ENCFF654JFS/@@download/ENCFF654JFS.fastq.gz,,1,H3K27ac,ENCSR059QYS,1
ENCSR461GYN,https://www.encodeproject.org/files/ENCFF028YAJ/@@download/ENCFF028YAJ.fastq.gz,,1,H3K27ac,ENCSR518COE,1
ENCSR461GYN,https://www.encodeproject.org/files/ENCFF235FGT/@@download/ENCFF235FGT.fastq.gz,,1,H3K27ac,ENCSR518COE,1
ENCSR461GYN,https://www.encodeproject.org/files/ENCFF261QTA/@@download/ENCFF261QTA.fastq.gz,,1,H3K27ac,ENCSR518COE,1
ENCSR461GYN,https://www.encodeproject.org/files/ENCFF389MOB/@@download/ENCFF389MOB.fastq.gz,,1,H3K27ac,ENCSR518COE,1
ENCSR461GYN,https://www.encodeproject.org/files/ENCFF129FUH/@@download/ENCFF129FUH.fastq.gz,,1,H3K27ac,ENCSR518COE,1
ENCSR461GYN,https://www.encodeproject.org/files/ENCFF275GQH/@@download/ENCFF275GQH.fastq.gz,,1,H3K27ac,ENCSR518COE,1
ENCSR461GYN,https://www.encodeproject.org/files/ENCFF323IAD/@@download/ENCFF323IAD.fastq.gz,,1,H3K27ac,ENCSR518COE,1
ENCSR461GYN,https://www.encodeproject.org/files/ENCFF510DWR/@@download/ENCFF510DWR.fastq.gz,,1,H3K27ac,ENCSR518COE,1
ENCSR463NAD,https://www.encodeproject.org/files/ENCFF332FRQ/@@download/ENCFF332FRQ.fastq.gz,,1,H3K27ac,ENCSR644XSS,1
ENCSR463NAD,https://www.encodeproject.org/files/ENCFF523OMX/@@download/ENCFF523OMX.fastq.gz,,1,H3K27ac,ENCSR644XSS,1
ENCSR463NAD,https://www.encodeproject.org/files/ENCFF005SHK/@@download/ENCFF005SHK.fastq.gz,,1,H3K27ac,ENCSR644XSS,1
ENCSR463NAD,https://www.encodeproject.org/files/ENCFF943HSW/@@download/ENCFF943HSW.fastq.gz,,1,H3K27ac,ENCSR644XSS,1
ENCSR473PNT,https://www.encodeproject.org/files/ENCFF826BHT/@@download/ENCFF826BHT.fastq.gz,,1,H3K27ac,ENCSR810RRR,1
ENCSR473PNT,https://www.encodeproject.org/files/ENCFF296LHG/@@download/ENCFF296LHG.fastq.gz,,2,H3K27ac,ENCSR810RRR,1
ENCSR480OHP,https://www.encodeproject.org/files/ENCFF414EFW/@@download/ENCFF414EFW.fastq.gz,,1,H3K27ac,ENCSR344CSQ,1
ENCSR480OHP,https://www.encodeproject.org/files/ENCFF840SQZ/@@download/ENCFF840SQZ.fastq.gz,,2,H3K27ac,ENCSR344CSQ,2
ENCSR480OHP,https://www.encodeproject.org/files/ENCFF308IPW/@@download/ENCFF308IPW.fastq.gz,,3,H3K27ac,ENCSR344CSQ,3
ENCSR489LNU,https://www.encodeproject.org/files/ENCFF835LRE/@@download/ENCFF835LRE.fastq.gz,https://www.encodeproject.org/files/ENCFF607GJN/@@download/ENCFF607GJN.fastq.gz,1,H3K27ac,ENCSR744SMV,1
ENCSR489LNU,https://www.encodeproject.org/files/ENCFF612LBV/@@download/ENCFF612LBV.fastq.gz,https://www.encodeproject.org/files/ENCFF979LSF/@@download/ENCFF979LSF.fastq.gz,2,H3K27ac,ENCSR744SMV,1
ENCSR492PXH,https://www.encodeproject.org/files/ENCFF498IZX/@@download/ENCFF498IZX.fastq.gz,,1,H3K27ac,ENCSR770VVH,1
ENCSR492PXH,https://www.encodeproject.org/files/ENCFF559TIJ/@@download/ENCFF559TIJ.fastq.gz,,1,H3K27ac,ENCSR770VVH,1
ENCSR494MDB,https://www.encodeproject.org/files/ENCFF114WZC/@@download/ENCFF114WZC.fastq.gz,,1,H3K27ac,ENCSR831HVP,1
ENCSR494MDB,https://www.encodeproject.org/files/ENCFF187DMK/@@download/ENCFF187DMK.fastq.gz,,1,H3K27ac,ENCSR831HVP,1
ENCSR494MDB,https://www.encodeproject.org/files/ENCFF259GUJ/@@download/ENCFF259GUJ.fastq.gz,,1,H3K27ac,ENCSR831HVP,1
ENCSR494MDB,https://www.encodeproject.org/files/ENCFF538UQH/@@download/ENCFF538UQH.fastq.gz,,1,H3K27ac,ENCSR831HVP,1
ENCSR494MDB,https://www.encodeproject.org/files/ENCFF929PSA/@@download/ENCFF929PSA.fastq.gz,,1,H3K27ac,ENCSR831HVP,1
ENCSR494MDB,https://www.encodeproject.org/files/ENCFF987MFO/@@download/ENCFF987MFO.fastq.gz,,1,H3K27ac,ENCSR831HVP,1
ENCSR494WCX,https://www.encodeproject.org/files/ENCFF121BFB/@@download/ENCFF121BFB.fastq.gz,,1,H3K27ac,ENCSR936CZX,1
ENCSR494WCX,https://www.encodeproject.org/files/ENCFF364QDF/@@download/ENCFF364QDF.fastq.gz,,1,H3K27ac,ENCSR936CZX,1
ENCSR494WCX,https://www.encodeproject.org/files/ENCFF650ZOB/@@download/ENCFF650ZOB.fastq.gz,,1,H3K27ac,ENCSR936CZX,1
ENCSR494WCX,https://www.encodeproject.org/files/ENCFF879SZG/@@download/ENCFF879SZG.fastq.gz,,1,H3K27ac,ENCSR936CZX,1
ENCSR494WCX,https://www.encodeproject.org/files/ENCFF204VTA/@@download/ENCFF204VTA.fastq.gz,,1,H3K27ac,ENCSR936CZX,1
ENCSR494WCX,https://www.encodeproject.org/files/ENCFF365BCW/@@download/ENCFF365BCW.fastq.gz,,1,H3K27ac,ENCSR936CZX,1
ENCSR494WCX,https://www.encodeproject.org/files/ENCFF400NTY/@@download/ENCFF400NTY.fastq.gz,,1,H3K27ac,ENCSR936CZX,1
ENCSR494WCX,https://www.encodeproject.org/files/ENCFF683OAE/@@download/ENCFF683OAE.fastq.gz,,1,H3K27ac,ENCSR936CZX,1
ENCSR495HIT,https://www.encodeproject.org/files/ENCFF060LUF/@@download/ENCFF060LUF.fastq.gz,,1,H3K27ac,ENCSR714GKF,1
ENCSR495HIT,https://www.encodeproject.org/files/ENCFF082MCM/@@download/ENCFF082MCM.fastq.gz,,1,H3K27ac,ENCSR714GKF,1
ENCSR495HIT,https://www.encodeproject.org/files/ENCFF241QYB/@@download/ENCFF241QYB.fastq.gz,,1,H3K27ac,ENCSR714GKF,1
ENCSR495HIT,https://www.encodeproject.org/files/ENCFF861YZF/@@download/ENCFF861YZF.fastq.gz,,1,H3K27ac,ENCSR714GKF,1
ENCSR495HIT,https://www.encodeproject.org/files/ENCFF173GKZ/@@download/ENCFF173GKZ.fastq.gz,,1,H3K27ac,ENCSR714GKF,1
ENCSR495HIT,https://www.encodeproject.org/files/ENCFF249HXQ/@@download/ENCFF249HXQ.fastq.gz,,1,H3K27ac,ENCSR714GKF,1
ENCSR495HIT,https://www.encodeproject.org/files/ENCFF350IXL/@@download/ENCFF350IXL.fastq.gz,,1,H3K27ac,ENCSR714GKF,1
ENCSR495HIT,https://www.encodeproject.org/files/ENCFF840XPF/@@download/ENCFF840XPF.fastq.gz,,1,H3K27ac,ENCSR714GKF,1
ENCSR498NGT,https://www.encodeproject.org/files/ENCFF099CRI/@@download/ENCFF099CRI.fastq.gz,,1,H3K27ac,ENCSR629GZZ,1
ENCSR498NGT,https://www.encodeproject.org/files/ENCFF260QOD/@@download/ENCFF260QOD.fastq.gz,,1,H3K27ac,ENCSR629GZZ,1
ENCSR498NGT,https://www.encodeproject.org/files/ENCFF446BTE/@@download/ENCFF446BTE.fastq.gz,,1,H3K27ac,ENCSR629GZZ,1
ENCSR498NGT,https://www.encodeproject.org/files/ENCFF913QYA/@@download/ENCFF913QYA.fastq.gz,,1,H3K27ac,ENCSR629GZZ,1
ENCSR498NGT,https://www.encodeproject.org/files/ENCFF070KGS/@@download/ENCFF070KGS.fastq.gz,,1,H3K27ac,ENCSR629GZZ,1
ENCSR498NGT,https://www.encodeproject.org/files/ENCFF433JGI/@@download/ENCFF433JGI.fastq.gz,,1,H3K27ac,ENCSR629GZZ,1
ENCSR498NGT,https://www.encodeproject.org/files/ENCFF446NCA/@@download/ENCFF446NCA.fastq.gz,,1,H3K27ac,ENCSR629GZZ,1
ENCSR498NGT,https://www.encodeproject.org/files/ENCFF678TKI/@@download/ENCFF678TKI.fastq.gz,,1,H3K27ac,ENCSR629GZZ,1
ENCSR498ZRC,https://www.encodeproject.org/files/ENCFF493XWO/@@download/ENCFF493XWO.fastq.gz,,1,H3K27ac,ENCSR278VUZ,1
ENCSR498ZRC,https://www.encodeproject.org/files/ENCFF907YMF/@@download/ENCFF907YMF.fastq.gz,,1,H3K27ac,ENCSR278VUZ,1
ENCSR499IIR,https://www.encodeproject.org/files/ENCFF268JFA/@@download/ENCFF268JFA.fastq.gz,,1,H3K27ac,ENCSR749PIF,1
ENCSR499IIR,https://www.encodeproject.org/files/ENCFF560TZD/@@download/ENCFF560TZD.fastq.gz,,1,H3K27ac,ENCSR749PIF,1
ENCSR499IIR,https://www.encodeproject.org/files/ENCFF660TAC/@@download/ENCFF660TAC.fastq.gz,,1,H3K27ac,ENCSR749PIF,1
ENCSR499IIR,https://www.encodeproject.org/files/ENCFF821URT/@@download/ENCFF821URT.fastq.gz,,1,H3K27ac,ENCSR749PIF,1
ENCSR500YBS,https://www.encodeproject.org/files/ENCFF089KJG/@@download/ENCFF089KJG.fastq.gz,,1,H3K27ac,ENCSR347VUG,1
ENCSR500YBS,https://www.encodeproject.org/files/ENCFF431PJB/@@download/ENCFF431PJB.fastq.gz,,1,H3K27ac,ENCSR347VUG,1
ENCSR500YBS,https://www.encodeproject.org/files/ENCFF908MFI/@@download/ENCFF908MFI.fastq.gz,,1,H3K27ac,ENCSR347VUG,1
ENCSR500YBS,https://www.encodeproject.org/files/ENCFF912LCB/@@download/ENCFF912LCB.fastq.gz,,1,H3K27ac,ENCSR347VUG,1
ENCSR505OPZ,https://www.encodeproject.org/files/ENCFF093XFY/@@download/ENCFF093XFY.fastq.gz,,1,H3K27ac,ENCSR086NVH,1
ENCSR505OPZ,https://www.encodeproject.org/files/ENCFF539GZC/@@download/ENCFF539GZC.fastq.gz,,1,H3K27ac,ENCSR086NVH,1
ENCSR505OPZ,https://www.encodeproject.org/files/ENCFF504WFG/@@download/ENCFF504WFG.fastq.gz,,2,H3K27ac,ENCSR086NVH,1
ENCSR505YFA,https://www.encodeproject.org/files/ENCFF422NTI/@@download/ENCFF422NTI.fastq.gz,,1,H3K27ac,ENCSR746QZL,1
ENCSR505YFA,https://www.encodeproject.org/files/ENCFF718IVP/@@download/ENCFF718IVP.fastq.gz,,1,H3K27ac,ENCSR746QZL,1
ENCSR505YFA,https://www.encodeproject.org/files/ENCFF198EEZ/@@download/ENCFF198EEZ.fastq.gz,,1,H3K27ac,ENCSR746QZL,1
ENCSR505YFA,https://www.encodeproject.org/files/ENCFF669EXG/@@download/ENCFF669EXG.fastq.gz,,1,H3K27ac,ENCSR746QZL,1
ENCSR506FPQ,https://www.encodeproject.org/files/ENCFF279BJW/@@download/ENCFF279BJW.fastq.gz,,1,H3K27ac,ENCSR954ZQC,1
ENCSR506FPQ,https://www.encodeproject.org/files/ENCFF547COM/@@download/ENCFF547COM.fastq.gz,,2,H3K27ac,ENCSR954ZQC,2
ENCSR507SRD,https://www.encodeproject.org/files/ENCFF235EAQ/@@download/ENCFF235EAQ.fastq.gz,,1,H3K27ac,ENCSR461UOU,1
ENCSR507SRD,https://www.encodeproject.org/files/ENCFF675ENR/@@download/ENCFF675ENR.fastq.gz,,1,H3K27ac,ENCSR461UOU,1
ENCSR507UDH,https://www.encodeproject.org/files/ENCFF343XGX/@@download/ENCFF343XGX.fastq.gz,,1,H3K27ac,ENCSR107PGG,1
ENCSR507UDH,https://www.encodeproject.org/files/ENCFF667AVG/@@download/ENCFF667AVG.fastq.gz,,1,H3K27ac,ENCSR107PGG,1
ENCSR507UDH,https://www.encodeproject.org/files/ENCFF778YPM/@@download/ENCFF778YPM.fastq.gz,,2,H3K27ac,ENCSR107PGG,2
ENCSR510RPC,https://www.encodeproject.org/files/ENCFF126VIJ/@@download/ENCFF126VIJ.fastq.gz,,1,H3K27ac,ENCSR650AIN,1
ENCSR510RPC,https://www.encodeproject.org/files/ENCFF130ESY/@@download/ENCFF130ESY.fastq.gz,,1,H3K27ac,ENCSR650AIN,1
ENCSR510RPC,https://www.encodeproject.org/files/ENCFF603MQF/@@download/ENCFF603MQF.fastq.gz,,1,H3K27ac,ENCSR650AIN,1
ENCSR510RPC,https://www.encodeproject.org/files/ENCFF971LLE/@@download/ENCFF971LLE.fastq.gz,,1,H3K27ac,ENCSR650AIN,1
ENCSR510RPC,https://www.encodeproject.org/files/ENCFF642MNO/@@download/ENCFF642MNO.fastq.gz,,1,H3K27ac,ENCSR650AIN,1
ENCSR510RPC,https://www.encodeproject.org/files/ENCFF852CPT/@@download/ENCFF852CPT.fastq.gz,,1,H3K27ac,ENCSR650AIN,1
ENCSR510RPC,https://www.encodeproject.org/files/ENCFF875AVJ/@@download/ENCFF875AVJ.fastq.gz,,1,H3K27ac,ENCSR650AIN,1
ENCSR510RPC,https://www.encodeproject.org/files/ENCFF990PEP/@@download/ENCFF990PEP.fastq.gz,,1,H3K27ac,ENCSR650AIN,1
ENCSR516LQO,https://www.encodeproject.org/files/ENCFF213ELY/@@download/ENCFF213ELY.fastq.gz,,1,H3K27ac,ENCSR329HFV,1
ENCSR516LQO,https://www.encodeproject.org/files/ENCFF368PGD/@@download/ENCFF368PGD.fastq.gz,,1,H3K27ac,ENCSR329HFV,1
ENCSR516LQO,https://www.encodeproject.org/files/ENCFF081DAH/@@download/ENCFF081DAH.fastq.gz,,1,H3K27ac,ENCSR329HFV,1
ENCSR516LQO,https://www.encodeproject.org/files/ENCFF706BWH/@@download/ENCFF706BWH.fastq.gz,,1,H3K27ac,ENCSR329HFV,1
ENCSR516LQO,https://www.encodeproject.org/files/ENCFF682VVP/@@download/ENCFF682VVP.fastq.gz,,1,H3K27ac,ENCSR329HFV,1
ENCSR516LQO,https://www.encodeproject.org/files/ENCFF870JOL/@@download/ENCFF870JOL.fastq.gz,,1,H3K27ac,ENCSR329HFV,1
ENCSR517NSQ,https://www.encodeproject.org/files/ENCFF389KOP/@@download/ENCFF389KOP.fastq.gz,,1,H3K27ac,ENCSR696HNV,1
ENCSR517NSQ,https://www.encodeproject.org/files/ENCFF407JCA/@@download/ENCFF407JCA.fastq.gz,,1,H3K27ac,ENCSR696HNV,1
ENCSR517NSQ,https://www.encodeproject.org/files/ENCFF594NQK/@@download/ENCFF594NQK.fastq.gz,,1,H3K27ac,ENCSR696HNV,1
ENCSR517NSQ,https://www.encodeproject.org/files/ENCFF890WYU/@@download/ENCFF890WYU.fastq.gz,,1,H3K27ac,ENCSR696HNV,1
ENCSR517NSQ,https://www.encodeproject.org/files/ENCFF182PDT/@@download/ENCFF182PDT.fastq.gz,,1,H3K27ac,ENCSR696HNV,1
ENCSR517NSQ,https://www.encodeproject.org/files/ENCFF679XFV/@@download/ENCFF679XFV.fastq.gz,,1,H3K27ac,ENCSR696HNV,1
ENCSR517NSQ,https://www.encodeproject.org/files/ENCFF783TZB/@@download/ENCFF783TZB.fastq.gz,,1,H3K27ac,ENCSR696HNV,1
ENCSR517NSQ,https://www.encodeproject.org/files/ENCFF982RUE/@@download/ENCFF982RUE.fastq.gz,,1,H3K27ac,ENCSR696HNV,1
ENCSR519CFV,https://www.encodeproject.org/files/ENCFF304OFY/@@download/ENCFF304OFY.fastq.gz,,1,H3K27ac,ENCSR201KGX,1
ENCSR520BIM,https://www.encodeproject.org/files/ENCFF770ACG/@@download/ENCFF770ACG.fastq.gz,,1,H3K27ac,ENCSR888RBQ,1
ENCSR520BIM,https://www.encodeproject.org/files/ENCFF479ECJ/@@download/ENCFF479ECJ.fastq.gz,,1,H3K27ac,ENCSR888RBQ,1
ENCSR520BIM,https://www.encodeproject.org/files/ENCFF133UID/@@download/ENCFF133UID.fastq.gz,,2,H3K27ac,ENCSR888RBQ,1
ENCSR520KVD,https://www.encodeproject.org/files/ENCFF426ODK/@@download/ENCFF426ODK.fastq.gz,,1,H3K27ac,ENCSR874WOQ,1
ENCSR520KVD,https://www.encodeproject.org/files/ENCFF626EVU/@@download/ENCFF626EVU.fastq.gz,,1,H3K27ac,ENCSR874WOQ,1
ENCSR520KVD,https://www.encodeproject.org/files/ENCFF685AHU/@@download/ENCFF685AHU.fastq.gz,,1,H3K27ac,ENCSR874WOQ,1
ENCSR520KVD,https://www.encodeproject.org/files/ENCFF998PWB/@@download/ENCFF998PWB.fastq.gz,,1,H3K27ac,ENCSR874WOQ,1
ENCSR520KVD,https://www.encodeproject.org/files/ENCFF135TMO/@@download/ENCFF135TMO.fastq.gz,,1,H3K27ac,ENCSR874WOQ,1
ENCSR520KVD,https://www.encodeproject.org/files/ENCFF221BJZ/@@download/ENCFF221BJZ.fastq.gz,,1,H3K27ac,ENCSR874WOQ,1
ENCSR520KVD,https://www.encodeproject.org/files/ENCFF267HVH/@@download/ENCFF267HVH.fastq.gz,,1,H3K27ac,ENCSR874WOQ,1
ENCSR520KVD,https://www.encodeproject.org/files/ENCFF372LKU/@@download/ENCFF372LKU.fastq.gz,,1,H3K27ac,ENCSR874WOQ,1
ENCSR522MTS,https://www.encodeproject.org/files/ENCFF713DNF/@@download/ENCFF713DNF.fastq.gz,,1,H3K27ac,ENCSR147KFH,1
ENCSR522MTS,https://www.encodeproject.org/files/ENCFF769EGQ/@@download/ENCFF769EGQ.fastq.gz,,1,H3K27ac,ENCSR147KFH,1
ENCSR522MTS,https://www.encodeproject.org/files/ENCFF267XKE/@@download/ENCFF267XKE.fastq.gz,,1,H3K27ac,ENCSR147KFH,1
ENCSR522MTS,https://www.encodeproject.org/files/ENCFF396KLB/@@download/ENCFF396KLB.fastq.gz,,1,H3K27ac,ENCSR147KFH,1
ENCSR524MPL,https://www.encodeproject.org/files/ENCFF677RRL/@@download/ENCFF677RRL.fastq.gz,,1,H3K27ac,ENCSR613JAK,1
ENCSR524MPL,https://www.encodeproject.org/files/ENCFF783YYZ/@@download/ENCFF783YYZ.fastq.gz,,1,H3K27ac,ENCSR613JAK,1
ENCSR524MPL,https://www.encodeproject.org/files/ENCFF810NXD/@@download/ENCFF810NXD.fastq.gz,,1,H3K27ac,ENCSR613JAK,1
ENCSR524MPL,https://www.encodeproject.org/files/ENCFF821RSS/@@download/ENCFF821RSS.fastq.gz,,1,H3K27ac,ENCSR613JAK,1
ENCSR524MPL,https://www.encodeproject.org/files/ENCFF215JOA/@@download/ENCFF215JOA.fastq.gz,,1,H3K27ac,ENCSR613JAK,1
ENCSR524MPL,https://www.encodeproject.org/files/ENCFF248SFI/@@download/ENCFF248SFI.fastq.gz,,1,H3K27ac,ENCSR613JAK,1
ENCSR524MPL,https://www.encodeproject.org/files/ENCFF320JEV/@@download/ENCFF320JEV.fastq.gz,,1,H3K27ac,ENCSR613JAK,1
ENCSR524MPL,https://www.encodeproject.org/files/ENCFF467IAB/@@download/ENCFF467IAB.fastq.gz,,1,H3K27ac,ENCSR613JAK,1
ENCSR526RGE,https://www.encodeproject.org/files/ENCFF077YQD/@@download/ENCFF077YQD.fastq.gz,,1,H3K27ac,ENCSR704JMY,1
ENCSR526RGE,https://www.encodeproject.org/files/ENCFF200MUG/@@download/ENCFF200MUG.fastq.gz,,1,H3K27ac,ENCSR704JMY,1
ENCSR526RGE,https://www.encodeproject.org/files/ENCFF385NML/@@download/ENCFF385NML.fastq.gz,,1,H3K27ac,ENCSR704JMY,1
ENCSR526RGE,https://www.encodeproject.org/files/ENCFF744CAZ/@@download/ENCFF744CAZ.fastq.gz,,1,H3K27ac,ENCSR704JMY,1
ENCSR531VWS,https://www.encodeproject.org/files/ENCFF415SDR/@@download/ENCFF415SDR.fastq.gz,,1,H3K27ac,ENCSR465UAX,1
ENCSR531VWS,https://www.encodeproject.org/files/ENCFF781OUQ/@@download/ENCFF781OUQ.fastq.gz,,1,H3K27ac,ENCSR465UAX,1
ENCSR531VWS,https://www.encodeproject.org/files/ENCFF865TIV/@@download/ENCFF865TIV.fastq.gz,,1,H3K27ac,ENCSR465UAX,1
ENCSR531VWS,https://www.encodeproject.org/files/ENCFF995LRI/@@download/ENCFF995LRI.fastq.gz,,1,H3K27ac,ENCSR465UAX,1
ENCSR532SRK,https://www.encodeproject.org/files/ENCFF142GFT/@@download/ENCFF142GFT.fastq.gz,,1,H3K27ac,ENCSR058XPK,1
ENCSR532SRK,https://www.encodeproject.org/files/ENCFF412EXJ/@@download/ENCFF412EXJ.fastq.gz,,1,H3K27ac,ENCSR058XPK,1
ENCSR532SRK,https://www.encodeproject.org/files/ENCFF413ZDE/@@download/ENCFF413ZDE.fastq.gz,,1,H3K27ac,ENCSR058XPK,1
ENCSR532SRK,https://www.encodeproject.org/files/ENCFF479WXV/@@download/ENCFF479WXV.fastq.gz,,1,H3K27ac,ENCSR058XPK,1
ENCSR532SRK,https://www.encodeproject.org/files/ENCFF600TXC/@@download/ENCFF600TXC.fastq.gz,,1,H3K27ac,ENCSR058XPK,1
ENCSR532SRK,https://www.encodeproject.org/files/ENCFF787EFK/@@download/ENCFF787EFK.fastq.gz,,1,H3K27ac,ENCSR058XPK,1
ENCSR532SRK,https://www.encodeproject.org/files/ENCFF832CEU/@@download/ENCFF832CEU.fastq.gz,,1,H3K27ac,ENCSR058XPK,1
ENCSR532SRK,https://www.encodeproject.org/files/ENCFF870ZCZ/@@download/ENCFF870ZCZ.fastq.gz,,1,H3K27ac,ENCSR058XPK,1
ENCSR532SRK,https://www.encodeproject.org/files/ENCFF036CKB/@@download/ENCFF036CKB.fastq.gz,,1,H3K27ac,ENCSR058XPK,1
ENCSR532SRK,https://www.encodeproject.org/files/ENCFF436YWS/@@download/ENCFF436YWS.fastq.gz,,1,H3K27ac,ENCSR058XPK,1
ENCSR532SRK,https://www.encodeproject.org/files/ENCFF490FIG/@@download/ENCFF490FIG.fastq.gz,,1,H3K27ac,ENCSR058XPK,1
ENCSR532SRK,https://www.encodeproject.org/files/ENCFF651LIC/@@download/ENCFF651LIC.fastq.gz,,1,H3K27ac,ENCSR058XPK,1
ENCSR535GFO,https://www.encodeproject.org/files/ENCFF482NDH/@@download/ENCFF482NDH.fastq.gz,,1,H3K27ac,ENCSR819JOI,1
ENCSR535GFO,https://www.encodeproject.org/files/ENCFF489IJG/@@download/ENCFF489IJG.fastq.gz,,1,H3K27ac,ENCSR819JOI,1
ENCSR535GFO,https://www.encodeproject.org/files/ENCFF068FUW/@@download/ENCFF068FUW.fastq.gz,,2,H3K27ac,ENCSR819JOI,2
ENCSR535GFO,https://www.encodeproject.org/files/ENCFF147IPQ/@@download/ENCFF147IPQ.fastq.gz,,2,H3K27ac,ENCSR819JOI,2
ENCSR540ADS,https://www.encodeproject.org/files/ENCFF991PYU/@@download/ENCFF991PYU.fastq.gz,,1,H3K27ac,ENCSR061VJM,1
ENCSR540KQC,https://www.encodeproject.org/files/ENCFF606OQS/@@download/ENCFF606OQS.fastq.gz,https://www.encodeproject.org/files/ENCFF156NAI/@@download/ENCFF156NAI.fastq.gz,1,H3K27ac,ENCSR201VAH,1
ENCSR540KQC,https://www.encodeproject.org/files/ENCFF762FYK/@@download/ENCFF762FYK.fastq.gz,https://www.encodeproject.org/files/ENCFF241OCC/@@download/ENCFF241OCC.fastq.gz,2,H3K27ac,ENCSR201VAH,1
ENCSR543CPW,https://www.encodeproject.org/files/ENCFF349RCJ/@@download/ENCFF349RCJ.fastq.gz,,1,H3K27ac,ENCSR687YOP,1
ENCSR543CPW,https://www.encodeproject.org/files/ENCFF668PTO/@@download/ENCFF668PTO.fastq.gz,,1,H3K27ac,ENCSR687YOP,1
ENCSR543CPW,https://www.encodeproject.org/files/ENCFF684LMP/@@download/ENCFF684LMP.fastq.gz,,1,H3K27ac,ENCSR687YOP,1
ENCSR543ZVZ,https://www.encodeproject.org/files/ENCFF898WZH/@@download/ENCFF898WZH.fastq.gz,,1,H3K27ac,ENCSR872BBM,1
ENCSR543ZVZ,https://www.encodeproject.org/files/ENCFF515KIN/@@download/ENCFF515KIN.fastq.gz,,2,H3K27ac,ENCSR872BBM,2
ENCSR543ZVZ,https://www.encodeproject.org/files/ENCFF090HXB/@@download/ENCFF090HXB.fastq.gz,,3,H3K27ac,ENCSR872BBM,3
ENCSR546SDM,https://www.encodeproject.org/files/ENCFF288DIQ/@@download/ENCFF288DIQ.fastq.gz,,1,H3K27ac,ENCSR023HXE,2
ENCSR546SDM,https://www.encodeproject.org/files/ENCFF395JFP/@@download/ENCFF395JFP.fastq.gz,,1,H3K27ac,ENCSR023HXE,2
ENCSR549ZDH,https://www.encodeproject.org/files/ENCFF185BVS/@@download/ENCFF185BVS.fastq.gz,,1,H3K27ac,ENCSR534WQA,1
ENCSR549ZDH,https://www.encodeproject.org/files/ENCFF437BLJ/@@download/ENCFF437BLJ.fastq.gz,,1,H3K27ac,ENCSR534WQA,1
ENCSR549ZDH,https://www.encodeproject.org/files/ENCFF449WXH/@@download/ENCFF449WXH.fastq.gz,,1,H3K27ac,ENCSR534WQA,1
ENCSR549ZDH,https://www.encodeproject.org/files/ENCFF608HEO/@@download/ENCFF608HEO.fastq.gz,,1,H3K27ac,ENCSR534WQA,1
ENCSR549ZDH,https://www.encodeproject.org/files/ENCFF360BGQ/@@download/ENCFF360BGQ.fastq.gz,,1,H3K27ac,ENCSR534WQA,1
ENCSR549ZDH,https://www.encodeproject.org/files/ENCFF547WBV/@@download/ENCFF547WBV.fastq.gz,,1,H3K27ac,ENCSR534WQA,1
ENCSR549ZDH,https://www.encodeproject.org/files/ENCFF760IJT/@@download/ENCFF760IJT.fastq.gz,,1,H3K27ac,ENCSR534WQA,1
ENCSR549ZDH,https://www.encodeproject.org/files/ENCFF924WBA/@@download/ENCFF924WBA.fastq.gz,,1,H3K27ac,ENCSR534WQA,1
ENCSR550WUX,https://www.encodeproject.org/files/ENCFF906WKZ/@@download/ENCFF906WKZ.fastq.gz,,1,H3K27ac,ENCSR577BCL,1
ENCSR554HDT,https://www.encodeproject.org/files/ENCFF173EVP/@@download/ENCFF173EVP.fastq.gz,,1,H3K27ac,ENCSR535VLV,1
ENCSR554HDT,https://www.encodeproject.org/files/ENCFF268FFA/@@download/ENCFF268FFA.fastq.gz,,1,H3K27ac,ENCSR535VLV,1
ENCSR554HDT,https://www.encodeproject.org/files/ENCFF519OHO/@@download/ENCFF519OHO.fastq.gz,,1,H3K27ac,ENCSR535VLV,1
ENCSR554HDT,https://www.encodeproject.org/files/ENCFF922DWE/@@download/ENCFF922DWE.fastq.gz,,1,H3K27ac,ENCSR535VLV,1
ENCSR554HDT,https://www.encodeproject.org/files/ENCFF623ZQN/@@download/ENCFF623ZQN.fastq.gz,,1,H3K27ac,ENCSR535VLV,1
ENCSR554HDT,https://www.encodeproject.org/files/ENCFF640KJX/@@download/ENCFF640KJX.fastq.gz,,1,H3K27ac,ENCSR535VLV,1
ENCSR554HDT,https://www.encodeproject.org/files/ENCFF882CDR/@@download/ENCFF882CDR.fastq.gz,,1,H3K27ac,ENCSR535VLV,1
ENCSR554HDT,https://www.encodeproject.org/files/ENCFF983CAE/@@download/ENCFF983CAE.fastq.gz,,1,H3K27ac,ENCSR535VLV,1
ENCSR555HJT,https://www.encodeproject.org/files/ENCFF791NGT/@@download/ENCFF791NGT.fastq.gz,,1,H3K27ac,ENCSR739QEI,1
ENCSR555HJT,https://www.encodeproject.org/files/ENCFF836GXC/@@download/ENCFF836GXC.fastq.gz,,1,H3K27ac,ENCSR739QEI,1
ENCSR555HJT,https://www.encodeproject.org/files/ENCFF884CXC/@@download/ENCFF884CXC.fastq.gz,,1,H3K27ac,ENCSR739QEI,1
ENCSR555HJT,https://www.encodeproject.org/files/ENCFF911MDY/@@download/ENCFF911MDY.fastq.gz,,1,H3K27ac,ENCSR739QEI,1
ENCSR555HJT,https://www.encodeproject.org/files/ENCFF065CVA/@@download/ENCFF065CVA.fastq.gz,,1,H3K27ac,ENCSR739QEI,1
ENCSR555HJT,https://www.encodeproject.org/files/ENCFF514HWS/@@download/ENCFF514HWS.fastq.gz,,1,H3K27ac,ENCSR739QEI,1
ENCSR555HJT,https://www.encodeproject.org/files/ENCFF865ZYN/@@download/ENCFF865ZYN.fastq.gz,,1,H3K27ac,ENCSR739QEI,1
ENCSR555HJT,https://www.encodeproject.org/files/ENCFF901NND/@@download/ENCFF901NND.fastq.gz,,1,H3K27ac,ENCSR739QEI,1
ENCSR557DFM,https://www.encodeproject.org/files/ENCFF050SFL/@@download/ENCFF050SFL.fastq.gz,,1,H3K27ac,ENCSR694AEQ,1
ENCSR560BEL,https://www.encodeproject.org/files/ENCFF243AKT/@@download/ENCFF243AKT.fastq.gz,,1,H3K27ac,ENCSR111ZAD,1
ENCSR560BEL,https://www.encodeproject.org/files/ENCFF340OUS/@@download/ENCFF340OUS.fastq.gz,,1,H3K27ac,ENCSR111ZAD,1
ENCSR560BEL,https://www.encodeproject.org/files/ENCFF369XDE/@@download/ENCFF369XDE.fastq.gz,,1,H3K27ac,ENCSR111ZAD,1
ENCSR560BEL,https://www.encodeproject.org/files/ENCFF861MFF/@@download/ENCFF861MFF.fastq.gz,,1,H3K27ac,ENCSR111ZAD,1
ENCSR561KOM,https://www.encodeproject.org/files/ENCFF017MGJ/@@download/ENCFF017MGJ.fastq.gz,,1,H3K27ac,ENCSR074WNF,1
ENCSR561KOM,https://www.encodeproject.org/files/ENCFF416ZFL/@@download/ENCFF416ZFL.fastq.gz,,1,H3K27ac,ENCSR074WNF,1
ENCSR561VNL,https://www.encodeproject.org/files/ENCFF084ATK/@@download/ENCFF084ATK.fastq.gz,,1,H3K27ac,ENCSR261PLD,1
ENCSR561VNL,https://www.encodeproject.org/files/ENCFF322FIO/@@download/ENCFF322FIO.fastq.gz,,1,H3K27ac,ENCSR261PLD,1
ENCSR561VNL,https://www.encodeproject.org/files/ENCFF779EVG/@@download/ENCFF779EVG.fastq.gz,,1,H3K27ac,ENCSR261PLD,1
ENCSR561VNL,https://www.encodeproject.org/files/ENCFF941MIA/@@download/ENCFF941MIA.fastq.gz,,1,H3K27ac,ENCSR261PLD,1
ENCSR561VNL,https://www.encodeproject.org/files/ENCFF223NSQ/@@download/ENCFF223NSQ.fastq.gz,,1,H3K27ac,ENCSR261PLD,1
ENCSR561VNL,https://www.encodeproject.org/files/ENCFF450GIA/@@download/ENCFF450GIA.fastq.gz,,1,H3K27ac,ENCSR261PLD,1
ENCSR561VNL,https://www.encodeproject.org/files/ENCFF773CIV/@@download/ENCFF773CIV.fastq.gz,,1,H3K27ac,ENCSR261PLD,1
ENCSR561VNL,https://www.encodeproject.org/files/ENCFF776JFF/@@download/ENCFF776JFF.fastq.gz,,1,H3K27ac,ENCSR261PLD,1
ENCSR561YSH,https://www.encodeproject.org/files/ENCFF375GAE/@@download/ENCFF375GAE.fastq.gz,,1,H3K27ac,ENCSR574WQE,1
ENCSR564IGJ,https://www.encodeproject.org/files/ENCFF058ORR/@@download/ENCFF058ORR.fastq.gz,https://www.encodeproject.org/files/ENCFF400KBR/@@download/ENCFF400KBR.fastq.gz,1,H3K27ac,ENCSR185OHN,1
ENCSR564IGJ,https://www.encodeproject.org/files/ENCFF979ZVI/@@download/ENCFF979ZVI.fastq.gz,https://www.encodeproject.org/files/ENCFF078ZJJ/@@download/ENCFF078ZJJ.fastq.gz,2,H3K27ac,ENCSR185OHN,2
ENCSR564WJA,https://www.encodeproject.org/files/ENCFF121CDZ/@@download/ENCFF121CDZ.fastq.gz,,1,H3K27ac,ENCSR955OYW,1
ENCSR564WJA,https://www.encodeproject.org/files/ENCFF235AXZ/@@download/ENCFF235AXZ.fastq.gz,,1,H3K27ac,ENCSR955OYW,1
ENCSR564WJA,https://www.encodeproject.org/files/ENCFF808LUK/@@download/ENCFF808LUK.fastq.gz,,1,H3K27ac,ENCSR955OYW,1
ENCSR564WJA,https://www.encodeproject.org/files/ENCFF879ZCL/@@download/ENCFF879ZCL.fastq.gz,,1,H3K27ac,ENCSR955OYW,1
ENCSR564WJA,https://www.encodeproject.org/files/ENCFF453JRN/@@download/ENCFF453JRN.fastq.gz,,1,H3K27ac,ENCSR955OYW,1
ENCSR564WJA,https://www.encodeproject.org/files/ENCFF519TMX/@@download/ENCFF519TMX.fastq.gz,,1,H3K27ac,ENCSR955OYW,1
ENCSR564WJA,https://www.encodeproject.org/files/ENCFF740RUL/@@download/ENCFF740RUL.fastq.gz,,1,H3K27ac,ENCSR955OYW,1
ENCSR564WJA,https://www.encodeproject.org/files/ENCFF805XNT/@@download/ENCFF805XNT.fastq.gz,,1,H3K27ac,ENCSR955OYW,1
ENCSR569IBY,https://www.encodeproject.org/files/ENCFF767ZJC/@@download/ENCFF767ZJC.fastq.gz,,1,H3K27ac,ENCSR317VER,1
ENCSR569IBY,https://www.encodeproject.org/files/ENCFF491HHW/@@download/ENCFF491HHW.fastq.gz,,2,H3K27ac,ENCSR317VER,2
ENCSR569IBY,https://www.encodeproject.org/files/ENCFF945TBK/@@download/ENCFF945TBK.fastq.gz,,3,H3K27ac,ENCSR317VER,3
ENCSR577GVS,https://www.encodeproject.org/files/ENCFF738RYO/@@download/ENCFF738RYO.fastq.gz,,1,H3K27ac,ENCSR831CKP,1
ENCSR577GVS,https://www.encodeproject.org/files/ENCFF952ZBM/@@download/ENCFF952ZBM.fastq.gz,,1,H3K27ac,ENCSR831CKP,1
ENCSR579YLO,https://www.encodeproject.org/files/ENCFF217DQV/@@download/ENCFF217DQV.fastq.gz,,1,H3K27ac,ENCSR563EFJ,1
ENCSR579YLO,https://www.encodeproject.org/files/ENCFF289TNM/@@download/ENCFF289TNM.fastq.gz,,1,H3K27ac,ENCSR563EFJ,1
ENCSR581KPP,https://www.encodeproject.org/files/ENCFF382WOO/@@download/ENCFF382WOO.fastq.gz,,1,H3K27ac,ENCSR772LYM,1
ENCSR581KPP,https://www.encodeproject.org/files/ENCFF790DUR/@@download/ENCFF790DUR.fastq.gz,,1,H3K27ac,ENCSR772LYM,1
ENCSR581KPP,https://www.encodeproject.org/files/ENCFF861OPA/@@download/ENCFF861OPA.fastq.gz,,1,H3K27ac,ENCSR772LYM,1
ENCSR581KPP,https://www.encodeproject.org/files/ENCFF882LAK/@@download/ENCFF882LAK.fastq.gz,,1,H3K27ac,ENCSR772LYM,1
ENCSR581KPP,https://www.encodeproject.org/files/ENCFF280EIY/@@download/ENCFF280EIY.fastq.gz,,1,H3K27ac,ENCSR772LYM,1
ENCSR581KPP,https://www.encodeproject.org/files/ENCFF422YFJ/@@download/ENCFF422YFJ.fastq.gz,,1,H3K27ac,ENCSR772LYM,1
ENCSR581KPP,https://www.encodeproject.org/files/ENCFF494SYJ/@@download/ENCFF494SYJ.fastq.gz,,1,H3K27ac,ENCSR772LYM,1
ENCSR581KPP,https://www.encodeproject.org/files/ENCFF513ZDU/@@download/ENCFF513ZDU.fastq.gz,,1,H3K27ac,ENCSR772LYM,1
ENCSR582UTE,https://www.encodeproject.org/files/ENCFF282DOJ/@@download/ENCFF282DOJ.fastq.gz,,1,H3K27ac,ENCSR975PED,1
ENCSR593INW,https://www.encodeproject.org/files/ENCFF182FPX/@@download/ENCFF182FPX.fastq.gz,,1,H3K27ac,ENCSR803JPO,1
ENCSR593INW,https://www.encodeproject.org/files/ENCFF472SZN/@@download/ENCFF472SZN.fastq.gz,,1,H3K27ac,ENCSR803JPO,1
ENCSR593INW,https://www.encodeproject.org/files/ENCFF707OJX/@@download/ENCFF707OJX.fastq.gz,,1,H3K27ac,ENCSR803JPO,1
ENCSR593INW,https://www.encodeproject.org/files/ENCFF986ZAV/@@download/ENCFF986ZAV.fastq.gz,,1,H3K27ac,ENCSR803JPO,1
ENCSR593INW,https://www.encodeproject.org/files/ENCFF217IJW/@@download/ENCFF217IJW.fastq.gz,,1,H3K27ac,ENCSR803JPO,1
ENCSR593INW,https://www.encodeproject.org/files/ENCFF869PEP/@@download/ENCFF869PEP.fastq.gz,,1,H3K27ac,ENCSR803JPO,1
ENCSR593INW,https://www.encodeproject.org/files/ENCFF118GIP/@@download/ENCFF118GIP.fastq.gz,,2,H3K27ac,ENCSR803JPO,2
ENCSR593INW,https://www.encodeproject.org/files/ENCFF133JDR/@@download/ENCFF133JDR.fastq.gz,,2,H3K27ac,ENCSR803JPO,2
ENCSR593INW,https://www.encodeproject.org/files/ENCFF753OIX/@@download/ENCFF753OIX.fastq.gz,,2,H3K27ac,ENCSR803JPO,2
ENCSR593INW,https://www.encodeproject.org/files/ENCFF800EUJ/@@download/ENCFF800EUJ.fastq.gz,,2,H3K27ac,ENCSR803JPO,2
ENCSR593INW,https://www.encodeproject.org/files/ENCFF038GOC/@@download/ENCFF038GOC.fastq.gz,,2,H3K27ac,ENCSR803JPO,2
ENCSR593INW,https://www.encodeproject.org/files/ENCFF420QFH/@@download/ENCFF420QFH.fastq.gz,,2,H3K27ac,ENCSR803JPO,2
ENCSR593INW,https://www.encodeproject.org/files/ENCFF440LEQ/@@download/ENCFF440LEQ.fastq.gz,,2,H3K27ac,ENCSR803JPO,2
ENCSR593INW,https://www.encodeproject.org/files/ENCFF758QZC/@@download/ENCFF758QZC.fastq.gz,,2,H3K27ac,ENCSR803JPO,2
ENCSR593KDJ,https://www.encodeproject.org/files/ENCFF231NGE/@@download/ENCFF231NGE.fastq.gz,,1,H3K27ac,ENCSR195BZZ,1
ENCSR593KDJ,https://www.encodeproject.org/files/ENCFF996SHZ/@@download/ENCFF996SHZ.fastq.gz,,1,H3K27ac,ENCSR195BZZ,1
ENCSR596PFU,https://www.encodeproject.org/files/ENCFF015KLH/@@download/ENCFF015KLH.fastq.gz,,1,H3K27ac,ENCSR099LGH,1
ENCSR597BWL,https://www.encodeproject.org/files/ENCFF570KZO/@@download/ENCFF570KZO.fastq.gz,,1,H3K27ac,ENCSR777VQP,1
ENCSR597BWL,https://www.encodeproject.org/files/ENCFF176GZS/@@download/ENCFF176GZS.fastq.gz,,2,H3K27ac,ENCSR777VQP,1
ENCSR597RXN,https://www.encodeproject.org/files/ENCFF002QXP/@@download/ENCFF002QXP.fastq.gz,,1,H3K27ac,ENCSR770XRC,1
ENCSR597RXN,https://www.encodeproject.org/files/ENCFF083MEO/@@download/ENCFF083MEO.fastq.gz,,1,H3K27ac,ENCSR770XRC,1
ENCSR597RXN,https://www.encodeproject.org/files/ENCFF308JUI/@@download/ENCFF308JUI.fastq.gz,,1,H3K27ac,ENCSR770XRC,1
ENCSR597RXN,https://www.encodeproject.org/files/ENCFF636NDQ/@@download/ENCFF636NDQ.fastq.gz,,1,H3K27ac,ENCSR770XRC,1
ENCSR597RXN,https://www.encodeproject.org/files/ENCFF246KCJ/@@download/ENCFF246KCJ.fastq.gz,,1,H3K27ac,ENCSR770XRC,1
ENCSR597RXN,https://www.encodeproject.org/files/ENCFF501CPG/@@download/ENCFF501CPG.fastq.gz,,1,H3K27ac,ENCSR770XRC,1
ENCSR597RXN,https://www.encodeproject.org/files/ENCFF750UUN/@@download/ENCFF750UUN.fastq.gz,,1,H3K27ac,ENCSR770XRC,1
ENCSR597RXN,https://www.encodeproject.org/files/ENCFF882LDN/@@download/ENCFF882LDN.fastq.gz,,1,H3K27ac,ENCSR770XRC,1
ENCSR597RXN,https://www.encodeproject.org/files/ENCFF245OPZ/@@download/ENCFF245OPZ.fastq.gz,,1,H3K27ac,ENCSR770XRC,1
ENCSR597RXN,https://www.encodeproject.org/files/ENCFF276HPX/@@download/ENCFF276HPX.fastq.gz,,1,H3K27ac,ENCSR770XRC,1
ENCSR597RXN,https://www.encodeproject.org/files/ENCFF379IXP/@@download/ENCFF379IXP.fastq.gz,,1,H3K27ac,ENCSR770XRC,1
ENCSR597RXN,https://www.encodeproject.org/files/ENCFF516CUI/@@download/ENCFF516CUI.fastq.gz,,1,H3K27ac,ENCSR770XRC,1
ENCSR597UDW,https://www.encodeproject.org/files/ENCFF590TMQ/@@download/ENCFF590TMQ.fastq.gz,https://www.encodeproject.org/files/ENCFF171NOW/@@download/ENCFF171NOW.fastq.gz,1,H3K27ac,ENCSR569IIN,1
ENCSR597UDW,https://www.encodeproject.org/files/ENCFF606DIN/@@download/ENCFF606DIN.fastq.gz,,1,H3K27ac,ENCSR569IIN,1
ENCSR597UDW,https://www.encodeproject.org/files/ENCFF002AUX/@@download/ENCFF002AUX.fastq.gz,,2,H3K27ac,ENCSR569IIN,2
ENCSR597ULV,https://www.encodeproject.org/files/ENCFF704XKC/@@download/ENCFF704XKC.fastq.gz,https://www.encodeproject.org/files/ENCFF707CNX/@@download/ENCFF707CNX.fastq.gz,1,H3K27ac,ENCSR716BTZ,1
ENCSR597ULV,https://www.encodeproject.org/files/ENCFF437EXK/@@download/ENCFF437EXK.fastq.gz,https://www.encodeproject.org/files/ENCFF455NHN/@@download/ENCFF455NHN.fastq.gz,2,H3K27ac,ENCSR716BTZ,2
ENCSR600TOW,https://www.encodeproject.org/files/ENCFF471AGX/@@download/ENCFF471AGX.fastq.gz,,1,H3K27ac,ENCSR343GIV,1
ENCSR600TOW,https://www.encodeproject.org/files/ENCFF900HAH/@@download/ENCFF900HAH.fastq.gz,,1,H3K27ac,ENCSR343GIV,1
ENCSR600TOW,https://www.encodeproject.org/files/ENCFF492SQJ/@@download/ENCFF492SQJ.fastq.gz,,1,H3K27ac,ENCSR343GIV,1
ENCSR600TOW,https://www.encodeproject.org/files/ENCFF716IXG/@@download/ENCFF716IXG.fastq.gz,,1,H3K27ac,ENCSR343GIV,1
ENCSR601VHO,https://www.encodeproject.org/files/ENCFF623DCA/@@download/ENCFF623DCA.fastq.gz,,1,H3K27ac,ENCSR138WRC,1
ENCSR601VHO,https://www.encodeproject.org/files/ENCFF916IPS/@@download/ENCFF916IPS.fastq.gz,,1,H3K27ac,ENCSR138WRC,1
ENCSR601VHO,https://www.encodeproject.org/files/ENCFF345URU/@@download/ENCFF345URU.fastq.gz,,1,H3K27ac,ENCSR138WRC,1
ENCSR601VHO,https://www.encodeproject.org/files/ENCFF459NWR/@@download/ENCFF459NWR.fastq.gz,,1,H3K27ac,ENCSR138WRC,1
ENCSR604JDV,https://www.encodeproject.org/files/ENCFF564UMZ/@@download/ENCFF564UMZ.fastq.gz,,1,H3K27ac,ENCSR079HOU,1
ENCSR604JDV,https://www.encodeproject.org/files/ENCFF757HBP/@@download/ENCFF757HBP.fastq.gz,,1,H3K27ac,ENCSR079HOU,1
ENCSR606WJA,https://www.encodeproject.org/files/ENCFF232ZRU/@@download/ENCFF232ZRU.fastq.gz,,1,H3K27ac,ENCSR603KDJ,1
ENCSR606WJA,https://www.encodeproject.org/files/ENCFF289DQZ/@@download/ENCFF289DQZ.fastq.gz,,1,H3K27ac,ENCSR603KDJ,1
ENCSR606WJA,https://www.encodeproject.org/files/ENCFF364BBZ/@@download/ENCFF364BBZ.fastq.gz,,1,H3K27ac,ENCSR603KDJ,1
ENCSR606WJA,https://www.encodeproject.org/files/ENCFF448KEE/@@download/ENCFF448KEE.fastq.gz,,1,H3K27ac,ENCSR603KDJ,1
ENCSR607IHY,https://www.encodeproject.org/files/ENCFF066DXR/@@download/ENCFF066DXR.fastq.gz,,1,H3K27ac,ENCSR243LHN,1
ENCSR607IHY,https://www.encodeproject.org/files/ENCFF083BWZ/@@download/ENCFF083BWZ.fastq.gz,,1,H3K27ac,ENCSR243LHN,1
ENCSR607IHY,https://www.encodeproject.org/files/ENCFF102YSG/@@download/ENCFF102YSG.fastq.gz,,1,H3K27ac,ENCSR243LHN,1
ENCSR607IHY,https://www.encodeproject.org/files/ENCFF717PZO/@@download/ENCFF717PZO.fastq.gz,,1,H3K27ac,ENCSR243LHN,1
ENCSR607IHY,https://www.encodeproject.org/files/ENCFF407RUP/@@download/ENCFF407RUP.fastq.gz,,1,H3K27ac,ENCSR243LHN,1
ENCSR607IHY,https://www.encodeproject.org/files/ENCFF488HLS/@@download/ENCFF488HLS.fastq.gz,,1,H3K27ac,ENCSR243LHN,1
ENCSR607IHY,https://www.encodeproject.org/files/ENCFF569WFP/@@download/ENCFF569WFP.fastq.gz,,1,H3K27ac,ENCSR243LHN,1
ENCSR607IHY,https://www.encodeproject.org/files/ENCFF583MTN/@@download/ENCFF583MTN.fastq.gz,,1,H3K27ac,ENCSR243LHN,1
ENCSR608XIG,https://www.encodeproject.org/files/ENCFF588EME/@@download/ENCFF588EME.fastq.gz,,1,H3K27ac,ENCSR315NIO,1
ENCSR608XIG,https://www.encodeproject.org/files/ENCFF857MZE/@@download/ENCFF857MZE.fastq.gz,,1,H3K27ac,ENCSR315NIO,1
ENCSR612BWE,https://www.encodeproject.org/files/ENCFF546HNU/@@download/ENCFF546HNU.fastq.gz,,1,H3K27ac,ENCSR503BIB,1
ENCSR614NPG,https://www.encodeproject.org/files/ENCFF019ZWS/@@download/ENCFF019ZWS.fastq.gz,,1,H3K27ac,ENCSR344ERJ,1
ENCSR614NPG,https://www.encodeproject.org/files/ENCFF416COP/@@download/ENCFF416COP.fastq.gz,,2,H3K27ac,ENCSR344ERJ,2
ENCSR614NPG,https://www.encodeproject.org/files/ENCFF419LDG/@@download/ENCFF419LDG.fastq.gz,,3,H3K27ac,ENCSR344ERJ,3
ENCSR615HXA,https://www.encodeproject.org/files/ENCFF083WFY/@@download/ENCFF083WFY.fastq.gz,,1,H3K27ac,ENCSR585UEE,1
ENCSR615HXA,https://www.encodeproject.org/files/ENCFF720QKJ/@@download/ENCFF720QKJ.fastq.gz,,1,H3K27ac,ENCSR585UEE,1
ENCSR619POC,https://www.encodeproject.org/files/ENCFF384JAY/@@download/ENCFF384JAY.fastq.gz,,1,H3K27ac,ENCSR363KHN,1
ENCSR619POC,https://www.encodeproject.org/files/ENCFF916MCS/@@download/ENCFF916MCS.fastq.gz,,1,H3K27ac,ENCSR363KHN,1
ENCSR619TOU,https://www.encodeproject.org/files/ENCFF744GRZ/@@download/ENCFF744GRZ.fastq.gz,,1,H3K27ac,ENCSR018KWK,1
ENCSR619TOU,https://www.encodeproject.org/files/ENCFF974ABD/@@download/ENCFF974ABD.fastq.gz,,1,H3K27ac,ENCSR018KWK,1
ENCSR619TOU,https://www.encodeproject.org/files/ENCFF983MBU/@@download/ENCFF983MBU.fastq.gz,,1,H3K27ac,ENCSR018KWK,1
ENCSR619TOU,https://www.encodeproject.org/files/ENCFF995IPN/@@download/ENCFF995IPN.fastq.gz,,1,H3K27ac,ENCSR018KWK,1
ENCSR619TOU,https://www.encodeproject.org/files/ENCFF103RYA/@@download/ENCFF103RYA.fastq.gz,,1,H3K27ac,ENCSR018KWK,1
ENCSR619TOU,https://www.encodeproject.org/files/ENCFF161DMB/@@download/ENCFF161DMB.fastq.gz,,1,H3K27ac,ENCSR018KWK,1
ENCSR619TOU,https://www.encodeproject.org/files/ENCFF204SGM/@@download/ENCFF204SGM.fastq.gz,,1,H3K27ac,ENCSR018KWK,1
ENCSR619TOU,https://www.encodeproject.org/files/ENCFF239XPD/@@download/ENCFF239XPD.fastq.gz,,1,H3K27ac,ENCSR018KWK,1
ENCSR620AZM,https://www.encodeproject.org/files/ENCFF141DLE/@@download/ENCFF141DLE.fastq.gz,,1,H3K27ac,ENCSR714CKG,1
ENCSR620AZM,https://www.encodeproject.org/files/ENCFF882ANN/@@download/ENCFF882ANN.fastq.gz,,1,H3K27ac,ENCSR714CKG,1
ENCSR620AZM,https://www.encodeproject.org/files/ENCFF913EAO/@@download/ENCFF913EAO.fastq.gz,,1,H3K27ac,ENCSR714CKG,1
ENCSR637ISS,https://www.encodeproject.org/files/ENCFF362ZJK/@@download/ENCFF362ZJK.fastq.gz,https://www.encodeproject.org/files/ENCFF181UWR/@@download/ENCFF181UWR.fastq.gz,1,H3K27ac,ENCSR528SMB,1
ENCSR637ISS,https://www.encodeproject.org/files/ENCFF413FML/@@download/ENCFF413FML.fastq.gz,https://www.encodeproject.org/files/ENCFF116SDW/@@download/ENCFF116SDW.fastq.gz,2,H3K27ac,ENCSR528SMB,2
ENCSR640XRV,https://www.encodeproject.org/files/ENCFF189BBG/@@download/ENCFF189BBG.fastq.gz,,1,H3K27ac,ENCSR479HSY,1
ENCSR640XRV,https://www.encodeproject.org/files/ENCFF805LTN/@@download/ENCFF805LTN.fastq.gz,,1,H3K27ac,ENCSR479HSY,1
ENCSR640XRV,https://www.encodeproject.org/files/ENCFF953WUQ/@@download/ENCFF953WUQ.fastq.gz,,1,H3K27ac,ENCSR479HSY,1
ENCSR640XRV,https://www.encodeproject.org/files/ENCFF977TRY/@@download/ENCFF977TRY.fastq.gz,,1,H3K27ac,ENCSR479HSY,1
ENCSR640XRV,https://www.encodeproject.org/files/ENCFF297OWJ/@@download/ENCFF297OWJ.fastq.gz,,2,H3K27ac,ENCSR479HSY,2
ENCSR640XRV,https://www.encodeproject.org/files/ENCFF369HGQ/@@download/ENCFF369HGQ.fastq.gz,,2,H3K27ac,ENCSR479HSY,2
ENCSR640XRV,https://www.encodeproject.org/files/ENCFF391LOH/@@download/ENCFF391LOH.fastq.gz,,2,H3K27ac,ENCSR479HSY,2
ENCSR640XRV,https://www.encodeproject.org/files/ENCFF478NRM/@@download/ENCFF478NRM.fastq.gz,,2,H3K27ac,ENCSR479HSY,2
ENCSR640XRV,https://www.encodeproject.org/files/ENCFF615BYM/@@download/ENCFF615BYM.fastq.gz,,2,H3K27ac,ENCSR479HSY,2
ENCSR640XRV,https://www.encodeproject.org/files/ENCFF924TJF/@@download/ENCFF924TJF.fastq.gz,,2,H3K27ac,ENCSR479HSY,2
ENCSR640XRV,https://www.encodeproject.org/files/ENCFF150WJQ/@@download/ENCFF150WJQ.fastq.gz,,2,H3K27ac,ENCSR479HSY,2
ENCSR640XRV,https://www.encodeproject.org/files/ENCFF262VEL/@@download/ENCFF262VEL.fastq.gz,,2,H3K27ac,ENCSR479HSY,2
ENCSR640XRV,https://www.encodeproject.org/files/ENCFF368BYS/@@download/ENCFF368BYS.fastq.gz,,2,H3K27ac,ENCSR479HSY,2
ENCSR640XRV,https://www.encodeproject.org/files/ENCFF371YTC/@@download/ENCFF371YTC.fastq.gz,,2,H3K27ac,ENCSR479HSY,2
ENCSR641QPH,https://www.encodeproject.org/files/ENCFF367XJN/@@download/ENCFF367XJN.fastq.gz,,1,H3K27ac,ENCSR347KLR,1
ENCSR641QPH,https://www.encodeproject.org/files/ENCFF619OMV/@@download/ENCFF619OMV.fastq.gz,,1,H3K27ac,ENCSR347KLR,1
ENCSR641QPH,https://www.encodeproject.org/files/ENCFF738YYY/@@download/ENCFF738YYY.fastq.gz,,1,H3K27ac,ENCSR347KLR,1
ENCSR641QPH,https://www.encodeproject.org/files/ENCFF970YQD/@@download/ENCFF970YQD.fastq.gz,,1,H3K27ac,ENCSR347KLR,1
ENCSR641QPH,https://www.encodeproject.org/files/ENCFF309SQP/@@download/ENCFF309SQP.fastq.gz,,1,H3K27ac,ENCSR347KLR,1
ENCSR641QPH,https://www.encodeproject.org/files/ENCFF332TYO/@@download/ENCFF332TYO.fastq.gz,,1,H3K27ac,ENCSR347KLR,1
ENCSR641QPH,https://www.encodeproject.org/files/ENCFF593TAY/@@download/ENCFF593TAY.fastq.gz,,1,H3K27ac,ENCSR347KLR,1
ENCSR641QPH,https://www.encodeproject.org/files/ENCFF740JPK/@@download/ENCFF740JPK.fastq.gz,,1,H3K27ac,ENCSR347KLR,1
ENCSR641SDI,https://www.encodeproject.org/files/ENCFF367MUX/@@download/ENCFF367MUX.fastq.gz,,1,H3K27ac,ENCSR316ZPQ,1
ENCSR641SDI,https://www.encodeproject.org/files/ENCFF745ARE/@@download/ENCFF745ARE.fastq.gz,,1,H3K27ac,ENCSR316ZPQ,1
ENCSR641SDI,https://www.encodeproject.org/files/ENCFF043DMW/@@download/ENCFF043DMW.fastq.gz,,1,H3K27ac,ENCSR316ZPQ,1
ENCSR641SDI,https://www.encodeproject.org/files/ENCFF568BUS/@@download/ENCFF568BUS.fastq.gz,,1,H3K27ac,ENCSR316ZPQ,1
ENCSR641YLG,https://www.encodeproject.org/files/ENCFF459AOD/@@download/ENCFF459AOD.fastq.gz,,1,H3K27ac,ENCSR247FUH,1
ENCSR641YLG,https://www.encodeproject.org/files/ENCFF557YTN/@@download/ENCFF557YTN.fastq.gz,,1,H3K27ac,ENCSR247FUH,1
ENCSR641YLG,https://www.encodeproject.org/files/ENCFF596VJM/@@download/ENCFF596VJM.fastq.gz,,1,H3K27ac,ENCSR247FUH,1
ENCSR641YLG,https://www.encodeproject.org/files/ENCFF619HJL/@@download/ENCFF619HJL.fastq.gz,,1,H3K27ac,ENCSR247FUH,1
ENCSR642HHF,https://www.encodeproject.org/files/ENCFF471EQE/@@download/ENCFF471EQE.fastq.gz,,1,H3K27ac,ENCSR799TWV,1
ENCSR643TBI,https://www.encodeproject.org/files/ENCFF195TXL/@@download/ENCFF195TXL.fastq.gz,,1,H3K27ac,ENCSR837RXS,1
ENCSR643TBI,https://www.encodeproject.org/files/ENCFF400NJE/@@download/ENCFF400NJE.fastq.gz,,1,H3K27ac,ENCSR837RXS,1
ENCSR643TBI,https://www.encodeproject.org/files/ENCFF641YQP/@@download/ENCFF641YQP.fastq.gz,,1,H3K27ac,ENCSR837RXS,1
ENCSR643TBI,https://www.encodeproject.org/files/ENCFF696HEU/@@download/ENCFF696HEU.fastq.gz,,1,H3K27ac,ENCSR837RXS,1
ENCSR645MXO,https://www.encodeproject.org/files/ENCFF486OZD/@@download/ENCFF486OZD.fastq.gz,,1,H3K27ac,ENCSR898WPF,1
ENCSR645MXO,https://www.encodeproject.org/files/ENCFF529NYA/@@download/ENCFF529NYA.fastq.gz,,1,H3K27ac,ENCSR898WPF,1
ENCSR645MXO,https://www.encodeproject.org/files/ENCFF602CZG/@@download/ENCFF602CZG.fastq.gz,,1,H3K27ac,ENCSR898WPF,1
ENCSR645MXO,https://www.encodeproject.org/files/ENCFF893VNH/@@download/ENCFF893VNH.fastq.gz,,1,H3K27ac,ENCSR898WPF,1
ENCSR645MXO,https://www.encodeproject.org/files/ENCFF149SQP/@@download/ENCFF149SQP.fastq.gz,,1,H3K27ac,ENCSR898WPF,1
ENCSR645MXO,https://www.encodeproject.org/files/ENCFF288PGE/@@download/ENCFF288PGE.fastq.gz,,1,H3K27ac,ENCSR898WPF,1
ENCSR645MXO,https://www.encodeproject.org/files/ENCFF733KGV/@@download/ENCFF733KGV.fastq.gz,,1,H3K27ac,ENCSR898WPF,1
ENCSR645MXO,https://www.encodeproject.org/files/ENCFF973KSO/@@download/ENCFF973KSO.fastq.gz,,1,H3K27ac,ENCSR898WPF,1
ENCSR645SYH,https://www.encodeproject.org/files/ENCFF972UCE/@@download/ENCFF972UCE.fastq.gz,,1,H3K27ac,ENCSR858ROP,1
ENCSR655XLM,https://www.encodeproject.org/files/ENCFF308MVS/@@download/ENCFF308MVS.fastq.gz,,1,H3K27ac,ENCSR461VPV,1
ENCSR656PGJ,https://www.encodeproject.org/files/ENCFF395VPX/@@download/ENCFF395VPX.fastq.gz,https://www.encodeproject.org/files/ENCFF980PRN/@@download/ENCFF980PRN.fastq.gz,1,H3K27ac,ENCSR038JBA,1
ENCSR656PGJ,https://www.encodeproject.org/files/ENCFF933XVP/@@download/ENCFF933XVP.fastq.gz,https://www.encodeproject.org/files/ENCFF136BIO/@@download/ENCFF136BIO.fastq.gz,1,H3K27ac,ENCSR038JBA,1
ENCSR656ZEQ,https://www.encodeproject.org/files/ENCFF397XRQ/@@download/ENCFF397XRQ.fastq.gz,,1,H3K27ac,ENCSR664MLM,1
ENCSR656ZEQ,https://www.encodeproject.org/files/ENCFF938HHV/@@download/ENCFF938HHV.fastq.gz,,1,H3K27ac,ENCSR664MLM,1
ENCSR659RHV,https://www.encodeproject.org/files/ENCFF489OZL/@@download/ENCFF489OZL.fastq.gz,,1,H3K27ac,ENCSR107RQX,1
ENCSR659RHV,https://www.encodeproject.org/files/ENCFF836QYL/@@download/ENCFF836QYL.fastq.gz,,1,H3K27ac,ENCSR107RQX,1
ENCSR660IQS,https://www.encodeproject.org/files/ENCFF002BES/@@download/ENCFF002BES.fastq.gz,,1,H3K27ac,ENCSR367UDO,1
ENCSR660IQS,https://www.encodeproject.org/files/ENCFF033EKA/@@download/ENCFF033EKA.fastq.gz,,2,H3K27ac,ENCSR367UDO,2
ENCSR661KMA,https://www.encodeproject.org/files/ENCFF623IJZ/@@download/ENCFF623IJZ.fastq.gz,,1,H3K27ac,ENCSR198WIH,1
ENCSR661KMA,https://www.encodeproject.org/files/ENCFF176BXC/@@download/ENCFF176BXC.fastq.gz,https://www.encodeproject.org/files/ENCFF082JPN/@@download/ENCFF082JPN.fastq.gz,2,H3K27ac,ENCSR198WIH,2
ENCSR666TFS,https://www.encodeproject.org/files/ENCFF044SLO/@@download/ENCFF044SLO.fastq.gz,https://www.encodeproject.org/files/ENCFF981KET/@@download/ENCFF981KET.fastq.gz,1,H3K27ac,ENCSR155GOF,1
ENCSR666TFS,https://www.encodeproject.org/files/ENCFF768GJU/@@download/ENCFF768GJU.fastq.gz,https://www.encodeproject.org/files/ENCFF952SFL/@@download/ENCFF952SFL.fastq.gz,1,H3K27ac,ENCSR155GOF,1
ENCSR666TFS,https://www.encodeproject.org/files/ENCFF565AMG/@@download/ENCFF565AMG.fastq.gz,https://www.encodeproject.org/files/ENCFF984WFI/@@download/ENCFF984WFI.fastq.gz,1,H3K27ac,ENCSR155GOF,1
ENCSR666TFS,https://www.encodeproject.org/files/ENCFF931BLP/@@download/ENCFF931BLP.fastq.gz,https://www.encodeproject.org/files/ENCFF382SPP/@@download/ENCFF382SPP.fastq.gz,1,H3K27ac,ENCSR155GOF,1
ENCSR668DIS,https://www.encodeproject.org/files/ENCFF092HIM/@@download/ENCFF092HIM.fastq.gz,,1,H3K27ac,ENCSR638CSE,1
ENCSR668DIS,https://www.encodeproject.org/files/ENCFF677TZW/@@download/ENCFF677TZW.fastq.gz,,1,H3K27ac,ENCSR638CSE,1
ENCSR668DIS,https://www.encodeproject.org/files/ENCFF884CRK/@@download/ENCFF884CRK.fastq.gz,,1,H3K27ac,ENCSR638CSE,1
ENCSR668DIS,https://www.encodeproject.org/files/ENCFF956JSX/@@download/ENCFF956JSX.fastq.gz,,1,H3K27ac,ENCSR638CSE,1
ENCSR668DIS,https://www.encodeproject.org/files/ENCFF394ZPT/@@download/ENCFF394ZPT.fastq.gz,,1,H3K27ac,ENCSR638CSE,1
ENCSR668DIS,https://www.encodeproject.org/files/ENCFF451JJE/@@download/ENCFF451JJE.fastq.gz,,1,H3K27ac,ENCSR638CSE,1
ENCSR668DIS,https://www.encodeproject.org/files/ENCFF459KJU/@@download/ENCFF459KJU.fastq.gz,,1,H3K27ac,ENCSR638CSE,1
ENCSR668DIS,https://www.encodeproject.org/files/ENCFF801GPS/@@download/ENCFF801GPS.fastq.gz,,1,H3K27ac,ENCSR638CSE,1
ENCSR668EVA,https://www.encodeproject.org/files/ENCFF512TUH/@@download/ENCFF512TUH.fastq.gz,,1,H3K27ac,ENCSR368NLE,1
ENCSR668EVA,https://www.encodeproject.org/files/ENCFF559UXT/@@download/ENCFF559UXT.fastq.gz,,1,H3K27ac,ENCSR368NLE,1
ENCSR668EVA,https://www.encodeproject.org/files/ENCFF580EXF/@@download/ENCFF580EXF.fastq.gz,,1,H3K27ac,ENCSR368NLE,1
ENCSR668EVA,https://www.encodeproject.org/files/ENCFF968SEM/@@download/ENCFF968SEM.fastq.gz,,1,H3K27ac,ENCSR368NLE,1
ENCSR668EVA,https://www.encodeproject.org/files/ENCFF205SMX/@@download/ENCFF205SMX.fastq.gz,,2,H3K27ac,ENCSR368NLE,2
ENCSR668EVA,https://www.encodeproject.org/files/ENCFF326GSU/@@download/ENCFF326GSU.fastq.gz,,2,H3K27ac,ENCSR368NLE,2
ENCSR668EVA,https://www.encodeproject.org/files/ENCFF466WHK/@@download/ENCFF466WHK.fastq.gz,,2,H3K27ac,ENCSR368NLE,2
ENCSR668EVA,https://www.encodeproject.org/files/ENCFF661NBM/@@download/ENCFF661NBM.fastq.gz,,2,H3K27ac,ENCSR368NLE,2
ENCSR668GBL,https://www.encodeproject.org/files/ENCFF152NQY/@@download/ENCFF152NQY.fastq.gz,,1,H3K27ac,ENCSR711URW,1
ENCSR668GBL,https://www.encodeproject.org/files/ENCFF885LFQ/@@download/ENCFF885LFQ.fastq.gz,,1,H3K27ac,ENCSR711URW,1
ENCSR668GBL,https://www.encodeproject.org/files/ENCFF105TJR/@@download/ENCFF105TJR.fastq.gz,,1,H3K27ac,ENCSR711URW,1
ENCSR668GBL,https://www.encodeproject.org/files/ENCFF625CBF/@@download/ENCFF625CBF.fastq.gz,,1,H3K27ac,ENCSR711URW,1
ENCSR668GBL,https://www.encodeproject.org/files/ENCFF203TIC/@@download/ENCFF203TIC.fastq.gz,,2,H3K27ac,ENCSR711URW,2
ENCSR668GBL,https://www.encodeproject.org/files/ENCFF305JXR/@@download/ENCFF305JXR.fastq.gz,,2,H3K27ac,ENCSR711URW,2
ENCSR668GBL,https://www.encodeproject.org/files/ENCFF387OOU/@@download/ENCFF387OOU.fastq.gz,,2,H3K27ac,ENCSR711URW,2
ENCSR668GBL,https://www.encodeproject.org/files/ENCFF515TGH/@@download/ENCFF515TGH.fastq.gz,,2,H3K27ac,ENCSR711URW,2
ENCSR668GBL,https://www.encodeproject.org/files/ENCFF600SAV/@@download/ENCFF600SAV.fastq.gz,,2,H3K27ac,ENCSR711URW,2
ENCSR668GBL,https://www.encodeproject.org/files/ENCFF814AUB/@@download/ENCFF814AUB.fastq.gz,,2,H3K27ac,ENCSR711URW,2
ENCSR668GBL,https://www.encodeproject.org/files/ENCFF086PRM/@@download/ENCFF086PRM.fastq.gz,,2,H3K27ac,ENCSR711URW,2
ENCSR668GBL,https://www.encodeproject.org/files/ENCFF526WQQ/@@download/ENCFF526WQQ.fastq.gz,,2,H3K27ac,ENCSR711URW,2
ENCSR668GBL,https://www.encodeproject.org/files/ENCFF538TWV/@@download/ENCFF538TWV.fastq.gz,,2,H3K27ac,ENCSR711URW,2
ENCSR668GBL,https://www.encodeproject.org/files/ENCFF540HTQ/@@download/ENCFF540HTQ.fastq.gz,,2,H3K27ac,ENCSR711URW,2
ENCSR668GBL,https://www.encodeproject.org/files/ENCFF577ADA/@@download/ENCFF577ADA.fastq.gz,,2,H3K27ac,ENCSR711URW,2
ENCSR668GBL,https://www.encodeproject.org/files/ENCFF998RTI/@@download/ENCFF998RTI.fastq.gz,,2,H3K27ac,ENCSR711URW,2
ENCSR674VPA,https://www.encodeproject.org/files/ENCFF023FHK/@@download/ENCFF023FHK.fastq.gz,,1,H3K27ac,ENCSR355RJN,1
ENCSR674VPA,https://www.encodeproject.org/files/ENCFF191VZN/@@download/ENCFF191VZN.fastq.gz,,1,H3K27ac,ENCSR355RJN,1
ENCSR674VPA,https://www.encodeproject.org/files/ENCFF459SDQ/@@download/ENCFF459SDQ.fastq.gz,,1,H3K27ac,ENCSR355RJN,1
ENCSR674VPA,https://www.encodeproject.org/files/ENCFF543XTQ/@@download/ENCFF543XTQ.fastq.gz,,1,H3K27ac,ENCSR355RJN,1
ENCSR677LBH,https://www.encodeproject.org/files/ENCFF144BTL/@@download/ENCFF144BTL.fastq.gz,,1,H3K27ac,ENCSR178MWD,1
ENCSR677LBH,https://www.encodeproject.org/files/ENCFF220NMY/@@download/ENCFF220NMY.fastq.gz,,1,H3K27ac,ENCSR178MWD,1
ENCSR677LBH,https://www.encodeproject.org/files/ENCFF488BKS/@@download/ENCFF488BKS.fastq.gz,,1,H3K27ac,ENCSR178MWD,1
ENCSR677LBH,https://www.encodeproject.org/files/ENCFF864UBH/@@download/ENCFF864UBH.fastq.gz,,1,H3K27ac,ENCSR178MWD,1
ENCSR678LND,https://www.encodeproject.org/files/ENCFF360SCO/@@download/ENCFF360SCO.fastq.gz,,1,H3K27ac,ENCSR236NLU,1
ENCSR678LND,https://www.encodeproject.org/files/ENCFF595HVV/@@download/ENCFF595HVV.fastq.gz,,1,H3K27ac,ENCSR236NLU,1
ENCSR679OVD,https://www.encodeproject.org/files/ENCFF469SVP/@@download/ENCFF469SVP.fastq.gz,,1,H3K27ac,ENCSR161JTT,1
ENCSR680IWU,https://www.encodeproject.org/files/ENCFF325OTE/@@download/ENCFF325OTE.fastq.gz,https://www.encodeproject.org/files/ENCFF334OBO/@@download/ENCFF334OBO.fastq.gz,1,H3K27ac,ENCSR255MIG,1
ENCSR680IWU,https://www.encodeproject.org/files/ENCFF397VEX/@@download/ENCFF397VEX.fastq.gz,https://www.encodeproject.org/files/ENCFF516KBL/@@download/ENCFF516KBL.fastq.gz,2,H3K27ac,ENCSR255MIG,1
ENCSR681ELN,https://www.encodeproject.org/files/ENCFF081KIC/@@download/ENCFF081KIC.fastq.gz,,1,H3K27ac,ENCSR295FXG,1
ENCSR681ELN,https://www.encodeproject.org/files/ENCFF258NTU/@@download/ENCFF258NTU.fastq.gz,,1,H3K27ac,ENCSR295FXG,1
ENCSR681ELN,https://www.encodeproject.org/files/ENCFF267QRE/@@download/ENCFF267QRE.fastq.gz,,1,H3K27ac,ENCSR295FXG,1
ENCSR681ELN,https://www.encodeproject.org/files/ENCFF809GGD/@@download/ENCFF809GGD.fastq.gz,,1,H3K27ac,ENCSR295FXG,1
ENCSR681ELN,https://www.encodeproject.org/files/ENCFF057DJW/@@download/ENCFF057DJW.fastq.gz,,1,H3K27ac,ENCSR295FXG,1
ENCSR681ELN,https://www.encodeproject.org/files/ENCFF318DFQ/@@download/ENCFF318DFQ.fastq.gz,,1,H3K27ac,ENCSR295FXG,1
ENCSR681ELN,https://www.encodeproject.org/files/ENCFF492AHD/@@download/ENCFF492AHD.fastq.gz,,1,H3K27ac,ENCSR295FXG,1
ENCSR681ELN,https://www.encodeproject.org/files/ENCFF515KWE/@@download/ENCFF515KWE.fastq.gz,,1,H3K27ac,ENCSR295FXG,1
ENCSR681RQP,https://www.encodeproject.org/files/ENCFF073CJZ/@@download/ENCFF073CJZ.fastq.gz,,1,H3K27ac,ENCSR889ZOH,1
ENCSR681RQP,https://www.encodeproject.org/files/ENCFF244ECY/@@download/ENCFF244ECY.fastq.gz,,1,H3K27ac,ENCSR889ZOH,1
ENCSR681RQP,https://www.encodeproject.org/files/ENCFF711ZIZ/@@download/ENCFF711ZIZ.fastq.gz,,1,H3K27ac,ENCSR889ZOH,1
ENCSR681RQP,https://www.encodeproject.org/files/ENCFF784WMT/@@download/ENCFF784WMT.fastq.gz,,1,H3K27ac,ENCSR889ZOH,1
ENCSR681RQP,https://www.encodeproject.org/files/ENCFF512KII/@@download/ENCFF512KII.fastq.gz,,1,H3K27ac,ENCSR889ZOH,1
ENCSR681RQP,https://www.encodeproject.org/files/ENCFF591ZJV/@@download/ENCFF591ZJV.fastq.gz,,1,H3K27ac,ENCSR889ZOH,1
ENCSR681RQP,https://www.encodeproject.org/files/ENCFF786NVI/@@download/ENCFF786NVI.fastq.gz,,1,H3K27ac,ENCSR889ZOH,1
ENCSR681RQP,https://www.encodeproject.org/files/ENCFF792VMV/@@download/ENCFF792VMV.fastq.gz,,1,H3K27ac,ENCSR889ZOH,1
ENCSR683RXF,https://www.encodeproject.org/files/ENCFF572QXU/@@download/ENCFF572QXU.fastq.gz,,1,H3K27ac,ENCSR306YLG,1
ENCSR683RXF,https://www.encodeproject.org/files/ENCFF632JQG/@@download/ENCFF632JQG.fastq.gz,,1,H3K27ac,ENCSR306YLG,1
ENCSR683RXF,https://www.encodeproject.org/files/ENCFF802NTR/@@download/ENCFF802NTR.fastq.gz,,1,H3K27ac,ENCSR306YLG,1
ENCSR683RXF,https://www.encodeproject.org/files/ENCFF866KEZ/@@download/ENCFF866KEZ.fastq.gz,,1,H3K27ac,ENCSR306YLG,1
ENCSR685XVI,https://www.encodeproject.org/files/ENCFF544AOC/@@download/ENCFF544AOC.fastq.gz,,1,H3K27ac,ENCSR360NJD,1
ENCSR685XVI,https://www.encodeproject.org/files/ENCFF745MSA/@@download/ENCFF745MSA.fastq.gz,,1,H3K27ac,ENCSR360NJD,1
ENCSR685XVI,https://www.encodeproject.org/files/ENCFF838RFV/@@download/ENCFF838RFV.fastq.gz,,1,H3K27ac,ENCSR360NJD,1
ENCSR685XVI,https://www.encodeproject.org/files/ENCFF937WIA/@@download/ENCFF937WIA.fastq.gz,,1,H3K27ac,ENCSR360NJD,1
ENCSR687ZCM,https://www.encodeproject.org/files/ENCFF051WCS/@@download/ENCFF051WCS.fastq.gz,,1,H3K27ac,ENCSR449RSE,1
ENCSR687ZCM,https://www.encodeproject.org/files/ENCFF661ZQK/@@download/ENCFF661ZQK.fastq.gz,,1,H3K27ac,ENCSR449RSE,1
ENCSR693VHX,https://www.encodeproject.org/files/ENCFF556OAB/@@download/ENCFF556OAB.fastq.gz,https://www.encodeproject.org/files/ENCFF994NWR/@@download/ENCFF994NWR.fastq.gz,1,H3K27ac,ENCSR420XKX,1
ENCSR693VHX,https://www.encodeproject.org/files/ENCFF997MWU/@@download/ENCFF997MWU.fastq.gz,https://www.encodeproject.org/files/ENCFF464STL/@@download/ENCFF464STL.fastq.gz,1,H3K27ac,ENCSR420XKX,1
ENCSR694RCH,https://www.encodeproject.org/files/ENCFF405LLE/@@download/ENCFF405LLE.fastq.gz,,1,H3K27ac,ENCSR642LNB,1
ENCSR694RCH,https://www.encodeproject.org/files/ENCFF704POW/@@download/ENCFF704POW.fastq.gz,,1,H3K27ac,ENCSR642LNB,1
ENCSR694RCH,https://www.encodeproject.org/files/ENCFF812IIM/@@download/ENCFF812IIM.fastq.gz,,1,H3K27ac,ENCSR642LNB,1
ENCSR694RCH,https://www.encodeproject.org/files/ENCFF922QGI/@@download/ENCFF922QGI.fastq.gz,,1,H3K27ac,ENCSR642LNB,1
ENCSR697MUJ,https://www.encodeproject.org/files/ENCFF751PYE/@@download/ENCFF751PYE.fastq.gz,,1,H3K27ac,ENCSR932WVK,1
ENCSR697MUJ,https://www.encodeproject.org/files/ENCFF763QMB/@@download/ENCFF763QMB.fastq.gz,,1,H3K27ac,ENCSR932WVK,1
ENCSR700LWI,https://www.encodeproject.org/files/ENCFF040UMQ/@@download/ENCFF040UMQ.fastq.gz,,1,H3K27ac,ENCSR906OSH,1
ENCSR700LWI,https://www.encodeproject.org/files/ENCFF895NXT/@@download/ENCFF895NXT.fastq.gz,,1,H3K27ac,ENCSR906OSH,1
ENCSR702OVJ,https://www.encodeproject.org/files/ENCFF880QFR/@@download/ENCFF880QFR.fastq.gz,,1,H3K27ac,ENCSR178FVP,1
ENCSR702OVJ,https://www.encodeproject.org/files/ENCFF980DPM/@@download/ENCFF980DPM.fastq.gz,,1,H3K27ac,ENCSR178FVP,1
ENCSR702OVJ,https://www.encodeproject.org/files/ENCFF305XKI/@@download/ENCFF305XKI.fastq.gz,,1,H3K27ac,ENCSR178FVP,1
ENCSR702OVJ,https://www.encodeproject.org/files/ENCFF766BQI/@@download/ENCFF766BQI.fastq.gz,,1,H3K27ac,ENCSR178FVP,1
ENCSR705BTW,https://www.encodeproject.org/files/ENCFF143RAP/@@download/ENCFF143RAP.fastq.gz,,1,H3K27ac,ENCSR777AJC,1
ENCSR705BTW,https://www.encodeproject.org/files/ENCFF285VFL/@@download/ENCFF285VFL.fastq.gz,,1,H3K27ac,ENCSR777AJC,1
ENCSR705BTW,https://www.encodeproject.org/files/ENCFF171AFH/@@download/ENCFF171AFH.fastq.gz,,1,H3K27ac,ENCSR777AJC,1
ENCSR705BTW,https://www.encodeproject.org/files/ENCFF354CHD/@@download/ENCFF354CHD.fastq.gz,,1,H3K27ac,ENCSR777AJC,1
ENCSR709ABP,https://www.encodeproject.org/files/ENCFF426MBY/@@download/ENCFF426MBY.fastq.gz,https://www.encodeproject.org/files/ENCFF980VYO/@@download/ENCFF980VYO.fastq.gz,1,H3K27ac,ENCSR113CMI,1
ENCSR709ABP,https://www.encodeproject.org/files/ENCFF068PYY/@@download/ENCFF068PYY.fastq.gz,https://www.encodeproject.org/files/ENCFF605KXF/@@download/ENCFF605KXF.fastq.gz,2,H3K27ac,ENCSR113CMI,2
ENCSR714TJD,https://www.encodeproject.org/files/ENCFF246GBE/@@download/ENCFF246GBE.fastq.gz,https://www.encodeproject.org/files/ENCFF818YGB/@@download/ENCFF818YGB.fastq.gz,1,H3K27ac,ENCSR196CXJ,1
ENCSR714TJD,https://www.encodeproject.org/files/ENCFF350YIV/@@download/ENCFF350YIV.fastq.gz,,2,H3K27ac,ENCSR196CXJ,2
ENCSR716FUH,https://www.encodeproject.org/files/ENCFF339ODV/@@download/ENCFF339ODV.fastq.gz,,1,H3K27ac,ENCSR475NOQ,1
ENCSR716FUH,https://www.encodeproject.org/files/ENCFF870TZH/@@download/ENCFF870TZH.fastq.gz,,1,H3K27ac,ENCSR475NOQ,1
ENCSR716XDB,https://www.encodeproject.org/files/ENCFF077CPX/@@download/ENCFF077CPX.fastq.gz,,1,H3K27ac,ENCSR627RBH,1
ENCSR716XDB,https://www.encodeproject.org/files/ENCFF160TGH/@@download/ENCFF160TGH.fastq.gz,,2,H3K27ac,ENCSR627RBH,2
ENCSR716XDB,https://www.encodeproject.org/files/ENCFF468QOE/@@download/ENCFF468QOE.fastq.gz,,3,H3K27ac,ENCSR627RBH,3
ENCSR717HIA,https://www.encodeproject.org/files/ENCFF484LIO/@@download/ENCFF484LIO.fastq.gz,,1,H3K27ac,ENCSR128HTH,1
ENCSR717HIA,https://www.encodeproject.org/files/ENCFF651XDZ/@@download/ENCFF651XDZ.fastq.gz,,1,H3K27ac,ENCSR128HTH,1
ENCSR717HIA,https://www.encodeproject.org/files/ENCFF849UUS/@@download/ENCFF849UUS.fastq.gz,,1,H3K27ac,ENCSR128HTH,1
ENCSR717HIA,https://www.encodeproject.org/files/ENCFF945NYY/@@download/ENCFF945NYY.fastq.gz,,1,H3K27ac,ENCSR128HTH,1
ENCSR718BTD,https://www.encodeproject.org/files/ENCFF095LCX/@@download/ENCFF095LCX.fastq.gz,,1,H3K27ac,ENCSR620XWM,1
ENCSR718BTD,https://www.encodeproject.org/files/ENCFF178BTN/@@download/ENCFF178BTN.fastq.gz,,1,H3K27ac,ENCSR620XWM,1
ENCSR718BTD,https://www.encodeproject.org/files/ENCFF340HVH/@@download/ENCFF340HVH.fastq.gz,,2,H3K27ac,ENCSR620XWM,1
ENCSR718BTD,https://www.encodeproject.org/files/ENCFF618JJH/@@download/ENCFF618JJH.fastq.gz,,2,H3K27ac,ENCSR620XWM,1
ENCSR719FEJ,https://www.encodeproject.org/files/ENCFF046DDT/@@download/ENCFF046DDT.fastq.gz,,1,H3K27ac,ENCSR255BOF,1
ENCSR719FEJ,https://www.encodeproject.org/files/ENCFF243FEQ/@@download/ENCFF243FEQ.fastq.gz,,2,H3K27ac,ENCSR255BOF,2
ENCSR723RUM,https://www.encodeproject.org/files/ENCFF342VVO/@@download/ENCFF342VVO.fastq.gz,,1,H3K27ac,ENCSR237ZMF,1
ENCSR723RUM,https://www.encodeproject.org/files/ENCFF672GFF/@@download/ENCFF672GFF.fastq.gz,,1,H3K27ac,ENCSR237ZMF,1
ENCSR723RUM,https://www.encodeproject.org/files/ENCFF801BZM/@@download/ENCFF801BZM.fastq.gz,,1,H3K27ac,ENCSR237ZMF,1
ENCSR723RUM,https://www.encodeproject.org/files/ENCFF884FGS/@@download/ENCFF884FGS.fastq.gz,,1,H3K27ac,ENCSR237ZMF,1
ENCSR723RUM,https://www.encodeproject.org/files/ENCFF308CJL/@@download/ENCFF308CJL.fastq.gz,,1,H3K27ac,ENCSR237ZMF,1
ENCSR723RUM,https://www.encodeproject.org/files/ENCFF320ZWM/@@download/ENCFF320ZWM.fastq.gz,,1,H3K27ac,ENCSR237ZMF,1
ENCSR723RUM,https://www.encodeproject.org/files/ENCFF618SKF/@@download/ENCFF618SKF.fastq.gz,,1,H3K27ac,ENCSR237ZMF,1
ENCSR723RUM,https://www.encodeproject.org/files/ENCFF656MCY/@@download/ENCFF656MCY.fastq.gz,,1,H3K27ac,ENCSR237ZMF,1
ENCSR724GUS,https://www.encodeproject.org/files/ENCFF328WYI/@@download/ENCFF328WYI.fastq.gz,,1,H3K27ac,ENCSR405VDU,1
ENCSR724GUS,https://www.encodeproject.org/files/ENCFF453UTD/@@download/ENCFF453UTD.fastq.gz,,1,H3K27ac,ENCSR405VDU,1
ENCSR724GUS,https://www.encodeproject.org/files/ENCFF566KYB/@@download/ENCFF566KYB.fastq.gz,,1,H3K27ac,ENCSR405VDU,1
ENCSR724GUS,https://www.encodeproject.org/files/ENCFF725EYH/@@download/ENCFF725EYH.fastq.gz,,1,H3K27ac,ENCSR405VDU,1
ENCSR724GUS,https://www.encodeproject.org/files/ENCFF398IRB/@@download/ENCFF398IRB.fastq.gz,,2,H3K27ac,ENCSR405VDU,1
ENCSR724GUS,https://www.encodeproject.org/files/ENCFF497NGO/@@download/ENCFF497NGO.fastq.gz,,2,H3K27ac,ENCSR405VDU,1
ENCSR724GUS,https://www.encodeproject.org/files/ENCFF644UTA/@@download/ENCFF644UTA.fastq.gz,,2,H3K27ac,ENCSR405VDU,1
ENCSR726HTS,https://www.encodeproject.org/files/ENCFF234GKO/@@download/ENCFF234GKO.fastq.gz,,1,H3K27ac,ENCSR189UPU,1
ENCSR726HTS,https://www.encodeproject.org/files/ENCFF451NBT/@@download/ENCFF451NBT.fastq.gz,,1,H3K27ac,ENCSR189UPU,1
ENCSR726HTS,https://www.encodeproject.org/files/ENCFF007TBV/@@download/ENCFF007TBV.fastq.gz,,1,H3K27ac,ENCSR189UPU,1
ENCSR726HTS,https://www.encodeproject.org/files/ENCFF547YCY/@@download/ENCFF547YCY.fastq.gz,,1,H3K27ac,ENCSR189UPU,1
ENCSR726HTS,https://www.encodeproject.org/files/ENCFF574KIM/@@download/ENCFF574KIM.fastq.gz,,1,H3K27ac,ENCSR189UPU,1
ENCSR726HTS,https://www.encodeproject.org/files/ENCFF954CEB/@@download/ENCFF954CEB.fastq.gz,,1,H3K27ac,ENCSR189UPU,1
ENCSR726HTS,https://www.encodeproject.org/files/ENCFF030XCQ/@@download/ENCFF030XCQ.fastq.gz,,2,H3K27ac,ENCSR189UPU,2
ENCSR726HTS,https://www.encodeproject.org/files/ENCFF132QCA/@@download/ENCFF132QCA.fastq.gz,,2,H3K27ac,ENCSR189UPU,2
ENCSR726HTS,https://www.encodeproject.org/files/ENCFF674BQL/@@download/ENCFF674BQL.fastq.gz,,2,H3K27ac,ENCSR189UPU,2
ENCSR726HTS,https://www.encodeproject.org/files/ENCFF894ZNZ/@@download/ENCFF894ZNZ.fastq.gz,,2,H3K27ac,ENCSR189UPU,2
ENCSR726HTS,https://www.encodeproject.org/files/ENCFF023RKK/@@download/ENCFF023RKK.fastq.gz,,2,H3K27ac,ENCSR189UPU,2
ENCSR726HTS,https://www.encodeproject.org/files/ENCFF069LYC/@@download/ENCFF069LYC.fastq.gz,,2,H3K27ac,ENCSR189UPU,2
ENCSR726HTS,https://www.encodeproject.org/files/ENCFF793WPL/@@download/ENCFF793WPL.fastq.gz,,2,H3K27ac,ENCSR189UPU,2
ENCSR726HTS,https://www.encodeproject.org/files/ENCFF824EOS/@@download/ENCFF824EOS.fastq.gz,,2,H3K27ac,ENCSR189UPU,2
ENCSR726WVB,https://www.encodeproject.org/files/ENCFF323ESA/@@download/ENCFF323ESA.fastq.gz,,1,H3K27ac,ENCSR770OIC,1
ENCSR726WVB,https://www.encodeproject.org/files/ENCFF565OEL/@@download/ENCFF565OEL.fastq.gz,,1,H3K27ac,ENCSR770OIC,1
ENCSR726WVB,https://www.encodeproject.org/files/ENCFF479MLV/@@download/ENCFF479MLV.fastq.gz,,2,H3K27ac,ENCSR770OIC,1
ENCSR726WVB,https://www.encodeproject.org/files/ENCFF647YZH/@@download/ENCFF647YZH.fastq.gz,,2,H3K27ac,ENCSR770OIC,1
ENCSR729ENO,https://www.encodeproject.org/files/ENCFF649LQY/@@download/ENCFF649LQY.fastq.gz,https://www.encodeproject.org/files/ENCFF553UVJ/@@download/ENCFF553UVJ.fastq.gz,1,H3K27ac,ENCSR773IYZ,1
ENCSR729ENO,https://www.encodeproject.org/files/ENCFF877QYT/@@download/ENCFF877QYT.fastq.gz,https://www.encodeproject.org/files/ENCFF643ORP/@@download/ENCFF643ORP.fastq.gz,2,H3K27ac,ENCSR773IYZ,2
ENCSR729GQT,https://www.encodeproject.org/files/ENCFF044NZG/@@download/ENCFF044NZG.fastq.gz,,1,H3K27ac,ENCSR895CJW,1
ENCSR729GQT,https://www.encodeproject.org/files/ENCFF308RQQ/@@download/ENCFF308RQQ.fastq.gz,,1,H3K27ac,ENCSR895CJW,1
ENCSR729GQT,https://www.encodeproject.org/files/ENCFF645NQX/@@download/ENCFF645NQX.fastq.gz,,1,H3K27ac,ENCSR895CJW,1
ENCSR729GQT,https://www.encodeproject.org/files/ENCFF950QNY/@@download/ENCFF950QNY.fastq.gz,,1,H3K27ac,ENCSR895CJW,1
ENCSR734FLK,https://www.encodeproject.org/files/ENCFF017IRN/@@download/ENCFF017IRN.fastq.gz,,1,H3K27ac,ENCSR085WWL,1
ENCSR734FLK,https://www.encodeproject.org/files/ENCFF670FKA/@@download/ENCFF670FKA.fastq.gz,,2,H3K27ac,ENCSR085WWL,2
ENCSR734FLK,https://www.encodeproject.org/files/ENCFF178RUH/@@download/ENCFF178RUH.fastq.gz,,3,H3K27ac,ENCSR085WWL,3
ENCSR735SLW,https://www.encodeproject.org/files/ENCFF834RRG/@@download/ENCFF834RRG.fastq.gz,,1,H3K27ac,ENCSR404IRS,1
ENCSR735SLW,https://www.encodeproject.org/files/ENCFF861QIW/@@download/ENCFF861QIW.fastq.gz,,1,H3K27ac,ENCSR404IRS,1
ENCSR736ALU,https://www.encodeproject.org/files/ENCFF184LPK/@@download/ENCFF184LPK.fastq.gz,,1,H3K27ac,ENCSR001UFN,1
ENCSR736ALU,https://www.encodeproject.org/files/ENCFF789APL/@@download/ENCFF789APL.fastq.gz,,1,H3K27ac,ENCSR001UFN,1
ENCSR736ALU,https://www.encodeproject.org/files/ENCFF298AKE/@@download/ENCFF298AKE.fastq.gz,,2,H3K27ac,ENCSR001UFN,1
ENCSR736ALU,https://www.encodeproject.org/files/ENCFF707VEV/@@download/ENCFF707VEV.fastq.gz,,2,H3K27ac,ENCSR001UFN,1
ENCSR736ZEG,https://www.encodeproject.org/files/ENCFF995BBI/@@download/ENCFF995BBI.fastq.gz,https://www.encodeproject.org/files/ENCFF097WZJ/@@download/ENCFF097WZJ.fastq.gz,1,H3K27ac,ENCSR982AYN,1
ENCSR736ZEG,https://www.encodeproject.org/files/ENCFF918BDP/@@download/ENCFF918BDP.fastq.gz,https://www.encodeproject.org/files/ENCFF587OAI/@@download/ENCFF587OAI.fastq.gz,2,H3K27ac,ENCSR982AYN,2
ENCSR738SXD,https://www.encodeproject.org/files/ENCFF459LBY/@@download/ENCFF459LBY.fastq.gz,,1,H3K27ac,ENCSR422TGJ,1
ENCSR738SXD,https://www.encodeproject.org/files/ENCFF949SUD/@@download/ENCFF949SUD.fastq.gz,,1,H3K27ac,ENCSR422TGJ,1
ENCSR741HEF,https://www.encodeproject.org/files/ENCFF051KSE/@@download/ENCFF051KSE.fastq.gz,,1,H3K27ac,ENCSR891YGO,1
ENCSR741HEF,https://www.encodeproject.org/files/ENCFF096NFW/@@download/ENCFF096NFW.fastq.gz,,1,H3K27ac,ENCSR891YGO,1
ENCSR741HEF,https://www.encodeproject.org/files/ENCFF170UGT/@@download/ENCFF170UGT.fastq.gz,,1,H3K27ac,ENCSR891YGO,1
ENCSR741HEF,https://www.encodeproject.org/files/ENCFF361WZY/@@download/ENCFF361WZY.fastq.gz,,1,H3K27ac,ENCSR891YGO,1
ENCSR741HEF,https://www.encodeproject.org/files/ENCFF072UMX/@@download/ENCFF072UMX.fastq.gz,,1,H3K27ac,ENCSR891YGO,1
ENCSR741HEF,https://www.encodeproject.org/files/ENCFF138MPW/@@download/ENCFF138MPW.fastq.gz,,1,H3K27ac,ENCSR891YGO,1
ENCSR741HEF,https://www.encodeproject.org/files/ENCFF358GGV/@@download/ENCFF358GGV.fastq.gz,,1,H3K27ac,ENCSR891YGO,1
ENCSR741HEF,https://www.encodeproject.org/files/ENCFF383MWC/@@download/ENCFF383MWC.fastq.gz,,1,H3K27ac,ENCSR891YGO,1
ENCSR741HEF,https://www.encodeproject.org/files/ENCFF567DEJ/@@download/ENCFF567DEJ.fastq.gz,,1,H3K27ac,ENCSR891YGO,1
ENCSR741HEF,https://www.encodeproject.org/files/ENCFF572MZK/@@download/ENCFF572MZK.fastq.gz,,1,H3K27ac,ENCSR891YGO,1
ENCSR741HEF,https://www.encodeproject.org/files/ENCFF730YJV/@@download/ENCFF730YJV.fastq.gz,,1,H3K27ac,ENCSR891YGO,1
ENCSR741HEF,https://www.encodeproject.org/files/ENCFF776OYR/@@download/ENCFF776OYR.fastq.gz,,1,H3K27ac,ENCSR891YGO,1
ENCSR741STU,https://www.encodeproject.org/files/ENCFF002BAM/@@download/ENCFF002BAM.fastq.gz,,1,H3K27ac,ENCSR742WWB,1
ENCSR741STU,https://www.encodeproject.org/files/ENCFF538SFE/@@download/ENCFF538SFE.fastq.gz,,2,H3K27ac,ENCSR742WWB,2
ENCSR743DDX,https://www.encodeproject.org/files/ENCFF061QOM/@@download/ENCFF061QOM.fastq.gz,,1,H3K27ac,ENCSR927MXE,1
ENCSR743DDX,https://www.encodeproject.org/files/ENCFF358COO/@@download/ENCFF358COO.fastq.gz,,1,H3K27ac,ENCSR927MXE,1
ENCSR747HAM,https://www.encodeproject.org/files/ENCFF072KYG/@@download/ENCFF072KYG.fastq.gz,,1,H3K27ac,ENCSR556OGN,1
ENCSR747HAM,https://www.encodeproject.org/files/ENCFF801EKR/@@download/ENCFF801EKR.fastq.gz,,1,H3K27ac,ENCSR556OGN,1
ENCSR747HAM,https://www.encodeproject.org/files/ENCFF643TOM/@@download/ENCFF643TOM.fastq.gz,,2,H3K27ac,ENCSR556OGN,1
ENCSR747HAM,https://www.encodeproject.org/files/ENCFF874VMO/@@download/ENCFF874VMO.fastq.gz,,2,H3K27ac,ENCSR556OGN,1
ENCSR748OJA,https://www.encodeproject.org/files/ENCFF275VIV/@@download/ENCFF275VIV.fastq.gz,,1,H3K27ac,ENCSR632MPN,1
ENCSR748OJA,https://www.encodeproject.org/files/ENCFF294ONB/@@download/ENCFF294ONB.fastq.gz,,1,H3K27ac,ENCSR632MPN,1
ENCSR748OJA,https://www.encodeproject.org/files/ENCFF542GQV/@@download/ENCFF542GQV.fastq.gz,,1,H3K27ac,ENCSR632MPN,1
ENCSR748OJA,https://www.encodeproject.org/files/ENCFF807AEJ/@@download/ENCFF807AEJ.fastq.gz,,1,H3K27ac,ENCSR632MPN,1
ENCSR748OJA,https://www.encodeproject.org/files/ENCFF196IZI/@@download/ENCFF196IZI.fastq.gz,,1,H3K27ac,ENCSR632MPN,1
ENCSR748OJA,https://www.encodeproject.org/files/ENCFF690WRD/@@download/ENCFF690WRD.fastq.gz,,1,H3K27ac,ENCSR632MPN,1
ENCSR748OJA,https://www.encodeproject.org/files/ENCFF713CMY/@@download/ENCFF713CMY.fastq.gz,,1,H3K27ac,ENCSR632MPN,1
ENCSR748OJA,https://www.encodeproject.org/files/ENCFF808MET/@@download/ENCFF808MET.fastq.gz,,1,H3K27ac,ENCSR632MPN,1
ENCSR748TFF,https://www.encodeproject.org/files/ENCFF517EHH/@@download/ENCFF517EHH.fastq.gz,,1,H3K27ac,ENCSR833HBT,1
ENCSR748TFF,https://www.encodeproject.org/files/ENCFF579QWM/@@download/ENCFF579QWM.fastq.gz,,1,H3K27ac,ENCSR833HBT,1
ENCSR751BHO,https://www.encodeproject.org/files/ENCFF539VAQ/@@download/ENCFF539VAQ.fastq.gz,,1,H3K27ac,ENCSR948DNK,1
ENCSR751BHO,https://www.encodeproject.org/files/ENCFF608CMJ/@@download/ENCFF608CMJ.fastq.gz,,1,H3K27ac,ENCSR948DNK,1
ENCSR751BHO,https://www.encodeproject.org/files/ENCFF746EJK/@@download/ENCFF746EJK.fastq.gz,,1,H3K27ac,ENCSR948DNK,1
ENCSR751BHO,https://www.encodeproject.org/files/ENCFF862SNF/@@download/ENCFF862SNF.fastq.gz,,1,H3K27ac,ENCSR948DNK,1
ENCSR752UOD,https://www.encodeproject.org/files/ENCFF303DDV/@@download/ENCFF303DDV.fastq.gz,,1,H3K27ac,ENCSR768LHG,1
ENCSR752UOD,https://www.encodeproject.org/files/ENCFF337CJH/@@download/ENCFF337CJH.fastq.gz,https://www.encodeproject.org/files/ENCFF319KQJ/@@download/ENCFF319KQJ.fastq.gz,1,H3K27ac,ENCSR768LHG,1
ENCSR752UOD,https://www.encodeproject.org/files/ENCFF787RSQ/@@download/ENCFF787RSQ.fastq.gz,,2,H3K27ac,ENCSR768LHG,2
ENCSR754DRC,https://www.encodeproject.org/files/ENCFF843HDE/@@download/ENCFF843HDE.fastq.gz,https://www.encodeproject.org/files/ENCFF353ZEU/@@download/ENCFF353ZEU.fastq.gz,1,H3K27ac,ENCSR124KQG,1
ENCSR754DRC,https://www.encodeproject.org/files/ENCFF010CHD/@@download/ENCFF010CHD.fastq.gz,https://www.encodeproject.org/files/ENCFF317ZXN/@@download/ENCFF317ZXN.fastq.gz,2,H3K27ac,ENCSR124KQG,1
ENCSR758KRK,https://www.encodeproject.org/files/ENCFF096DGK/@@download/ENCFF096DGK.fastq.gz,,1,H3K27ac,ENCSR118FQN,1
ENCSR758KRK,https://www.encodeproject.org/files/ENCFF871OUX/@@download/ENCFF871OUX.fastq.gz,,1,H3K27ac,ENCSR118FQN,1
ENCSR758KRK,https://www.encodeproject.org/files/ENCFF400HWQ/@@download/ENCFF400HWQ.fastq.gz,,1,H3K27ac,ENCSR118FQN,1
ENCSR758KRK,https://www.encodeproject.org/files/ENCFF733MLR/@@download/ENCFF733MLR.fastq.gz,,1,H3K27ac,ENCSR118FQN,1
ENCSR758OEC,https://www.encodeproject.org/files/ENCFF630ZFU/@@download/ENCFF630ZFU.fastq.gz,,1,H3K27ac,ENCSR264HOB,1
ENCSR758OEC,https://www.encodeproject.org/files/ENCFF783XFU/@@download/ENCFF783XFU.fastq.gz,,2,H3K27ac,ENCSR264HOB,2
ENCSR763IDK,https://www.encodeproject.org/files/ENCFF032TSP/@@download/ENCFF032TSP.fastq.gz,,1,H3K27ac,ENCSR113QDZ,1
ENCSR763IDK,https://www.encodeproject.org/files/ENCFF111ZHX/@@download/ENCFF111ZHX.fastq.gz,,1,H3K27ac,ENCSR113QDZ,1
ENCSR763IDK,https://www.encodeproject.org/files/ENCFF423DAR/@@download/ENCFF423DAR.fastq.gz,,1,H3K27ac,ENCSR113QDZ,1
ENCSR763IDK,https://www.encodeproject.org/files/ENCFF652GCZ/@@download/ENCFF652GCZ.fastq.gz,,1,H3K27ac,ENCSR113QDZ,1
ENCSR763IDK,https://www.encodeproject.org/files/ENCFF698USZ/@@download/ENCFF698USZ.fastq.gz,,1,H3K27ac,ENCSR113QDZ,1
ENCSR763IDK,https://www.encodeproject.org/files/ENCFF951QTZ/@@download/ENCFF951QTZ.fastq.gz,,1,H3K27ac,ENCSR113QDZ,1
ENCSR763IDK,https://www.encodeproject.org/files/ENCFF503OSZ/@@download/ENCFF503OSZ.fastq.gz,,2,H3K27ac,ENCSR113QDZ,2
ENCSR763IDK,https://www.encodeproject.org/files/ENCFF885CXC/@@download/ENCFF885CXC.fastq.gz,,2,H3K27ac,ENCSR113QDZ,2
ENCSR764HZU,https://www.encodeproject.org/files/ENCFF388AKB/@@download/ENCFF388AKB.fastq.gz,https://www.encodeproject.org/files/ENCFF728DWK/@@download/ENCFF728DWK.fastq.gz,1,H3K27ac,ENCSR723FET,1
ENCSR764HZU,https://www.encodeproject.org/files/ENCFF311IBB/@@download/ENCFF311IBB.fastq.gz,https://www.encodeproject.org/files/ENCFF260DVP/@@download/ENCFF260DVP.fastq.gz,2,H3K27ac,ENCSR723FET,1
ENCSR769CSE,https://www.encodeproject.org/files/ENCFF583RHP/@@download/ENCFF583RHP.fastq.gz,https://www.encodeproject.org/files/ENCFF305DCT/@@download/ENCFF305DCT.fastq.gz,1,H3K27ac,ENCSR672UXO,1
ENCSR769CSE,https://www.encodeproject.org/files/ENCFF218SED/@@download/ENCFF218SED.fastq.gz,https://www.encodeproject.org/files/ENCFF796JBG/@@download/ENCFF796JBG.fastq.gz,2,H3K27ac,ENCSR672UXO,1
ENCSR769FOC,https://www.encodeproject.org/files/ENCFF763WUN/@@download/ENCFF763WUN.fastq.gz,https://www.encodeproject.org/files/ENCFF658IDE/@@download/ENCFF658IDE.fastq.gz,1,H3K27ac,ENCSR011GWK,1
ENCSR769FOC,https://www.encodeproject.org/files/ENCFF443IWZ/@@download/ENCFF443IWZ.fastq.gz,,2,H3K27ac,ENCSR011GWK,2
ENCSR771YJT,https://www.encodeproject.org/files/ENCFF075RQB/@@download/ENCFF075RQB.fastq.gz,,1,H3K27ac,ENCSR154SJE,1
ENCSR771YJT,https://www.encodeproject.org/files/ENCFF699EFW/@@download/ENCFF699EFW.fastq.gz,,1,H3K27ac,ENCSR154SJE,1
ENCSR772ABL,https://www.encodeproject.org/files/ENCFF112SNY/@@download/ENCFF112SNY.fastq.gz,,1,H3K27ac,ENCSR049JKQ,1
ENCSR772ABL,https://www.encodeproject.org/files/ENCFF756BHY/@@download/ENCFF756BHY.fastq.gz,,1,H3K27ac,ENCSR049JKQ,1
ENCSR772ABL,https://www.encodeproject.org/files/ENCFF784BAY/@@download/ENCFF784BAY.fastq.gz,,1,H3K27ac,ENCSR049JKQ,1
ENCSR772ABL,https://www.encodeproject.org/files/ENCFF849RPS/@@download/ENCFF849RPS.fastq.gz,,1,H3K27ac,ENCSR049JKQ,1
ENCSR772ABL,https://www.encodeproject.org/files/ENCFF281JID/@@download/ENCFF281JID.fastq.gz,,1,H3K27ac,ENCSR049JKQ,1
ENCSR772ABL,https://www.encodeproject.org/files/ENCFF535IXP/@@download/ENCFF535IXP.fastq.gz,,1,H3K27ac,ENCSR049JKQ,1
ENCSR772ABL,https://www.encodeproject.org/files/ENCFF836NON/@@download/ENCFF836NON.fastq.gz,,1,H3K27ac,ENCSR049JKQ,1
ENCSR772ABL,https://www.encodeproject.org/files/ENCFF863LOI/@@download/ENCFF863LOI.fastq.gz,,1,H3K27ac,ENCSR049JKQ,1
ENCSR775FTU,https://www.encodeproject.org/files/ENCFF125KNQ/@@download/ENCFF125KNQ.fastq.gz,,1,H3K27ac,ENCSR639HUV,1
ENCSR775FTU,https://www.encodeproject.org/files/ENCFF394NCY/@@download/ENCFF394NCY.fastq.gz,,1,H3K27ac,ENCSR639HUV,1
ENCSR776KLS,https://www.encodeproject.org/files/ENCFF427ZIM/@@download/ENCFF427ZIM.fastq.gz,,1,H3K27ac,ENCSR064RLF,1
ENCSR776KLS,https://www.encodeproject.org/files/ENCFF445EHN/@@download/ENCFF445EHN.fastq.gz,,1,H3K27ac,ENCSR064RLF,1
ENCSR776TJT,https://www.encodeproject.org/files/ENCFF229DOX/@@download/ENCFF229DOX.fastq.gz,,1,H3K27ac,ENCSR437DCH,1
ENCSR776TJT,https://www.encodeproject.org/files/ENCFF350SPG/@@download/ENCFF350SPG.fastq.gz,,1,H3K27ac,ENCSR437DCH,1
ENCSR776TJT,https://www.encodeproject.org/files/ENCFF498DAE/@@download/ENCFF498DAE.fastq.gz,,1,H3K27ac,ENCSR437DCH,1
ENCSR776TJT,https://www.encodeproject.org/files/ENCFF624LRO/@@download/ENCFF624LRO.fastq.gz,,1,H3K27ac,ENCSR437DCH,1
ENCSR776TJT,https://www.encodeproject.org/files/ENCFF360MFW/@@download/ENCFF360MFW.fastq.gz,,1,H3K27ac,ENCSR437DCH,1
ENCSR776TJT,https://www.encodeproject.org/files/ENCFF371UOR/@@download/ENCFF371UOR.fastq.gz,,1,H3K27ac,ENCSR437DCH,1
ENCSR776TJT,https://www.encodeproject.org/files/ENCFF735UQS/@@download/ENCFF735UQS.fastq.gz,,1,H3K27ac,ENCSR437DCH,1
ENCSR776TJT,https://www.encodeproject.org/files/ENCFF982ZQZ/@@download/ENCFF982ZQZ.fastq.gz,,1,H3K27ac,ENCSR437DCH,1
ENCSR777CQW,https://www.encodeproject.org/files/ENCFF289XSZ/@@download/ENCFF289XSZ.fastq.gz,https://www.encodeproject.org/files/ENCFF121KWI/@@download/ENCFF121KWI.fastq.gz,1,H3K27ac,ENCSR933UGQ,1
ENCSR777CQW,https://www.encodeproject.org/files/ENCFF724WMY/@@download/ENCFF724WMY.fastq.gz,https://www.encodeproject.org/files/ENCFF443ZYO/@@download/ENCFF443ZYO.fastq.gz,2,H3K27ac,ENCSR933UGQ,2
ENCSR778NQS,https://www.encodeproject.org/files/ENCFF561LMW/@@download/ENCFF561LMW.fastq.gz,,1,H3K27ac,ENCSR814XCZ,1
ENCSR778NQS,https://www.encodeproject.org/files/ENCFF648QLO/@@download/ENCFF648QLO.fastq.gz,,2,H3K27ac,ENCSR814XCZ,2
ENCSR778NQS,https://www.encodeproject.org/files/ENCFF141ICG/@@download/ENCFF141ICG.fastq.gz,,3,H3K27ac,ENCSR814XCZ,3
ENCSR778QHG,https://www.encodeproject.org/files/ENCFF494BBS/@@download/ENCFF494BBS.fastq.gz,,1,H3K27ac,ENCSR059VTG,1
ENCSR778QHG,https://www.encodeproject.org/files/ENCFF992XKE/@@download/ENCFF992XKE.fastq.gz,,1,H3K27ac,ENCSR059VTG,1
ENCSR778QHG,https://www.encodeproject.org/files/ENCFF334EZW/@@download/ENCFF334EZW.fastq.gz,,1,H3K27ac,ENCSR059VTG,1
ENCSR778QHG,https://www.encodeproject.org/files/ENCFF549LCU/@@download/ENCFF549LCU.fastq.gz,,1,H3K27ac,ENCSR059VTG,1
ENCSR779ISJ,https://www.encodeproject.org/files/ENCFF008XUT/@@download/ENCFF008XUT.fastq.gz,,1,H3K27ac,ENCSR886ATT,1
ENCSR779ISJ,https://www.encodeproject.org/files/ENCFF101JNN/@@download/ENCFF101JNN.fastq.gz,,1,H3K27ac,ENCSR886ATT,1
ENCSR779ISJ,https://www.encodeproject.org/files/ENCFF857XCM/@@download/ENCFF857XCM.fastq.gz,,1,H3K27ac,ENCSR886ATT,1
ENCSR779ISJ,https://www.encodeproject.org/files/ENCFF971RXA/@@download/ENCFF971RXA.fastq.gz,,1,H3K27ac,ENCSR886ATT,1
ENCSR779ISJ,https://www.encodeproject.org/files/ENCFF147ZHZ/@@download/ENCFF147ZHZ.fastq.gz,,1,H3K27ac,ENCSR886ATT,1
ENCSR779ISJ,https://www.encodeproject.org/files/ENCFF278SKM/@@download/ENCFF278SKM.fastq.gz,,1,H3K27ac,ENCSR886ATT,1
ENCSR779ISJ,https://www.encodeproject.org/files/ENCFF761WRE/@@download/ENCFF761WRE.fastq.gz,,1,H3K27ac,ENCSR886ATT,1
ENCSR779ISJ,https://www.encodeproject.org/files/ENCFF857KUW/@@download/ENCFF857KUW.fastq.gz,,1,H3K27ac,ENCSR886ATT,1
ENCSR783SNV,https://www.encodeproject.org/files/ENCFF823YGI/@@download/ENCFF823YGI.fastq.gz,,1,H3K27ac,ENCSR838ZAU,1
ENCSR783SNV,https://www.encodeproject.org/files/ENCFF187VER/@@download/ENCFF187VER.fastq.gz,,2,H3K27ac,ENCSR838ZAU,2
ENCSR783SNV,https://www.encodeproject.org/files/ENCFF573OYR/@@download/ENCFF573OYR.fastq.gz,,3,H3K27ac,ENCSR838ZAU,3
ENCSR786VUJ,https://www.encodeproject.org/files/ENCFF231CZU/@@download/ENCFF231CZU.fastq.gz,,1,H3K27ac,ENCSR822YWX,1
ENCSR786VUJ,https://www.encodeproject.org/files/ENCFF519VRM/@@download/ENCFF519VRM.fastq.gz,,1,H3K27ac,ENCSR822YWX,1
ENCSR786VUJ,https://www.encodeproject.org/files/ENCFF889BDC/@@download/ENCFF889BDC.fastq.gz,,1,H3K27ac,ENCSR822YWX,1
ENCSR786VUJ,https://www.encodeproject.org/files/ENCFF941NKC/@@download/ENCFF941NKC.fastq.gz,,1,H3K27ac,ENCSR822YWX,1
ENCSR786VUJ,https://www.encodeproject.org/files/ENCFF345RUK/@@download/ENCFF345RUK.fastq.gz,,1,H3K27ac,ENCSR822YWX,1
ENCSR786VUJ,https://www.encodeproject.org/files/ENCFF395PCG/@@download/ENCFF395PCG.fastq.gz,,1,H3K27ac,ENCSR822YWX,1
ENCSR786VUJ,https://www.encodeproject.org/files/ENCFF420ZGF/@@download/ENCFF420ZGF.fastq.gz,,1,H3K27ac,ENCSR822YWX,1
ENCSR786VUJ,https://www.encodeproject.org/files/ENCFF618NHC/@@download/ENCFF618NHC.fastq.gz,,1,H3K27ac,ENCSR822YWX,1
ENCSR791ISZ,https://www.encodeproject.org/files/ENCFF453FYW/@@download/ENCFF453FYW.fastq.gz,,1,H3K27ac,ENCSR688CIB,1
ENCSR792VLP,https://www.encodeproject.org/files/ENCFF377RRF/@@download/ENCFF377RRF.fastq.gz,,1,H3K27ac,ENCSR384KIB,1
ENCSR792VLP,https://www.encodeproject.org/files/ENCFF792AEJ/@@download/ENCFF792AEJ.fastq.gz,,1,H3K27ac,ENCSR384KIB,1
ENCSR792VLP,https://www.encodeproject.org/files/ENCFF355XNV/@@download/ENCFF355XNV.fastq.gz,,1,H3K27ac,ENCSR384KIB,1
ENCSR792VLP,https://www.encodeproject.org/files/ENCFF767RRK/@@download/ENCFF767RRK.fastq.gz,,1,H3K27ac,ENCSR384KIB,1
ENCSR792VLP,https://www.encodeproject.org/files/ENCFF113KRD/@@download/ENCFF113KRD.fastq.gz,,2,H3K27ac,ENCSR384KIB,2
ENCSR792VLP,https://www.encodeproject.org/files/ENCFF428QLZ/@@download/ENCFF428QLZ.fastq.gz,,2,H3K27ac,ENCSR384KIB,2
ENCSR792VLP,https://www.encodeproject.org/files/ENCFF673MQC/@@download/ENCFF673MQC.fastq.gz,,2,H3K27ac,ENCSR384KIB,2
ENCSR792VLP,https://www.encodeproject.org/files/ENCFF688YVM/@@download/ENCFF688YVM.fastq.gz,,2,H3K27ac,ENCSR384KIB,2
ENCSR792VLP,https://www.encodeproject.org/files/ENCFF206EUG/@@download/ENCFF206EUG.fastq.gz,,2,H3K27ac,ENCSR384KIB,2
ENCSR792VLP,https://www.encodeproject.org/files/ENCFF653KLY/@@download/ENCFF653KLY.fastq.gz,,2,H3K27ac,ENCSR384KIB,2
ENCSR792VLP,https://www.encodeproject.org/files/ENCFF916DUF/@@download/ENCFF916DUF.fastq.gz,,2,H3K27ac,ENCSR384KIB,2
ENCSR792VLP,https://www.encodeproject.org/files/ENCFF987WIQ/@@download/ENCFF987WIQ.fastq.gz,,2,H3K27ac,ENCSR384KIB,2
ENCSR798RTU,https://www.encodeproject.org/files/ENCFF319JGL/@@download/ENCFF319JGL.fastq.gz,,1,H3K27ac,ENCSR314KMO,1
ENCSR798RTU,https://www.encodeproject.org/files/ENCFF769OBT/@@download/ENCFF769OBT.fastq.gz,,1,H3K27ac,ENCSR314KMO,1
ENCSR799SRL,https://www.encodeproject.org/files/ENCFF314JAW/@@download/ENCFF314JAW.fastq.gz,,1,H3K27ac,ENCSR339WBT,1
ENCSR799SRL,https://www.encodeproject.org/files/ENCFF277BER/@@download/ENCFF277BER.fastq.gz,,2,H3K27ac,ENCSR339WBT,1
ENCSR799SRL,https://www.encodeproject.org/files/ENCFF279KNT/@@download/ENCFF279KNT.fastq.gz,,3,H3K27ac,ENCSR339WBT,1
ENCSR801IPH,https://www.encodeproject.org/files/ENCFF391EOT/@@download/ENCFF391EOT.fastq.gz,,1,H3K27ac,ENCSR775IMI,1
ENCSR801IPH,https://www.encodeproject.org/files/ENCFF404QLW/@@download/ENCFF404QLW.fastq.gz,,1,H3K27ac,ENCSR775IMI,1
ENCSR801IPH,https://www.encodeproject.org/files/ENCFF898WVK/@@download/ENCFF898WVK.fastq.gz,,1,H3K27ac,ENCSR775IMI,1
ENCSR801IPH,https://www.encodeproject.org/files/ENCFF596HQA/@@download/ENCFF596HQA.fastq.gz,,1,H3K27ac,ENCSR775IMI,1
ENCSR801IPH,https://www.encodeproject.org/files/ENCFF777GCN/@@download/ENCFF777GCN.fastq.gz,,2,H3K27ac,ENCSR775IMI,1
ENCSR801IPH,https://www.encodeproject.org/files/ENCFF175LIK/@@download/ENCFF175LIK.fastq.gz,,2,H3K27ac,ENCSR775IMI,1
ENCSR804MAP,https://www.encodeproject.org/files/ENCFF018NEV/@@download/ENCFF018NEV.fastq.gz,,1,H3K27ac,ENCSR293XMP,1
ENCSR804MAP,https://www.encodeproject.org/files/ENCFF354EPE/@@download/ENCFF354EPE.fastq.gz,,1,H3K27ac,ENCSR293XMP,1
ENCSR804MAP,https://www.encodeproject.org/files/ENCFF400EVY/@@download/ENCFF400EVY.fastq.gz,,2,H3K27ac,ENCSR293XMP,1
ENCSR804MAP,https://www.encodeproject.org/files/ENCFF418UST/@@download/ENCFF418UST.fastq.gz,,2,H3K27ac,ENCSR293XMP,1
ENCSR807TBS,https://www.encodeproject.org/files/ENCFF463WBZ/@@download/ENCFF463WBZ.fastq.gz,,1,H3K27ac,ENCSR394ZWY,1
ENCSR807TBS,https://www.encodeproject.org/files/ENCFF521JII/@@download/ENCFF521JII.fastq.gz,,1,H3K27ac,ENCSR394ZWY,1
ENCSR807TBS,https://www.encodeproject.org/files/ENCFF865HGJ/@@download/ENCFF865HGJ.fastq.gz,,1,H3K27ac,ENCSR394ZWY,1
ENCSR807TBS,https://www.encodeproject.org/files/ENCFF869DHH/@@download/ENCFF869DHH.fastq.gz,,1,H3K27ac,ENCSR394ZWY,1
ENCSR807TBS,https://www.encodeproject.org/files/ENCFF534BQA/@@download/ENCFF534BQA.fastq.gz,,1,H3K27ac,ENCSR394ZWY,1
ENCSR807TBS,https://www.encodeproject.org/files/ENCFF560XSN/@@download/ENCFF560XSN.fastq.gz,,1,H3K27ac,ENCSR394ZWY,1
ENCSR807TBS,https://www.encodeproject.org/files/ENCFF772FIS/@@download/ENCFF772FIS.fastq.gz,,1,H3K27ac,ENCSR394ZWY,1
ENCSR807TBS,https://www.encodeproject.org/files/ENCFF922JEM/@@download/ENCFF922JEM.fastq.gz,,1,H3K27ac,ENCSR394ZWY,1
ENCSR807XUB,https://www.encodeproject.org/files/ENCFF783TMM/@@download/ENCFF783TMM.fastq.gz,,1,H3K27ac,ENCSR099RQB,1
ENCSR807XUB,https://www.encodeproject.org/files/ENCFF789DVP/@@download/ENCFF789DVP.fastq.gz,,1,H3K27ac,ENCSR099RQB,1
ENCSR807XUB,https://www.encodeproject.org/files/ENCFF201GTD/@@download/ENCFF201GTD.fastq.gz,,1,H3K27ac,ENCSR099RQB,1
ENCSR807XUB,https://www.encodeproject.org/files/ENCFF594TCX/@@download/ENCFF594TCX.fastq.gz,,1,H3K27ac,ENCSR099RQB,1
ENCSR810EPZ,https://www.encodeproject.org/files/ENCFF388ZOD/@@download/ENCFF388ZOD.fastq.gz,,1,H3K27ac,ENCSR123WDC,1
ENCSR810EPZ,https://www.encodeproject.org/files/ENCFF506WNZ/@@download/ENCFF506WNZ.fastq.gz,,1,H3K27ac,ENCSR123WDC,1
ENCSR810EPZ,https://www.encodeproject.org/files/ENCFF624HTL/@@download/ENCFF624HTL.fastq.gz,,1,H3K27ac,ENCSR123WDC,1
ENCSR814KSK,https://www.encodeproject.org/files/ENCFF168CWR/@@download/ENCFF168CWR.fastq.gz,,1,H3K27ac,ENCSR745AVM,1
ENCSR814KSK,https://www.encodeproject.org/files/ENCFF482TQU/@@download/ENCFF482TQU.fastq.gz,,1,H3K27ac,ENCSR745AVM,1
ENCSR814KSK,https://www.encodeproject.org/files/ENCFF522RSK/@@download/ENCFF522RSK.fastq.gz,,1,H3K27ac,ENCSR745AVM,1
ENCSR814KSK,https://www.encodeproject.org/files/ENCFF621GLL/@@download/ENCFF621GLL.fastq.gz,,1,H3K27ac,ENCSR745AVM,1
ENCSR814KSK,https://www.encodeproject.org/files/ENCFF399FKX/@@download/ENCFF399FKX.fastq.gz,,1,H3K27ac,ENCSR745AVM,1
ENCSR814KSK,https://www.encodeproject.org/files/ENCFF428EKH/@@download/ENCFF428EKH.fastq.gz,,1,H3K27ac,ENCSR745AVM,1
ENCSR814KSK,https://www.encodeproject.org/files/ENCFF707PJC/@@download/ENCFF707PJC.fastq.gz,,1,H3K27ac,ENCSR745AVM,1
ENCSR814KSK,https://www.encodeproject.org/files/ENCFF746HHH/@@download/ENCFF746HHH.fastq.gz,,1,H3K27ac,ENCSR745AVM,1
ENCSR814QIV,https://www.encodeproject.org/files/ENCFF201PSR/@@download/ENCFF201PSR.fastq.gz,,1,H3K27ac,ENCSR572GRM,1
ENCSR814QIV,https://www.encodeproject.org/files/ENCFF253EMG/@@download/ENCFF253EMG.fastq.gz,,1,H3K27ac,ENCSR572GRM,1
ENCSR814QIV,https://www.encodeproject.org/files/ENCFF875MIN/@@download/ENCFF875MIN.fastq.gz,,1,H3K27ac,ENCSR572GRM,1
ENCSR814QIV,https://www.encodeproject.org/files/ENCFF888ZHL/@@download/ENCFF888ZHL.fastq.gz,,1,H3K27ac,ENCSR572GRM,1
ENCSR814QIV,https://www.encodeproject.org/files/ENCFF026EAX/@@download/ENCFF026EAX.fastq.gz,,1,H3K27ac,ENCSR572GRM,1
ENCSR814QIV,https://www.encodeproject.org/files/ENCFF068PTJ/@@download/ENCFF068PTJ.fastq.gz,,1,H3K27ac,ENCSR572GRM,1
ENCSR814QIV,https://www.encodeproject.org/files/ENCFF434QXO/@@download/ENCFF434QXO.fastq.gz,,1,H3K27ac,ENCSR572GRM,1
ENCSR814QIV,https://www.encodeproject.org/files/ENCFF617PTA/@@download/ENCFF617PTA.fastq.gz,,1,H3K27ac,ENCSR572GRM,1
ENCSR814QIV,https://www.encodeproject.org/files/ENCFF047BRO/@@download/ENCFF047BRO.fastq.gz,,2,H3K27ac,ENCSR572GRM,2
ENCSR814QIV,https://www.encodeproject.org/files/ENCFF084XXZ/@@download/ENCFF084XXZ.fastq.gz,,2,H3K27ac,ENCSR572GRM,2
ENCSR814QIV,https://www.encodeproject.org/files/ENCFF141QPL/@@download/ENCFF141QPL.fastq.gz,,2,H3K27ac,ENCSR572GRM,2
ENCSR814QIV,https://www.encodeproject.org/files/ENCFF220HFN/@@download/ENCFF220HFN.fastq.gz,,2,H3K27ac,ENCSR572GRM,2
ENCSR814QIV,https://www.encodeproject.org/files/ENCFF368UFL/@@download/ENCFF368UFL.fastq.gz,,2,H3K27ac,ENCSR572GRM,2
ENCSR814QIV,https://www.encodeproject.org/files/ENCFF605JPD/@@download/ENCFF605JPD.fastq.gz,,2,H3K27ac,ENCSR572GRM,2
ENCSR814QIV,https://www.encodeproject.org/files/ENCFF740DSN/@@download/ENCFF740DSN.fastq.gz,,2,H3K27ac,ENCSR572GRM,2
ENCSR814QIV,https://www.encodeproject.org/files/ENCFF945SKW/@@download/ENCFF945SKW.fastq.gz,,2,H3K27ac,ENCSR572GRM,2
ENCSR814QIV,https://www.encodeproject.org/files/ENCFF129XIH/@@download/ENCFF129XIH.fastq.gz,,2,H3K27ac,ENCSR572GRM,2
ENCSR814QIV,https://www.encodeproject.org/files/ENCFF198ICD/@@download/ENCFF198ICD.fastq.gz,,2,H3K27ac,ENCSR572GRM,2
ENCSR814QIV,https://www.encodeproject.org/files/ENCFF240SRO/@@download/ENCFF240SRO.fastq.gz,,2,H3K27ac,ENCSR572GRM,2
ENCSR814QIV,https://www.encodeproject.org/files/ENCFF391BWP/@@download/ENCFF391BWP.fastq.gz,,2,H3K27ac,ENCSR572GRM,2
ENCSR814QIV,https://www.encodeproject.org/files/ENCFF487NEI/@@download/ENCFF487NEI.fastq.gz,,2,H3K27ac,ENCSR572GRM,2
ENCSR814QIV,https://www.encodeproject.org/files/ENCFF528DAZ/@@download/ENCFF528DAZ.fastq.gz,,2,H3K27ac,ENCSR572GRM,2
ENCSR814QIV,https://www.encodeproject.org/files/ENCFF752NCM/@@download/ENCFF752NCM.fastq.gz,,2,H3K27ac,ENCSR572GRM,2
ENCSR814QIV,https://www.encodeproject.org/files/ENCFF985PGJ/@@download/ENCFF985PGJ.fastq.gz,,2,H3K27ac,ENCSR572GRM,2
ENCSR820DOR,https://www.encodeproject.org/files/ENCFF836HOQ/@@download/ENCFF836HOQ.fastq.gz,,1,H3K27ac,ENCSR452GUC,1
ENCSR820DOR,https://www.encodeproject.org/files/ENCFF167NPJ/@@download/ENCFF167NPJ.fastq.gz,,2,H3K27ac,ENCSR452GUC,2
ENCSR820DOR,https://www.encodeproject.org/files/ENCFF604RFX/@@download/ENCFF604RFX.fastq.gz,,2,H3K27ac,ENCSR452GUC,2
ENCSR821DYI,https://www.encodeproject.org/files/ENCFF012PIL/@@download/ENCFF012PIL.fastq.gz,,1,H3K27ac,ENCSR278ACD,1
ENCSR821DYI,https://www.encodeproject.org/files/ENCFF046IQK/@@download/ENCFF046IQK.fastq.gz,,1,H3K27ac,ENCSR278ACD,1
ENCSR821DYI,https://www.encodeproject.org/files/ENCFF129LWS/@@download/ENCFF129LWS.fastq.gz,,1,H3K27ac,ENCSR278ACD,1
ENCSR821DYI,https://www.encodeproject.org/files/ENCFF483BBC/@@download/ENCFF483BBC.fastq.gz,,1,H3K27ac,ENCSR278ACD,1
ENCSR821DYI,https://www.encodeproject.org/files/ENCFF346SUB/@@download/ENCFF346SUB.fastq.gz,,1,H3K27ac,ENCSR278ACD,1
ENCSR821DYI,https://www.encodeproject.org/files/ENCFF427MRK/@@download/ENCFF427MRK.fastq.gz,,1,H3K27ac,ENCSR278ACD,1
ENCSR821DYI,https://www.encodeproject.org/files/ENCFF540MAY/@@download/ENCFF540MAY.fastq.gz,,1,H3K27ac,ENCSR278ACD,1
ENCSR821DYI,https://www.encodeproject.org/files/ENCFF712TRU/@@download/ENCFF712TRU.fastq.gz,,1,H3K27ac,ENCSR278ACD,1
ENCSR822ZIG,https://www.encodeproject.org/files/ENCFF596KYX/@@download/ENCFF596KYX.fastq.gz,https://www.encodeproject.org/files/ENCFF137ZCP/@@download/ENCFF137ZCP.fastq.gz,1,H3K27ac,ENCSR590YGY,1
ENCSR822ZIG,https://www.encodeproject.org/files/ENCFF978XIZ/@@download/ENCFF978XIZ.fastq.gz,https://www.encodeproject.org/files/ENCFF732GUW/@@download/ENCFF732GUW.fastq.gz,1,H3K27ac,ENCSR590YGY,1
ENCSR826UTD,https://www.encodeproject.org/files/ENCFF794NKI/@@download/ENCFF794NKI.fastq.gz,,1,H3K27ac,ENCSR328AHC,1
ENCSR826UTD,https://www.encodeproject.org/files/ENCFF468EBP/@@download/ENCFF468EBP.fastq.gz,,2,H3K27ac,ENCSR328AHC,2
ENCSR830EXC,https://www.encodeproject.org/files/ENCFF174ARR/@@download/ENCFF174ARR.fastq.gz,,1,H3K27ac,ENCSR698YQL,1
ENCSR830EXC,https://www.encodeproject.org/files/ENCFF569WGW/@@download/ENCFF569WGW.fastq.gz,,1,H3K27ac,ENCSR698YQL,1
ENCSR830EXC,https://www.encodeproject.org/files/ENCFF585YBB/@@download/ENCFF585YBB.fastq.gz,,1,H3K27ac,ENCSR698YQL,1
ENCSR830EXC,https://www.encodeproject.org/files/ENCFF868PXG/@@download/ENCFF868PXG.fastq.gz,,1,H3K27ac,ENCSR698YQL,1
ENCSR830EXC,https://www.encodeproject.org/files/ENCFF084PZW/@@download/ENCFF084PZW.fastq.gz,,1,H3K27ac,ENCSR698YQL,1
ENCSR830EXC,https://www.encodeproject.org/files/ENCFF256ZAT/@@download/ENCFF256ZAT.fastq.gz,,1,H3K27ac,ENCSR698YQL,1
ENCSR830EXC,https://www.encodeproject.org/files/ENCFF456UPI/@@download/ENCFF456UPI.fastq.gz,,1,H3K27ac,ENCSR698YQL,1
ENCSR830EXC,https://www.encodeproject.org/files/ENCFF923QAB/@@download/ENCFF923QAB.fastq.gz,,1,H3K27ac,ENCSR698YQL,1
ENCSR835MMN,https://www.encodeproject.org/files/ENCFF066HPX/@@download/ENCFF066HPX.fastq.gz,https://www.encodeproject.org/files/ENCFF652KAN/@@download/ENCFF652KAN.fastq.gz,1,H3K27ac,ENCSR899XXQ,1
ENCSR835MMN,https://www.encodeproject.org/files/ENCFF936KFD/@@download/ENCFF936KFD.fastq.gz,,2,H3K27ac,ENCSR899XXQ,1
ENCSR835OJV,https://www.encodeproject.org/files/ENCFF624RJQ/@@download/ENCFF624RJQ.fastq.gz,,1,H3K27ac,ENCSR072QNY,1
ENCSR835OJV,https://www.encodeproject.org/files/ENCFF767MPQ/@@download/ENCFF767MPQ.fastq.gz,,1,H3K27ac,ENCSR072QNY,1
ENCSR835OJV,https://www.encodeproject.org/files/ENCFF772NMY/@@download/ENCFF772NMY.fastq.gz,,1,H3K27ac,ENCSR072QNY,1
ENCSR835OJV,https://www.encodeproject.org/files/ENCFF247ECR/@@download/ENCFF247ECR.fastq.gz,,2,H3K27ac,ENCSR072QNY,2
ENCSR835OJV,https://www.encodeproject.org/files/ENCFF358QFG/@@download/ENCFF358QFG.fastq.gz,,2,H3K27ac,ENCSR072QNY,2
ENCSR835OJV,https://www.encodeproject.org/files/ENCFF992PUV/@@download/ENCFF992PUV.fastq.gz,,2,H3K27ac,ENCSR072QNY,2
ENCSR837CSL,https://www.encodeproject.org/files/ENCFF400MCY/@@download/ENCFF400MCY.fastq.gz,,1,H3K27ac,ENCSR071ILJ,1
ENCSR837CSL,https://www.encodeproject.org/files/ENCFF444HNM/@@download/ENCFF444HNM.fastq.gz,,1,H3K27ac,ENCSR071ILJ,1
ENCSR837CSL,https://www.encodeproject.org/files/ENCFF554AFB/@@download/ENCFF554AFB.fastq.gz,,1,H3K27ac,ENCSR071ILJ,1
ENCSR837CSL,https://www.encodeproject.org/files/ENCFF922JPR/@@download/ENCFF922JPR.fastq.gz,,1,H3K27ac,ENCSR071ILJ,1
ENCSR837CSL,https://www.encodeproject.org/files/ENCFF083GKM/@@download/ENCFF083GKM.fastq.gz,,1,H3K27ac,ENCSR071ILJ,1
ENCSR837CSL,https://www.encodeproject.org/files/ENCFF440EZS/@@download/ENCFF440EZS.fastq.gz,,1,H3K27ac,ENCSR071ILJ,1
ENCSR837CSL,https://www.encodeproject.org/files/ENCFF583SXR/@@download/ENCFF583SXR.fastq.gz,,1,H3K27ac,ENCSR071ILJ,1
ENCSR837CSL,https://www.encodeproject.org/files/ENCFF685JEZ/@@download/ENCFF685JEZ.fastq.gz,,1,H3K27ac,ENCSR071ILJ,1
ENCSR837CSL,https://www.encodeproject.org/files/ENCFF363IMT/@@download/ENCFF363IMT.fastq.gz,,2,H3K27ac,ENCSR071ILJ,2
ENCSR837CSL,https://www.encodeproject.org/files/ENCFF439FLE/@@download/ENCFF439FLE.fastq.gz,,2,H3K27ac,ENCSR071ILJ,2
ENCSR837CSL,https://www.encodeproject.org/files/ENCFF900TBK/@@download/ENCFF900TBK.fastq.gz,,2,H3K27ac,ENCSR071ILJ,2
ENCSR837CSL,https://www.encodeproject.org/files/ENCFF924IWQ/@@download/ENCFF924IWQ.fastq.gz,,2,H3K27ac,ENCSR071ILJ,2
ENCSR837CSL,https://www.encodeproject.org/files/ENCFF038VKQ/@@download/ENCFF038VKQ.fastq.gz,,2,H3K27ac,ENCSR071ILJ,2
ENCSR837CSL,https://www.encodeproject.org/files/ENCFF256RCH/@@download/ENCFF256RCH.fastq.gz,,2,H3K27ac,ENCSR071ILJ,2
ENCSR837CSL,https://www.encodeproject.org/files/ENCFF446QGP/@@download/ENCFF446QGP.fastq.gz,,2,H3K27ac,ENCSR071ILJ,2
ENCSR837CSL,https://www.encodeproject.org/files/ENCFF865ZGI/@@download/ENCFF865ZGI.fastq.gz,,2,H3K27ac,ENCSR071ILJ,2
ENCSR837DVF,https://www.encodeproject.org/files/ENCFF250KXV/@@download/ENCFF250KXV.fastq.gz,,1,H3K27ac,ENCSR454FJM,1
ENCSR837DVF,https://www.encodeproject.org/files/ENCFF411QFU/@@download/ENCFF411QFU.fastq.gz,,1,H3K27ac,ENCSR454FJM,1
ENCSR837DVF,https://www.encodeproject.org/files/ENCFF416QLG/@@download/ENCFF416QLG.fastq.gz,,1,H3K27ac,ENCSR454FJM,1
ENCSR837DVF,https://www.encodeproject.org/files/ENCFF686CQM/@@download/ENCFF686CQM.fastq.gz,,1,H3K27ac,ENCSR454FJM,1
ENCSR837DVF,https://www.encodeproject.org/files/ENCFF066EOM/@@download/ENCFF066EOM.fastq.gz,,1,H3K27ac,ENCSR454FJM,1
ENCSR837DVF,https://www.encodeproject.org/files/ENCFF158PJX/@@download/ENCFF158PJX.fastq.gz,,1,H3K27ac,ENCSR454FJM,1
ENCSR837DVF,https://www.encodeproject.org/files/ENCFF582WJX/@@download/ENCFF582WJX.fastq.gz,,1,H3K27ac,ENCSR454FJM,1
ENCSR837DVF,https://www.encodeproject.org/files/ENCFF776BHB/@@download/ENCFF776BHB.fastq.gz,,1,H3K27ac,ENCSR454FJM,1
ENCSR837SGJ,https://www.encodeproject.org/files/ENCFF082JPG/@@download/ENCFF082JPG.fastq.gz,,1,H3K27ac,ENCSR124GAS,1
ENCSR837SGJ,https://www.encodeproject.org/files/ENCFF453DCW/@@download/ENCFF453DCW.fastq.gz,,1,H3K27ac,ENCSR124GAS,1
ENCSR839GXY,https://www.encodeproject.org/files/ENCFF208TTE/@@download/ENCFF208TTE.fastq.gz,,1,H3K27ac,ENCSR145RXI,1
ENCSR839GXY,https://www.encodeproject.org/files/ENCFF572HNZ/@@download/ENCFF572HNZ.fastq.gz,,1,H3K27ac,ENCSR145RXI,1
ENCSR839GXY,https://www.encodeproject.org/files/ENCFF853ZCX/@@download/ENCFF853ZCX.fastq.gz,,1,H3K27ac,ENCSR145RXI,1
ENCSR839GXY,https://www.encodeproject.org/files/ENCFF911BAS/@@download/ENCFF911BAS.fastq.gz,,1,H3K27ac,ENCSR145RXI,1
ENCSR839GXY,https://www.encodeproject.org/files/ENCFF306ZRF/@@download/ENCFF306ZRF.fastq.gz,,1,H3K27ac,ENCSR145RXI,1
ENCSR839GXY,https://www.encodeproject.org/files/ENCFF438JOX/@@download/ENCFF438JOX.fastq.gz,,1,H3K27ac,ENCSR145RXI,1
ENCSR839GXY,https://www.encodeproject.org/files/ENCFF578HQS/@@download/ENCFF578HQS.fastq.gz,,1,H3K27ac,ENCSR145RXI,1
ENCSR839GXY,https://www.encodeproject.org/files/ENCFF615EQG/@@download/ENCFF615EQG.fastq.gz,,1,H3K27ac,ENCSR145RXI,1
ENCSR840FCT,https://www.encodeproject.org/files/ENCFF168YQH/@@download/ENCFF168YQH.fastq.gz,,1,H3K27ac,ENCSR918ESG,1
ENCSR840FCT,https://www.encodeproject.org/files/ENCFF534MEH/@@download/ENCFF534MEH.fastq.gz,,1,H3K27ac,ENCSR918ESG,1
ENCSR840FCT,https://www.encodeproject.org/files/ENCFF598CJK/@@download/ENCFF598CJK.fastq.gz,,1,H3K27ac,ENCSR918ESG,1
ENCSR840FCT,https://www.encodeproject.org/files/ENCFF956RIM/@@download/ENCFF956RIM.fastq.gz,,1,H3K27ac,ENCSR918ESG,1
ENCSR840FCT,https://www.encodeproject.org/files/ENCFF025WRH/@@download/ENCFF025WRH.fastq.gz,,1,H3K27ac,ENCSR918ESG,1
ENCSR840FCT,https://www.encodeproject.org/files/ENCFF447PXX/@@download/ENCFF447PXX.fastq.gz,,1,H3K27ac,ENCSR918ESG,1
ENCSR840FCT,https://www.encodeproject.org/files/ENCFF501RLS/@@download/ENCFF501RLS.fastq.gz,,1,H3K27ac,ENCSR918ESG,1
ENCSR840FCT,https://www.encodeproject.org/files/ENCFF772PQX/@@download/ENCFF772PQX.fastq.gz,,1,H3K27ac,ENCSR918ESG,1
ENCSR841AJO,https://www.encodeproject.org/files/ENCFF286IJZ/@@download/ENCFF286IJZ.fastq.gz,,1,H3K27ac,ENCSR559IPI,1
ENCSR841AJO,https://www.encodeproject.org/files/ENCFF793WTW/@@download/ENCFF793WTW.fastq.gz,,1,H3K27ac,ENCSR559IPI,1
ENCSR841AJO,https://www.encodeproject.org/files/ENCFF320BTU/@@download/ENCFF320BTU.fastq.gz,,1,H3K27ac,ENCSR559IPI,1
ENCSR841AJO,https://www.encodeproject.org/files/ENCFF963CTM/@@download/ENCFF963CTM.fastq.gz,,1,H3K27ac,ENCSR559IPI,1
ENCSR841AJO,https://www.encodeproject.org/files/ENCFF844ZQH/@@download/ENCFF844ZQH.fastq.gz,,2,H3K27ac,ENCSR559IPI,2
ENCSR841AJO,https://www.encodeproject.org/files/ENCFF964VMI/@@download/ENCFF964VMI.fastq.gz,,2,H3K27ac,ENCSR559IPI,2
ENCSR841AJO,https://www.encodeproject.org/files/ENCFF014AKE/@@download/ENCFF014AKE.fastq.gz,,2,H3K27ac,ENCSR559IPI,2
ENCSR841AJO,https://www.encodeproject.org/files/ENCFF277BPN/@@download/ENCFF277BPN.fastq.gz,,2,H3K27ac,ENCSR559IPI,2
ENCSR842NGQ,https://www.encodeproject.org/files/ENCFF069PVZ/@@download/ENCFF069PVZ.fastq.gz,,1,H3K27ac,ENCSR803UDX,1
ENCSR842NGQ,https://www.encodeproject.org/files/ENCFF465TFC/@@download/ENCFF465TFC.fastq.gz,,2,H3K27ac,ENCSR803UDX,2
ENCSR842TXG,https://www.encodeproject.org/files/ENCFF414LSV/@@download/ENCFF414LSV.fastq.gz,,1,H3K27ac,ENCSR937OPV,1
ENCSR842TXG,https://www.encodeproject.org/files/ENCFF570RUY/@@download/ENCFF570RUY.fastq.gz,,1,H3K27ac,ENCSR937OPV,1
ENCSR842TXG,https://www.encodeproject.org/files/ENCFF885DZV/@@download/ENCFF885DZV.fastq.gz,,1,H3K27ac,ENCSR937OPV,1
ENCSR842TXG,https://www.encodeproject.org/files/ENCFF961IWU/@@download/ENCFF961IWU.fastq.gz,,1,H3K27ac,ENCSR937OPV,1
ENCSR842TXG,https://www.encodeproject.org/files/ENCFF003LOB/@@download/ENCFF003LOB.fastq.gz,,1,H3K27ac,ENCSR937OPV,1
ENCSR842TXG,https://www.encodeproject.org/files/ENCFF013OUY/@@download/ENCFF013OUY.fastq.gz,,1,H3K27ac,ENCSR937OPV,1
ENCSR842TXG,https://www.encodeproject.org/files/ENCFF528PBD/@@download/ENCFF528PBD.fastq.gz,,1,H3K27ac,ENCSR937OPV,1
ENCSR842TXG,https://www.encodeproject.org/files/ENCFF563RQH/@@download/ENCFF563RQH.fastq.gz,,1,H3K27ac,ENCSR937OPV,1
ENCSR847AIA,https://www.encodeproject.org/files/ENCFF317HYD/@@download/ENCFF317HYD.fastq.gz,,1,H3K27ac,ENCSR960VLF,1
ENCSR847AIA,https://www.encodeproject.org/files/ENCFF429NJG/@@download/ENCFF429NJG.fastq.gz,,1,H3K27ac,ENCSR960VLF,1
ENCSR854OXF,https://www.encodeproject.org/files/ENCFF762NSE/@@download/ENCFF762NSE.fastq.gz,,1,H3K27ac,ENCSR526EXI,1
ENCSR854OXF,https://www.encodeproject.org/files/ENCFF978HHN/@@download/ENCFF978HHN.fastq.gz,,1,H3K27ac,ENCSR526EXI,1
ENCSR855NCG,https://www.encodeproject.org/files/ENCFF223LZK/@@download/ENCFF223LZK.fastq.gz,,1,H3K27ac,ENCSR799VTP,1
ENCSR855NCG,https://www.encodeproject.org/files/ENCFF360APZ/@@download/ENCFF360APZ.fastq.gz,,1,H3K27ac,ENCSR799VTP,1
ENCSR855NCG,https://www.encodeproject.org/files/ENCFF364QUP/@@download/ENCFF364QUP.fastq.gz,,1,H3K27ac,ENCSR799VTP,1
ENCSR855NCG,https://www.encodeproject.org/files/ENCFF814TTD/@@download/ENCFF814TTD.fastq.gz,,1,H3K27ac,ENCSR799VTP,1
ENCSR855NCG,https://www.encodeproject.org/files/ENCFF019BHE/@@download/ENCFF019BHE.fastq.gz,,1,H3K27ac,ENCSR799VTP,1
ENCSR855NCG,https://www.encodeproject.org/files/ENCFF166TUA/@@download/ENCFF166TUA.fastq.gz,,1,H3K27ac,ENCSR799VTP,1
ENCSR855NCG,https://www.encodeproject.org/files/ENCFF439NNM/@@download/ENCFF439NNM.fastq.gz,,1,H3K27ac,ENCSR799VTP,1
ENCSR855NCG,https://www.encodeproject.org/files/ENCFF795MAB/@@download/ENCFF795MAB.fastq.gz,,1,H3K27ac,ENCSR799VTP,1
ENCSR857GMX,https://www.encodeproject.org/files/ENCFF002BCD/@@download/ENCFF002BCD.fastq.gz,,1,H3K27ac,ENCSR361GKY,1
ENCSR857GMX,https://www.encodeproject.org/files/ENCFF145ANA/@@download/ENCFF145ANA.fastq.gz,,1,H3K27ac,ENCSR361GKY,1
ENCSR857GMX,https://www.encodeproject.org/files/ENCFF466ICJ/@@download/ENCFF466ICJ.fastq.gz,,1,H3K27ac,ENCSR361GKY,1
ENCSR857GMX,https://www.encodeproject.org/files/ENCFF002AUE/@@download/ENCFF002AUE.fastq.gz,,2,H3K27ac,ENCSR361GKY,2
ENCSR857GMX,https://www.encodeproject.org/files/ENCFF539JCY/@@download/ENCFF539JCY.fastq.gz,,2,H3K27ac,ENCSR361GKY,2
ENCSR857GMX,https://www.encodeproject.org/files/ENCFF810ZTW/@@download/ENCFF810ZTW.fastq.gz,,2,H3K27ac,ENCSR361GKY,2
ENCSR860TEJ,https://www.encodeproject.org/files/ENCFF598UPD/@@download/ENCFF598UPD.fastq.gz,,1,H3K27ac,ENCSR836KPL,1
ENCSR860TEJ,https://www.encodeproject.org/files/ENCFF764IOS/@@download/ENCFF764IOS.fastq.gz,,1,H3K27ac,ENCSR836KPL,1
ENCSR860TEJ,https://www.encodeproject.org/files/ENCFF885PPV/@@download/ENCFF885PPV.fastq.gz,,1,H3K27ac,ENCSR836KPL,1
ENCSR860TEJ,https://www.encodeproject.org/files/ENCFF989WYZ/@@download/ENCFF989WYZ.fastq.gz,,1,H3K27ac,ENCSR836KPL,1
ENCSR860TEJ,https://www.encodeproject.org/files/ENCFF329QEX/@@download/ENCFF329QEX.fastq.gz,,1,H3K27ac,ENCSR836KPL,1
ENCSR860TEJ,https://www.encodeproject.org/files/ENCFF415UYH/@@download/ENCFF415UYH.fastq.gz,,1,H3K27ac,ENCSR836KPL,1
ENCSR860TEJ,https://www.encodeproject.org/files/ENCFF696AAI/@@download/ENCFF696AAI.fastq.gz,,1,H3K27ac,ENCSR836KPL,1
ENCSR860TEJ,https://www.encodeproject.org/files/ENCFF897PNZ/@@download/ENCFF897PNZ.fastq.gz,,1,H3K27ac,ENCSR836KPL,1
ENCSR863BVD,https://www.encodeproject.org/files/ENCFF056DUB/@@download/ENCFF056DUB.fastq.gz,,1,H3K27ac,ENCSR403VPZ,1
ENCSR863BVD,https://www.encodeproject.org/files/ENCFF340HPT/@@download/ENCFF340HPT.fastq.gz,,1,H3K27ac,ENCSR403VPZ,1
ENCSR863BVD,https://www.encodeproject.org/files/ENCFF643VKY/@@download/ENCFF643VKY.fastq.gz,,1,H3K27ac,ENCSR403VPZ,1
ENCSR863BVD,https://www.encodeproject.org/files/ENCFF839JEI/@@download/ENCFF839JEI.fastq.gz,,1,H3K27ac,ENCSR403VPZ,1
ENCSR863BVD,https://www.encodeproject.org/files/ENCFF795IHF/@@download/ENCFF795IHF.fastq.gz,,1,H3K27ac,ENCSR403VPZ,1
ENCSR863BVD,https://www.encodeproject.org/files/ENCFF972IUC/@@download/ENCFF972IUC.fastq.gz,,1,H3K27ac,ENCSR403VPZ,1
ENCSR863BVD,https://www.encodeproject.org/files/ENCFF974EPL/@@download/ENCFF974EPL.fastq.gz,,1,H3K27ac,ENCSR403VPZ,1
ENCSR863BVD,https://www.encodeproject.org/files/ENCFF979KRW/@@download/ENCFF979KRW.fastq.gz,,1,H3K27ac,ENCSR403VPZ,1
ENCSR864KVZ,https://www.encodeproject.org/files/ENCFF195ZFO/@@download/ENCFF195ZFO.fastq.gz,,1,H3K27ac,ENCSR324VMZ,1
ENCSR864KVZ,https://www.encodeproject.org/files/ENCFF734JYK/@@download/ENCFF734JYK.fastq.gz,,2,H3K27ac,ENCSR324VMZ,2
ENCSR864KVZ,https://www.encodeproject.org/files/ENCFF573COX/@@download/ENCFF573COX.fastq.gz,,3,H3K27ac,ENCSR324VMZ,3
ENCSR864OOO,https://www.encodeproject.org/files/ENCFF289EPV/@@download/ENCFF289EPV.fastq.gz,,1,H3K27ac,ENCSR309LQG,1
ENCSR864OOO,https://www.encodeproject.org/files/ENCFF545LYP/@@download/ENCFF545LYP.fastq.gz,,1,H3K27ac,ENCSR309LQG,1
ENCSR864OOO,https://www.encodeproject.org/files/ENCFF767NLT/@@download/ENCFF767NLT.fastq.gz,,1,H3K27ac,ENCSR309LQG,1
ENCSR864OOO,https://www.encodeproject.org/files/ENCFF904HAT/@@download/ENCFF904HAT.fastq.gz,,1,H3K27ac,ENCSR309LQG,1
ENCSR864OOO,https://www.encodeproject.org/files/ENCFF042WUZ/@@download/ENCFF042WUZ.fastq.gz,,1,H3K27ac,ENCSR309LQG,1
ENCSR864OOO,https://www.encodeproject.org/files/ENCFF065PGS/@@download/ENCFF065PGS.fastq.gz,,1,H3K27ac,ENCSR309LQG,1
ENCSR864OOO,https://www.encodeproject.org/files/ENCFF150ULZ/@@download/ENCFF150ULZ.fastq.gz,,1,H3K27ac,ENCSR309LQG,1
ENCSR864OOO,https://www.encodeproject.org/files/ENCFF745TQU/@@download/ENCFF745TQU.fastq.gz,,1,H3K27ac,ENCSR309LQG,1
ENCSR868ZOR,https://www.encodeproject.org/files/ENCFF024BLF/@@download/ENCFF024BLF.fastq.gz,,1,H3K27ac,ENCSR490NCK,1
ENCSR868ZOR,https://www.encodeproject.org/files/ENCFF316OVZ/@@download/ENCFF316OVZ.fastq.gz,,1,H3K27ac,ENCSR490NCK,1
ENCSR868ZOR,https://www.encodeproject.org/files/ENCFF528LEL/@@download/ENCFF528LEL.fastq.gz,,1,H3K27ac,ENCSR490NCK,1
ENCSR868ZOR,https://www.encodeproject.org/files/ENCFF709MXA/@@download/ENCFF709MXA.fastq.gz,,1,H3K27ac,ENCSR490NCK,1
ENCSR868ZOR,https://www.encodeproject.org/files/ENCFF096LCM/@@download/ENCFF096LCM.fastq.gz,,1,H3K27ac,ENCSR490NCK,1
ENCSR868ZOR,https://www.encodeproject.org/files/ENCFF178RIO/@@download/ENCFF178RIO.fastq.gz,,1,H3K27ac,ENCSR490NCK,1
ENCSR868ZOR,https://www.encodeproject.org/files/ENCFF425WSX/@@download/ENCFF425WSX.fastq.gz,,1,H3K27ac,ENCSR490NCK,1
ENCSR868ZOR,https://www.encodeproject.org/files/ENCFF908IVY/@@download/ENCFF908IVY.fastq.gz,,1,H3K27ac,ENCSR490NCK,1
ENCSR869TDT,https://www.encodeproject.org/files/ENCFF625IRD/@@download/ENCFF625IRD.fastq.gz,,1,H3K27ac,ENCSR966IGL,1
ENCSR869TDT,https://www.encodeproject.org/files/ENCFF953PJO/@@download/ENCFF953PJO.fastq.gz,,1,H3K27ac,ENCSR966IGL,1
ENCSR872YGQ,https://www.encodeproject.org/files/ENCFF164QOO/@@download/ENCFF164QOO.fastq.gz,,1,H3K27ac,ENCSR846OTK,1
ENCSR872YGQ,https://www.encodeproject.org/files/ENCFF594AZG/@@download/ENCFF594AZG.fastq.gz,,1,H3K27ac,ENCSR846OTK,1
ENCSR872YGQ,https://www.encodeproject.org/files/ENCFF938FSC/@@download/ENCFF938FSC.fastq.gz,,1,H3K27ac,ENCSR846OTK,1
ENCSR872YGQ,https://www.encodeproject.org/files/ENCFF963BEM/@@download/ENCFF963BEM.fastq.gz,,1,H3K27ac,ENCSR846OTK,1
ENCSR872YGQ,https://www.encodeproject.org/files/ENCFF263SEB/@@download/ENCFF263SEB.fastq.gz,,1,H3K27ac,ENCSR846OTK,1
ENCSR872YGQ,https://www.encodeproject.org/files/ENCFF780VJG/@@download/ENCFF780VJG.fastq.gz,,1,H3K27ac,ENCSR846OTK,1
ENCSR872YGQ,https://www.encodeproject.org/files/ENCFF819ITW/@@download/ENCFF819ITW.fastq.gz,,1,H3K27ac,ENCSR846OTK,1
ENCSR872YGQ,https://www.encodeproject.org/files/ENCFF848YSQ/@@download/ENCFF848YSQ.fastq.gz,,1,H3K27ac,ENCSR846OTK,1
ENCSR875OQJ,https://www.encodeproject.org/files/ENCFF374PRT/@@download/ENCFF374PRT.fastq.gz,,1,H3K27ac,ENCSR089ZLR,1
ENCSR875OQJ,https://www.encodeproject.org/files/ENCFF433KFH/@@download/ENCFF433KFH.fastq.gz,,1,H3K27ac,ENCSR089ZLR,1
ENCSR875OQJ,https://www.encodeproject.org/files/ENCFF482VKC/@@download/ENCFF482VKC.fastq.gz,,1,H3K27ac,ENCSR089ZLR,1
ENCSR875OQJ,https://www.encodeproject.org/files/ENCFF809VHL/@@download/ENCFF809VHL.fastq.gz,,1,H3K27ac,ENCSR089ZLR,1
ENCSR875OQJ,https://www.encodeproject.org/files/ENCFF328TBI/@@download/ENCFF328TBI.fastq.gz,,1,H3K27ac,ENCSR089ZLR,1
ENCSR875OQJ,https://www.encodeproject.org/files/ENCFF328WAD/@@download/ENCFF328WAD.fastq.gz,,1,H3K27ac,ENCSR089ZLR,1
ENCSR875OQJ,https://www.encodeproject.org/files/ENCFF532WUE/@@download/ENCFF532WUE.fastq.gz,,1,H3K27ac,ENCSR089ZLR,1
ENCSR875OQJ,https://www.encodeproject.org/files/ENCFF665DNA/@@download/ENCFF665DNA.fastq.gz,,1,H3K27ac,ENCSR089ZLR,1
ENCSR875QDS,https://www.encodeproject.org/files/ENCFF112GPM/@@download/ENCFF112GPM.fastq.gz,,1,H3K27ac,ENCSR212SJH,1
ENCSR876RGF,https://www.encodeproject.org/files/ENCFF081KCW/@@download/ENCFF081KCW.fastq.gz,,1,H3K27ac,ENCSR214MNL,1
ENCSR876RGF,https://www.encodeproject.org/files/ENCFF087HNU/@@download/ENCFF087HNU.fastq.gz,,2,H3K27ac,ENCSR214MNL,1
ENCSR876RGF,https://www.encodeproject.org/files/ENCFF185DRU/@@download/ENCFF185DRU.fastq.gz,,2,H3K27ac,ENCSR214MNL,1
ENCSR880SUY,https://www.encodeproject.org/files/ENCFF692HWE/@@download/ENCFF692HWE.fastq.gz,,1,H3K27ac,ENCSR985CHJ,1
ENCSR880SUY,https://www.encodeproject.org/files/ENCFF308XJC/@@download/ENCFF308XJC.fastq.gz,,2,H3K27ac,ENCSR985CHJ,1
ENCSR880SUY,https://www.encodeproject.org/files/ENCFF481YKF/@@download/ENCFF481YKF.fastq.gz,,2,H3K27ac,ENCSR985CHJ,1
ENCSR884SIF,https://www.encodeproject.org/files/ENCFF368DXT/@@download/ENCFF368DXT.fastq.gz,,1,H3K27ac,ENCSR120ITZ,1
ENCSR884SIF,https://www.encodeproject.org/files/ENCFF410PZI/@@download/ENCFF410PZI.fastq.gz,,1,H3K27ac,ENCSR120ITZ,1
ENCSR884SIF,https://www.encodeproject.org/files/ENCFF439MID/@@download/ENCFF439MID.fastq.gz,,1,H3K27ac,ENCSR120ITZ,1
ENCSR884SIF,https://www.encodeproject.org/files/ENCFF655XIN/@@download/ENCFF655XIN.fastq.gz,,1,H3K27ac,ENCSR120ITZ,1
ENCSR884SIF,https://www.encodeproject.org/files/ENCFF036MWD/@@download/ENCFF036MWD.fastq.gz,,1,H3K27ac,ENCSR120ITZ,1
ENCSR884SIF,https://www.encodeproject.org/files/ENCFF151JLQ/@@download/ENCFF151JLQ.fastq.gz,,1,H3K27ac,ENCSR120ITZ,1
ENCSR884SIF,https://www.encodeproject.org/files/ENCFF510CTX/@@download/ENCFF510CTX.fastq.gz,,1,H3K27ac,ENCSR120ITZ,1
ENCSR884SIF,https://www.encodeproject.org/files/ENCFF615RJZ/@@download/ENCFF615RJZ.fastq.gz,,1,H3K27ac,ENCSR120ITZ,1
ENCSR889TEU,https://www.encodeproject.org/files/ENCFF229MTF/@@download/ENCFF229MTF.fastq.gz,,1,H3K27ac,ENCSR376YUP,1
ENCSR889TEU,https://www.encodeproject.org/files/ENCFF376IYD/@@download/ENCFF376IYD.fastq.gz,,1,H3K27ac,ENCSR376YUP,1
ENCSR889TEU,https://www.encodeproject.org/files/ENCFF684PNA/@@download/ENCFF684PNA.fastq.gz,,1,H3K27ac,ENCSR376YUP,1
ENCSR889TEU,https://www.encodeproject.org/files/ENCFF805OUA/@@download/ENCFF805OUA.fastq.gz,,1,H3K27ac,ENCSR376YUP,1
ENCSR889TEU,https://www.encodeproject.org/files/ENCFF267FMN/@@download/ENCFF267FMN.fastq.gz,,1,H3K27ac,ENCSR376YUP,1
ENCSR889TEU,https://www.encodeproject.org/files/ENCFF373NBV/@@download/ENCFF373NBV.fastq.gz,,1,H3K27ac,ENCSR376YUP,1
ENCSR889TEU,https://www.encodeproject.org/files/ENCFF965HXP/@@download/ENCFF965HXP.fastq.gz,,1,H3K27ac,ENCSR376YUP,1
ENCSR889TEU,https://www.encodeproject.org/files/ENCFF983VWH/@@download/ENCFF983VWH.fastq.gz,,1,H3K27ac,ENCSR376YUP,1
ENCSR891BTJ,https://www.encodeproject.org/files/ENCFF092JSR/@@download/ENCFF092JSR.fastq.gz,,1,H3K27ac,ENCSR807FIZ,1
ENCSR891BTJ,https://www.encodeproject.org/files/ENCFF519ETK/@@download/ENCFF519ETK.fastq.gz,,1,H3K27ac,ENCSR807FIZ,1
ENCSR891BTJ,https://www.encodeproject.org/files/ENCFF420HES/@@download/ENCFF420HES.fastq.gz,,1,H3K27ac,ENCSR807FIZ,1
ENCSR891BTJ,https://www.encodeproject.org/files/ENCFF437TKR/@@download/ENCFF437TKR.fastq.gz,,1,H3K27ac,ENCSR807FIZ,1
ENCSR891KSP,https://www.encodeproject.org/files/ENCFF641LUF/@@download/ENCFF641LUF.fastq.gz,,1,H3K27ac,ENCSR707TMM,1
ENCSR891KSP,https://www.encodeproject.org/files/ENCFF668OEU/@@download/ENCFF668OEU.fastq.gz,,1,H3K27ac,ENCSR707TMM,1
ENCSR891KSP,https://www.encodeproject.org/files/ENCFF904CSC/@@download/ENCFF904CSC.fastq.gz,,1,H3K27ac,ENCSR707TMM,1
ENCSR891KSP,https://www.encodeproject.org/files/ENCFF730JFU/@@download/ENCFF730JFU.fastq.gz,,2,H3K27ac,ENCSR707TMM,2
ENCSR891KSP,https://www.encodeproject.org/files/ENCFF790KKL/@@download/ENCFF790KKL.fastq.gz,,2,H3K27ac,ENCSR707TMM,2
ENCSR891KSP,https://www.encodeproject.org/files/ENCFF931MHO/@@download/ENCFF931MHO.fastq.gz,,2,H3K27ac,ENCSR707TMM,2
ENCSR891XGQ,https://www.encodeproject.org/files/ENCFF159FXE/@@download/ENCFF159FXE.fastq.gz,,1,H3K27ac,ENCSR562HZE,1
ENCSR891XGQ,https://www.encodeproject.org/files/ENCFF566NIE/@@download/ENCFF566NIE.fastq.gz,,1,H3K27ac,ENCSR562HZE,1
ENCSR892HPQ,https://www.encodeproject.org/files/ENCFF662VCH/@@download/ENCFF662VCH.fastq.gz,,1,H3K27ac,ENCSR563SVE,1
ENCSR892HPQ,https://www.encodeproject.org/files/ENCFF677EGP/@@download/ENCFF677EGP.fastq.gz,,1,H3K27ac,ENCSR563SVE,1
ENCSR892HPQ,https://www.encodeproject.org/files/ENCFF748HJO/@@download/ENCFF748HJO.fastq.gz,,1,H3K27ac,ENCSR563SVE,1
ENCSR892HPQ,https://www.encodeproject.org/files/ENCFF007YYJ/@@download/ENCFF007YYJ.fastq.gz,,2,H3K27ac,ENCSR563SVE,2
ENCSR892HPQ,https://www.encodeproject.org/files/ENCFF784KYD/@@download/ENCFF784KYD.fastq.gz,,2,H3K27ac,ENCSR563SVE,2
ENCSR892XFG,https://www.encodeproject.org/files/ENCFF313OLS/@@download/ENCFF313OLS.fastq.gz,,1,H3K27ac,ENCSR541DBO,1
ENCSR892XFG,https://www.encodeproject.org/files/ENCFF355KRT/@@download/ENCFF355KRT.fastq.gz,,1,H3K27ac,ENCSR541DBO,1
ENCSR894MOX,https://www.encodeproject.org/files/ENCFF149LPB/@@download/ENCFF149LPB.fastq.gz,,1,H3K27ac,ENCSR545WFH,1
ENCSR894MOX,https://www.encodeproject.org/files/ENCFF195EZZ/@@download/ENCFF195EZZ.fastq.gz,,1,H3K27ac,ENCSR545WFH,1
ENCSR894MOX,https://www.encodeproject.org/files/ENCFF376UAD/@@download/ENCFF376UAD.fastq.gz,,1,H3K27ac,ENCSR545WFH,1
ENCSR894MOX,https://www.encodeproject.org/files/ENCFF405ZBR/@@download/ENCFF405ZBR.fastq.gz,,1,H3K27ac,ENCSR545WFH,1
ENCSR894MOX,https://www.encodeproject.org/files/ENCFF103LRC/@@download/ENCFF103LRC.fastq.gz,,2,H3K27ac,ENCSR545WFH,2
ENCSR894MOX,https://www.encodeproject.org/files/ENCFF179QOO/@@download/ENCFF179QOO.fastq.gz,,2,H3K27ac,ENCSR545WFH,2
ENCSR894MOX,https://www.encodeproject.org/files/ENCFF225NHL/@@download/ENCFF225NHL.fastq.gz,,2,H3K27ac,ENCSR545WFH,2
ENCSR894MOX,https://www.encodeproject.org/files/ENCFF773AMW/@@download/ENCFF773AMW.fastq.gz,,2,H3K27ac,ENCSR545WFH,2
ENCSR905TYC,https://www.encodeproject.org/files/ENCFF483TMB/@@download/ENCFF483TMB.fastq.gz,https://www.encodeproject.org/files/ENCFF137WOY/@@download/ENCFF137WOY.fastq.gz,1,H3K27ac,ENCSR001KCX,1
ENCSR905TYC,https://www.encodeproject.org/files/ENCFF294ZNS/@@download/ENCFF294ZNS.fastq.gz,https://www.encodeproject.org/files/ENCFF535RJI/@@download/ENCFF535RJI.fastq.gz,2,H3K27ac,ENCSR001KCX,2
ENCSR909UAG,https://www.encodeproject.org/files/ENCFF143SOY/@@download/ENCFF143SOY.fastq.gz,,1,H3K27ac,ENCSR652EPR,1
ENCSR909UAG,https://www.encodeproject.org/files/ENCFF244ISL/@@download/ENCFF244ISL.fastq.gz,,1,H3K27ac,ENCSR652EPR,1
ENCSR909UAG,https://www.encodeproject.org/files/ENCFF804MSF/@@download/ENCFF804MSF.fastq.gz,,1,H3K27ac,ENCSR652EPR,1
ENCSR909UAG,https://www.encodeproject.org/files/ENCFF976BRQ/@@download/ENCFF976BRQ.fastq.gz,,1,H3K27ac,ENCSR652EPR,1
ENCSR909ZLE,https://www.encodeproject.org/files/ENCFF494PYA/@@download/ENCFF494PYA.fastq.gz,,1,H3K27ac,ENCSR232ABT,1
ENCSR909ZLE,https://www.encodeproject.org/files/ENCFF699LXZ/@@download/ENCFF699LXZ.fastq.gz,,1,H3K27ac,ENCSR232ABT,1
ENCSR910PDW,https://www.encodeproject.org/files/ENCFF851FQK/@@download/ENCFF851FQK.fastq.gz,https://www.encodeproject.org/files/ENCFF317KRC/@@download/ENCFF317KRC.fastq.gz,1,H3K27ac,ENCSR131SEB,1
ENCSR910PDW,https://www.encodeproject.org/files/ENCFF036JGO/@@download/ENCFF036JGO.fastq.gz,https://www.encodeproject.org/files/ENCFF052SOO/@@download/ENCFF052SOO.fastq.gz,2,H3K27ac,ENCSR131SEB,2
ENCSR912TVO,https://www.encodeproject.org/files/ENCFF193DFJ/@@download/ENCFF193DFJ.fastq.gz,,1,H3K27ac,ENCSR193TCX,1
ENCSR912TVO,https://www.encodeproject.org/files/ENCFF313FNY/@@download/ENCFF313FNY.fastq.gz,,1,H3K27ac,ENCSR193TCX,1
ENCSR912TVO,https://www.encodeproject.org/files/ENCFF572SKC/@@download/ENCFF572SKC.fastq.gz,,1,H3K27ac,ENCSR193TCX,1
ENCSR912TVO,https://www.encodeproject.org/files/ENCFF662HGE/@@download/ENCFF662HGE.fastq.gz,,1,H3K27ac,ENCSR193TCX,1
ENCSR912TVO,https://www.encodeproject.org/files/ENCFF814HPU/@@download/ENCFF814HPU.fastq.gz,,1,H3K27ac,ENCSR193TCX,1
ENCSR912TVO,https://www.encodeproject.org/files/ENCFF937TEB/@@download/ENCFF937TEB.fastq.gz,,1,H3K27ac,ENCSR193TCX,1
ENCSR917QEH,https://www.encodeproject.org/files/ENCFF044WCK/@@download/ENCFF044WCK.fastq.gz,https://www.encodeproject.org/files/ENCFF798YFY/@@download/ENCFF798YFY.fastq.gz,1,H3K27ac,ENCSR470SYZ,1
ENCSR917QEH,https://www.encodeproject.org/files/ENCFF669XWQ/@@download/ENCFF669XWQ.fastq.gz,https://www.encodeproject.org/files/ENCFF321XOO/@@download/ENCFF321XOO.fastq.gz,1,H3K27ac,ENCSR470SYZ,1
ENCSR917QEH,https://www.encodeproject.org/files/ENCFF440KQM/@@download/ENCFF440KQM.fastq.gz,https://www.encodeproject.org/files/ENCFF492KQE/@@download/ENCFF492KQE.fastq.gz,2,H3K27ac,ENCSR470SYZ,1
ENCSR917QEH,https://www.encodeproject.org/files/ENCFF986DFS/@@download/ENCFF986DFS.fastq.gz,https://www.encodeproject.org/files/ENCFF852PEJ/@@download/ENCFF852PEJ.fastq.gz,2,H3K27ac,ENCSR470SYZ,1
ENCSR917QEH,https://www.encodeproject.org/files/ENCFF634HJK/@@download/ENCFF634HJK.fastq.gz,,2,H3K27ac,ENCSR470SYZ,1
ENCSR917QEH,https://www.encodeproject.org/files/ENCFF988DHL/@@download/ENCFF988DHL.fastq.gz,,2,H3K27ac,ENCSR470SYZ,1
ENCSR919BBI,https://www.encodeproject.org/files/ENCFF271JVN/@@download/ENCFF271JVN.fastq.gz,,1,H3K27ac,ENCSR327PYZ,1
ENCSR919BBI,https://www.encodeproject.org/files/ENCFF593KIL/@@download/ENCFF593KIL.fastq.gz,,1,H3K27ac,ENCSR327PYZ,1
ENCSR919BBI,https://www.encodeproject.org/files/ENCFF764CUN/@@download/ENCFF764CUN.fastq.gz,,1,H3K27ac,ENCSR327PYZ,1
ENCSR919BBI,https://www.encodeproject.org/files/ENCFF848KXN/@@download/ENCFF848KXN.fastq.gz,,1,H3K27ac,ENCSR327PYZ,1
ENCSR919WLM,https://www.encodeproject.org/files/ENCFF458UYN/@@download/ENCFF458UYN.fastq.gz,https://www.encodeproject.org/files/ENCFF367ZQC/@@download/ENCFF367ZQC.fastq.gz,1,H3K27ac,ENCSR309MYO,1
ENCSR919WLM,https://www.encodeproject.org/files/ENCFF005AMN/@@download/ENCFF005AMN.fastq.gz,https://www.encodeproject.org/files/ENCFF351PRI/@@download/ENCFF351PRI.fastq.gz,2,H3K27ac,ENCSR309MYO,1
ENCSR927IOS,https://www.encodeproject.org/files/ENCFF271GKQ/@@download/ENCFF271GKQ.fastq.gz,,1,H3K27ac,ENCSR917XOL,1
ENCSR927IOS,https://www.encodeproject.org/files/ENCFF575CEV/@@download/ENCFF575CEV.fastq.gz,,1,H3K27ac,ENCSR917XOL,1
ENCSR927IOS,https://www.encodeproject.org/files/ENCFF796BIF/@@download/ENCFF796BIF.fastq.gz,,1,H3K27ac,ENCSR917XOL,1
ENCSR927IOS,https://www.encodeproject.org/files/ENCFF962OYD/@@download/ENCFF962OYD.fastq.gz,,1,H3K27ac,ENCSR917XOL,1
ENCSR927IOS,https://www.encodeproject.org/files/ENCFF049FOW/@@download/ENCFF049FOW.fastq.gz,,1,H3K27ac,ENCSR917XOL,1
ENCSR927IOS,https://www.encodeproject.org/files/ENCFF691WNO/@@download/ENCFF691WNO.fastq.gz,,1,H3K27ac,ENCSR917XOL,1
ENCSR927IOS,https://www.encodeproject.org/files/ENCFF711ZXL/@@download/ENCFF711ZXL.fastq.gz,,1,H3K27ac,ENCSR917XOL,1
ENCSR927IOS,https://www.encodeproject.org/files/ENCFF814XUQ/@@download/ENCFF814XUQ.fastq.gz,,1,H3K27ac,ENCSR917XOL,1
ENCSR928HSI,https://www.encodeproject.org/files/ENCFF004BQX/@@download/ENCFF004BQX.fastq.gz,,1,H3K27ac,ENCSR049LCN,1
ENCSR931WLE,https://www.encodeproject.org/files/ENCFF389ETO/@@download/ENCFF389ETO.fastq.gz,,1,H3K27ac,ENCSR554RPI,1
ENCSR931WLE,https://www.encodeproject.org/files/ENCFF407IQY/@@download/ENCFF407IQY.fastq.gz,,1,H3K27ac,ENCSR554RPI,1
ENCSR931WLE,https://www.encodeproject.org/files/ENCFF120VZS/@@download/ENCFF120VZS.fastq.gz,,2,H3K27ac,ENCSR554RPI,2
ENCSR931WLE,https://www.encodeproject.org/files/ENCFF555LEX/@@download/ENCFF555LEX.fastq.gz,,2,H3K27ac,ENCSR554RPI,2
ENCSR932QRC,https://www.encodeproject.org/files/ENCFF221WYW/@@download/ENCFF221WYW.fastq.gz,,1,H3K27ac,ENCSR109IWL,1
ENCSR932QRC,https://www.encodeproject.org/files/ENCFF547VII/@@download/ENCFF547VII.fastq.gz,,1,H3K27ac,ENCSR109IWL,1
ENCSR932QRC,https://www.encodeproject.org/files/ENCFF880GTY/@@download/ENCFF880GTY.fastq.gz,,1,H3K27ac,ENCSR109IWL,1
ENCSR932QRC,https://www.encodeproject.org/files/ENCFF927BTX/@@download/ENCFF927BTX.fastq.gz,,1,H3K27ac,ENCSR109IWL,1
ENCSR932QRC,https://www.encodeproject.org/files/ENCFF349JAP/@@download/ENCFF349JAP.fastq.gz,,1,H3K27ac,ENCSR109IWL,1
ENCSR932QRC,https://www.encodeproject.org/files/ENCFF488CHP/@@download/ENCFF488CHP.fastq.gz,,1,H3K27ac,ENCSR109IWL,1
ENCSR932QRC,https://www.encodeproject.org/files/ENCFF638KYD/@@download/ENCFF638KYD.fastq.gz,,1,H3K27ac,ENCSR109IWL,1
ENCSR932QRC,https://www.encodeproject.org/files/ENCFF759DPO/@@download/ENCFF759DPO.fastq.gz,,1,H3K27ac,ENCSR109IWL,1
ENCSR937EVN,https://www.encodeproject.org/files/ENCFF226YFN/@@download/ENCFF226YFN.fastq.gz,,1,H3K27ac,ENCSR524NCH,1
ENCSR937EVN,https://www.encodeproject.org/files/ENCFF235IVE/@@download/ENCFF235IVE.fastq.gz,,1,H3K27ac,ENCSR524NCH,1
ENCSR937EVN,https://www.encodeproject.org/files/ENCFF653PKW/@@download/ENCFF653PKW.fastq.gz,,1,H3K27ac,ENCSR524NCH,1
ENCSR937EVN,https://www.encodeproject.org/files/ENCFF935UTO/@@download/ENCFF935UTO.fastq.gz,,1,H3K27ac,ENCSR524NCH,1
ENCSR938FQG,https://www.encodeproject.org/files/ENCFF476ARH/@@download/ENCFF476ARH.fastq.gz,,1,H3K27ac,ENCSR958BKG,1
ENCSR938FQG,https://www.encodeproject.org/files/ENCFF381TVY/@@download/ENCFF381TVY.fastq.gz,,2,H3K27ac,ENCSR958BKG,2
ENCSR944KAZ,https://www.encodeproject.org/files/ENCFF003HGP/@@download/ENCFF003HGP.fastq.gz,,1,H3K27ac,ENCSR538MSN,1
ENCSR944KAZ,https://www.encodeproject.org/files/ENCFF753SNQ/@@download/ENCFF753SNQ.fastq.gz,,1,H3K27ac,ENCSR538MSN,1
ENCSR944KAZ,https://www.encodeproject.org/files/ENCFF260PYL/@@download/ENCFF260PYL.fastq.gz,,1,H3K27ac,ENCSR538MSN,1
ENCSR944KAZ,https://www.encodeproject.org/files/ENCFF718MGE/@@download/ENCFF718MGE.fastq.gz,,1,H3K27ac,ENCSR538MSN,1
ENCSR946LTR,https://www.encodeproject.org/files/ENCFF118EUG/@@download/ENCFF118EUG.fastq.gz,,1,H3K27ac,ENCSR993YSN,1
ENCSR946LTR,https://www.encodeproject.org/files/ENCFF318TTK/@@download/ENCFF318TTK.fastq.gz,,1,H3K27ac,ENCSR993YSN,1
ENCSR946LTR,https://www.encodeproject.org/files/ENCFF561VHA/@@download/ENCFF561VHA.fastq.gz,,1,H3K27ac,ENCSR993YSN,1
ENCSR946LTR,https://www.encodeproject.org/files/ENCFF613HQY/@@download/ENCFF613HQY.fastq.gz,,1,H3K27ac,ENCSR993YSN,1
ENCSR946LTR,https://www.encodeproject.org/files/ENCFF024YQA/@@download/ENCFF024YQA.fastq.gz,,1,H3K27ac,ENCSR993YSN,1
ENCSR946LTR,https://www.encodeproject.org/files/ENCFF558WXJ/@@download/ENCFF558WXJ.fastq.gz,,1,H3K27ac,ENCSR993YSN,1
ENCSR946LTR,https://www.encodeproject.org/files/ENCFF904FBS/@@download/ENCFF904FBS.fastq.gz,,1,H3K27ac,ENCSR993YSN,1
ENCSR946LTR,https://www.encodeproject.org/files/ENCFF943KFY/@@download/ENCFF943KFY.fastq.gz,,1,H3K27ac,ENCSR993YSN,1
ENCSR948TOS,https://www.encodeproject.org/files/ENCFF818UZF/@@download/ENCFF818UZF.fastq.gz,,1,H3K27ac,ENCSR774MLK,1
ENCSR948TOS,https://www.encodeproject.org/files/ENCFF950HVG/@@download/ENCFF950HVG.fastq.gz,,1,H3K27ac,ENCSR774MLK,1
ENCSR948TOS,https://www.encodeproject.org/files/ENCFF212BML/@@download/ENCFF212BML.fastq.gz,,1,H3K27ac,ENCSR774MLK,1
ENCSR948TOS,https://www.encodeproject.org/files/ENCFF580BZW/@@download/ENCFF580BZW.fastq.gz,,1,H3K27ac,ENCSR774MLK,1
ENCSR948YYZ,https://www.encodeproject.org/files/ENCFF454TGL/@@download/ENCFF454TGL.fastq.gz,,1,H3K27ac,ENCSR897RRA,1
ENCSR948YYZ,https://www.encodeproject.org/files/ENCFF325UXV/@@download/ENCFF325UXV.fastq.gz,,2,H3K27ac,ENCSR897RRA,2
ENCSR953ULK,https://www.encodeproject.org/files/ENCFF509BZB/@@download/ENCFF509BZB.fastq.gz,,1,H3K27ac,ENCSR659WYW,1
ENCSR953ULK,https://www.encodeproject.org/files/ENCFF673WLF/@@download/ENCFF673WLF.fastq.gz,,1,H3K27ac,ENCSR659WYW,1
ENCSR953ULK,https://www.encodeproject.org/files/ENCFF697UTS/@@download/ENCFF697UTS.fastq.gz,,1,H3K27ac,ENCSR659WYW,1
ENCSR953ULK,https://www.encodeproject.org/files/ENCFF926AMU/@@download/ENCFF926AMU.fastq.gz,,1,H3K27ac,ENCSR659WYW,1
ENCSR954IGQ,https://www.encodeproject.org/files/ENCFF675XLX/@@download/ENCFF675XLX.fastq.gz,,1,H3K27ac,ENCSR385ODY,1
ENCSR954IGQ,https://www.encodeproject.org/files/ENCFF691WTS/@@download/ENCFF691WTS.fastq.gz,,1,H3K27ac,ENCSR385ODY,1
ENCSR954IGQ,https://www.encodeproject.org/files/ENCFF123RXQ/@@download/ENCFF123RXQ.fastq.gz,,1,H3K27ac,ENCSR385ODY,1
ENCSR954IGQ,https://www.encodeproject.org/files/ENCFF659PFZ/@@download/ENCFF659PFZ.fastq.gz,,1,H3K27ac,ENCSR385ODY,1
ENCSR954JMZ,https://www.encodeproject.org/files/ENCFF145RDC/@@download/ENCFF145RDC.fastq.gz,,1,H3K27ac,ENCSR750BQT,1
ENCSR954JMZ,https://www.encodeproject.org/files/ENCFF652YCL/@@download/ENCFF652YCL.fastq.gz,,1,H3K27ac,ENCSR750BQT,1
ENCSR954JMZ,https://www.encodeproject.org/files/ENCFF805WUH/@@download/ENCFF805WUH.fastq.gz,,1,H3K27ac,ENCSR750BQT,1
ENCSR954JMZ,https://www.encodeproject.org/files/ENCFF948DWM/@@download/ENCFF948DWM.fastq.gz,,1,H3K27ac,ENCSR750BQT,1
ENCSR954JMZ,https://www.encodeproject.org/files/ENCFF057DCP/@@download/ENCFF057DCP.fastq.gz,,1,H3K27ac,ENCSR750BQT,1
ENCSR954JMZ,https://www.encodeproject.org/files/ENCFF098KUK/@@download/ENCFF098KUK.fastq.gz,,1,H3K27ac,ENCSR750BQT,1
ENCSR954JMZ,https://www.encodeproject.org/files/ENCFF173TGR/@@download/ENCFF173TGR.fastq.gz,,1,H3K27ac,ENCSR750BQT,1
ENCSR954JMZ,https://www.encodeproject.org/files/ENCFF711JFN/@@download/ENCFF711JFN.fastq.gz,,1,H3K27ac,ENCSR750BQT,1
ENCSR955IXZ,https://www.encodeproject.org/files/ENCFF551ZSP/@@download/ENCFF551ZSP.fastq.gz,https://www.encodeproject.org/files/ENCFF075DLG/@@download/ENCFF075DLG.fastq.gz,1,H3K27ac,ENCSR720GSE,1
ENCSR955IXZ,https://www.encodeproject.org/files/ENCFF631XET/@@download/ENCFF631XET.fastq.gz,,1,H3K27ac,ENCSR720GSE,1
ENCSR955IXZ,https://www.encodeproject.org/files/ENCFF931NFG/@@download/ENCFF931NFG.fastq.gz,,2,H3K27ac,ENCSR720GSE,2
ENCSR955XFL,https://www.encodeproject.org/files/ENCFF689ZXG/@@download/ENCFF689ZXG.fastq.gz,,1,H3K27ac,ENCSR586IQI,1
ENCSR955XFL,https://www.encodeproject.org/files/ENCFF756QLN/@@download/ENCFF756QLN.fastq.gz,,1,H3K27ac,ENCSR586IQI,1
ENCSR958CPV,https://www.encodeproject.org/files/ENCFF213NVO/@@download/ENCFF213NVO.fastq.gz,,1,H3K27ac,ENCSR583XAM,1
ENCSR958CPV,https://www.encodeproject.org/files/ENCFF322HBG/@@download/ENCFF322HBG.fastq.gz,,1,H3K27ac,ENCSR583XAM,1
ENCSR958CPV,https://www.encodeproject.org/files/ENCFF573HNS/@@download/ENCFF573HNS.fastq.gz,,1,H3K27ac,ENCSR583XAM,1
ENCSR958CPV,https://www.encodeproject.org/files/ENCFF751XBI/@@download/ENCFF751XBI.fastq.gz,,1,H3K27ac,ENCSR583XAM,1
ENCSR963LVX,https://www.encodeproject.org/files/ENCFF553FDX/@@download/ENCFF553FDX.fastq.gz,,1,H3K27ac,ENCSR459LGY,1
ENCSR963LVX,https://www.encodeproject.org/files/ENCFF601MRW/@@download/ENCFF601MRW.fastq.gz,,1,H3K27ac,ENCSR459LGY,1
ENCSR966RWA,https://www.encodeproject.org/files/ENCFF115SCG/@@download/ENCFF115SCG.fastq.gz,,1,H3K27ac,ENCSR732BRB,1
ENCSR966RWA,https://www.encodeproject.org/files/ENCFF227ZGL/@@download/ENCFF227ZGL.fastq.gz,,1,H3K27ac,ENCSR732BRB,1
ENCSR966RWA,https://www.encodeproject.org/files/ENCFF435SRV/@@download/ENCFF435SRV.fastq.gz,,1,H3K27ac,ENCSR732BRB,1
ENCSR966RWA,https://www.encodeproject.org/files/ENCFF448YVM/@@download/ENCFF448YVM.fastq.gz,,1,H3K27ac,ENCSR732BRB,1
ENCSR966RWA,https://www.encodeproject.org/files/ENCFF087BHR/@@download/ENCFF087BHR.fastq.gz,,1,H3K27ac,ENCSR732BRB,1
ENCSR966RWA,https://www.encodeproject.org/files/ENCFF141MLL/@@download/ENCFF141MLL.fastq.gz,,1,H3K27ac,ENCSR732BRB,1
ENCSR966RWA,https://www.encodeproject.org/files/ENCFF303TJX/@@download/ENCFF303TJX.fastq.gz,,1,H3K27ac,ENCSR732BRB,1
ENCSR966RWA,https://www.encodeproject.org/files/ENCFF306PAM/@@download/ENCFF306PAM.fastq.gz,,1,H3K27ac,ENCSR732BRB,1
ENCSR969HBF,https://www.encodeproject.org/files/ENCFF824FLQ/@@download/ENCFF824FLQ.fastq.gz,,1,H3K27ac,ENCSR914HOJ,1
ENCSR969HBF,https://www.encodeproject.org/files/ENCFF926JTR/@@download/ENCFF926JTR.fastq.gz,,1,H3K27ac,ENCSR914HOJ,1
ENCSR971ETA,https://www.encodeproject.org/files/ENCFF529KLQ/@@download/ENCFF529KLQ.fastq.gz,,1,H3K27ac,ENCSR589NSH,1
ENCSR971ETA,https://www.encodeproject.org/files/ENCFF851YWU/@@download/ENCFF851YWU.fastq.gz,,1,H3K27ac,ENCSR589NSH,1
ENCSR972GGW,https://www.encodeproject.org/files/ENCFF019BGF/@@download/ENCFF019BGF.fastq.gz,,1,H3K27ac,ENCSR399JUL,1
ENCSR972GGW,https://www.encodeproject.org/files/ENCFF005KVD/@@download/ENCFF005KVD.fastq.gz,,2,H3K27ac,ENCSR399JUL,2
ENCSR981UJA,https://www.encodeproject.org/files/ENCFF740NTK/@@download/ENCFF740NTK.fastq.gz,,1,H3K27ac,ENCSR276SJT,1
ENCSR981UJA,https://www.encodeproject.org/files/ENCFF931EZZ/@@download/ENCFF931EZZ.fastq.gz,,1,H3K27ac,ENCSR276SJT,1
ENCSR981UJA,https://www.encodeproject.org/files/ENCFF020LUU/@@download/ENCFF020LUU.fastq.gz,,2,H3K27ac,ENCSR276SJT,1
ENCSR981UJA,https://www.encodeproject.org/files/ENCFF135NRF/@@download/ENCFF135NRF.fastq.gz,,2,H3K27ac,ENCSR276SJT,1
ENCSR982QIF,https://www.encodeproject.org/files/ENCFF342QSI/@@download/ENCFF342QSI.fastq.gz,,1,H3K27ac,ENCSR494YJW,1
ENCSR982QIF,https://www.encodeproject.org/files/ENCFF599EFX/@@download/ENCFF599EFX.fastq.gz,,1,H3K27ac,ENCSR494YJW,1
ENCSR987FAM,https://www.encodeproject.org/files/ENCFF140RTQ/@@download/ENCFF140RTQ.fastq.gz,,1,H3K27ac,ENCSR405BDN,1
ENCSR987FAM,https://www.encodeproject.org/files/ENCFF169VZP/@@download/ENCFF169VZP.fastq.gz,,1,H3K27ac,ENCSR405BDN,1
ENCSR987FAM,https://www.encodeproject.org/files/ENCFF467JRC/@@download/ENCFF467JRC.fastq.gz,,1,H3K27ac,ENCSR405BDN,1
ENCSR987FAM,https://www.encodeproject.org/files/ENCFF684JRN/@@download/ENCFF684JRN.fastq.gz,,1,H3K27ac,ENCSR405BDN,1
ENCSR987FAM,https://www.encodeproject.org/files/ENCFF260PZW/@@download/ENCFF260PZW.fastq.gz,,1,H3K27ac,ENCSR405BDN,1
ENCSR987FAM,https://www.encodeproject.org/files/ENCFF738NIC/@@download/ENCFF738NIC.fastq.gz,,1,H3K27ac,ENCSR405BDN,1
ENCSR987FAM,https://www.encodeproject.org/files/ENCFF771QKY/@@download/ENCFF771QKY.fastq.gz,,1,H3K27ac,ENCSR405BDN,1
ENCSR987FAM,https://www.encodeproject.org/files/ENCFF948LME/@@download/ENCFF948LME.fastq.gz,,1,H3K27ac,ENCSR405BDN,1
ENCSR987PNT,https://www.encodeproject.org/files/ENCFF504UZA/@@download/ENCFF504UZA.fastq.gz,https://www.encodeproject.org/files/ENCFF420UBY/@@download/ENCFF420UBY.fastq.gz,1,H3K27ac,ENCSR394DWD,1
ENCSR987PNT,https://www.encodeproject.org/files/ENCFF685WRF/@@download/ENCFF685WRF.fastq.gz,https://www.encodeproject.org/files/ENCFF844OSE/@@download/ENCFF844OSE.fastq.gz,1,H3K27ac,ENCSR394DWD,1
ENCSR987PNT,https://www.encodeproject.org/files/ENCFF326ROP/@@download/ENCFF326ROP.fastq.gz,https://www.encodeproject.org/files/ENCFF548VDA/@@download/ENCFF548VDA.fastq.gz,2,H3K27ac,ENCSR394DWD,2
ENCSR989PTS,https://www.encodeproject.org/files/ENCFF049UBE/@@download/ENCFF049UBE.fastq.gz,,1,H3K27ac,ENCSR945LPX,1
ENCSR989PTS,https://www.encodeproject.org/files/ENCFF549LPD/@@download/ENCFF549LPD.fastq.gz,,1,H3K27ac,ENCSR945LPX,1
ENCSR989PTS,https://www.encodeproject.org/files/ENCFF604XXK/@@download/ENCFF604XXK.fastq.gz,,1,H3K27ac,ENCSR945LPX,1
ENCSR989PTS,https://www.encodeproject.org/files/ENCFF642EUF/@@download/ENCFF642EUF.fastq.gz,,1,H3K27ac,ENCSR945LPX,1
ENCSR989PTS,https://www.encodeproject.org/files/ENCFF098PQS/@@download/ENCFF098PQS.fastq.gz,,1,H3K27ac,ENCSR945LPX,1
ENCSR989PTS,https://www.encodeproject.org/files/ENCFF272YHL/@@download/ENCFF272YHL.fastq.gz,,1,H3K27ac,ENCSR945LPX,1
ENCSR989PTS,https://www.encodeproject.org/files/ENCFF498DIY/@@download/ENCFF498DIY.fastq.gz,,1,H3K27ac,ENCSR945LPX,1
ENCSR989PTS,https://www.encodeproject.org/files/ENCFF809MGN/@@download/ENCFF809MGN.fastq.gz,,1,H3K27ac,ENCSR945LPX,1
ENCSR000AKJ,https://www.encodeproject.org/files/ENCFF000ARK/@@download/ENCFF000ARK.fastq.gz,,1,,,
ENCSR000AKJ,https://www.encodeproject.org/files/ENCFF000ARO/@@download/ENCFF000ARO.fastq.gz,,2,,,
ENCSR000AKY,https://www.encodeproject.org/files/ENCFF000BWK/@@download/ENCFF000BWK.fastq.gz,,1,,,
ENCSR000AKY,https://www.encodeproject.org/files/ENCFF283HQV/@@download/ENCFF283HQV.fastq.gz,,2,,,
ENCSR000AKY,https://www.encodeproject.org/files/ENCFF994FIB/@@download/ENCFF994FIB.fastq.gz,,2,,,
ENCSR000AKY,https://www.encodeproject.org/files/ENCFF156ECZ/@@download/ENCFF156ECZ.fastq.gz,,3,,,
ENCSR000AKY,https://www.encodeproject.org/files/ENCFF561WFK/@@download/ENCFF561WFK.fastq.gz,,3,,,
ENCSR000ALG,https://www.encodeproject.org/files/ENCFF000BQV/@@download/ENCFF000BQV.fastq.gz,,1,,,
ENCSR000ALG,https://www.encodeproject.org/files/ENCFF000BQW/@@download/ENCFF000BQW.fastq.gz,,1,,,
ENCSR000ALG,https://www.encodeproject.org/files/ENCFF000BQS/@@download/ENCFF000BQS.fastq.gz,,1,,,
ENCSR000ALS,https://www.encodeproject.org/files/ENCFF000CMD/@@download/ENCFF000CMD.fastq.gz,,1,,,
ENCSR000ALS,https://www.encodeproject.org/files/ENCFF000CMJ/@@download/ENCFF000CMJ.fastq.gz,,2,,,
ENCSR000AMI,https://www.encodeproject.org/files/ENCFF036EGF/@@download/ENCFF036EGF.fastq.gz,,1,,,
ENCSR000AMI,https://www.encodeproject.org/files/ENCFF191QXK/@@download/ENCFF191QXK.fastq.gz,,1,,,
ENCSR000AMI,https://www.encodeproject.org/files/ENCFF303YPV/@@download/ENCFF303YPV.fastq.gz,,2,,,
ENCSR000AMI,https://www.encodeproject.org/files/ENCFF659UFR/@@download/ENCFF659UFR.fastq.gz,,2,,,
ENCSR000AMI,https://www.encodeproject.org/files/ENCFF763DAQ/@@download/ENCFF763DAQ.fastq.gz,,2,,,
ENCSR000AMI,https://www.encodeproject.org/files/ENCFF145GCJ/@@download/ENCFF145GCJ.fastq.gz,,2,,,
ENCSR000AMI,https://www.encodeproject.org/files/ENCFF508ZFI/@@download/ENCFF508ZFI.fastq.gz,,2,,,
ENCSR000AMI,https://www.encodeproject.org/files/ENCFF472QMD/@@download/ENCFF472QMD.fastq.gz,,2,,,
ENCSR000AMI,https://www.encodeproject.org/files/ENCFF635VQA/@@download/ENCFF635VQA.fastq.gz,,2,,,
ENCSR000AMI,https://www.encodeproject.org/files/ENCFF138KKQ/@@download/ENCFF138KKQ.fastq.gz,,2,,,
ENCSR000AMI,https://www.encodeproject.org/files/ENCFF368CYL/@@download/ENCFF368CYL.fastq.gz,,2,,,
ENCSR000AMI,https://www.encodeproject.org/files/ENCFF064XIS/@@download/ENCFF064XIS.fastq.gz,,2,,,
ENCSR000AMI,https://www.encodeproject.org/files/ENCFF393KUX/@@download/ENCFF393KUX.fastq.gz,,2,,,
ENCSR000AMI,https://www.encodeproject.org/files/ENCFF164ZWM/@@download/ENCFF164ZWM.fastq.gz,,3,,,
ENCSR000AMI,https://www.encodeproject.org/files/ENCFF809ZPN/@@download/ENCFF809ZPN.fastq.gz,,3,,,
ENCSR000AMI,https://www.encodeproject.org/files/ENCFF740ECI/@@download/ENCFF740ECI.fastq.gz,,3,,,
ENCSR000AMI,https://www.encodeproject.org/files/ENCFF805KPU/@@download/ENCFF805KPU.fastq.gz,,3,,,
ENCSR000AMI,https://www.encodeproject.org/files/ENCFF663FLW/@@download/ENCFF663FLW.fastq.gz,,4,,,
ENCSR000AMI,https://www.encodeproject.org/files/ENCFF689EIT/@@download/ENCFF689EIT.fastq.gz,,4,,,
ENCSR000AMN,https://www.encodeproject.org/files/ENCFF000BHE/@@download/ENCFF000BHE.fastq.gz,,1,,,
ENCSR000AMN,https://www.encodeproject.org/files/ENCFF556RIX/@@download/ENCFF556RIX.fastq.gz,,1,,,
ENCSR000AMN,https://www.encodeproject.org/files/ENCFF749GHL/@@download/ENCFF749GHL.fastq.gz,,1,,,
ENCSR000AMN,https://www.encodeproject.org/files/ENCFF788YKS/@@download/ENCFF788YKS.fastq.gz,,1,,,
ENCSR000AMN,https://www.encodeproject.org/files/ENCFF913IHA/@@download/ENCFF913IHA.fastq.gz,,1,,,
ENCSR000AMN,https://www.encodeproject.org/files/ENCFF000BHF/@@download/ENCFF000BHF.fastq.gz,,2,,,
ENCSR000AMN,https://www.encodeproject.org/files/ENCFF152UJF/@@download/ENCFF152UJF.fastq.gz,,2,,,
ENCSR000AMN,https://www.encodeproject.org/files/ENCFF702WJD/@@download/ENCFF702WJD.fastq.gz,,2,,,
ENCSR000AMZ,https://www.encodeproject.org/files/ENCFF000CQP/@@download/ENCFF000CQP.fastq.gz,,1,,,
ENCSR000AMZ,https://www.encodeproject.org/files/ENCFF000CQO/@@download/ENCFF000CQO.fastq.gz,,2,,,
ENCSR000ANN,https://www.encodeproject.org/files/ENCFF000BKK/@@download/ENCFF000BKK.fastq.gz,,1,,,
ENCSR000ANN,https://www.encodeproject.org/files/ENCFF000BKI/@@download/ENCFF000BKI.fastq.gz,,2,,,
ENCSR000ANT,https://www.encodeproject.org/files/ENCFF000BNR/@@download/ENCFF000BNR.fastq.gz,,1,,,
ENCSR000ANT,https://www.encodeproject.org/files/ENCFF000BNO/@@download/ENCFF000BNO.fastq.gz,,2,,,
ENCSR000AOB,https://www.encodeproject.org/files/ENCFF000BAU/@@download/ENCFF000BAU.fastq.gz,,1,,,
ENCSR000AOB,https://www.encodeproject.org/files/ENCFF000BAO/@@download/ENCFF000BAO.fastq.gz,,2,,,
ENCSR000AOP,https://www.encodeproject.org/files/ENCFF000CFY/@@download/ENCFF000CFY.fastq.gz,,1,,,
ENCSR000AOP,https://www.encodeproject.org/files/ENCFF563PNW/@@download/ENCFF563PNW.fastq.gz,,1,,,
ENCSR000AOP,https://www.encodeproject.org/files/ENCFF631QCD/@@download/ENCFF631QCD.fastq.gz,,1,,,
ENCSR000AOP,https://www.encodeproject.org/files/ENCFF000CFR/@@download/ENCFF000CFR.fastq.gz,,2,,,
ENCSR000AOP,https://www.encodeproject.org/files/ENCFF615VUA/@@download/ENCFF615VUA.fastq.gz,,2,,,
ENCSR000AOP,https://www.encodeproject.org/files/ENCFF765DJW/@@download/ENCFF765DJW.fastq.gz,,2,,,
ENCSR000APT,https://www.encodeproject.org/files/ENCFF000CIW/@@download/ENCFF000CIW.fastq.gz,,1,,,
ENCSR000APT,https://www.encodeproject.org/files/ENCFF000CIU/@@download/ENCFF000CIU.fastq.gz,,2,,,
ENCSR000APT,https://www.encodeproject.org/files/ENCFF860HKY/@@download/ENCFF860HKY.fastq.gz,,2,,,
ENCSR000APT,https://www.encodeproject.org/files/ENCFF955HWE/@@download/ENCFF955HWE.fastq.gz,,2,,,
ENCSR000APT,https://www.encodeproject.org/files/ENCFF412GJA/@@download/ENCFF412GJA.fastq.gz,,3,,,
ENCSR000APT,https://www.encodeproject.org/files/ENCFF859VNG/@@download/ENCFF859VNG.fastq.gz,,3,,,
ENCSR000APU,https://www.encodeproject.org/files/ENCFF000CUZ/@@download/ENCFF000CUZ.fastq.gz,,1,,,
ENCSR000APU,https://www.encodeproject.org/files/ENCFF000CVB/@@download/ENCFF000CVB.fastq.gz,,2,,,
ENCSR000ASA,https://www.encodeproject.org/files/ENCFF000AOG/@@download/ENCFF000AOG.fastq.gz,,1,,,
ENCSR000ASA,https://www.encodeproject.org/files/ENCFF000AOF/@@download/ENCFF000AOF.fastq.gz,,2,,,
ENCSR000ASR,https://www.encodeproject.org/files/ENCFF000AHJ/@@download/ENCFF000AHJ.fastq.gz,,1,,,
ENCSR000ASR,https://www.encodeproject.org/files/ENCFF000AHE/@@download/ENCFF000AHE.fastq.gz,,2,,,
ENCSR000ASS,https://www.encodeproject.org/files/ENCFF000AHV/@@download/ENCFF000AHV.fastq.gz,,1,,,
ENCSR000ASS,https://www.encodeproject.org/files/ENCFF000AHM/@@download/ENCFF000AHM.fastq.gz,,2,,,
ENCSR000ASS,https://www.encodeproject.org/files/ENCFF550UKJ/@@download/ENCFF550UKJ.fastq.gz,,3,,,
ENCSR000ASS,https://www.encodeproject.org/files/ENCFF719NBM/@@download/ENCFF719NBM.fastq.gz,,3,,,
ENCSR000ASS,https://www.encodeproject.org/files/ENCFF122PEM/@@download/ENCFF122PEM.fastq.gz,,4,,,
ENCSR000ASS,https://www.encodeproject.org/files/ENCFF824LNT/@@download/ENCFF824LNT.fastq.gz,,4,,,
ENCSR000AUU,https://www.encodeproject.org/files/ENCFF000CCW/@@download/ENCFF000CCW.fastq.gz,,1,,,
ENCSR000AUU,https://www.encodeproject.org/files/ENCFF000CCQ/@@download/ENCFF000CCQ.fastq.gz,,2,,,
ENCSR000AUU,https://www.encodeproject.org/files/ENCFF244XQF/@@download/ENCFF244XQF.fastq.gz,,3,,,
ENCSR000AUU,https://www.encodeproject.org/files/ENCFF692GVG/@@download/ENCFF692GVG.fastq.gz,,3,,,
ENCSR000AUW,https://www.encodeproject.org/files/ENCFF000AMM/@@download/ENCFF000AMM.fastq.gz,,1,,,
ENCSR000DPN,https://www.encodeproject.org/files/ENCFF001GXE/@@download/ENCFF001GXE.fastq.gz,,1,,,
ENCSR000EUX,https://www.encodeproject.org/files/ENCFF000VCW/@@download/ENCFF000VCW.fastq.gz,,1,,,
ENCSR000EUX,https://www.encodeproject.org/files/ENCFF000VCY/@@download/ENCFF000VCY.fastq.gz,,1,,,
ENCSR000EVA,https://www.encodeproject.org/files/ENCFF000WXY/@@download/ENCFF000WXY.fastq.gz,,1,,,
ENCSR000EWW,https://www.encodeproject.org/files/ENCFF000VHL/@@download/ENCFF000VHL.fastq.gz,,1,,,
ENCSR000EWW,https://www.encodeproject.org/files/ENCFF000VHM/@@download/ENCFF000VHM.fastq.gz,,2,,,
ENCSR000EXM,https://www.encodeproject.org/files/ENCFF000VJK/@@download/ENCFF000VJK.fastq.gz,,1,,,
ENCSR000FDA,https://www.encodeproject.org/files/ENCFF002ABO/@@download/ENCFF002ABO.fastq.gz,,1,,,
ENCSR000FDA,https://www.encodeproject.org/files/ENCFF002ABM/@@download/ENCFF002ABM.fastq.gz,,1,,,
ENCSR000JGO,https://www.encodeproject.org/files/ENCFF700OYN/@@download/ENCFF700OYN.fastq.gz,https://www.encodeproject.org/files/ENCFF487NAF/@@download/ENCFF487NAF.fastq.gz,1,,,
ENCSR001BSB,https://www.encodeproject.org/files/ENCFF855STX/@@download/ENCFF855STX.fastq.gz,,1,,,
ENCSR001BSB,https://www.encodeproject.org/files/ENCFF272HWA/@@download/ENCFF272HWA.fastq.gz,,1,,,
ENCSR001BSB,https://www.encodeproject.org/files/ENCFF740CFC/@@download/ENCFF740CFC.fastq.gz,,1,,,
ENCSR001BSB,https://www.encodeproject.org/files/ENCFF956KYS/@@download/ENCFF956KYS.fastq.gz,,1,,,
ENCSR001KCX,https://www.encodeproject.org/files/ENCFF126GOB/@@download/ENCFF126GOB.fastq.gz,https://www.encodeproject.org/files/ENCFF146JNK/@@download/ENCFF146JNK.fastq.gz,1,,,
ENCSR001KCX,https://www.encodeproject.org/files/ENCFF869EIB/@@download/ENCFF869EIB.fastq.gz,https://www.encodeproject.org/files/ENCFF300LJR/@@download/ENCFF300LJR.fastq.gz,1,,,
ENCSR001KCX,https://www.encodeproject.org/files/ENCFF116RUN/@@download/ENCFF116RUN.fastq.gz,https://www.encodeproject.org/files/ENCFF546EIX/@@download/ENCFF546EIX.fastq.gz,2,,,
ENCSR001KCX,https://www.encodeproject.org/files/ENCFF641CIT/@@download/ENCFF641CIT.fastq.gz,https://www.encodeproject.org/files/ENCFF470CVX/@@download/ENCFF470CVX.fastq.gz,2,,,
ENCSR001UFN,https://www.encodeproject.org/files/ENCFF249UEG/@@download/ENCFF249UEG.fastq.gz,,1,,,
ENCSR001UFN,https://www.encodeproject.org/files/ENCFF598YFV/@@download/ENCFF598YFV.fastq.gz,,1,,,
ENCSR001UFN,https://www.encodeproject.org/files/ENCFF691QIG/@@download/ENCFF691QIG.fastq.gz,,1,,,
ENCSR001UFN,https://www.encodeproject.org/files/ENCFF865BLC/@@download/ENCFF865BLC.fastq.gz,,1,,,
ENCSR007WYC,https://www.encodeproject.org/files/ENCFF334CJI/@@download/ENCFF334CJI.fastq.gz,,1,,,
ENCSR007WYC,https://www.encodeproject.org/files/ENCFF547GCK/@@download/ENCFF547GCK.fastq.gz,,1,,,
ENCSR007WYC,https://www.encodeproject.org/files/ENCFF127SEC/@@download/ENCFF127SEC.fastq.gz,,1,,,
ENCSR007WYC,https://www.encodeproject.org/files/ENCFF379SQR/@@download/ENCFF379SQR.fastq.gz,,1,,,
ENCSR011GWK,https://www.encodeproject.org/files/ENCFF163PYU/@@download/ENCFF163PYU.fastq.gz,https://www.encodeproject.org/files/ENCFF486LTO/@@download/ENCFF486LTO.fastq.gz,1,,,
ENCSR011GWK,https://www.encodeproject.org/files/ENCFF522PVI/@@download/ENCFF522PVI.fastq.gz,https://www.encodeproject.org/files/ENCFF272GOE/@@download/ENCFF272GOE.fastq.gz,1,,,
ENCSR011GWK,https://www.encodeproject.org/files/ENCFF639RMG/@@download/ENCFF639RMG.fastq.gz,https://www.encodeproject.org/files/ENCFF830CTU/@@download/ENCFF830CTU.fastq.gz,1,,,
ENCSR011GWK,https://www.encodeproject.org/files/ENCFF716YLE/@@download/ENCFF716YLE.fastq.gz,https://www.encodeproject.org/files/ENCFF665BBC/@@download/ENCFF665BBC.fastq.gz,1,,,
ENCSR011GWK,https://www.encodeproject.org/files/ENCFF057DOL/@@download/ENCFF057DOL.fastq.gz,https://www.encodeproject.org/files/ENCFF863XGE/@@download/ENCFF863XGE.fastq.gz,2,,,
ENCSR011GWK,https://www.encodeproject.org/files/ENCFF243MZN/@@download/ENCFF243MZN.fastq.gz,https://www.encodeproject.org/files/ENCFF375CUH/@@download/ENCFF375CUH.fastq.gz,2,,,
ENCSR011GWK,https://www.encodeproject.org/files/ENCFF452ROQ/@@download/ENCFF452ROQ.fastq.gz,https://www.encodeproject.org/files/ENCFF335TOI/@@download/ENCFF335TOI.fastq.gz,2,,,
ENCSR011GWK,https://www.encodeproject.org/files/ENCFF527WMD/@@download/ENCFF527WMD.fastq.gz,https://www.encodeproject.org/files/ENCFF274YMK/@@download/ENCFF274YMK.fastq.gz,2,,,
ENCSR011GWK,https://www.encodeproject.org/files/ENCFF584YEG/@@download/ENCFF584YEG.fastq.gz,https://www.encodeproject.org/files/ENCFF802LTL/@@download/ENCFF802LTL.fastq.gz,2,,,
ENCSR018KWK,https://www.encodeproject.org/files/ENCFF671EWZ/@@download/ENCFF671EWZ.fastq.gz,,1,,,
ENCSR018KWK,https://www.encodeproject.org/files/ENCFF681XFW/@@download/ENCFF681XFW.fastq.gz,,1,,,
ENCSR018KWK,https://www.encodeproject.org/files/ENCFF717KOA/@@download/ENCFF717KOA.fastq.gz,,1,,,
ENCSR018KWK,https://www.encodeproject.org/files/ENCFF925SFD/@@download/ENCFF925SFD.fastq.gz,,1,,,
ENCSR018KWK,https://www.encodeproject.org/files/ENCFF010DDI/@@download/ENCFF010DDI.fastq.gz,,1,,,
ENCSR018KWK,https://www.encodeproject.org/files/ENCFF162QHF/@@download/ENCFF162QHF.fastq.gz,,1,,,
ENCSR018KWK,https://www.encodeproject.org/files/ENCFF339GSY/@@download/ENCFF339GSY.fastq.gz,,1,,,
ENCSR018KWK,https://www.encodeproject.org/files/ENCFF340VTT/@@download/ENCFF340VTT.fastq.gz,,1,,,
ENCSR020OIW,https://www.encodeproject.org/files/ENCFF453TEH/@@download/ENCFF453TEH.fastq.gz,,1,,,
ENCSR020OIW,https://www.encodeproject.org/files/ENCFF780WLX/@@download/ENCFF780WLX.fastq.gz,,1,,,
ENCSR023HXE,https://www.encodeproject.org/files/ENCFF191LCN/@@download/ENCFF191LCN.fastq.gz,,1,,,
ENCSR023HXE,https://www.encodeproject.org/files/ENCFF234PPL/@@download/ENCFF234PPL.fastq.gz,,1,,,
ENCSR023HXE,https://www.encodeproject.org/files/ENCFF590DYT/@@download/ENCFF590DYT.fastq.gz,,1,,,
ENCSR023HXE,https://www.encodeproject.org/files/ENCFF808AHU/@@download/ENCFF808AHU.fastq.gz,,1,,,
ENCSR023HXE,https://www.encodeproject.org/files/ENCFF180MSA/@@download/ENCFF180MSA.fastq.gz,,2,,,
ENCSR023HXE,https://www.encodeproject.org/files/ENCFF196PAE/@@download/ENCFF196PAE.fastq.gz,,2,,,
ENCSR033XKQ,https://www.encodeproject.org/files/ENCFF097KQX/@@download/ENCFF097KQX.fastq.gz,,1,,,
ENCSR033XKQ,https://www.encodeproject.org/files/ENCFF152PEL/@@download/ENCFF152PEL.fastq.gz,,1,,,
ENCSR033XKQ,https://www.encodeproject.org/files/ENCFF498KFC/@@download/ENCFF498KFC.fastq.gz,,1,,,
ENCSR033XKQ,https://www.encodeproject.org/files/ENCFF950WTJ/@@download/ENCFF950WTJ.fastq.gz,,1,,,
ENCSR038JBA,https://www.encodeproject.org/files/ENCFF262XOO/@@download/ENCFF262XOO.fastq.gz,,1,,,
ENCSR038JBA,https://www.encodeproject.org/files/ENCFF354XVC/@@download/ENCFF354XVC.fastq.gz,,1,,,
ENCSR038JBA,https://www.encodeproject.org/files/ENCFF432NOT/@@download/ENCFF432NOT.fastq.gz,https://www.encodeproject.org/files/ENCFF562FCE/@@download/ENCFF562FCE.fastq.gz,2,,,
ENCSR038JBA,https://www.encodeproject.org/files/ENCFF618CAW/@@download/ENCFF618CAW.fastq.gz,https://www.encodeproject.org/files/ENCFF837WCT/@@download/ENCFF837WCT.fastq.gz,2,,,
ENCSR043UWF,https://www.encodeproject.org/files/ENCFF202XJD/@@download/ENCFF202XJD.fastq.gz,,1,,,
ENCSR043UWF,https://www.encodeproject.org/files/ENCFF294RSN/@@download/ENCFF294RSN.fastq.gz,,1,,,
ENCSR043UWF,https://www.encodeproject.org/files/ENCFF415NBZ/@@download/ENCFF415NBZ.fastq.gz,,1,,,
ENCSR043UWF,https://www.encodeproject.org/files/ENCFF914QDH/@@download/ENCFF914QDH.fastq.gz,,1,,,
ENCSR049JKQ,https://www.encodeproject.org/files/ENCFF036WFI/@@download/ENCFF036WFI.fastq.gz,,1,,,
ENCSR049JKQ,https://www.encodeproject.org/files/ENCFF279QFA/@@download/ENCFF279QFA.fastq.gz,,1,,,
ENCSR049JKQ,https://www.encodeproject.org/files/ENCFF710EHO/@@download/ENCFF710EHO.fastq.gz,,1,,,
ENCSR049JKQ,https://www.encodeproject.org/files/ENCFF764XAO/@@download/ENCFF764XAO.fastq.gz,,1,,,
ENCSR049JKQ,https://www.encodeproject.org/files/ENCFF646LBW/@@download/ENCFF646LBW.fastq.gz,,1,,,
ENCSR049JKQ,https://www.encodeproject.org/files/ENCFF739MKG/@@download/ENCFF739MKG.fastq.gz,,1,,,
ENCSR049JKQ,https://www.encodeproject.org/files/ENCFF784OHC/@@download/ENCFF784OHC.fastq.gz,,1,,,
ENCSR049JKQ,https://www.encodeproject.org/files/ENCFF997MYB/@@download/ENCFF997MYB.fastq.gz,,1,,,
ENCSR049JKQ,https://www.encodeproject.org/files/ENCFF124WWR/@@download/ENCFF124WWR.fastq.gz,,1,,,
ENCSR049JKQ,https://www.encodeproject.org/files/ENCFF140HNP/@@download/ENCFF140HNP.fastq.gz,,1,,,
ENCSR049JKQ,https://www.encodeproject.org/files/ENCFF182CTB/@@download/ENCFF182CTB.fastq.gz,,1,,,
ENCSR049JKQ,https://www.encodeproject.org/files/ENCFF816PNO/@@download/ENCFF816PNO.fastq.gz,,1,,,
ENCSR049LCN,https://www.encodeproject.org/files/ENCFF108OEG/@@download/ENCFF108OEG.fastq.gz,,1,,,
ENCSR055XHN,https://www.encodeproject.org/files/ENCFF066LYG/@@download/ENCFF066LYG.fastq.gz,,1,,,
ENCSR055XHN,https://www.encodeproject.org/files/ENCFF162ADN/@@download/ENCFF162ADN.fastq.gz,,1,,,
ENCSR055XHN,https://www.encodeproject.org/files/ENCFF474ZPM/@@download/ENCFF474ZPM.fastq.gz,,1,,,
ENCSR055XHN,https://www.encodeproject.org/files/ENCFF642ZJC/@@download/ENCFF642ZJC.fastq.gz,,1,,,
ENCSR055XHN,https://www.encodeproject.org/files/ENCFF356QYZ/@@download/ENCFF356QYZ.fastq.gz,,2,,,
ENCSR055XHN,https://www.encodeproject.org/files/ENCFF369RYY/@@download/ENCFF369RYY.fastq.gz,,2,,,
ENCSR055XHN,https://www.encodeproject.org/files/ENCFF608CWZ/@@download/ENCFF608CWZ.fastq.gz,,2,,,
ENCSR055XHN,https://www.encodeproject.org/files/ENCFF653JWL/@@download/ENCFF653JWL.fastq.gz,,2,,,
ENCSR055XHN,https://www.encodeproject.org/files/ENCFF854ELY/@@download/ENCFF854ELY.fastq.gz,,2,,,
ENCSR055XHN,https://www.encodeproject.org/files/ENCFF881CNC/@@download/ENCFF881CNC.fastq.gz,,2,,,
ENCSR055XHN,https://www.encodeproject.org/files/ENCFF463RRE/@@download/ENCFF463RRE.fastq.gz,,3,,,
ENCSR055XHN,https://www.encodeproject.org/files/ENCFF574VLI/@@download/ENCFF574VLI.fastq.gz,,3,,,
ENCSR055YMD,https://www.encodeproject.org/files/ENCFF525VHA/@@download/ENCFF525VHA.fastq.gz,,1,,,
ENCSR055YMD,https://www.encodeproject.org/files/ENCFF762WLA/@@download/ENCFF762WLA.fastq.gz,,1,,,
ENCSR058XPK,https://www.encodeproject.org/files/ENCFF019JID/@@download/ENCFF019JID.fastq.gz,,1,,,
ENCSR058XPK,https://www.encodeproject.org/files/ENCFF038DAU/@@download/ENCFF038DAU.fastq.gz,,1,,,
ENCSR058XPK,https://www.encodeproject.org/files/ENCFF545JHM/@@download/ENCFF545JHM.fastq.gz,,1,,,
ENCSR058XPK,https://www.encodeproject.org/files/ENCFF663NVF/@@download/ENCFF663NVF.fastq.gz,,1,,,
ENCSR058XPK,https://www.encodeproject.org/files/ENCFF682HPF/@@download/ENCFF682HPF.fastq.gz,,1,,,
ENCSR058XPK,https://www.encodeproject.org/files/ENCFF759RAE/@@download/ENCFF759RAE.fastq.gz,,1,,,
ENCSR058XPK,https://www.encodeproject.org/files/ENCFF790UYR/@@download/ENCFF790UYR.fastq.gz,,1,,,
ENCSR058XPK,https://www.encodeproject.org/files/ENCFF831PEE/@@download/ENCFF831PEE.fastq.gz,,1,,,
ENCSR058XPK,https://www.encodeproject.org/files/ENCFF186XEW/@@download/ENCFF186XEW.fastq.gz,,1,,,
ENCSR058XPK,https://www.encodeproject.org/files/ENCFF265VAM/@@download/ENCFF265VAM.fastq.gz,,1,,,
ENCSR058XPK,https://www.encodeproject.org/files/ENCFF308GHB/@@download/ENCFF308GHB.fastq.gz,,1,,,
ENCSR058XPK,https://www.encodeproject.org/files/ENCFF833UDW/@@download/ENCFF833UDW.fastq.gz,,1,,,
ENCSR059QYS,https://www.encodeproject.org/files/ENCFF758OHN/@@download/ENCFF758OHN.fastq.gz,,1,,,
ENCSR059VTG,https://www.encodeproject.org/files/ENCFF229XSI/@@download/ENCFF229XSI.fastq.gz,,1,,,
ENCSR059VTG,https://www.encodeproject.org/files/ENCFF805XXX/@@download/ENCFF805XXX.fastq.gz,,1,,,
ENCSR059VTG,https://www.encodeproject.org/files/ENCFF431WSO/@@download/ENCFF431WSO.fastq.gz,,1,,,
ENCSR059VTG,https://www.encodeproject.org/files/ENCFF620GLC/@@download/ENCFF620GLC.fastq.gz,,1,,,
ENCSR061EXX,https://www.encodeproject.org/files/ENCFF420TOD/@@download/ENCFF420TOD.fastq.gz,,1,,,
ENCSR061EXX,https://www.encodeproject.org/files/ENCFF434JQK/@@download/ENCFF434JQK.fastq.gz,,1,,,
ENCSR061EXX,https://www.encodeproject.org/files/ENCFF798AFZ/@@download/ENCFF798AFZ.fastq.gz,,1,,,
ENCSR061EXX,https://www.encodeproject.org/files/ENCFF998IRH/@@download/ENCFF998IRH.fastq.gz,,1,,,
ENCSR061EXX,https://www.encodeproject.org/files/ENCFF122XKL/@@download/ENCFF122XKL.fastq.gz,,1,,,
ENCSR061EXX,https://www.encodeproject.org/files/ENCFF295LFN/@@download/ENCFF295LFN.fastq.gz,,1,,,
ENCSR061EXX,https://www.encodeproject.org/files/ENCFF780DJN/@@download/ENCFF780DJN.fastq.gz,,1,,,
ENCSR061EXX,https://www.encodeproject.org/files/ENCFF805DKX/@@download/ENCFF805DKX.fastq.gz,,1,,,
ENCSR061VJM,https://www.encodeproject.org/files/ENCFF415KFB/@@download/ENCFF415KFB.fastq.gz,,1,,,
ENCSR061VJM,https://www.encodeproject.org/files/ENCFF879XFU/@@download/ENCFF879XFU.fastq.gz,,2,,,
ENCSR063AUO,https://www.encodeproject.org/files/ENCFF002AVJ/@@download/ENCFF002AVJ.fastq.gz,,1,,,
ENCSR063AUO,https://www.encodeproject.org/files/ENCFF002BAA/@@download/ENCFF002BAA.fastq.gz,,1,,,
ENCSR063AUO,https://www.encodeproject.org/files/ENCFF002BCA/@@download/ENCFF002BCA.fastq.gz,,2,,,
ENCSR063AUO,https://www.encodeproject.org/files/ENCFF002AYG/@@download/ENCFF002AYG.fastq.gz,,2,,,
ENCSR064RLF,https://www.encodeproject.org/files/ENCFF116PQT/@@download/ENCFF116PQT.fastq.gz,,1,,,
ENCSR064RLF,https://www.encodeproject.org/files/ENCFF245PQL/@@download/ENCFF245PQL.fastq.gz,,1,,,
ENCSR067CHO,https://www.encodeproject.org/files/ENCFF194KGB/@@download/ENCFF194KGB.fastq.gz,,1,,,
ENCSR067CHO,https://www.encodeproject.org/files/ENCFF232TNP/@@download/ENCFF232TNP.fastq.gz,,1,,,
ENCSR067CHO,https://www.encodeproject.org/files/ENCFF725CDP/@@download/ENCFF725CDP.fastq.gz,,1,,,
ENCSR067CHO,https://www.encodeproject.org/files/ENCFF904UAN/@@download/ENCFF904UAN.fastq.gz,,1,,,
ENCSR067CHO,https://www.encodeproject.org/files/ENCFF447JKH/@@download/ENCFF447JKH.fastq.gz,,1,,,
ENCSR067CHO,https://www.encodeproject.org/files/ENCFF555QNZ/@@download/ENCFF555QNZ.fastq.gz,,1,,,
ENCSR067CHO,https://www.encodeproject.org/files/ENCFF748ABB/@@download/ENCFF748ABB.fastq.gz,,1,,,
ENCSR067CHO,https://www.encodeproject.org/files/ENCFF967VDK/@@download/ENCFF967VDK.fastq.gz,,1,,,
ENCSR071DPR,https://www.encodeproject.org/files/ENCFF097PPT/@@download/ENCFF097PPT.fastq.gz,,1,,,
ENCSR071DPR,https://www.encodeproject.org/files/ENCFF601AGP/@@download/ENCFF601AGP.fastq.gz,,1,,,
ENCSR071ILJ,https://www.encodeproject.org/files/ENCFF054PAD/@@download/ENCFF054PAD.fastq.gz,,1,,,
ENCSR071ILJ,https://www.encodeproject.org/files/ENCFF238DAN/@@download/ENCFF238DAN.fastq.gz,,1,,,
ENCSR071ILJ,https://www.encodeproject.org/files/ENCFF606VOZ/@@download/ENCFF606VOZ.fastq.gz,,1,,,
ENCSR071ILJ,https://www.encodeproject.org/files/ENCFF786QWW/@@download/ENCFF786QWW.fastq.gz,,1,,,
ENCSR071ILJ,https://www.encodeproject.org/files/ENCFF313MUH/@@download/ENCFF313MUH.fastq.gz,,1,,,
ENCSR071ILJ,https://www.encodeproject.org/files/ENCFF348DIW/@@download/ENCFF348DIW.fastq.gz,,1,,,
ENCSR071ILJ,https://www.encodeproject.org/files/ENCFF705RBF/@@download/ENCFF705RBF.fastq.gz,,1,,,
ENCSR071ILJ,https://www.encodeproject.org/files/ENCFF813ZFD/@@download/ENCFF813ZFD.fastq.gz,,1,,,
ENCSR071ILJ,https://www.encodeproject.org/files/ENCFF099XKT/@@download/ENCFF099XKT.fastq.gz,,2,,,
ENCSR071ILJ,https://www.encodeproject.org/files/ENCFF289WIE/@@download/ENCFF289WIE.fastq.gz,,2,,,
ENCSR071ILJ,https://www.encodeproject.org/files/ENCFF418GRZ/@@download/ENCFF418GRZ.fastq.gz,,2,,,
ENCSR071ILJ,https://www.encodeproject.org/files/ENCFF721VDE/@@download/ENCFF721VDE.fastq.gz,,2,,,
ENCSR071ILJ,https://www.encodeproject.org/files/ENCFF283JAC/@@download/ENCFF283JAC.fastq.gz,,2,,,
ENCSR071ILJ,https://www.encodeproject.org/files/ENCFF867BPN/@@download/ENCFF867BPN.fastq.gz,,2,,,
ENCSR071ILJ,https://www.encodeproject.org/files/ENCFF924QKT/@@download/ENCFF924QKT.fastq.gz,,2,,,
ENCSR071ILJ,https://www.encodeproject.org/files/ENCFF947YGT/@@download/ENCFF947YGT.fastq.gz,,2,,,
ENCSR072QNY,https://www.encodeproject.org/files/ENCFF073PQA/@@download/ENCFF073PQA.fastq.gz,,1,,,
ENCSR072QNY,https://www.encodeproject.org/files/ENCFF254RAJ/@@download/ENCFF254RAJ.fastq.gz,,1,,,
ENCSR072QNY,https://www.encodeproject.org/files/ENCFF294NFU/@@download/ENCFF294NFU.fastq.gz,,1,,,
ENCSR072QNY,https://www.encodeproject.org/files/ENCFF676GBI/@@download/ENCFF676GBI.fastq.gz,,2,,,
ENCSR072QNY,https://www.encodeproject.org/files/ENCFF680XTL/@@download/ENCFF680XTL.fastq.gz,,2,,,
ENCSR072QNY,https://www.encodeproject.org/files/ENCFF888IGC/@@download/ENCFF888IGC.fastq.gz,,2,,,
ENCSR074WNF,https://www.encodeproject.org/files/ENCFF630OOC/@@download/ENCFF630OOC.fastq.gz,,1,,,
ENCSR074WNF,https://www.encodeproject.org/files/ENCFF874IPA/@@download/ENCFF874IPA.fastq.gz,,1,,,
ENCSR079HOU,https://www.encodeproject.org/files/ENCFF315UKA/@@download/ENCFF315UKA.fastq.gz,,1,,,
ENCSR079HOU,https://www.encodeproject.org/files/ENCFF520CBW/@@download/ENCFF520CBW.fastq.gz,,1,,,
ENCSR085WWL,https://www.encodeproject.org/files/ENCFF272DGG/@@download/ENCFF272DGG.fastq.gz,,1,,,
ENCSR085WWL,https://www.encodeproject.org/files/ENCFF220JJE/@@download/ENCFF220JJE.fastq.gz,,2,,,
ENCSR085WWL,https://www.encodeproject.org/files/ENCFF871AWA/@@download/ENCFF871AWA.fastq.gz,,3,,,
ENCSR086BNR,https://www.encodeproject.org/files/ENCFF438KWM/@@download/ENCFF438KWM.fastq.gz,,1,,,
ENCSR086BNR,https://www.encodeproject.org/files/ENCFF720RFR/@@download/ENCFF720RFR.fastq.gz,,1,,,
ENCSR086BNR,https://www.encodeproject.org/files/ENCFF782CVZ/@@download/ENCFF782CVZ.fastq.gz,,1,,,
ENCSR086BNR,https://www.encodeproject.org/files/ENCFF844WFU/@@download/ENCFF844WFU.fastq.gz,,1,,,
ENCSR086BNR,https://www.encodeproject.org/files/ENCFF672DAN/@@download/ENCFF672DAN.fastq.gz,,1,,,
ENCSR086BNR,https://www.encodeproject.org/files/ENCFF820TED/@@download/ENCFF820TED.fastq.gz,,1,,,
ENCSR086BNR,https://www.encodeproject.org/files/ENCFF863KPP/@@download/ENCFF863KPP.fastq.gz,,1,,,
ENCSR086BNR,https://www.encodeproject.org/files/ENCFF953PMZ/@@download/ENCFF953PMZ.fastq.gz,,1,,,
ENCSR086NVH,https://www.encodeproject.org/files/ENCFF631YST/@@download/ENCFF631YST.fastq.gz,,1,,,
ENCSR089ZLR,https://www.encodeproject.org/files/ENCFF111YAB/@@download/ENCFF111YAB.fastq.gz,,1,,,
ENCSR089ZLR,https://www.encodeproject.org/files/ENCFF699DGZ/@@download/ENCFF699DGZ.fastq.gz,,1,,,
ENCSR089ZLR,https://www.encodeproject.org/files/ENCFF878OMO/@@download/ENCFF878OMO.fastq.gz,,1,,,
ENCSR089ZLR,https://www.encodeproject.org/files/ENCFF904CYK/@@download/ENCFF904CYK.fastq.gz,,1,,,
ENCSR089ZLR,https://www.encodeproject.org/files/ENCFF053KWV/@@download/ENCFF053KWV.fastq.gz,,1,,,
ENCSR089ZLR,https://www.encodeproject.org/files/ENCFF167PXI/@@download/ENCFF167PXI.fastq.gz,,1,,,
ENCSR089ZLR,https://www.encodeproject.org/files/ENCFF554UER/@@download/ENCFF554UER.fastq.gz,,1,,,
ENCSR089ZLR,https://www.encodeproject.org/files/ENCFF939DWK/@@download/ENCFF939DWK.fastq.gz,,1,,,
ENCSR096QCF,https://www.encodeproject.org/files/ENCFF626YEL/@@download/ENCFF626YEL.fastq.gz,,1,,,
ENCSR096QCF,https://www.encodeproject.org/files/ENCFF716RMF/@@download/ENCFF716RMF.fastq.gz,,1,,,
ENCSR096QCF,https://www.encodeproject.org/files/ENCFF808IWW/@@download/ENCFF808IWW.fastq.gz,,1,,,
ENCSR096QCF,https://www.encodeproject.org/files/ENCFF947UTC/@@download/ENCFF947UTC.fastq.gz,,1,,,
ENCSR096QCF,https://www.encodeproject.org/files/ENCFF284PRM/@@download/ENCFF284PRM.fastq.gz,,1,,,
ENCSR096QCF,https://www.encodeproject.org/files/ENCFF493QDH/@@download/ENCFF493QDH.fastq.gz,,1,,,
ENCSR096QCF,https://www.encodeproject.org/files/ENCFF660MNU/@@download/ENCFF660MNU.fastq.gz,,1,,,
ENCSR096QCF,https://www.encodeproject.org/files/ENCFF739CBW/@@download/ENCFF739CBW.fastq.gz,,1,,,
ENCSR099LGH,https://www.encodeproject.org/files/ENCFF198OWI/@@download/ENCFF198OWI.fastq.gz,,1,,,
ENCSR099LGH,https://www.encodeproject.org/files/ENCFF636HAV/@@download/ENCFF636HAV.fastq.gz,,1,,,
ENCSR099LGH,https://www.encodeproject.org/files/ENCFF839TPC/@@download/ENCFF839TPC.fastq.gz,,1,,,
ENCSR099LGH,https://www.encodeproject.org/files/ENCFF947ZSK/@@download/ENCFF947ZSK.fastq.gz,,1,,,
ENCSR099LGH,https://www.encodeproject.org/files/ENCFF953XTR/@@download/ENCFF953XTR.fastq.gz,,1,,,
ENCSR099RQB,https://www.encodeproject.org/files/ENCFF334KPD/@@download/ENCFF334KPD.fastq.gz,,1,,,
ENCSR099RQB,https://www.encodeproject.org/files/ENCFF574COQ/@@download/ENCFF574COQ.fastq.gz,,1,,,
ENCSR099RQB,https://www.encodeproject.org/files/ENCFF490IKJ/@@download/ENCFF490IKJ.fastq.gz,,1,,,
ENCSR099RQB,https://www.encodeproject.org/files/ENCFF954WEZ/@@download/ENCFF954WEZ.fastq.gz,,1,,,
ENCSR099RQB,https://www.encodeproject.org/files/ENCFF165CDX/@@download/ENCFF165CDX.fastq.gz,,1,,,
ENCSR099RQB,https://www.encodeproject.org/files/ENCFF827GVR/@@download/ENCFF827GVR.fastq.gz,,1,,,
ENCSR099RQB,https://www.encodeproject.org/files/ENCFF378LLW/@@download/ENCFF378LLW.fastq.gz,,1,,,
ENCSR099RQB,https://www.encodeproject.org/files/ENCFF927HID/@@download/ENCFF927HID.fastq.gz,,1,,,
ENCSR103IXF,https://www.encodeproject.org/files/ENCFF050DJW/@@download/ENCFF050DJW.fastq.gz,,1,,,
ENCSR103IXF,https://www.encodeproject.org/files/ENCFF513LCJ/@@download/ENCFF513LCJ.fastq.gz,,1,,,
ENCSR103IXF,https://www.encodeproject.org/files/ENCFF670HQU/@@download/ENCFF670HQU.fastq.gz,,1,,,
ENCSR103IXF,https://www.encodeproject.org/files/ENCFF971BXA/@@download/ENCFF971BXA.fastq.gz,,1,,,
ENCSR103IXF,https://www.encodeproject.org/files/ENCFF050KHX/@@download/ENCFF050KHX.fastq.gz,,1,,,
ENCSR103IXF,https://www.encodeproject.org/files/ENCFF217EHY/@@download/ENCFF217EHY.fastq.gz,,1,,,
ENCSR103IXF,https://www.encodeproject.org/files/ENCFF344YUO/@@download/ENCFF344YUO.fastq.gz,,1,,,
ENCSR103IXF,https://www.encodeproject.org/files/ENCFF363CLN/@@download/ENCFF363CLN.fastq.gz,,1,,,
ENCSR103IXF,https://www.encodeproject.org/files/ENCFF595QJP/@@download/ENCFF595QJP.fastq.gz,,1,,,
ENCSR103IXF,https://www.encodeproject.org/files/ENCFF639AKB/@@download/ENCFF639AKB.fastq.gz,,1,,,
ENCSR103IXF,https://www.encodeproject.org/files/ENCFF835DKU/@@download/ENCFF835DKU.fastq.gz,,1,,,
ENCSR103IXF,https://www.encodeproject.org/files/ENCFF837NTF/@@download/ENCFF837NTF.fastq.gz,,1,,,
ENCSR103IXF,https://www.encodeproject.org/files/ENCFF910UDQ/@@download/ENCFF910UDQ.fastq.gz,,1,,,
ENCSR103IXF,https://www.encodeproject.org/files/ENCFF941SUL/@@download/ENCFF941SUL.fastq.gz,,1,,,
ENCSR103IXF,https://www.encodeproject.org/files/ENCFF963KWR/@@download/ENCFF963KWR.fastq.gz,,1,,,
ENCSR103IXF,https://www.encodeproject.org/files/ENCFF968NIJ/@@download/ENCFF968NIJ.fastq.gz,,1,,,
ENCSR103IXF,https://www.encodeproject.org/files/ENCFF066PJG/@@download/ENCFF066PJG.fastq.gz,,2,,,
ENCSR103IXF,https://www.encodeproject.org/files/ENCFF137WPZ/@@download/ENCFF137WPZ.fastq.gz,,2,,,
ENCSR103IXF,https://www.encodeproject.org/files/ENCFF348DRP/@@download/ENCFF348DRP.fastq.gz,,2,,,
ENCSR103IXF,https://www.encodeproject.org/files/ENCFF435HZZ/@@download/ENCFF435HZZ.fastq.gz,,2,,,
ENCSR103IXF,https://www.encodeproject.org/files/ENCFF127QWG/@@download/ENCFF127QWG.fastq.gz,,2,,,
ENCSR103IXF,https://www.encodeproject.org/files/ENCFF162NJV/@@download/ENCFF162NJV.fastq.gz,,2,,,
ENCSR103IXF,https://www.encodeproject.org/files/ENCFF176SSZ/@@download/ENCFF176SSZ.fastq.gz,,2,,,
ENCSR103IXF,https://www.encodeproject.org/files/ENCFF438RDH/@@download/ENCFF438RDH.fastq.gz,,2,,,
ENCSR103IXF,https://www.encodeproject.org/files/ENCFF607YTS/@@download/ENCFF607YTS.fastq.gz,,2,,,
ENCSR103IXF,https://www.encodeproject.org/files/ENCFF617PXU/@@download/ENCFF617PXU.fastq.gz,,2,,,
ENCSR103IXF,https://www.encodeproject.org/files/ENCFF859PTD/@@download/ENCFF859PTD.fastq.gz,,2,,,
ENCSR103IXF,https://www.encodeproject.org/files/ENCFF860IEG/@@download/ENCFF860IEG.fastq.gz,,2,,,
ENCSR105CRB,https://www.encodeproject.org/files/ENCFF329LDM/@@download/ENCFF329LDM.fastq.gz,,1,,,
ENCSR105CRB,https://www.encodeproject.org/files/ENCFF425WHV/@@download/ENCFF425WHV.fastq.gz,,1,,,
ENCSR105CRB,https://www.encodeproject.org/files/ENCFF576GAE/@@download/ENCFF576GAE.fastq.gz,,1,,,
ENCSR105CRB,https://www.encodeproject.org/files/ENCFF736ZHF/@@download/ENCFF736ZHF.fastq.gz,,1,,,
ENCSR105CRB,https://www.encodeproject.org/files/ENCFF236BUQ/@@download/ENCFF236BUQ.fastq.gz,,1,,,
ENCSR105CRB,https://www.encodeproject.org/files/ENCFF342HXJ/@@download/ENCFF342HXJ.fastq.gz,,1,,,
ENCSR105CRB,https://www.encodeproject.org/files/ENCFF652KPP/@@download/ENCFF652KPP.fastq.gz,,1,,,
ENCSR105CRB,https://www.encodeproject.org/files/ENCFF865ALI/@@download/ENCFF865ALI.fastq.gz,,1,,,
ENCSR107PGG,https://www.encodeproject.org/files/ENCFF280YFB/@@download/ENCFF280YFB.fastq.gz,,1,,,
ENCSR107PGG,https://www.encodeproject.org/files/ENCFF600AGN/@@download/ENCFF600AGN.fastq.gz,,1,,,
ENCSR107PGG,https://www.encodeproject.org/files/ENCFF207NLW/@@download/ENCFF207NLW.fastq.gz,,2,,,
ENCSR107PGG,https://www.encodeproject.org/files/ENCFF253BJA/@@download/ENCFF253BJA.fastq.gz,,2,,,
ENCSR107PGG,https://www.encodeproject.org/files/ENCFF549ALF/@@download/ENCFF549ALF.fastq.gz,,2,,,
ENCSR107RQX,https://www.encodeproject.org/files/ENCFF335YMI/@@download/ENCFF335YMI.fastq.gz,,1,,,
ENCSR107RQX,https://www.encodeproject.org/files/ENCFF595NUI/@@download/ENCFF595NUI.fastq.gz,,1,,,
ENCSR109IWL,https://www.encodeproject.org/files/ENCFF118ZDD/@@download/ENCFF118ZDD.fastq.gz,,1,,,
ENCSR109IWL,https://www.encodeproject.org/files/ENCFF441UVH/@@download/ENCFF441UVH.fastq.gz,,1,,,
ENCSR109IWL,https://www.encodeproject.org/files/ENCFF687GDG/@@download/ENCFF687GDG.fastq.gz,,1,,,
ENCSR109IWL,https://www.encodeproject.org/files/ENCFF927UVF/@@download/ENCFF927UVF.fastq.gz,,1,,,
ENCSR109IWL,https://www.encodeproject.org/files/ENCFF145DUX/@@download/ENCFF145DUX.fastq.gz,,1,,,
ENCSR109IWL,https://www.encodeproject.org/files/ENCFF173OWT/@@download/ENCFF173OWT.fastq.gz,,1,,,
ENCSR109IWL,https://www.encodeproject.org/files/ENCFF719TKU/@@download/ENCFF719TKU.fastq.gz,,1,,,
ENCSR109IWL,https://www.encodeproject.org/files/ENCFF870SQA/@@download/ENCFF870SQA.fastq.gz,,1,,,
ENCSR111ZAD,https://www.encodeproject.org/files/ENCFF228IDC/@@download/ENCFF228IDC.fastq.gz,,1,,,
ENCSR111ZAD,https://www.encodeproject.org/files/ENCFF252LYU/@@download/ENCFF252LYU.fastq.gz,,1,,,
ENCSR111ZAD,https://www.encodeproject.org/files/ENCFF703GXR/@@download/ENCFF703GXR.fastq.gz,,1,,,
ENCSR111ZAD,https://www.encodeproject.org/files/ENCFF863EBS/@@download/ENCFF863EBS.fastq.gz,,1,,,
ENCSR113CMI,https://www.encodeproject.org/files/ENCFF576RZA/@@download/ENCFF576RZA.fastq.gz,https://www.encodeproject.org/files/ENCFF978IRR/@@download/ENCFF978IRR.fastq.gz,1,,,
ENCSR113CMI,https://www.encodeproject.org/files/ENCFF417XKK/@@download/ENCFF417XKK.fastq.gz,https://www.encodeproject.org/files/ENCFF591UVY/@@download/ENCFF591UVY.fastq.gz,2,,,
ENCSR113QDZ,https://www.encodeproject.org/files/ENCFF460NPB/@@download/ENCFF460NPB.fastq.gz,,1,,,
ENCSR113QDZ,https://www.encodeproject.org/files/ENCFF742PUR/@@download/ENCFF742PUR.fastq.gz,,1,,,
ENCSR113QDZ,https://www.encodeproject.org/files/ENCFF402MBE/@@download/ENCFF402MBE.fastq.gz,,2,,,
ENCSR113QDZ,https://www.encodeproject.org/files/ENCFF735HAI/@@download/ENCFF735HAI.fastq.gz,,2,,,
ENCSR113XPE,https://www.encodeproject.org/files/ENCFF088JGL/@@download/ENCFF088JGL.fastq.gz,,1,,,
ENCSR113XPE,https://www.encodeproject.org/files/ENCFF628NJR/@@download/ENCFF628NJR.fastq.gz,,1,,,
ENCSR116QUS,https://www.encodeproject.org/files/ENCFF781GHE/@@download/ENCFF781GHE.fastq.gz,,1,,,
ENCSR116QUS,https://www.encodeproject.org/files/ENCFF159MTI/@@download/ENCFF159MTI.fastq.gz,,1,,,
ENCSR118FQN,https://www.encodeproject.org/files/ENCFF489APN/@@download/ENCFF489APN.fastq.gz,,1,,,
ENCSR118FQN,https://www.encodeproject.org/files/ENCFF901KCC/@@download/ENCFF901KCC.fastq.gz,,1,,,
ENCSR118FQN,https://www.encodeproject.org/files/ENCFF329DNO/@@download/ENCFF329DNO.fastq.gz,,1,,,
ENCSR118FQN,https://www.encodeproject.org/files/ENCFF733QWE/@@download/ENCFF733QWE.fastq.gz,,1,,,
ENCSR119AVG,https://www.encodeproject.org/files/ENCFF169NSD/@@download/ENCFF169NSD.fastq.gz,,1,,,
ENCSR119AVG,https://www.encodeproject.org/files/ENCFF643FSG/@@download/ENCFF643FSG.fastq.gz,,1,,,
ENCSR119AVG,https://www.encodeproject.org/files/ENCFF650MAG/@@download/ENCFF650MAG.fastq.gz,,1,,,
ENCSR119AVG,https://www.encodeproject.org/files/ENCFF979RAP/@@download/ENCFF979RAP.fastq.gz,,1,,,
ENCSR119AVG,https://www.encodeproject.org/files/ENCFF029ZXI/@@download/ENCFF029ZXI.fastq.gz,,1,,,
ENCSR119AVG,https://www.encodeproject.org/files/ENCFF284AIQ/@@download/ENCFF284AIQ.fastq.gz,,1,,,
ENCSR119AVG,https://www.encodeproject.org/files/ENCFF504BQS/@@download/ENCFF504BQS.fastq.gz,,1,,,
ENCSR119AVG,https://www.encodeproject.org/files/ENCFF771DTY/@@download/ENCFF771DTY.fastq.gz,,1,,,
ENCSR120ITZ,https://www.encodeproject.org/files/ENCFF289SKU/@@download/ENCFF289SKU.fastq.gz,,1,,,
ENCSR120ITZ,https://www.encodeproject.org/files/ENCFF582WRY/@@download/ENCFF582WRY.fastq.gz,,1,,,
ENCSR120ITZ,https://www.encodeproject.org/files/ENCFF691TZU/@@download/ENCFF691TZU.fastq.gz,,1,,,
ENCSR120ITZ,https://www.encodeproject.org/files/ENCFF924OJH/@@download/ENCFF924OJH.fastq.gz,,1,,,
ENCSR120ITZ,https://www.encodeproject.org/files/ENCFF060TXE/@@download/ENCFF060TXE.fastq.gz,,1,,,
ENCSR120ITZ,https://www.encodeproject.org/files/ENCFF268OKN/@@download/ENCFF268OKN.fastq.gz,,1,,,
ENCSR120ITZ,https://www.encodeproject.org/files/ENCFF507HSJ/@@download/ENCFF507HSJ.fastq.gz,,1,,,
ENCSR120ITZ,https://www.encodeproject.org/files/ENCFF615HVT/@@download/ENCFF615HVT.fastq.gz,,1,,,
ENCSR122GIL,https://www.encodeproject.org/files/ENCFF461CWB/@@download/ENCFF461CWB.fastq.gz,,1,,,
ENCSR122GIL,https://www.encodeproject.org/files/ENCFF986FNA/@@download/ENCFF986FNA.fastq.gz,,1,,,
ENCSR123WDC,https://www.encodeproject.org/files/ENCFF057JTH/@@download/ENCFF057JTH.fastq.gz,,1,,,
ENCSR123WDC,https://www.encodeproject.org/files/ENCFF500BRG/@@download/ENCFF500BRG.fastq.gz,,1,,,
ENCSR123WDC,https://www.encodeproject.org/files/ENCFF687IMZ/@@download/ENCFF687IMZ.fastq.gz,,1,,,
ENCSR123WDC,https://www.encodeproject.org/files/ENCFF125KUA/@@download/ENCFF125KUA.fastq.gz,,2,,,
ENCSR123WDC,https://www.encodeproject.org/files/ENCFF229QTT/@@download/ENCFF229QTT.fastq.gz,,2,,,
ENCSR123WDC,https://www.encodeproject.org/files/ENCFF334PMW/@@download/ENCFF334PMW.fastq.gz,,2,,,
ENCSR124GAS,https://www.encodeproject.org/files/ENCFF183TQF/@@download/ENCFF183TQF.fastq.gz,,1,,,
ENCSR124GAS,https://www.encodeproject.org/files/ENCFF544FLC/@@download/ENCFF544FLC.fastq.gz,,1,,,
ENCSR124KQG,https://www.encodeproject.org/files/ENCFF473OUC/@@download/ENCFF473OUC.fastq.gz,https://www.encodeproject.org/files/ENCFF714XQZ/@@download/ENCFF714XQZ.fastq.gz,1,,,
ENCSR126UEY,https://www.encodeproject.org/files/ENCFF284KSR/@@download/ENCFF284KSR.fastq.gz,,1,,,
ENCSR126UEY,https://www.encodeproject.org/files/ENCFF901XVW/@@download/ENCFF901XVW.fastq.gz,,1,,,
ENCSR126ZPV,https://www.encodeproject.org/files/ENCFF174JTA/@@download/ENCFF174JTA.fastq.gz,,1,,,
ENCSR126ZPV,https://www.encodeproject.org/files/ENCFF687WCW/@@download/ENCFF687WCW.fastq.gz,,1,,,
ENCSR128HTH,https://www.encodeproject.org/files/ENCFF136DFH/@@download/ENCFF136DFH.fastq.gz,,1,,,
ENCSR128HTH,https://www.encodeproject.org/files/ENCFF724AOD/@@download/ENCFF724AOD.fastq.gz,,1,,,
ENCSR128HTH,https://www.encodeproject.org/files/ENCFF912KKQ/@@download/ENCFF912KKQ.fastq.gz,,1,,,
ENCSR128HTH,https://www.encodeproject.org/files/ENCFF951ZQP/@@download/ENCFF951ZQP.fastq.gz,,1,,,
ENCSR130HAG,https://www.encodeproject.org/files/ENCFF405VJZ/@@download/ENCFF405VJZ.fastq.gz,,1,,,
ENCSR130HAG,https://www.encodeproject.org/files/ENCFF426YVT/@@download/ENCFF426YVT.fastq.gz,,1,,,
ENCSR130HAG,https://www.encodeproject.org/files/ENCFF559LVR/@@download/ENCFF559LVR.fastq.gz,,1,,,
ENCSR130HAG,https://www.encodeproject.org/files/ENCFF627WBE/@@download/ENCFF627WBE.fastq.gz,,1,,,
ENCSR130HAG,https://www.encodeproject.org/files/ENCFF153KJJ/@@download/ENCFF153KJJ.fastq.gz,,1,,,
ENCSR130HAG,https://www.encodeproject.org/files/ENCFF611JUR/@@download/ENCFF611JUR.fastq.gz,,1,,,
ENCSR130HAG,https://www.encodeproject.org/files/ENCFF960ZJE/@@download/ENCFF960ZJE.fastq.gz,,1,,,
ENCSR130HAG,https://www.encodeproject.org/files/ENCFF987AZV/@@download/ENCFF987AZV.fastq.gz,,1,,,
ENCSR131SEB,https://www.encodeproject.org/files/ENCFF837GYP/@@download/ENCFF837GYP.fastq.gz,https://www.encodeproject.org/files/ENCFF888ISZ/@@download/ENCFF888ISZ.fastq.gz,1,,,
ENCSR131SEB,https://www.encodeproject.org/files/ENCFF842AAT/@@download/ENCFF842AAT.fastq.gz,https://www.encodeproject.org/files/ENCFF541WRS/@@download/ENCFF541WRS.fastq.gz,2,,,
ENCSR138WRC,https://www.encodeproject.org/files/ENCFF752PET/@@download/ENCFF752PET.fastq.gz,,1,,,
ENCSR138WRC,https://www.encodeproject.org/files/ENCFF974QQK/@@download/ENCFF974QQK.fastq.gz,,1,,,
ENCSR138WRC,https://www.encodeproject.org/files/ENCFF374FIN/@@download/ENCFF374FIN.fastq.gz,,1,,,
ENCSR138WRC,https://www.encodeproject.org/files/ENCFF393NUI/@@download/ENCFF393NUI.fastq.gz,,1,,,
ENCSR138WRC,https://www.encodeproject.org/files/ENCFF448UCS/@@download/ENCFF448UCS.fastq.gz,,1,,,
ENCSR138WRC,https://www.encodeproject.org/files/ENCFF512MZN/@@download/ENCFF512MZN.fastq.gz,,1,,,
ENCSR138WRC,https://www.encodeproject.org/files/ENCFF588BEN/@@download/ENCFF588BEN.fastq.gz,,1,,,
ENCSR138WRC,https://www.encodeproject.org/files/ENCFF723KNH/@@download/ENCFF723KNH.fastq.gz,,1,,,
ENCSR138WRC,https://www.encodeproject.org/files/ENCFF021SLS/@@download/ENCFF021SLS.fastq.gz,,2,,,
ENCSR138WRC,https://www.encodeproject.org/files/ENCFF111UHL/@@download/ENCFF111UHL.fastq.gz,,2,,,
ENCSR138WRC,https://www.encodeproject.org/files/ENCFF125DXM/@@download/ENCFF125DXM.fastq.gz,,2,,,
ENCSR138WRC,https://www.encodeproject.org/files/ENCFF389QBW/@@download/ENCFF389QBW.fastq.gz,,2,,,
ENCSR138WRC,https://www.encodeproject.org/files/ENCFF597DVC/@@download/ENCFF597DVC.fastq.gz,,2,,,
ENCSR138WRC,https://www.encodeproject.org/files/ENCFF616JED/@@download/ENCFF616JED.fastq.gz,,2,,,
ENCSR138WRC,https://www.encodeproject.org/files/ENCFF714WPP/@@download/ENCFF714WPP.fastq.gz,,2,,,
ENCSR138WRC,https://www.encodeproject.org/files/ENCFF848UPU/@@download/ENCFF848UPU.fastq.gz,,2,,,
ENCSR139WMA,https://www.encodeproject.org/files/ENCFF411YQM/@@download/ENCFF411YQM.fastq.gz,,1,,,
ENCSR143DQF,https://www.encodeproject.org/files/ENCFF121JIP/@@download/ENCFF121JIP.fastq.gz,,1,,,
ENCSR143DQF,https://www.encodeproject.org/files/ENCFF144GRV/@@download/ENCFF144GRV.fastq.gz,,1,,,
ENCSR143DQF,https://www.encodeproject.org/files/ENCFF220ZIH/@@download/ENCFF220ZIH.fastq.gz,,1,,,
ENCSR143DQF,https://www.encodeproject.org/files/ENCFF393XVH/@@download/ENCFF393XVH.fastq.gz,,1,,,
ENCSR143DQF,https://www.encodeproject.org/files/ENCFF749RGX/@@download/ENCFF749RGX.fastq.gz,,1,,,
ENCSR143DQF,https://www.encodeproject.org/files/ENCFF947QTY/@@download/ENCFF947QTY.fastq.gz,,1,,,
ENCSR145RXI,https://www.encodeproject.org/files/ENCFF045BOM/@@download/ENCFF045BOM.fastq.gz,,1,,,
ENCSR145RXI,https://www.encodeproject.org/files/ENCFF081RFP/@@download/ENCFF081RFP.fastq.gz,,1,,,
ENCSR145RXI,https://www.encodeproject.org/files/ENCFF164NQF/@@download/ENCFF164NQF.fastq.gz,,1,,,
ENCSR145RXI,https://www.encodeproject.org/files/ENCFF417EFL/@@download/ENCFF417EFL.fastq.gz,,1,,,
ENCSR145RXI,https://www.encodeproject.org/files/ENCFF055JNN/@@download/ENCFF055JNN.fastq.gz,,1,,,
ENCSR145RXI,https://www.encodeproject.org/files/ENCFF631RLM/@@download/ENCFF631RLM.fastq.gz,,1,,,
ENCSR145RXI,https://www.encodeproject.org/files/ENCFF770PZK/@@download/ENCFF770PZK.fastq.gz,,1,,,
ENCSR145RXI,https://www.encodeproject.org/files/ENCFF856YKR/@@download/ENCFF856YKR.fastq.gz,,1,,,
ENCSR147KFH,https://www.encodeproject.org/files/ENCFF049MVV/@@download/ENCFF049MVV.fastq.gz,,1,,,
ENCSR147KFH,https://www.encodeproject.org/files/ENCFF388CLI/@@download/ENCFF388CLI.fastq.gz,,1,,,
ENCSR147KFH,https://www.encodeproject.org/files/ENCFF404QDL/@@download/ENCFF404QDL.fastq.gz,,1,,,
ENCSR147KFH,https://www.encodeproject.org/files/ENCFF446AHP/@@download/ENCFF446AHP.fastq.gz,,1,,,
ENCSR149EOW,https://www.encodeproject.org/files/ENCFF634JMR/@@download/ENCFF634JMR.fastq.gz,,1,,,
ENCSR149EOW,https://www.encodeproject.org/files/ENCFF997BAS/@@download/ENCFF997BAS.fastq.gz,,1,,,
ENCSR151NEZ,https://www.encodeproject.org/files/ENCFF177MUO/@@download/ENCFF177MUO.fastq.gz,,1,,,
ENCSR151NEZ,https://www.encodeproject.org/files/ENCFF192KSU/@@download/ENCFF192KSU.fastq.gz,,1,,,
ENCSR151NEZ,https://www.encodeproject.org/files/ENCFF259TQS/@@download/ENCFF259TQS.fastq.gz,,1,,,
ENCSR151NEZ,https://www.encodeproject.org/files/ENCFF296YPA/@@download/ENCFF296YPA.fastq.gz,,1,,,
ENCSR151NEZ,https://www.encodeproject.org/files/ENCFF306SPX/@@download/ENCFF306SPX.fastq.gz,,1,,,
ENCSR151NEZ,https://www.encodeproject.org/files/ENCFF503MWS/@@download/ENCFF503MWS.fastq.gz,,1,,,
ENCSR151NEZ,https://www.encodeproject.org/files/ENCFF728XIW/@@download/ENCFF728XIW.fastq.gz,,1,,,
ENCSR151NEZ,https://www.encodeproject.org/files/ENCFF812VOG/@@download/ENCFF812VOG.fastq.gz,,1,,,
ENCSR151NEZ,https://www.encodeproject.org/files/ENCFF363TFA/@@download/ENCFF363TFA.fastq.gz,,1,,,
ENCSR151NEZ,https://www.encodeproject.org/files/ENCFF689KMB/@@download/ENCFF689KMB.fastq.gz,,1,,,
ENCSR151NEZ,https://www.encodeproject.org/files/ENCFF878IDJ/@@download/ENCFF878IDJ.fastq.gz,,1,,,
ENCSR151NEZ,https://www.encodeproject.org/files/ENCFF983VSZ/@@download/ENCFF983VSZ.fastq.gz,,1,,,
ENCSR152HLZ,https://www.encodeproject.org/files/ENCFF200EQN/@@download/ENCFF200EQN.fastq.gz,,1,,,
ENCSR152HLZ,https://www.encodeproject.org/files/ENCFF237MJB/@@download/ENCFF237MJB.fastq.gz,,1,,,
ENCSR152HLZ,https://www.encodeproject.org/files/ENCFF541UOQ/@@download/ENCFF541UOQ.fastq.gz,,1,,,
ENCSR152HLZ,https://www.encodeproject.org/files/ENCFF770AVI/@@download/ENCFF770AVI.fastq.gz,,1,,,
ENCSR152HLZ,https://www.encodeproject.org/files/ENCFF004XGN/@@download/ENCFF004XGN.fastq.gz,,1,,,
ENCSR152HLZ,https://www.encodeproject.org/files/ENCFF212KZA/@@download/ENCFF212KZA.fastq.gz,,1,,,
ENCSR152HLZ,https://www.encodeproject.org/files/ENCFF222BGC/@@download/ENCFF222BGC.fastq.gz,,1,,,
ENCSR152HLZ,https://www.encodeproject.org/files/ENCFF886TBQ/@@download/ENCFF886TBQ.fastq.gz,,1,,,
ENCSR153LYY,https://www.encodeproject.org/files/ENCFF109LMF/@@download/ENCFF109LMF.fastq.gz,,1,,,
ENCSR153LYY,https://www.encodeproject.org/files/ENCFF243VXE/@@download/ENCFF243VXE.fastq.gz,,1,,,
ENCSR153LYY,https://www.encodeproject.org/files/ENCFF607DMU/@@download/ENCFF607DMU.fastq.gz,,1,,,
ENCSR153LYY,https://www.encodeproject.org/files/ENCFF755ZJW/@@download/ENCFF755ZJW.fastq.gz,,1,,,
ENCSR153LYY,https://www.encodeproject.org/files/ENCFF040BUZ/@@download/ENCFF040BUZ.fastq.gz,,1,,,
ENCSR153LYY,https://www.encodeproject.org/files/ENCFF066YNI/@@download/ENCFF066YNI.fastq.gz,,1,,,
ENCSR153LYY,https://www.encodeproject.org/files/ENCFF818QGE/@@download/ENCFF818QGE.fastq.gz,,1,,,
ENCSR153LYY,https://www.encodeproject.org/files/ENCFF835KRD/@@download/ENCFF835KRD.fastq.gz,,1,,,
ENCSR154SJE,https://www.encodeproject.org/files/ENCFF352JIF/@@download/ENCFF352JIF.fastq.gz,,1,,,
ENCSR154SJE,https://www.encodeproject.org/files/ENCFF476AQS/@@download/ENCFF476AQS.fastq.gz,,1,,,
ENCSR155GOF,https://www.encodeproject.org/files/ENCFF840BHG/@@download/ENCFF840BHG.fastq.gz,https://www.encodeproject.org/files/ENCFF462XLX/@@download/ENCFF462XLX.fastq.gz,1,,,
ENCSR155GOF,https://www.encodeproject.org/files/ENCFF933UIQ/@@download/ENCFF933UIQ.fastq.gz,https://www.encodeproject.org/files/ENCFF343EYM/@@download/ENCFF343EYM.fastq.gz,1,,,
ENCSR156WTZ,https://www.encodeproject.org/files/ENCFF106ANG/@@download/ENCFF106ANG.fastq.gz,,1,,,
ENCSR156WTZ,https://www.encodeproject.org/files/ENCFF432KCC/@@download/ENCFF432KCC.fastq.gz,,1,,,
ENCSR156WTZ,https://www.encodeproject.org/files/ENCFF060ABF/@@download/ENCFF060ABF.fastq.gz,,1,,,
ENCSR156WTZ,https://www.encodeproject.org/files/ENCFF187NRN/@@download/ENCFF187NRN.fastq.gz,,1,,,
ENCSR158PLZ,https://www.encodeproject.org/files/ENCFF351AFB/@@download/ENCFF351AFB.fastq.gz,,1,,,
ENCSR158PLZ,https://www.encodeproject.org/files/ENCFF512OCG/@@download/ENCFF512OCG.fastq.gz,,1,,,
ENCSR158PLZ,https://www.encodeproject.org/files/ENCFF842VLR/@@download/ENCFF842VLR.fastq.gz,,1,,,
ENCSR158PLZ,https://www.encodeproject.org/files/ENCFF029CBI/@@download/ENCFF029CBI.fastq.gz,,2,,,
ENCSR158PLZ,https://www.encodeproject.org/files/ENCFF483YDA/@@download/ENCFF483YDA.fastq.gz,,2,,,
ENCSR158PLZ,https://www.encodeproject.org/files/ENCFF549OKT/@@download/ENCFF549OKT.fastq.gz,,2,,,
ENCSR161JTT,https://www.encodeproject.org/files/ENCFF342BNF/@@download/ENCFF342BNF.fastq.gz,,1,,,
ENCSR163UEW,https://www.encodeproject.org/files/ENCFF216BKY/@@download/ENCFF216BKY.fastq.gz,,1,,,
ENCSR163UEW,https://www.encodeproject.org/files/ENCFF059KCL/@@download/ENCFF059KCL.fastq.gz,,1,,,
ENCSR163VJS,https://www.encodeproject.org/files/ENCFF902FOR/@@download/ENCFF902FOR.fastq.gz,,1,,,
ENCSR163XFK,https://www.encodeproject.org/files/ENCFF114MIS/@@download/ENCFF114MIS.fastq.gz,,1,,,
ENCSR163XFK,https://www.encodeproject.org/files/ENCFF156IBT/@@download/ENCFF156IBT.fastq.gz,,1,,,
ENCSR163XFK,https://www.encodeproject.org/files/ENCFF396CYM/@@download/ENCFF396CYM.fastq.gz,,1,,,
ENCSR163XFK,https://www.encodeproject.org/files/ENCFF731ORG/@@download/ENCFF731ORG.fastq.gz,,1,,,
ENCSR163XFK,https://www.encodeproject.org/files/ENCFF926KJW/@@download/ENCFF926KJW.fastq.gz,,1,,,
ENCSR163XFK,https://www.encodeproject.org/files/ENCFF960ILC/@@download/ENCFF960ILC.fastq.gz,,1,,,
ENCSR164POT,https://www.encodeproject.org/files/ENCFF174BWY/@@download/ENCFF174BWY.fastq.gz,,1,,,
ENCSR168STG,https://www.encodeproject.org/files/ENCFF009GEU/@@download/ENCFF009GEU.fastq.gz,,1,,,
ENCSR168STG,https://www.encodeproject.org/files/ENCFF494TSO/@@download/ENCFF494TSO.fastq.gz,,1,,,
ENCSR168STG,https://www.encodeproject.org/files/ENCFF046WYC/@@download/ENCFF046WYC.fastq.gz,,1,,,
ENCSR168STG,https://www.encodeproject.org/files/ENCFF318JDQ/@@download/ENCFF318JDQ.fastq.gz,,1,,,
ENCSR170MJE,https://www.encodeproject.org/files/ENCFF088FTE/@@download/ENCFF088FTE.fastq.gz,,1,,,
ENCSR170MJE,https://www.encodeproject.org/files/ENCFF137AUQ/@@download/ENCFF137AUQ.fastq.gz,,1,,,
ENCSR170MJE,https://www.encodeproject.org/files/ENCFF577XKF/@@download/ENCFF577XKF.fastq.gz,,1,,,
ENCSR170MJE,https://www.encodeproject.org/files/ENCFF841XQR/@@download/ENCFF841XQR.fastq.gz,,1,,,
ENCSR170MJE,https://www.encodeproject.org/files/ENCFF197JQK/@@download/ENCFF197JQK.fastq.gz,,1,,,
ENCSR170MJE,https://www.encodeproject.org/files/ENCFF341HAI/@@download/ENCFF341HAI.fastq.gz,,1,,,
ENCSR170MJE,https://www.encodeproject.org/files/ENCFF821NPI/@@download/ENCFF821NPI.fastq.gz,,1,,,
ENCSR170MJE,https://www.encodeproject.org/files/ENCFF975XIG/@@download/ENCFF975XIG.fastq.gz,,1,,,
ENCSR175HRD,https://www.encodeproject.org/files/ENCFF289ZTY/@@download/ENCFF289ZTY.fastq.gz,https://www.encodeproject.org/files/ENCFF283EVL/@@download/ENCFF283EVL.fastq.gz,1,,,
ENCSR178FVP,https://www.encodeproject.org/files/ENCFF321JZQ/@@download/ENCFF321JZQ.fastq.gz,,1,,,
ENCSR178FVP,https://www.encodeproject.org/files/ENCFF406UXV/@@download/ENCFF406UXV.fastq.gz,,1,,,
ENCSR178FVP,https://www.encodeproject.org/files/ENCFF620HNN/@@download/ENCFF620HNN.fastq.gz,,1,,,
ENCSR178FVP,https://www.encodeproject.org/files/ENCFF980YLI/@@download/ENCFF980YLI.fastq.gz,,1,,,
ENCSR178MWD,https://www.encodeproject.org/files/ENCFF260HFH/@@download/ENCFF260HFH.fastq.gz,,1,,,
ENCSR178MWD,https://www.encodeproject.org/files/ENCFF364CZV/@@download/ENCFF364CZV.fastq.gz,,1,,,
ENCSR178MWD,https://www.encodeproject.org/files/ENCFF384OED/@@download/ENCFF384OED.fastq.gz,,1,,,
ENCSR178MWD,https://www.encodeproject.org/files/ENCFF985SAX/@@download/ENCFF985SAX.fastq.gz,,1,,,
ENCSR179YLS,https://www.encodeproject.org/files/ENCFF002AVH/@@download/ENCFF002AVH.fastq.gz,,1,,,
ENCSR179YLS,https://www.encodeproject.org/files/ENCFF244WIG/@@download/ENCFF244WIG.fastq.gz,,1,,,
ENCSR179YLS,https://www.encodeproject.org/files/ENCFF651VMP/@@download/ENCFF651VMP.fastq.gz,,1,,,
ENCSR179YLS,https://www.encodeproject.org/files/ENCFF355DMM/@@download/ENCFF355DMM.fastq.gz,,2,,,
ENCSR179YLS,https://www.encodeproject.org/files/ENCFF812ISD/@@download/ENCFF812ISD.fastq.gz,,2,,,
ENCSR179YLS,https://www.encodeproject.org/files/ENCFF935ETD/@@download/ENCFF935ETD.fastq.gz,,2,,,
ENCSR179YLS,https://www.encodeproject.org/files/ENCFF982FDH/@@download/ENCFF982FDH.fastq.gz,,2,,,
ENCSR185OHN,https://www.encodeproject.org/files/ENCFF458ASE/@@download/ENCFF458ASE.fastq.gz,https://www.encodeproject.org/files/ENCFF443LZC/@@download/ENCFF443LZC.fastq.gz,1,,,
ENCSR185OHN,https://www.encodeproject.org/files/ENCFF615LEB/@@download/ENCFF615LEB.fastq.gz,https://www.encodeproject.org/files/ENCFF072EIX/@@download/ENCFF072EIX.fastq.gz,1,,,
ENCSR185OHN,https://www.encodeproject.org/files/ENCFF625FBR/@@download/ENCFF625FBR.fastq.gz,https://www.encodeproject.org/files/ENCFF591CAT/@@download/ENCFF591CAT.fastq.gz,2,,,
ENCSR185OHN,https://www.encodeproject.org/files/ENCFF878ZLP/@@download/ENCFF878ZLP.fastq.gz,https://www.encodeproject.org/files/ENCFF269SMY/@@download/ENCFF269SMY.fastq.gz,2,,,
ENCSR189UPU,https://www.encodeproject.org/files/ENCFF131OEZ/@@download/ENCFF131OEZ.fastq.gz,,1,,,
ENCSR189UPU,https://www.encodeproject.org/files/ENCFF935YMD/@@download/ENCFF935YMD.fastq.gz,,1,,,
ENCSR189UPU,https://www.encodeproject.org/files/ENCFF063EWB/@@download/ENCFF063EWB.fastq.gz,,1,,,
ENCSR189UPU,https://www.encodeproject.org/files/ENCFF943CXW/@@download/ENCFF943CXW.fastq.gz,,1,,,
ENCSR189UPU,https://www.encodeproject.org/files/ENCFF074BLL/@@download/ENCFF074BLL.fastq.gz,,2,,,
ENCSR189UPU,https://www.encodeproject.org/files/ENCFF190XYQ/@@download/ENCFF190XYQ.fastq.gz,,2,,,
ENCSR189UPU,https://www.encodeproject.org/files/ENCFF535QWD/@@download/ENCFF535QWD.fastq.gz,,2,,,
ENCSR189UPU,https://www.encodeproject.org/files/ENCFF574FYF/@@download/ENCFF574FYF.fastq.gz,,2,,,
ENCSR189UPU,https://www.encodeproject.org/files/ENCFF790CKH/@@download/ENCFF790CKH.fastq.gz,,2,,,
ENCSR189UPU,https://www.encodeproject.org/files/ENCFF809SOJ/@@download/ENCFF809SOJ.fastq.gz,,2,,,
ENCSR189UPU,https://www.encodeproject.org/files/ENCFF043BJZ/@@download/ENCFF043BJZ.fastq.gz,,2,,,
ENCSR189UPU,https://www.encodeproject.org/files/ENCFF080UEO/@@download/ENCFF080UEO.fastq.gz,,2,,,
ENCSR189UPU,https://www.encodeproject.org/files/ENCFF428AYZ/@@download/ENCFF428AYZ.fastq.gz,,2,,,
ENCSR189UPU,https://www.encodeproject.org/files/ENCFF639OOV/@@download/ENCFF639OOV.fastq.gz,,2,,,
ENCSR193TCX,https://www.encodeproject.org/files/ENCFF109ANP/@@download/ENCFF109ANP.fastq.gz,,1,,,
ENCSR193TCX,https://www.encodeproject.org/files/ENCFF112DSW/@@download/ENCFF112DSW.fastq.gz,,1,,,
ENCSR193TCX,https://www.encodeproject.org/files/ENCFF462VKX/@@download/ENCFF462VKX.fastq.gz,,1,,,
ENCSR193TCX,https://www.encodeproject.org/files/ENCFF545BZX/@@download/ENCFF545BZX.fastq.gz,,1,,,
ENCSR193TCX,https://www.encodeproject.org/files/ENCFF667YUP/@@download/ENCFF667YUP.fastq.gz,,1,,,
ENCSR193TCX,https://www.encodeproject.org/files/ENCFF973RAV/@@download/ENCFF973RAV.fastq.gz,,1,,,
ENCSR195BZZ,https://www.encodeproject.org/files/ENCFF151MTF/@@download/ENCFF151MTF.fastq.gz,,1,,,
ENCSR195BZZ,https://www.encodeproject.org/files/ENCFF483LFU/@@download/ENCFF483LFU.fastq.gz,,1,,,
ENCSR195BZZ,https://www.encodeproject.org/files/ENCFF208SWF/@@download/ENCFF208SWF.fastq.gz,,1,,,
ENCSR195BZZ,https://www.encodeproject.org/files/ENCFF503AXB/@@download/ENCFF503AXB.fastq.gz,,1,,,
ENCSR196CXJ,https://www.encodeproject.org/files/ENCFF885SBP/@@download/ENCFF885SBP.fastq.gz,,1,,,
ENCSR196CXJ,https://www.encodeproject.org/files/ENCFF061PAW/@@download/ENCFF061PAW.fastq.gz,,1,,,
ENCSR196CXJ,https://www.encodeproject.org/files/ENCFF398JCG/@@download/ENCFF398JCG.fastq.gz,https://www.encodeproject.org/files/ENCFF853HFC/@@download/ENCFF853HFC.fastq.gz,2,,,
ENCSR198WIH,https://www.encodeproject.org/files/ENCFF413RQG/@@download/ENCFF413RQG.fastq.gz,,1,,,
ENCSR198WIH,https://www.encodeproject.org/files/ENCFF048ZOQ/@@download/ENCFF048ZOQ.fastq.gz,https://www.encodeproject.org/files/ENCFF827YXC/@@download/ENCFF827YXC.fastq.gz,2,,,
ENCSR198WIH,https://www.encodeproject.org/files/ENCFF796ERZ/@@download/ENCFF796ERZ.fastq.gz,,2,,,
ENCSR198WIH,https://www.encodeproject.org/files/ENCFF957PGR/@@download/ENCFF957PGR.fastq.gz,,2,,,
ENCSR200QAA,https://www.encodeproject.org/files/ENCFF041RFD/@@download/ENCFF041RFD.fastq.gz,,1,,,
ENCSR200QAA,https://www.encodeproject.org/files/ENCFF201BTE/@@download/ENCFF201BTE.fastq.gz,,1,,,
ENCSR200QAA,https://www.encodeproject.org/files/ENCFF504FPW/@@download/ENCFF504FPW.fastq.gz,,1,,,
ENCSR200QAA,https://www.encodeproject.org/files/ENCFF759AKF/@@download/ENCFF759AKF.fastq.gz,,1,,,
ENCSR201KGX,https://www.encodeproject.org/files/ENCFF883ZYF/@@download/ENCFF883ZYF.fastq.gz,,1,,,
ENCSR201VAH,https://www.encodeproject.org/files/ENCFF003OYR/@@download/ENCFF003OYR.fastq.gz,https://www.encodeproject.org/files/ENCFF810WXC/@@download/ENCFF810WXC.fastq.gz,1,,,
ENCSR204GMP,https://www.encodeproject.org/files/ENCFF961IHR/@@download/ENCFF961IHR.fastq.gz,,1,,,
ENCSR204GMP,https://www.encodeproject.org/files/ENCFF600HSN/@@download/ENCFF600HSN.fastq.gz,,2,,,
ENCSR204GMP,https://www.encodeproject.org/files/ENCFF360EKK/@@download/ENCFF360EKK.fastq.gz,,3,,,
ENCSR212FST,https://www.encodeproject.org/files/ENCFF754IDJ/@@download/ENCFF754IDJ.fastq.gz,,1,,,
ENCSR212FST,https://www.encodeproject.org/files/ENCFF851QPA/@@download/ENCFF851QPA.fastq.gz,,2,,,
ENCSR212FST,https://www.encodeproject.org/files/ENCFF412LGW/@@download/ENCFF412LGW.fastq.gz,,3,,,
ENCSR212SJH,https://www.encodeproject.org/files/ENCFF217MRH/@@download/ENCFF217MRH.fastq.gz,,1,,,
ENCSR214MNL,https://www.encodeproject.org/files/ENCFF416GCS/@@download/ENCFF416GCS.fastq.gz,,1,,,
ENCSR214UPJ,https://www.encodeproject.org/files/ENCFF709JWW/@@download/ENCFF709JWW.fastq.gz,,1,,,
ENCSR214UPJ,https://www.encodeproject.org/files/ENCFF798QSC/@@download/ENCFF798QSC.fastq.gz,,1,,,
ENCSR215WNN,https://www.encodeproject.org/files/ENCFF318KEV/@@download/ENCFF318KEV.fastq.gz,,1,,,
ENCSR215WNN,https://www.encodeproject.org/files/ENCFF582UYY/@@download/ENCFF582UYY.fastq.gz,,1,,,
ENCSR215WNN,https://www.encodeproject.org/files/ENCFF481CEK/@@download/ENCFF481CEK.fastq.gz,,1,,,
ENCSR215WNN,https://www.encodeproject.org/files/ENCFF724IXC/@@download/ENCFF724IXC.fastq.gz,,1,,,
ENCSR232ABT,https://www.encodeproject.org/files/ENCFF708QKJ/@@download/ENCFF708QKJ.fastq.gz,,1,,,
ENCSR232ABT,https://www.encodeproject.org/files/ENCFF740VNQ/@@download/ENCFF740VNQ.fastq.gz,,1,,,
ENCSR234FYG,https://www.encodeproject.org/files/ENCFF076AOX/@@download/ENCFF076AOX.fastq.gz,,1,,,
ENCSR234FYG,https://www.encodeproject.org/files/ENCFF331ATS/@@download/ENCFF331ATS.fastq.gz,,1,,,
ENCSR234FYG,https://www.encodeproject.org/files/ENCFF662WVV/@@download/ENCFF662WVV.fastq.gz,,1,,,
ENCSR234FYG,https://www.encodeproject.org/files/ENCFF833ZZD/@@download/ENCFF833ZZD.fastq.gz,,1,,,
ENCSR236NLU,https://www.encodeproject.org/files/ENCFF882MTE/@@download/ENCFF882MTE.fastq.gz,,1,,,
ENCSR237ZMF,https://www.encodeproject.org/files/ENCFF195DUA/@@download/ENCFF195DUA.fastq.gz,,1,,,
ENCSR237ZMF,https://www.encodeproject.org/files/ENCFF473UAC/@@download/ENCFF473UAC.fastq.gz,,1,,,
ENCSR237ZMF,https://www.encodeproject.org/files/ENCFF782BEG/@@download/ENCFF782BEG.fastq.gz,,1,,,
ENCSR237ZMF,https://www.encodeproject.org/files/ENCFF797WDQ/@@download/ENCFF797WDQ.fastq.gz,,1,,,
ENCSR237ZMF,https://www.encodeproject.org/files/ENCFF729QOO/@@download/ENCFF729QOO.fastq.gz,,1,,,
ENCSR237ZMF,https://www.encodeproject.org/files/ENCFF849HZS/@@download/ENCFF849HZS.fastq.gz,,1,,,
ENCSR237ZMF,https://www.encodeproject.org/files/ENCFF903CDZ/@@download/ENCFF903CDZ.fastq.gz,,1,,,
ENCSR237ZMF,https://www.encodeproject.org/files/ENCFF976TBF/@@download/ENCFF976TBF.fastq.gz,,1,,,
ENCSR239LAP,https://www.encodeproject.org/files/ENCFF916HOD/@@download/ENCFF916HOD.fastq.gz,,1,,,
ENCSR243LHN,https://www.encodeproject.org/files/ENCFF022ARB/@@download/ENCFF022ARB.fastq.gz,,1,,,
ENCSR243LHN,https://www.encodeproject.org/files/ENCFF532YOA/@@download/ENCFF532YOA.fastq.gz,,1,,,
ENCSR243LHN,https://www.encodeproject.org/files/ENCFF698DLA/@@download/ENCFF698DLA.fastq.gz,,1,,,
ENCSR243LHN,https://www.encodeproject.org/files/ENCFF925NZX/@@download/ENCFF925NZX.fastq.gz,,1,,,
ENCSR243LHN,https://www.encodeproject.org/files/ENCFF080YPF/@@download/ENCFF080YPF.fastq.gz,,1,,,
ENCSR243LHN,https://www.encodeproject.org/files/ENCFF448JQH/@@download/ENCFF448JQH.fastq.gz,,1,,,
ENCSR243LHN,https://www.encodeproject.org/files/ENCFF746LVC/@@download/ENCFF746LVC.fastq.gz,,1,,,
ENCSR243LHN,https://www.encodeproject.org/files/ENCFF998DJA/@@download/ENCFF998DJA.fastq.gz,,1,,,
ENCSR247BVB,https://www.encodeproject.org/files/ENCFF186NYZ/@@download/ENCFF186NYZ.fastq.gz,,1,,,
ENCSR247BVB,https://www.encodeproject.org/files/ENCFF618IFR/@@download/ENCFF618IFR.fastq.gz,,1,,,
ENCSR247BVB,https://www.encodeproject.org/files/ENCFF647ACK/@@download/ENCFF647ACK.fastq.gz,,1,,,
ENCSR247FUH,https://www.encodeproject.org/files/ENCFF039GUB/@@download/ENCFF039GUB.fastq.gz,,1,,,
ENCSR247FUH,https://www.encodeproject.org/files/ENCFF371ZWV/@@download/ENCFF371ZWV.fastq.gz,,1,,,
ENCSR247FUH,https://www.encodeproject.org/files/ENCFF777KGX/@@download/ENCFF777KGX.fastq.gz,,1,,,
ENCSR247FUH,https://www.encodeproject.org/files/ENCFF946IKE/@@download/ENCFF946IKE.fastq.gz,,1,,,
ENCSR247NUF,https://www.encodeproject.org/files/ENCFF131YWN/@@download/ENCFF131YWN.fastq.gz,,1,,,
ENCSR247NUF,https://www.encodeproject.org/files/ENCFF284FRV/@@download/ENCFF284FRV.fastq.gz,,1,,,
ENCSR247NUF,https://www.encodeproject.org/files/ENCFF489KLF/@@download/ENCFF489KLF.fastq.gz,,1,,,
ENCSR247NUF,https://www.encodeproject.org/files/ENCFF994OXJ/@@download/ENCFF994OXJ.fastq.gz,,1,,,
ENCSR247XFQ,https://www.encodeproject.org/files/ENCFF148HHK/@@download/ENCFF148HHK.fastq.gz,,1,,,
ENCSR247XFQ,https://www.encodeproject.org/files/ENCFF245VNV/@@download/ENCFF245VNV.fastq.gz,,1,,,
ENCSR248IFK,https://www.encodeproject.org/files/ENCFF716RVD/@@download/ENCFF716RVD.fastq.gz,https://www.encodeproject.org/files/ENCFF894SRK/@@download/ENCFF894SRK.fastq.gz,1,,,
ENCSR248IFK,https://www.encodeproject.org/files/ENCFF300ZLE/@@download/ENCFF300ZLE.fastq.gz,https://www.encodeproject.org/files/ENCFF504IJP/@@download/ENCFF504IJP.fastq.gz,2,,,
ENCSR255BOF,https://www.encodeproject.org/files/ENCFF054IRC/@@download/ENCFF054IRC.fastq.gz,,1,,,
ENCSR255BOF,https://www.encodeproject.org/files/ENCFF364BTA/@@download/ENCFF364BTA.fastq.gz,,1,,,
ENCSR255BOF,https://www.encodeproject.org/files/ENCFF368OCV/@@download/ENCFF368OCV.fastq.gz,,1,,,
ENCSR255BOF,https://www.encodeproject.org/files/ENCFF454MGO/@@download/ENCFF454MGO.fastq.gz,,2,,,
ENCSR255BOF,https://www.encodeproject.org/files/ENCFF095YNS/@@download/ENCFF095YNS.fastq.gz,,2,,,
ENCSR255MIG,https://www.encodeproject.org/files/ENCFF388YCF/@@download/ENCFF388YCF.fastq.gz,https://www.encodeproject.org/files/ENCFF877ZJH/@@download/ENCFF877ZJH.fastq.gz,1,,,
ENCSR255SDP,https://www.encodeproject.org/files/ENCFF005UFN/@@download/ENCFF005UFN.fastq.gz,,1,,,
ENCSR255SDP,https://www.encodeproject.org/files/ENCFF577HSJ/@@download/ENCFF577HSJ.fastq.gz,,2,,,
ENCSR258GSA,https://www.encodeproject.org/files/ENCFF108JRZ/@@download/ENCFF108JRZ.fastq.gz,,1,,,
ENCSR258GSA,https://www.encodeproject.org/files/ENCFF383HHN/@@download/ENCFF383HHN.fastq.gz,,1,,,
ENCSR258GSA,https://www.encodeproject.org/files/ENCFF497UCA/@@download/ENCFF497UCA.fastq.gz,,1,,,
ENCSR258GSA,https://www.encodeproject.org/files/ENCFF614GBX/@@download/ENCFF614GBX.fastq.gz,,1,,,
ENCSR258GSA,https://www.encodeproject.org/files/ENCFF500AKN/@@download/ENCFF500AKN.fastq.gz,,1,,,
ENCSR258GSA,https://www.encodeproject.org/files/ENCFF724DXA/@@download/ENCFF724DXA.fastq.gz,,1,,,
ENCSR258GSA,https://www.encodeproject.org/files/ENCFF845FOM/@@download/ENCFF845FOM.fastq.gz,,1,,,
ENCSR258GSA,https://www.encodeproject.org/files/ENCFF994STX/@@download/ENCFF994STX.fastq.gz,,1,,,
ENCSR261PLD,https://www.encodeproject.org/files/ENCFF136VRK/@@download/ENCFF136VRK.fastq.gz,,1,,,
ENCSR261PLD,https://www.encodeproject.org/files/ENCFF175JOK/@@download/ENCFF175JOK.fastq.gz,,1,,,
ENCSR261PLD,https://www.encodeproject.org/files/ENCFF564EFI/@@download/ENCFF564EFI.fastq.gz,,1,,,
ENCSR261PLD,https://www.encodeproject.org/files/ENCFF745ZPV/@@download/ENCFF745ZPV.fastq.gz,,1,,,
ENCSR261PLD,https://www.encodeproject.org/files/ENCFF055QLF/@@download/ENCFF055QLF.fastq.gz,,1,,,
ENCSR261PLD,https://www.encodeproject.org/files/ENCFF065ODN/@@download/ENCFF065ODN.fastq.gz,,1,,,
ENCSR261PLD,https://www.encodeproject.org/files/ENCFF534IEY/@@download/ENCFF534IEY.fastq.gz,,1,,,
ENCSR261PLD,https://www.encodeproject.org/files/ENCFF857RLB/@@download/ENCFF857RLB.fastq.gz,,1,,,
ENCSR264DYL,https://www.encodeproject.org/files/ENCFF188POD/@@download/ENCFF188POD.fastq.gz,,1,,,
ENCSR264DYL,https://www.encodeproject.org/files/ENCFF770IYO/@@download/ENCFF770IYO.fastq.gz,,1,,,
ENCSR264HOB,https://www.encodeproject.org/files/ENCFF169TIB/@@download/ENCFF169TIB.fastq.gz,,1,,,
ENCSR264HOB,https://www.encodeproject.org/files/ENCFF466ORS/@@download/ENCFF466ORS.fastq.gz,,1,,,
ENCSR264HOB,https://www.encodeproject.org/files/ENCFF910KYS/@@download/ENCFF910KYS.fastq.gz,,1,,,
ENCSR264HOB,https://www.encodeproject.org/files/ENCFF630PTQ/@@download/ENCFF630PTQ.fastq.gz,,1,,,
ENCSR264HOB,https://www.encodeproject.org/files/ENCFF137UFY/@@download/ENCFF137UFY.fastq.gz,,2,,,
ENCSR266XMB,https://www.encodeproject.org/files/ENCFF098NQZ/@@download/ENCFF098NQZ.fastq.gz,,1,,,
ENCSR266XMB,https://www.encodeproject.org/files/ENCFF169IFR/@@download/ENCFF169IFR.fastq.gz,,1,,,
ENCSR266XMB,https://www.encodeproject.org/files/ENCFF694XOO/@@download/ENCFF694XOO.fastq.gz,,1,,,
ENCSR268BDW,https://www.encodeproject.org/files/ENCFF337JNL/@@download/ENCFF337JNL.fastq.gz,https://www.encodeproject.org/files/ENCFF256QZO/@@download/ENCFF256QZO.fastq.gz,1,,,
ENCSR274VPI,https://www.encodeproject.org/files/ENCFF047IPB/@@download/ENCFF047IPB.fastq.gz,,1,,,
ENCSR274VPI,https://www.encodeproject.org/files/ENCFF081NZK/@@download/ENCFF081NZK.fastq.gz,,2,,,
ENCSR274VPI,https://www.encodeproject.org/files/ENCFF526AVE/@@download/ENCFF526AVE.fastq.gz,,3,,,
ENCSR276SJT,https://www.encodeproject.org/files/ENCFF154YCF/@@download/ENCFF154YCF.fastq.gz,,1,,,
ENCSR276SJT,https://www.encodeproject.org/files/ENCFF351BDB/@@download/ENCFF351BDB.fastq.gz,,1,,,
ENCSR276SJT,https://www.encodeproject.org/files/ENCFF614ETM/@@download/ENCFF614ETM.fastq.gz,,1,,,
ENCSR276SJT,https://www.encodeproject.org/files/ENCFF996WJG/@@download/ENCFF996WJG.fastq.gz,,1,,,
ENCSR278ACD,https://www.encodeproject.org/files/ENCFF045AJB/@@download/ENCFF045AJB.fastq.gz,,1,,,
ENCSR278ACD,https://www.encodeproject.org/files/ENCFF110CQF/@@download/ENCFF110CQF.fastq.gz,,1,,,
ENCSR278ACD,https://www.encodeproject.org/files/ENCFF560EMP/@@download/ENCFF560EMP.fastq.gz,,1,,,
ENCSR278ACD,https://www.encodeproject.org/files/ENCFF888YVU/@@download/ENCFF888YVU.fastq.gz,,1,,,
ENCSR278ACD,https://www.encodeproject.org/files/ENCFF343UVP/@@download/ENCFF343UVP.fastq.gz,,1,,,
ENCSR278ACD,https://www.encodeproject.org/files/ENCFF697BYC/@@download/ENCFF697BYC.fastq.gz,,1,,,
ENCSR278ACD,https://www.encodeproject.org/files/ENCFF798TJF/@@download/ENCFF798TJF.fastq.gz,,1,,,
ENCSR278ACD,https://www.encodeproject.org/files/ENCFF948OTY/@@download/ENCFF948OTY.fastq.gz,,1,,,
ENCSR278VUZ,https://www.encodeproject.org/files/ENCFF479AHA/@@download/ENCFF479AHA.fastq.gz,,1,,,
ENCSR278VUZ,https://www.encodeproject.org/files/ENCFF989NQS/@@download/ENCFF989NQS.fastq.gz,,1,,,
ENCSR291VCJ,https://www.encodeproject.org/files/ENCFF548UXS/@@download/ENCFF548UXS.fastq.gz,,1,,,
ENCSR291VCJ,https://www.encodeproject.org/files/ENCFF607FLD/@@download/ENCFF607FLD.fastq.gz,,1,,,
ENCSR291VCJ,https://www.encodeproject.org/files/ENCFF772MUD/@@download/ENCFF772MUD.fastq.gz,,1,,,
ENCSR291VCJ,https://www.encodeproject.org/files/ENCFF822TJA/@@download/ENCFF822TJA.fastq.gz,,1,,,
ENCSR291VCJ,https://www.encodeproject.org/files/ENCFF034VYX/@@download/ENCFF034VYX.fastq.gz,,1,,,
ENCSR291VCJ,https://www.encodeproject.org/files/ENCFF114HAI/@@download/ENCFF114HAI.fastq.gz,,1,,,
ENCSR291VCJ,https://www.encodeproject.org/files/ENCFF713LJX/@@download/ENCFF713LJX.fastq.gz,,1,,,
ENCSR291VCJ,https://www.encodeproject.org/files/ENCFF995UUQ/@@download/ENCFF995UUQ.fastq.gz,,1,,,
ENCSR293XMP,https://www.encodeproject.org/files/ENCFF511FII/@@download/ENCFF511FII.fastq.gz,,1,,,
ENCSR293ZPH,https://www.encodeproject.org/files/ENCFF095LYI/@@download/ENCFF095LYI.fastq.gz,,1,,,
ENCSR293ZPH,https://www.encodeproject.org/files/ENCFF479DSR/@@download/ENCFF479DSR.fastq.gz,,1,,,
ENCSR293ZPH,https://www.encodeproject.org/files/ENCFF532ONH/@@download/ENCFF532ONH.fastq.gz,,1,,,
ENCSR293ZPH,https://www.encodeproject.org/files/ENCFF551RVT/@@download/ENCFF551RVT.fastq.gz,,1,,,
ENCSR293ZPH,https://www.encodeproject.org/files/ENCFF235ATE/@@download/ENCFF235ATE.fastq.gz,,1,,,
ENCSR293ZPH,https://www.encodeproject.org/files/ENCFF461EOM/@@download/ENCFF461EOM.fastq.gz,,1,,,
ENCSR293ZPH,https://www.encodeproject.org/files/ENCFF613QFP/@@download/ENCFF613QFP.fastq.gz,,1,,,
ENCSR293ZPH,https://www.encodeproject.org/files/ENCFF679UVI/@@download/ENCFF679UVI.fastq.gz,,1,,,
ENCSR295FXG,https://www.encodeproject.org/files/ENCFF209KNW/@@download/ENCFF209KNW.fastq.gz,,1,,,
ENCSR295FXG,https://www.encodeproject.org/files/ENCFF593LDX/@@download/ENCFF593LDX.fastq.gz,,1,,,
ENCSR295FXG,https://www.encodeproject.org/files/ENCFF786XXI/@@download/ENCFF786XXI.fastq.gz,,1,,,
ENCSR295FXG,https://www.encodeproject.org/files/ENCFF938HBM/@@download/ENCFF938HBM.fastq.gz,,1,,,
ENCSR295FXG,https://www.encodeproject.org/files/ENCFF002XEW/@@download/ENCFF002XEW.fastq.gz,,1,,,
ENCSR295FXG,https://www.encodeproject.org/files/ENCFF044EFO/@@download/ENCFF044EFO.fastq.gz,,1,,,
ENCSR295FXG,https://www.encodeproject.org/files/ENCFF185GNL/@@download/ENCFF185GNL.fastq.gz,,1,,,
ENCSR295FXG,https://www.encodeproject.org/files/ENCFF284MAW/@@download/ENCFF284MAW.fastq.gz,,1,,,
ENCSR295FXG,https://www.encodeproject.org/files/ENCFF314AFS/@@download/ENCFF314AFS.fastq.gz,,1,,,
ENCSR295FXG,https://www.encodeproject.org/files/ENCFF377OYE/@@download/ENCFF377OYE.fastq.gz,,1,,,
ENCSR295FXG,https://www.encodeproject.org/files/ENCFF461LXZ/@@download/ENCFF461LXZ.fastq.gz,,1,,,
ENCSR295FXG,https://www.encodeproject.org/files/ENCFF469DAO/@@download/ENCFF469DAO.fastq.gz,,1,,,
ENCSR300ZUS,https://www.encodeproject.org/files/ENCFF046EFX/@@download/ENCFF046EFX.fastq.gz,,1,,,
ENCSR300ZUS,https://www.encodeproject.org/files/ENCFF312GXL/@@download/ENCFF312GXL.fastq.gz,,1,,,
ENCSR306YLG,https://www.encodeproject.org/files/ENCFF154CVX/@@download/ENCFF154CVX.fastq.gz,,1,,,
ENCSR306YLG,https://www.encodeproject.org/files/ENCFF358WWR/@@download/ENCFF358WWR.fastq.gz,,1,,,
ENCSR306YLG,https://www.encodeproject.org/files/ENCFF553VWH/@@download/ENCFF553VWH.fastq.gz,,1,,,
ENCSR306YLG,https://www.encodeproject.org/files/ENCFF665KAL/@@download/ENCFF665KAL.fastq.gz,,1,,,
ENCSR308JFE,https://www.encodeproject.org/files/ENCFF949QOX/@@download/ENCFF949QOX.fastq.gz,,1,,,
ENCSR308JFE,https://www.encodeproject.org/files/ENCFF900DXM/@@download/ENCFF900DXM.fastq.gz,,1,,,
ENCSR308JFE,https://www.encodeproject.org/files/ENCFF686JJA/@@download/ENCFF686JJA.fastq.gz,,2,,,
ENCSR308JFE,https://www.encodeproject.org/files/ENCFF688OXR/@@download/ENCFF688OXR.fastq.gz,,2,,,
ENCSR308JFE,https://www.encodeproject.org/files/ENCFF286QYQ/@@download/ENCFF286QYQ.fastq.gz,,2,,,
ENCSR308JFE,https://www.encodeproject.org/files/ENCFF472ADY/@@download/ENCFF472ADY.fastq.gz,,2,,,
ENCSR308JFE,https://www.encodeproject.org/files/ENCFF746RWX/@@download/ENCFF746RWX.fastq.gz,,2,,,
ENCSR308JFE,https://www.encodeproject.org/files/ENCFF895MOG/@@download/ENCFF895MOG.fastq.gz,,2,,,
ENCSR309LQG,https://www.encodeproject.org/files/ENCFF077UKU/@@download/ENCFF077UKU.fastq.gz,,1,,,
ENCSR309LQG,https://www.encodeproject.org/files/ENCFF078EGS/@@download/ENCFF078EGS.fastq.gz,,1,,,
ENCSR309LQG,https://www.encodeproject.org/files/ENCFF580KNR/@@download/ENCFF580KNR.fastq.gz,,1,,,
ENCSR309LQG,https://www.encodeproject.org/files/ENCFF747EAN/@@download/ENCFF747EAN.fastq.gz,,1,,,
ENCSR309LQG,https://www.encodeproject.org/files/ENCFF031HMN/@@download/ENCFF031HMN.fastq.gz,,1,,,
ENCSR309LQG,https://www.encodeproject.org/files/ENCFF064BAT/@@download/ENCFF064BAT.fastq.gz,,1,,,
ENCSR309LQG,https://www.encodeproject.org/files/ENCFF335WZK/@@download/ENCFF335WZK.fastq.gz,,1,,,
ENCSR309LQG,https://www.encodeproject.org/files/ENCFF797PAY/@@download/ENCFF797PAY.fastq.gz,,1,,,
ENCSR309MYO,https://www.encodeproject.org/files/ENCFF298QLL/@@download/ENCFF298QLL.fastq.gz,https://www.encodeproject.org/files/ENCFF351TQQ/@@download/ENCFF351TQQ.fastq.gz,1,,,
ENCSR310TYO,https://www.encodeproject.org/files/ENCFF689LDK/@@download/ENCFF689LDK.fastq.gz,,1,,,
ENCSR310TYO,https://www.encodeproject.org/files/ENCFF572ZEF/@@download/ENCFF572ZEF.fastq.gz,,2,,,
ENCSR310TYO,https://www.encodeproject.org/files/ENCFF649OIW/@@download/ENCFF649OIW.fastq.gz,,3,,,
ENCSR314KMO,https://www.encodeproject.org/files/ENCFF393AZP/@@download/ENCFF393AZP.fastq.gz,,1,,,
ENCSR314KMO,https://www.encodeproject.org/files/ENCFF667GJW/@@download/ENCFF667GJW.fastq.gz,,1,,,
ENCSR315NIO,https://www.encodeproject.org/files/ENCFF494MPT/@@download/ENCFF494MPT.fastq.gz,,1,,,
ENCSR315NIO,https://www.encodeproject.org/files/ENCFF819ZTY/@@download/ENCFF819ZTY.fastq.gz,,1,,,
ENCSR316UPM,https://www.encodeproject.org/files/ENCFF391WBR/@@download/ENCFF391WBR.fastq.gz,,1,,,
ENCSR316ZPQ,https://www.encodeproject.org/files/ENCFF040WYL/@@download/ENCFF040WYL.fastq.gz,,1,,,
ENCSR316ZPQ,https://www.encodeproject.org/files/ENCFF705LMT/@@download/ENCFF705LMT.fastq.gz,,1,,,
ENCSR316ZPQ,https://www.encodeproject.org/files/ENCFF631BZM/@@download/ENCFF631BZM.fastq.gz,,1,,,
ENCSR316ZPQ,https://www.encodeproject.org/files/ENCFF643IBB/@@download/ENCFF643IBB.fastq.gz,,1,,,
ENCSR316ZPQ,https://www.encodeproject.org/files/ENCFF441EWR/@@download/ENCFF441EWR.fastq.gz,,1,,,
ENCSR316ZPQ,https://www.encodeproject.org/files/ENCFF851NWU/@@download/ENCFF851NWU.fastq.gz,,1,,,
ENCSR316ZPQ,https://www.encodeproject.org/files/ENCFF402ELM/@@download/ENCFF402ELM.fastq.gz,,1,,,
ENCSR316ZPQ,https://www.encodeproject.org/files/ENCFF978JUG/@@download/ENCFF978JUG.fastq.gz,,1,,,
ENCSR317VER,https://www.encodeproject.org/files/ENCFF163PSC/@@download/ENCFF163PSC.fastq.gz,,1,,,
ENCSR317VER,https://www.encodeproject.org/files/ENCFF038ADB/@@download/ENCFF038ADB.fastq.gz,,2,,,
ENCSR317VER,https://www.encodeproject.org/files/ENCFF634KHZ/@@download/ENCFF634KHZ.fastq.gz,,3,,,
ENCSR324VMZ,https://www.encodeproject.org/files/ENCFF151SVH/@@download/ENCFF151SVH.fastq.gz,,1,,,
ENCSR324VMZ,https://www.encodeproject.org/files/ENCFF680IWG/@@download/ENCFF680IWG.fastq.gz,,2,,,
ENCSR324VMZ,https://www.encodeproject.org/files/ENCFF743YGE/@@download/ENCFF743YGE.fastq.gz,,3,,,
ENCSR325PXS,https://www.encodeproject.org/files/ENCFF928FXR/@@download/ENCFF928FXR.fastq.gz,,1,,,
ENCSR325PXS,https://www.encodeproject.org/files/ENCFF786UZX/@@download/ENCFF786UZX.fastq.gz,,2,,,
ENCSR325PXS,https://www.encodeproject.org/files/ENCFF695BNF/@@download/ENCFF695BNF.fastq.gz,,3,,,
ENCSR327PYZ,https://www.encodeproject.org/files/ENCFF011GHL/@@download/ENCFF011GHL.fastq.gz,,1,,,
ENCSR327PYZ,https://www.encodeproject.org/files/ENCFF051IAZ/@@download/ENCFF051IAZ.fastq.gz,,1,,,
ENCSR327PYZ,https://www.encodeproject.org/files/ENCFF101PAJ/@@download/ENCFF101PAJ.fastq.gz,,1,,,
ENCSR327PYZ,https://www.encodeproject.org/files/ENCFF123ARU/@@download/ENCFF123ARU.fastq.gz,,1,,,
ENCSR327PYZ,https://www.encodeproject.org/files/ENCFF138SVT/@@download/ENCFF138SVT.fastq.gz,,1,,,
ENCSR327PYZ,https://www.encodeproject.org/files/ENCFF172FKO/@@download/ENCFF172FKO.fastq.gz,,1,,,
ENCSR327PYZ,https://www.encodeproject.org/files/ENCFF301IZK/@@download/ENCFF301IZK.fastq.gz,,1,,,
ENCSR327PYZ,https://www.encodeproject.org/files/ENCFF380UKT/@@download/ENCFF380UKT.fastq.gz,,1,,,
ENCSR327PYZ,https://www.encodeproject.org/files/ENCFF600PHE/@@download/ENCFF600PHE.fastq.gz,,1,,,
ENCSR327PYZ,https://www.encodeproject.org/files/ENCFF639MLM/@@download/ENCFF639MLM.fastq.gz,,1,,,
ENCSR327PYZ,https://www.encodeproject.org/files/ENCFF758EHO/@@download/ENCFF758EHO.fastq.gz,,1,,,
ENCSR327PYZ,https://www.encodeproject.org/files/ENCFF956GBC/@@download/ENCFF956GBC.fastq.gz,,1,,,
ENCSR328AHC,https://www.encodeproject.org/files/ENCFF349YSG/@@download/ENCFF349YSG.fastq.gz,,1,,,
ENCSR328AHC,https://www.encodeproject.org/files/ENCFF775RGK/@@download/ENCFF775RGK.fastq.gz,,1,,,
ENCSR328AHC,https://www.encodeproject.org/files/ENCFF829PCB/@@download/ENCFF829PCB.fastq.gz,,1,,,
ENCSR328AHC,https://www.encodeproject.org/files/ENCFF799XPQ/@@download/ENCFF799XPQ.fastq.gz,,2,,,
ENCSR329HFV,https://www.encodeproject.org/files/ENCFF926MQL/@@download/ENCFF926MQL.fastq.gz,,1,,,
ENCSR329HFV,https://www.encodeproject.org/files/ENCFF940AJW/@@download/ENCFF940AJW.fastq.gz,,1,,,
ENCSR329HFV,https://www.encodeproject.org/files/ENCFF294RAQ/@@download/ENCFF294RAQ.fastq.gz,,1,,,
ENCSR329HFV,https://www.encodeproject.org/files/ENCFF969IUT/@@download/ENCFF969IUT.fastq.gz,,1,,,
ENCSR330SVG,https://www.encodeproject.org/files/ENCFF330UDL/@@download/ENCFF330UDL.fastq.gz,,1,,,
ENCSR339WBT,https://www.encodeproject.org/files/ENCFF591SDP/@@download/ENCFF591SDP.fastq.gz,,1,,,
ENCSR343GIV,https://www.encodeproject.org/files/ENCFF535UZA/@@download/ENCFF535UZA.fastq.gz,,1,,,
ENCSR343GIV,https://www.encodeproject.org/files/ENCFF583ICZ/@@download/ENCFF583ICZ.fastq.gz,,1,,,
ENCSR343GIV,https://www.encodeproject.org/files/ENCFF448KGM/@@download/ENCFF448KGM.fastq.gz,,1,,,
ENCSR343GIV,https://www.encodeproject.org/files/ENCFF480CLN/@@download/ENCFF480CLN.fastq.gz,,1,,,
ENCSR344CSQ,https://www.encodeproject.org/files/ENCFF525NPT/@@download/ENCFF525NPT.fastq.gz,,1,,,
ENCSR344CSQ,https://www.encodeproject.org/files/ENCFF260VTM/@@download/ENCFF260VTM.fastq.gz,,2,,,
ENCSR344CSQ,https://www.encodeproject.org/files/ENCFF597BGM/@@download/ENCFF597BGM.fastq.gz,,3,,,
ENCSR344ERJ,https://www.encodeproject.org/files/ENCFF684DXF/@@download/ENCFF684DXF.fastq.gz,,1,,,
ENCSR344ERJ,https://www.encodeproject.org/files/ENCFF947TCS/@@download/ENCFF947TCS.fastq.gz,,2,,,
ENCSR344ERJ,https://www.encodeproject.org/files/ENCFF936FEO/@@download/ENCFF936FEO.fastq.gz,,3,,,
ENCSR347KLR,https://www.encodeproject.org/files/ENCFF314UWC/@@download/ENCFF314UWC.fastq.gz,,1,,,
ENCSR347KLR,https://www.encodeproject.org/files/ENCFF693KXZ/@@download/ENCFF693KXZ.fastq.gz,,1,,,
ENCSR347KLR,https://www.encodeproject.org/files/ENCFF956XOM/@@download/ENCFF956XOM.fastq.gz,,1,,,
ENCSR347KLR,https://www.encodeproject.org/files/ENCFF960LMH/@@download/ENCFF960LMH.fastq.gz,,1,,,
ENCSR347KLR,https://www.encodeproject.org/files/ENCFF191UJB/@@download/ENCFF191UJB.fastq.gz,,1,,,
ENCSR347KLR,https://www.encodeproject.org/files/ENCFF369QAA/@@download/ENCFF369QAA.fastq.gz,,1,,,
ENCSR347KLR,https://www.encodeproject.org/files/ENCFF693AHP/@@download/ENCFF693AHP.fastq.gz,,1,,,
ENCSR347KLR,https://www.encodeproject.org/files/ENCFF945HDZ/@@download/ENCFF945HDZ.fastq.gz,,1,,,
ENCSR347VUG,https://www.encodeproject.org/files/ENCFF116ZVM/@@download/ENCFF116ZVM.fastq.gz,,1,,,
ENCSR347VUG,https://www.encodeproject.org/files/ENCFF519MHN/@@download/ENCFF519MHN.fastq.gz,,1,,,
ENCSR347VUG,https://www.encodeproject.org/files/ENCFF759PNS/@@download/ENCFF759PNS.fastq.gz,,1,,,
ENCSR347VUG,https://www.encodeproject.org/files/ENCFF898MQI/@@download/ENCFF898MQI.fastq.gz,,1,,,
ENCSR354HOM,https://www.encodeproject.org/files/ENCFF259JCU/@@download/ENCFF259JCU.fastq.gz,,1,,,
ENCSR354HOM,https://www.encodeproject.org/files/ENCFF622MZI/@@download/ENCFF622MZI.fastq.gz,,2,,,
ENCSR355RJN,https://www.encodeproject.org/files/ENCFF029VZG/@@download/ENCFF029VZG.fastq.gz,,1,,,
ENCSR355RJN,https://www.encodeproject.org/files/ENCFF425MWD/@@download/ENCFF425MWD.fastq.gz,,1,,,
ENCSR355RJN,https://www.encodeproject.org/files/ENCFF588ZXC/@@download/ENCFF588ZXC.fastq.gz,,1,,,
ENCSR355RJN,https://www.encodeproject.org/files/ENCFF851CEK/@@download/ENCFF851CEK.fastq.gz,,1,,,
ENCSR355RJN,https://www.encodeproject.org/files/ENCFF023WWL/@@download/ENCFF023WWL.fastq.gz,,2,,,
ENCSR355RJN,https://www.encodeproject.org/files/ENCFF094QSY/@@download/ENCFF094QSY.fastq.gz,,2,,,
ENCSR360NJD,https://www.encodeproject.org/files/ENCFF073XJH/@@download/ENCFF073XJH.fastq.gz,,1,,,
ENCSR360NJD,https://www.encodeproject.org/files/ENCFF460ZIC/@@download/ENCFF460ZIC.fastq.gz,,1,,,
ENCSR360NJD,https://www.encodeproject.org/files/ENCFF491GZP/@@download/ENCFF491GZP.fastq.gz,,1,,,
ENCSR360NJD,https://www.encodeproject.org/files/ENCFF920HJB/@@download/ENCFF920HJB.fastq.gz,,1,,,
ENCSR361GKY,https://www.encodeproject.org/files/ENCFF093MCZ/@@download/ENCFF093MCZ.fastq.gz,,1,,,
ENCSR361GKY,https://www.encodeproject.org/files/ENCFF228EQX/@@download/ENCFF228EQX.fastq.gz,https://www.encodeproject.org/files/ENCFF562GUH/@@download/ENCFF562GUH.fastq.gz,2,,,
ENCSR361GKY,https://www.encodeproject.org/files/ENCFF475WXS/@@download/ENCFF475WXS.fastq.gz,https://www.encodeproject.org/files/ENCFF042YGY/@@download/ENCFF042YGY.fastq.gz,2,,,
ENCSR361GKY,https://www.encodeproject.org/files/ENCFF489HIX/@@download/ENCFF489HIX.fastq.gz,https://www.encodeproject.org/files/ENCFF221KGD/@@download/ENCFF221KGD.fastq.gz,2,,,
ENCSR361GKY,https://www.encodeproject.org/files/ENCFF890HQY/@@download/ENCFF890HQY.fastq.gz,https://www.encodeproject.org/files/ENCFF337OHH/@@download/ENCFF337OHH.fastq.gz,2,,,
ENCSR363KHN,https://www.encodeproject.org/files/ENCFF406DLK/@@download/ENCFF406DLK.fastq.gz,,1,,,
ENCSR363KHN,https://www.encodeproject.org/files/ENCFF494FEI/@@download/ENCFF494FEI.fastq.gz,,1,,,
ENCSR367UDO,https://www.encodeproject.org/files/ENCFF002AXD/@@download/ENCFF002AXD.fastq.gz,,1,,,
ENCSR367UDO,https://www.encodeproject.org/files/ENCFF353BJM/@@download/ENCFF353BJM.fastq.gz,,2,,,
ENCSR367UDO,https://www.encodeproject.org/files/ENCFF595IMS/@@download/ENCFF595IMS.fastq.gz,,2,,,
ENCSR367UDO,https://www.encodeproject.org/files/ENCFF699FIQ/@@download/ENCFF699FIQ.fastq.gz,,2,,,
ENCSR368NLE,https://www.encodeproject.org/files/ENCFF080SRX/@@download/ENCFF080SRX.fastq.gz,,1,,,
ENCSR368NLE,https://www.encodeproject.org/files/ENCFF517IZY/@@download/ENCFF517IZY.fastq.gz,,1,,,
ENCSR368NLE,https://www.encodeproject.org/files/ENCFF304FNL/@@download/ENCFF304FNL.fastq.gz,,2,,,
ENCSR368NLE,https://www.encodeproject.org/files/ENCFF349CVB/@@download/ENCFF349CVB.fastq.gz,,2,,,
ENCSR368NLE,https://www.encodeproject.org/files/ENCFF422KOC/@@download/ENCFF422KOC.fastq.gz,,2,,,
ENCSR368NLE,https://www.encodeproject.org/files/ENCFF571PYA/@@download/ENCFF571PYA.fastq.gz,,2,,,
ENCSR373OML,https://www.encodeproject.org/files/ENCFF202ZOI/@@download/ENCFF202ZOI.fastq.gz,,1,,,
ENCSR373OML,https://www.encodeproject.org/files/ENCFF462CCM/@@download/ENCFF462CCM.fastq.gz,,1,,,
ENCSR373OML,https://www.encodeproject.org/files/ENCFF833CHA/@@download/ENCFF833CHA.fastq.gz,,1,,,
ENCSR373OML,https://www.encodeproject.org/files/ENCFF970MMY/@@download/ENCFF970MMY.fastq.gz,,1,,,
ENCSR373OML,https://www.encodeproject.org/files/ENCFF162LPV/@@download/ENCFF162LPV.fastq.gz,,1,,,
ENCSR373OML,https://www.encodeproject.org/files/ENCFF741KER/@@download/ENCFF741KER.fastq.gz,,1,,,
ENCSR373OML,https://www.encodeproject.org/files/ENCFF811GNX/@@download/ENCFF811GNX.fastq.gz,,1,,,
ENCSR373OML,https://www.encodeproject.org/files/ENCFF898JDC/@@download/ENCFF898JDC.fastq.gz,,1,,,
ENCSR376YUP,https://www.encodeproject.org/files/ENCFF540KFW/@@download/ENCFF540KFW.fastq.gz,,1,,,
ENCSR376YUP,https://www.encodeproject.org/files/ENCFF737CJG/@@download/ENCFF737CJG.fastq.gz,,1,,,
ENCSR376YUP,https://www.encodeproject.org/files/ENCFF845XRF/@@download/ENCFF845XRF.fastq.gz,,1,,,
ENCSR376YUP,https://www.encodeproject.org/files/ENCFF877CYX/@@download/ENCFF877CYX.fastq.gz,,1,,,
ENCSR376YUP,https://www.encodeproject.org/files/ENCFF094ZKQ/@@download/ENCFF094ZKQ.fastq.gz,,1,,,
ENCSR376YUP,https://www.encodeproject.org/files/ENCFF321LHC/@@download/ENCFF321LHC.fastq.gz,,1,,,
ENCSR376YUP,https://www.encodeproject.org/files/ENCFF350EDF/@@download/ENCFF350EDF.fastq.gz,,1,,,
ENCSR376YUP,https://www.encodeproject.org/files/ENCFF804WDX/@@download/ENCFF804WDX.fastq.gz,,1,,,
ENCSR384KIB,https://www.encodeproject.org/files/ENCFF553HYW/@@download/ENCFF553HYW.fastq.gz,,1,,,
ENCSR384KIB,https://www.encodeproject.org/files/ENCFF714JZG/@@download/ENCFF714JZG.fastq.gz,,1,,,
ENCSR384KIB,https://www.encodeproject.org/files/ENCFF250JCY/@@download/ENCFF250JCY.fastq.gz,,1,,,
ENCSR384KIB,https://www.encodeproject.org/files/ENCFF317ZIG/@@download/ENCFF317ZIG.fastq.gz,,1,,,
ENCSR384KIB,https://www.encodeproject.org/files/ENCFF209PFD/@@download/ENCFF209PFD.fastq.gz,,2,,,
ENCSR384KIB,https://www.encodeproject.org/files/ENCFF652RFT/@@download/ENCFF652RFT.fastq.gz,,2,,,
ENCSR384KIB,https://www.encodeproject.org/files/ENCFF788MXA/@@download/ENCFF788MXA.fastq.gz,,2,,,
ENCSR384KIB,https://www.encodeproject.org/files/ENCFF956OJR/@@download/ENCFF956OJR.fastq.gz,,2,,,
ENCSR384KIB,https://www.encodeproject.org/files/ENCFF213LKO/@@download/ENCFF213LKO.fastq.gz,,2,,,
ENCSR384KIB,https://www.encodeproject.org/files/ENCFF320XXP/@@download/ENCFF320XXP.fastq.gz,,2,,,
ENCSR384KIB,https://www.encodeproject.org/files/ENCFF441VGU/@@download/ENCFF441VGU.fastq.gz,,2,,,
ENCSR384KIB,https://www.encodeproject.org/files/ENCFF511DRG/@@download/ENCFF511DRG.fastq.gz,,2,,,
ENCSR384KIB,https://www.encodeproject.org/files/ENCFF107KZB/@@download/ENCFF107KZB.fastq.gz,,2,,,
ENCSR384KIB,https://www.encodeproject.org/files/ENCFF223MCB/@@download/ENCFF223MCB.fastq.gz,,2,,,
ENCSR384KIB,https://www.encodeproject.org/files/ENCFF287VQM/@@download/ENCFF287VQM.fastq.gz,,2,,,
ENCSR384KIB,https://www.encodeproject.org/files/ENCFF553FUG/@@download/ENCFF553FUG.fastq.gz,,2,,,
ENCSR385ODY,https://www.encodeproject.org/files/ENCFF456ROW/@@download/ENCFF456ROW.fastq.gz,,1,,,
ENCSR385ODY,https://www.encodeproject.org/files/ENCFF491TAF/@@download/ENCFF491TAF.fastq.gz,,1,,,
ENCSR385ODY,https://www.encodeproject.org/files/ENCFF640NZR/@@download/ENCFF640NZR.fastq.gz,,1,,,
ENCSR385ODY,https://www.encodeproject.org/files/ENCFF944CMN/@@download/ENCFF944CMN.fastq.gz,,1,,,
ENCSR385ODY,https://www.encodeproject.org/files/ENCFF399MFA/@@download/ENCFF399MFA.fastq.gz,,1,,,
ENCSR385ODY,https://www.encodeproject.org/files/ENCFF622NUM/@@download/ENCFF622NUM.fastq.gz,,1,,,
ENCSR386UHY,https://www.encodeproject.org/files/ENCFF072QEH/@@download/ENCFF072QEH.fastq.gz,,1,,,
ENCSR386UHY,https://www.encodeproject.org/files/ENCFF275SGG/@@download/ENCFF275SGG.fastq.gz,,1,,,
ENCSR386UHY,https://www.encodeproject.org/files/ENCFF529FTT/@@download/ENCFF529FTT.fastq.gz,,1,,,
ENCSR386UHY,https://www.encodeproject.org/files/ENCFF962CNG/@@download/ENCFF962CNG.fastq.gz,,1,,,
ENCSR386UHY,https://www.encodeproject.org/files/ENCFF299NZP/@@download/ENCFF299NZP.fastq.gz,,1,,,
ENCSR386UHY,https://www.encodeproject.org/files/ENCFF535FEU/@@download/ENCFF535FEU.fastq.gz,,1,,,
ENCSR386UHY,https://www.encodeproject.org/files/ENCFF705KZC/@@download/ENCFF705KZC.fastq.gz,,1,,,
ENCSR386UHY,https://www.encodeproject.org/files/ENCFF819MXG/@@download/ENCFF819MXG.fastq.gz,,1,,,
ENCSR394DWD,https://www.encodeproject.org/files/ENCFF137EJL/@@download/ENCFF137EJL.fastq.gz,https://www.encodeproject.org/files/ENCFF643BIM/@@download/ENCFF643BIM.fastq.gz,1,,,
ENCSR394DWD,https://www.encodeproject.org/files/ENCFF426IGI/@@download/ENCFF426IGI.fastq.gz,https://www.encodeproject.org/files/ENCFF578MJS/@@download/ENCFF578MJS.fastq.gz,2,,,
ENCSR394DWD,https://www.encodeproject.org/files/ENCFF452ELS/@@download/ENCFF452ELS.fastq.gz,https://www.encodeproject.org/files/ENCFF893RME/@@download/ENCFF893RME.fastq.gz,2,,,
ENCSR394ZWY,https://www.encodeproject.org/files/ENCFF230SCC/@@download/ENCFF230SCC.fastq.gz,,1,,,
ENCSR394ZWY,https://www.encodeproject.org/files/ENCFF368BBG/@@download/ENCFF368BBG.fastq.gz,,1,,,
ENCSR394ZWY,https://www.encodeproject.org/files/ENCFF394JRB/@@download/ENCFF394JRB.fastq.gz,,1,,,
ENCSR394ZWY,https://www.encodeproject.org/files/ENCFF802YQP/@@download/ENCFF802YQP.fastq.gz,,1,,,
ENCSR394ZWY,https://www.encodeproject.org/files/ENCFF053EZC/@@download/ENCFF053EZC.fastq.gz,,1,,,
ENCSR394ZWY,https://www.encodeproject.org/files/ENCFF268TTB/@@download/ENCFF268TTB.fastq.gz,,1,,,
ENCSR394ZWY,https://www.encodeproject.org/files/ENCFF713PEH/@@download/ENCFF713PEH.fastq.gz,,1,,,
ENCSR394ZWY,https://www.encodeproject.org/files/ENCFF935UMC/@@download/ENCFF935UMC.fastq.gz,,1,,,
ENCSR399JUL,https://www.encodeproject.org/files/ENCFF428ERJ/@@download/ENCFF428ERJ.fastq.gz,,1,,,
ENCSR399JUL,https://www.encodeproject.org/files/ENCFF492ETS/@@download/ENCFF492ETS.fastq.gz,,2,,,
ENCSR403VPZ,https://www.encodeproject.org/files/ENCFF063GPC/@@download/ENCFF063GPC.fastq.gz,,1,,,
ENCSR403VPZ,https://www.encodeproject.org/files/ENCFF331HGE/@@download/ENCFF331HGE.fastq.gz,,1,,,
ENCSR403VPZ,https://www.encodeproject.org/files/ENCFF651SKW/@@download/ENCFF651SKW.fastq.gz,,1,,,
ENCSR403VPZ,https://www.encodeproject.org/files/ENCFF775SIG/@@download/ENCFF775SIG.fastq.gz,,1,,,
ENCSR403VPZ,https://www.encodeproject.org/files/ENCFF030OGP/@@download/ENCFF030OGP.fastq.gz,,1,,,
ENCSR403VPZ,https://www.encodeproject.org/files/ENCFF060OKH/@@download/ENCFF060OKH.fastq.gz,,1,,,
ENCSR403VPZ,https://www.encodeproject.org/files/ENCFF202WYX/@@download/ENCFF202WYX.fastq.gz,,1,,,
ENCSR403VPZ,https://www.encodeproject.org/files/ENCFF524MDI/@@download/ENCFF524MDI.fastq.gz,,1,,,
ENCSR404IRS,https://www.encodeproject.org/files/ENCFF407DUW/@@download/ENCFF407DUW.fastq.gz,,1,,,
ENCSR405BDN,https://www.encodeproject.org/files/ENCFF013TZB/@@download/ENCFF013TZB.fastq.gz,,1,,,
ENCSR405BDN,https://www.encodeproject.org/files/ENCFF139APE/@@download/ENCFF139APE.fastq.gz,,1,,,
ENCSR405BDN,https://www.encodeproject.org/files/ENCFF702KBP/@@download/ENCFF702KBP.fastq.gz,,1,,,
ENCSR405BDN,https://www.encodeproject.org/files/ENCFF890ZJR/@@download/ENCFF890ZJR.fastq.gz,,1,,,
ENCSR405BDN,https://www.encodeproject.org/files/ENCFF028USO/@@download/ENCFF028USO.fastq.gz,,1,,,
ENCSR405BDN,https://www.encodeproject.org/files/ENCFF458JSZ/@@download/ENCFF458JSZ.fastq.gz,,1,,,
ENCSR405BDN,https://www.encodeproject.org/files/ENCFF475GLP/@@download/ENCFF475GLP.fastq.gz,,1,,,
ENCSR405BDN,https://www.encodeproject.org/files/ENCFF859HVR/@@download/ENCFF859HVR.fastq.gz,,1,,,
ENCSR405NKC,https://www.encodeproject.org/files/ENCFF177GFR/@@download/ENCFF177GFR.fastq.gz,,1,,,
ENCSR405NKC,https://www.encodeproject.org/files/ENCFF377BHD/@@download/ENCFF377BHD.fastq.gz,,1,,,
ENCSR405NKC,https://www.encodeproject.org/files/ENCFF926FDA/@@download/ENCFF926FDA.fastq.gz,,1,,,
ENCSR405NKC,https://www.encodeproject.org/files/ENCFF973DEI/@@download/ENCFF973DEI.fastq.gz,,1,,,
ENCSR405NKC,https://www.encodeproject.org/files/ENCFF158ZMY/@@download/ENCFF158ZMY.fastq.gz,,1,,,
ENCSR405NKC,https://www.encodeproject.org/files/ENCFF516HTJ/@@download/ENCFF516HTJ.fastq.gz,,1,,,
ENCSR405NKC,https://www.encodeproject.org/files/ENCFF611DUU/@@download/ENCFF611DUU.fastq.gz,,1,,,
ENCSR405NKC,https://www.encodeproject.org/files/ENCFF850NSQ/@@download/ENCFF850NSQ.fastq.gz,,1,,,
ENCSR405VDU,https://www.encodeproject.org/files/ENCFF393SYM/@@download/ENCFF393SYM.fastq.gz,,1,,,
ENCSR405VDU,https://www.encodeproject.org/files/ENCFF461XSL/@@download/ENCFF461XSL.fastq.gz,,1,,,
ENCSR405VDU,https://www.encodeproject.org/files/ENCFF819XIA/@@download/ENCFF819XIA.fastq.gz,,1,,,
ENCSR405VDU,https://www.encodeproject.org/files/ENCFF951BTP/@@download/ENCFF951BTP.fastq.gz,,1,,,
ENCSR416ESX,https://www.encodeproject.org/files/ENCFF193BXU/@@download/ENCFF193BXU.fastq.gz,,1,,,
ENCSR416ESX,https://www.encodeproject.org/files/ENCFF195XIZ/@@download/ENCFF195XIZ.fastq.gz,,1,,,
ENCSR416ESX,https://www.encodeproject.org/files/ENCFF561OPO/@@download/ENCFF561OPO.fastq.gz,,1,,,
ENCSR416ESX,https://www.encodeproject.org/files/ENCFF599TBP/@@download/ENCFF599TBP.fastq.gz,,1,,,
ENCSR417AQU,https://www.encodeproject.org/files/ENCFF192ECW/@@download/ENCFF192ECW.fastq.gz,,1,,,
ENCSR417AQU,https://www.encodeproject.org/files/ENCFF200OGG/@@download/ENCFF200OGG.fastq.gz,,1,,,
ENCSR417AQU,https://www.encodeproject.org/files/ENCFF489XJV/@@download/ENCFF489XJV.fastq.gz,,1,,,
ENCSR417AQU,https://www.encodeproject.org/files/ENCFF622LOR/@@download/ENCFF622LOR.fastq.gz,,1,,,
ENCSR417AQU,https://www.encodeproject.org/files/ENCFF637HRS/@@download/ENCFF637HRS.fastq.gz,,1,,,
ENCSR417AQU,https://www.encodeproject.org/files/ENCFF913DLI/@@download/ENCFF913DLI.fastq.gz,,1,,,
ENCSR417AQU,https://www.encodeproject.org/files/ENCFF970CIW/@@download/ENCFF970CIW.fastq.gz,,1,,,
ENCSR417AQU,https://www.encodeproject.org/files/ENCFF976XKW/@@download/ENCFF976XKW.fastq.gz,,1,,,
ENCSR417AQU,https://www.encodeproject.org/files/ENCFF539HOQ/@@download/ENCFF539HOQ.fastq.gz,,1,,,
ENCSR417AQU,https://www.encodeproject.org/files/ENCFF720SFT/@@download/ENCFF720SFT.fastq.gz,,1,,,
ENCSR417AQU,https://www.encodeproject.org/files/ENCFF807HUQ/@@download/ENCFF807HUQ.fastq.gz,,1,,,
ENCSR417AQU,https://www.encodeproject.org/files/ENCFF888PQC/@@download/ENCFF888PQC.fastq.gz,,1,,,
ENCSR420XKX,https://www.encodeproject.org/files/ENCFF039FEA/@@download/ENCFF039FEA.fastq.gz,,1,,,
ENCSR420XKX,https://www.encodeproject.org/files/ENCFF472WEF/@@download/ENCFF472WEF.fastq.gz,,1,,,
ENCSR422TGJ,https://www.encodeproject.org/files/ENCFF328QHK/@@download/ENCFF328QHK.fastq.gz,,1,,,
ENCSR422TGJ,https://www.encodeproject.org/files/ENCFF429SOB/@@download/ENCFF429SOB.fastq.gz,,1,,,
ENCSR425NYG,https://www.encodeproject.org/files/ENCFF032GON/@@download/ENCFF032GON.fastq.gz,https://www.encodeproject.org/files/ENCFF273LZN/@@download/ENCFF273LZN.fastq.gz,1,,,
ENCSR425NYG,https://www.encodeproject.org/files/ENCFF101VUQ/@@download/ENCFF101VUQ.fastq.gz,https://www.encodeproject.org/files/ENCFF633RFE/@@download/ENCFF633RFE.fastq.gz,1,,,
ENCSR427DIF,https://www.encodeproject.org/files/ENCFF236UFI/@@download/ENCFF236UFI.fastq.gz,,1,,,
ENCSR427DIF,https://www.encodeproject.org/files/ENCFF320TSQ/@@download/ENCFF320TSQ.fastq.gz,,1,,,
ENCSR427DIF,https://www.encodeproject.org/files/ENCFF895WQU/@@download/ENCFF895WQU.fastq.gz,,1,,,
ENCSR427DIF,https://www.encodeproject.org/files/ENCFF908BED/@@download/ENCFF908BED.fastq.gz,,1,,,
ENCSR427DIF,https://www.encodeproject.org/files/ENCFF049SLJ/@@download/ENCFF049SLJ.fastq.gz,,1,,,
ENCSR427DIF,https://www.encodeproject.org/files/ENCFF625QOB/@@download/ENCFF625QOB.fastq.gz,,1,,,
ENCSR427DIF,https://www.encodeproject.org/files/ENCFF677FDK/@@download/ENCFF677FDK.fastq.gz,,1,,,
ENCSR427DIF,https://www.encodeproject.org/files/ENCFF936QXM/@@download/ENCFF936QXM.fastq.gz,,1,,,
ENCSR437DCH,https://www.encodeproject.org/files/ENCFF243FRN/@@download/ENCFF243FRN.fastq.gz,,1,,,
ENCSR437DCH,https://www.encodeproject.org/files/ENCFF568UMO/@@download/ENCFF568UMO.fastq.gz,,1,,,
ENCSR437DCH,https://www.encodeproject.org/files/ENCFF780FTN/@@download/ENCFF780FTN.fastq.gz,,1,,,
ENCSR437DCH,https://www.encodeproject.org/files/ENCFF986QOF/@@download/ENCFF986QOF.fastq.gz,,1,,,
ENCSR437DCH,https://www.encodeproject.org/files/ENCFF081BMN/@@download/ENCFF081BMN.fastq.gz,,1,,,
ENCSR437DCH,https://www.encodeproject.org/files/ENCFF084ULX/@@download/ENCFF084ULX.fastq.gz,,1,,,
ENCSR437DCH,https://www.encodeproject.org/files/ENCFF137WDS/@@download/ENCFF137WDS.fastq.gz,,1,,,
ENCSR437DCH,https://www.encodeproject.org/files/ENCFF257RIX/@@download/ENCFF257RIX.fastq.gz,,1,,,
ENCSR437DCH,https://www.encodeproject.org/files/ENCFF407LZO/@@download/ENCFF407LZO.fastq.gz,,1,,,
ENCSR437DCH,https://www.encodeproject.org/files/ENCFF445JSG/@@download/ENCFF445JSG.fastq.gz,,1,,,
ENCSR437DCH,https://www.encodeproject.org/files/ENCFF658HDH/@@download/ENCFF658HDH.fastq.gz,,1,,,
ENCSR437DCH,https://www.encodeproject.org/files/ENCFF705JGS/@@download/ENCFF705JGS.fastq.gz,,1,,,
ENCSR438NOO,https://www.encodeproject.org/files/ENCFF013QAX/@@download/ENCFF013QAX.fastq.gz,,1,,,
ENCSR438NOO,https://www.encodeproject.org/files/ENCFF104IGT/@@download/ENCFF104IGT.fastq.gz,,1,,,
ENCSR438NOO,https://www.encodeproject.org/files/ENCFF860FJC/@@download/ENCFF860FJC.fastq.gz,,1,,,
ENCSR438NOO,https://www.encodeproject.org/files/ENCFF895BDM/@@download/ENCFF895BDM.fastq.gz,,1,,,
ENCSR444GJM,https://www.encodeproject.org/files/ENCFF536TAF/@@download/ENCFF536TAF.fastq.gz,,1,,,
ENCSR444GJM,https://www.encodeproject.org/files/ENCFF825XKT/@@download/ENCFF825XKT.fastq.gz,,1,,,
ENCSR449RSE,https://www.encodeproject.org/files/ENCFF666WRT/@@download/ENCFF666WRT.fastq.gz,,1,,,
ENCSR452GUC,https://www.encodeproject.org/files/ENCFF038MTS/@@download/ENCFF038MTS.fastq.gz,,1,,,
ENCSR452GUC,https://www.encodeproject.org/files/ENCFF850FSY/@@download/ENCFF850FSY.fastq.gz,,2,,,
ENCSR454FJM,https://www.encodeproject.org/files/ENCFF440PDW/@@download/ENCFF440PDW.fastq.gz,,1,,,
ENCSR454FJM,https://www.encodeproject.org/files/ENCFF660BRW/@@download/ENCFF660BRW.fastq.gz,,1,,,
ENCSR454FJM,https://www.encodeproject.org/files/ENCFF706HOV/@@download/ENCFF706HOV.fastq.gz,,1,,,
ENCSR454FJM,https://www.encodeproject.org/files/ENCFF914CFB/@@download/ENCFF914CFB.fastq.gz,,1,,,
ENCSR454FJM,https://www.encodeproject.org/files/ENCFF209DJQ/@@download/ENCFF209DJQ.fastq.gz,,1,,,
ENCSR454FJM,https://www.encodeproject.org/files/ENCFF245AZC/@@download/ENCFF245AZC.fastq.gz,,1,,,
ENCSR454FJM,https://www.encodeproject.org/files/ENCFF689CXM/@@download/ENCFF689CXM.fastq.gz,,1,,,
ENCSR454FJM,https://www.encodeproject.org/files/ENCFF981CNY/@@download/ENCFF981CNY.fastq.gz,,1,,,
ENCSR455AFK,https://www.encodeproject.org/files/ENCFF392LUJ/@@download/ENCFF392LUJ.fastq.gz,,1,,,
ENCSR455AFK,https://www.encodeproject.org/files/ENCFF641ZFS/@@download/ENCFF641ZFS.fastq.gz,,2,,,
ENCSR456AMX,https://www.encodeproject.org/files/ENCFF052NER/@@download/ENCFF052NER.fastq.gz,,1,,,
ENCSR456AMX,https://www.encodeproject.org/files/ENCFF156NLI/@@download/ENCFF156NLI.fastq.gz,,1,,,
ENCSR456AMX,https://www.encodeproject.org/files/ENCFF277QWY/@@download/ENCFF277QWY.fastq.gz,,1,,,
ENCSR456AMX,https://www.encodeproject.org/files/ENCFF543MZP/@@download/ENCFF543MZP.fastq.gz,,1,,,
ENCSR456AMX,https://www.encodeproject.org/files/ENCFF015KNB/@@download/ENCFF015KNB.fastq.gz,,1,,,
ENCSR456AMX,https://www.encodeproject.org/files/ENCFF616ITE/@@download/ENCFF616ITE.fastq.gz,,1,,,
ENCSR456AMX,https://www.encodeproject.org/files/ENCFF730KKS/@@download/ENCFF730KKS.fastq.gz,,1,,,
ENCSR456AMX,https://www.encodeproject.org/files/ENCFF888BYY/@@download/ENCFF888BYY.fastq.gz,,1,,,
ENCSR459LGY,https://www.encodeproject.org/files/ENCFF326XKW/@@download/ENCFF326XKW.fastq.gz,,1,,,
ENCSR459LGY,https://www.encodeproject.org/files/ENCFF346IEC/@@download/ENCFF346IEC.fastq.gz,,1,,,
ENCSR461UOU,https://www.encodeproject.org/files/ENCFF208TZP/@@download/ENCFF208TZP.fastq.gz,,1,,,
ENCSR461UOU,https://www.encodeproject.org/files/ENCFF436DLD/@@download/ENCFF436DLD.fastq.gz,,1,,,
ENCSR461VPV,https://www.encodeproject.org/files/ENCFF863QDS/@@download/ENCFF863QDS.fastq.gz,,1,,,
ENCSR462ZQL,https://www.encodeproject.org/files/ENCFF115QUY/@@download/ENCFF115QUY.fastq.gz,,1,,,
ENCSR462ZQL,https://www.encodeproject.org/files/ENCFF424AAR/@@download/ENCFF424AAR.fastq.gz,,1,,,
ENCSR462ZQL,https://www.encodeproject.org/files/ENCFF588CYK/@@download/ENCFF588CYK.fastq.gz,,1,,,
ENCSR462ZQL,https://www.encodeproject.org/files/ENCFF883EIE/@@download/ENCFF883EIE.fastq.gz,,1,,,
ENCSR462ZQL,https://www.encodeproject.org/files/ENCFF025XGY/@@download/ENCFF025XGY.fastq.gz,,1,,,
ENCSR462ZQL,https://www.encodeproject.org/files/ENCFF034VFP/@@download/ENCFF034VFP.fastq.gz,,1,,,
ENCSR462ZQL,https://www.encodeproject.org/files/ENCFF180RLA/@@download/ENCFF180RLA.fastq.gz,,1,,,
ENCSR462ZQL,https://www.encodeproject.org/files/ENCFF448JTI/@@download/ENCFF448JTI.fastq.gz,,1,,,
ENCSR465UAX,https://www.encodeproject.org/files/ENCFF337ZWU/@@download/ENCFF337ZWU.fastq.gz,,1,,,
ENCSR465UAX,https://www.encodeproject.org/files/ENCFF348OIG/@@download/ENCFF348OIG.fastq.gz,,1,,,
ENCSR465UAX,https://www.encodeproject.org/files/ENCFF409XGZ/@@download/ENCFF409XGZ.fastq.gz,,1,,,
ENCSR465UAX,https://www.encodeproject.org/files/ENCFF835NVR/@@download/ENCFF835NVR.fastq.gz,,1,,,
ENCSR470SYZ,https://www.encodeproject.org/files/ENCFF457TNI/@@download/ENCFF457TNI.fastq.gz,https://www.encodeproject.org/files/ENCFF641SYT/@@download/ENCFF641SYT.fastq.gz,1,,,
ENCSR470SYZ,https://www.encodeproject.org/files/ENCFF753NVV/@@download/ENCFF753NVV.fastq.gz,https://www.encodeproject.org/files/ENCFF100FEQ/@@download/ENCFF100FEQ.fastq.gz,1,,,
ENCSR474WLZ,https://www.encodeproject.org/files/ENCFF279CHC/@@download/ENCFF279CHC.fastq.gz,,1,,,
ENCSR474WLZ,https://www.encodeproject.org/files/ENCFF433FBI/@@download/ENCFF433FBI.fastq.gz,,1,,,
ENCSR474WLZ,https://www.encodeproject.org/files/ENCFF583LPM/@@download/ENCFF583LPM.fastq.gz,,1,,,
ENCSR474WLZ,https://www.encodeproject.org/files/ENCFF614GOP/@@download/ENCFF614GOP.fastq.gz,,1,,,
ENCSR475NOQ,https://www.encodeproject.org/files/ENCFF512TNG/@@download/ENCFF512TNG.fastq.gz,,1,,,
ENCSR475NOQ,https://www.encodeproject.org/files/ENCFF562XOM/@@download/ENCFF562XOM.fastq.gz,,2,,,
ENCSR475NOQ,https://www.encodeproject.org/files/ENCFF676ITE/@@download/ENCFF676ITE.fastq.gz,,2,,,
ENCSR475NOQ,https://www.encodeproject.org/files/ENCFF757ZBR/@@download/ENCFF757ZBR.fastq.gz,,2,,,
ENCSR475NOQ,https://www.encodeproject.org/files/ENCFF759ROI/@@download/ENCFF759ROI.fastq.gz,,2,,,
ENCSR479BTD,https://www.encodeproject.org/files/ENCFF277KNR/@@download/ENCFF277KNR.fastq.gz,,1,,,
ENCSR479BTD,https://www.encodeproject.org/files/ENCFF593OWO/@@download/ENCFF593OWO.fastq.gz,,1,,,
ENCSR479HSY,https://www.encodeproject.org/files/ENCFF127IDN/@@download/ENCFF127IDN.fastq.gz,,1,,,
ENCSR479HSY,https://www.encodeproject.org/files/ENCFF387OBH/@@download/ENCFF387OBH.fastq.gz,,1,,,
ENCSR479HSY,https://www.encodeproject.org/files/ENCFF198WTB/@@download/ENCFF198WTB.fastq.gz,,1,,,
ENCSR479HSY,https://www.encodeproject.org/files/ENCFF624TJJ/@@download/ENCFF624TJJ.fastq.gz,,1,,,
ENCSR479HSY,https://www.encodeproject.org/files/ENCFF009LTY/@@download/ENCFF009LTY.fastq.gz,,2,,,
ENCSR479HSY,https://www.encodeproject.org/files/ENCFF129QRN/@@download/ENCFF129QRN.fastq.gz,,2,,,
ENCSR479HSY,https://www.encodeproject.org/files/ENCFF522KUQ/@@download/ENCFF522KUQ.fastq.gz,,2,,,
ENCSR479HSY,https://www.encodeproject.org/files/ENCFF856BVX/@@download/ENCFF856BVX.fastq.gz,,2,,,
ENCSR479HSY,https://www.encodeproject.org/files/ENCFF183QCN/@@download/ENCFF183QCN.fastq.gz,,2,,,
ENCSR479HSY,https://www.encodeproject.org/files/ENCFF275SJH/@@download/ENCFF275SJH.fastq.gz,,2,,,
ENCSR479HSY,https://www.encodeproject.org/files/ENCFF511GZH/@@download/ENCFF511GZH.fastq.gz,,2,,,
ENCSR479HSY,https://www.encodeproject.org/files/ENCFF937MNM/@@download/ENCFF937MNM.fastq.gz,,2,,,
ENCSR480NNC,https://www.encodeproject.org/files/ENCFF174XJR/@@download/ENCFF174XJR.fastq.gz,,1,,,
ENCSR481QDJ,https://www.encodeproject.org/files/ENCFF500JYN/@@download/ENCFF500JYN.fastq.gz,,1,,,
ENCSR481QDJ,https://www.encodeproject.org/files/ENCFF507CKA/@@download/ENCFF507CKA.fastq.gz,,1,,,
ENCSR481QDJ,https://www.encodeproject.org/files/ENCFF803VXC/@@download/ENCFF803VXC.fastq.gz,,1,,,
ENCSR481QDJ,https://www.encodeproject.org/files/ENCFF861AYX/@@download/ENCFF861AYX.fastq.gz,,1,,,
ENCSR481QDJ,https://www.encodeproject.org/files/ENCFF036EVA/@@download/ENCFF036EVA.fastq.gz,,1,,,
ENCSR481QDJ,https://www.encodeproject.org/files/ENCFF288VDY/@@download/ENCFF288VDY.fastq.gz,,1,,,
ENCSR481QDJ,https://www.encodeproject.org/files/ENCFF397XIU/@@download/ENCFF397XIU.fastq.gz,,1,,,
ENCSR481QDJ,https://www.encodeproject.org/files/ENCFF946SKD/@@download/ENCFF946SKD.fastq.gz,,1,,,
ENCSR481SJM,https://www.encodeproject.org/files/ENCFF123EGR/@@download/ENCFF123EGR.fastq.gz,,1,,,
ENCSR481SJM,https://www.encodeproject.org/files/ENCFF326OPU/@@download/ENCFF326OPU.fastq.gz,,1,,,
ENCSR481SJM,https://www.encodeproject.org/files/ENCFF447CYZ/@@download/ENCFF447CYZ.fastq.gz,,1,,,
ENCSR481SJM,https://www.encodeproject.org/files/ENCFF841RMN/@@download/ENCFF841RMN.fastq.gz,,1,,,
ENCSR481SJM,https://www.encodeproject.org/files/ENCFF078PTC/@@download/ENCFF078PTC.fastq.gz,,1,,,
ENCSR481SJM,https://www.encodeproject.org/files/ENCFF294NTW/@@download/ENCFF294NTW.fastq.gz,,1,,,
ENCSR481SJM,https://www.encodeproject.org/files/ENCFF370RTY/@@download/ENCFF370RTY.fastq.gz,,1,,,
ENCSR481SJM,https://www.encodeproject.org/files/ENCFF597MZI/@@download/ENCFF597MZI.fastq.gz,,1,,,
ENCSR490NCK,https://www.encodeproject.org/files/ENCFF121BEK/@@download/ENCFF121BEK.fastq.gz,,1,,,
ENCSR490NCK,https://www.encodeproject.org/files/ENCFF278EQU/@@download/ENCFF278EQU.fastq.gz,,1,,,
ENCSR490NCK,https://www.encodeproject.org/files/ENCFF849UQN/@@download/ENCFF849UQN.fastq.gz,,1,,,
ENCSR490NCK,https://www.encodeproject.org/files/ENCFF869YKQ/@@download/ENCFF869YKQ.fastq.gz,,1,,,
ENCSR490NCK,https://www.encodeproject.org/files/ENCFF683WNW/@@download/ENCFF683WNW.fastq.gz,,1,,,
ENCSR490NCK,https://www.encodeproject.org/files/ENCFF713DEC/@@download/ENCFF713DEC.fastq.gz,,1,,,
ENCSR490NCK,https://www.encodeproject.org/files/ENCFF911BDW/@@download/ENCFF911BDW.fastq.gz,,1,,,
ENCSR490NCK,https://www.encodeproject.org/files/ENCFF934YGA/@@download/ENCFF934YGA.fastq.gz,,1,,,
ENCSR491TAD,https://www.encodeproject.org/files/ENCFF133HKU/@@download/ENCFF133HKU.fastq.gz,,1,,,
ENCSR491TAD,https://www.encodeproject.org/files/ENCFF619EHQ/@@download/ENCFF619EHQ.fastq.gz,,2,,,
ENCSR491TAD,https://www.encodeproject.org/files/ENCFF796VRG/@@download/ENCFF796VRG.fastq.gz,,3,,,
ENCSR494YJW,https://www.encodeproject.org/files/ENCFF492ETH/@@download/ENCFF492ETH.fastq.gz,,1,,,
ENCSR494YJW,https://www.encodeproject.org/files/ENCFF597LCE/@@download/ENCFF597LCE.fastq.gz,,1,,,
ENCSR494YJW,https://www.encodeproject.org/files/ENCFF775TGL/@@download/ENCFF775TGL.fastq.gz,,1,,,
ENCSR494YJW,https://www.encodeproject.org/files/ENCFF944VDZ/@@download/ENCFF944VDZ.fastq.gz,,1,,,
ENCSR503BIB,https://www.encodeproject.org/files/ENCFF827WPA/@@download/ENCFF827WPA.fastq.gz,,1,,,
ENCSR510OLN,https://www.encodeproject.org/files/ENCFF719UBC/@@download/ENCFF719UBC.fastq.gz,,1,,,
ENCSR510OLN,https://www.encodeproject.org/files/ENCFF850XFV/@@download/ENCFF850XFV.fastq.gz,,1,,,
ENCSR510OLN,https://www.encodeproject.org/files/ENCFF852FAM/@@download/ENCFF852FAM.fastq.gz,,1,,,
ENCSR510OLN,https://www.encodeproject.org/files/ENCFF617COT/@@download/ENCFF617COT.fastq.gz,,2,,,
ENCSR510OLN,https://www.encodeproject.org/files/ENCFF954TXY/@@download/ENCFF954TXY.fastq.gz,,2,,,
ENCSR514EZP,https://www.encodeproject.org/files/ENCFF235EMW/@@download/ENCFF235EMW.fastq.gz,,1,,,
ENCSR514EZP,https://www.encodeproject.org/files/ENCFF298IUX/@@download/ENCFF298IUX.fastq.gz,,1,,,
ENCSR514EZP,https://www.encodeproject.org/files/ENCFF604YTT/@@download/ENCFF604YTT.fastq.gz,,1,,,
ENCSR514EZP,https://www.encodeproject.org/files/ENCFF748JCT/@@download/ENCFF748JCT.fastq.gz,,1,,,
ENCSR514EZP,https://www.encodeproject.org/files/ENCFF064TUM/@@download/ENCFF064TUM.fastq.gz,,2,,,
ENCSR514EZP,https://www.encodeproject.org/files/ENCFF100JCN/@@download/ENCFF100JCN.fastq.gz,,2,,,
ENCSR514EZP,https://www.encodeproject.org/files/ENCFF192SRS/@@download/ENCFF192SRS.fastq.gz,,2,,,
ENCSR514EZP,https://www.encodeproject.org/files/ENCFF415XTT/@@download/ENCFF415XTT.fastq.gz,,2,,,
ENCSR514EZP,https://www.encodeproject.org/files/ENCFF570AXT/@@download/ENCFF570AXT.fastq.gz,,2,,,
ENCSR514EZP,https://www.encodeproject.org/files/ENCFF957SKX/@@download/ENCFF957SKX.fastq.gz,,2,,,
ENCSR518COE,https://www.encodeproject.org/files/ENCFF224CSP/@@download/ENCFF224CSP.fastq.gz,,1,,,
ENCSR518COE,https://www.encodeproject.org/files/ENCFF303XSA/@@download/ENCFF303XSA.fastq.gz,,1,,,
ENCSR518COE,https://www.encodeproject.org/files/ENCFF529QEA/@@download/ENCFF529QEA.fastq.gz,,1,,,
ENCSR518COE,https://www.encodeproject.org/files/ENCFF537ZAY/@@download/ENCFF537ZAY.fastq.gz,,1,,,
ENCSR518COE,https://www.encodeproject.org/files/ENCFF545JFG/@@download/ENCFF545JFG.fastq.gz,,1,,,
ENCSR518COE,https://www.encodeproject.org/files/ENCFF637NXD/@@download/ENCFF637NXD.fastq.gz,,1,,,
ENCSR518COE,https://www.encodeproject.org/files/ENCFF664RIY/@@download/ENCFF664RIY.fastq.gz,,1,,,
ENCSR518COE,https://www.encodeproject.org/files/ENCFF960GWY/@@download/ENCFF960GWY.fastq.gz,,1,,,
ENCSR518COE,https://www.encodeproject.org/files/ENCFF200KGN/@@download/ENCFF200KGN.fastq.gz,,1,,,
ENCSR518COE,https://www.encodeproject.org/files/ENCFF597JVN/@@download/ENCFF597JVN.fastq.gz,,1,,,
ENCSR518COE,https://www.encodeproject.org/files/ENCFF717ZVR/@@download/ENCFF717ZVR.fastq.gz,,1,,,
ENCSR518COE,https://www.encodeproject.org/files/ENCFF734JVQ/@@download/ENCFF734JVQ.fastq.gz,,1,,,
ENCSR519UXW,https://www.encodeproject.org/files/ENCFF117UVJ/@@download/ENCFF117UVJ.fastq.gz,,1,,,
ENCSR519UXW,https://www.encodeproject.org/files/ENCFF246CZF/@@download/ENCFF246CZF.fastq.gz,,1,,,
ENCSR519UXW,https://www.encodeproject.org/files/ENCFF851BNC/@@download/ENCFF851BNC.fastq.gz,,1,,,
ENCSR519UXW,https://www.encodeproject.org/files/ENCFF893NND/@@download/ENCFF893NND.fastq.gz,,1,,,
ENCSR519UXW,https://www.encodeproject.org/files/ENCFF037PTH/@@download/ENCFF037PTH.fastq.gz,,1,,,
ENCSR519UXW,https://www.encodeproject.org/files/ENCFF289XEV/@@download/ENCFF289XEV.fastq.gz,,1,,,
ENCSR519UXW,https://www.encodeproject.org/files/ENCFF347FVR/@@download/ENCFF347FVR.fastq.gz,,1,,,
ENCSR519UXW,https://www.encodeproject.org/files/ENCFF468EAQ/@@download/ENCFF468EAQ.fastq.gz,,1,,,
ENCSR524NCH,https://www.encodeproject.org/files/ENCFF102SFU/@@download/ENCFF102SFU.fastq.gz,,1,,,
ENCSR524NCH,https://www.encodeproject.org/files/ENCFF599MFK/@@download/ENCFF599MFK.fastq.gz,,1,,,
ENCSR524NCH,https://www.encodeproject.org/files/ENCFF876EUR/@@download/ENCFF876EUR.fastq.gz,,1,,,
ENCSR524NCH,https://www.encodeproject.org/files/ENCFF950GED/@@download/ENCFF950GED.fastq.gz,,1,,,
ENCSR524NCH,https://www.encodeproject.org/files/ENCFF187FWF/@@download/ENCFF187FWF.fastq.gz,,1,,,
ENCSR524NCH,https://www.encodeproject.org/files/ENCFF549PVM/@@download/ENCFF549PVM.fastq.gz,,1,,,
ENCSR526EXI,https://www.encodeproject.org/files/ENCFF980IWS/@@download/ENCFF980IWS.fastq.gz,,1,,,
ENCSR526EXI,https://www.encodeproject.org/files/ENCFF993UPA/@@download/ENCFF993UPA.fastq.gz,,1,,,
ENCSR526EXI,https://www.encodeproject.org/files/ENCFF228LJG/@@download/ENCFF228LJG.fastq.gz,,1,,,
ENCSR526EXI,https://www.encodeproject.org/files/ENCFF307LWZ/@@download/ENCFF307LWZ.fastq.gz,,1,,,
ENCSR528SMB,https://www.encodeproject.org/files/ENCFF426FHM/@@download/ENCFF426FHM.fastq.gz,https://www.encodeproject.org/files/ENCFF273OIE/@@download/ENCFF273OIE.fastq.gz,1,,,
ENCSR528SMB,https://www.encodeproject.org/files/ENCFF407YXO/@@download/ENCFF407YXO.fastq.gz,https://www.encodeproject.org/files/ENCFF235IFO/@@download/ENCFF235IFO.fastq.gz,2,,,
ENCSR529OPX,https://www.encodeproject.org/files/ENCFF498SIR/@@download/ENCFF498SIR.fastq.gz,,1,,,
ENCSR529OPX,https://www.encodeproject.org/files/ENCFF506YIO/@@download/ENCFF506YIO.fastq.gz,,1,,,
ENCSR531AUV,https://www.encodeproject.org/files/ENCFF257SHR/@@download/ENCFF257SHR.fastq.gz,,1,,,
ENCSR531AUV,https://www.encodeproject.org/files/ENCFF570ALA/@@download/ENCFF570ALA.fastq.gz,,1,,,
ENCSR531AUV,https://www.encodeproject.org/files/ENCFF804GEV/@@download/ENCFF804GEV.fastq.gz,,1,,,
ENCSR531AUV,https://www.encodeproject.org/files/ENCFF978VOC/@@download/ENCFF978VOC.fastq.gz,,1,,,
ENCSR531AUV,https://www.encodeproject.org/files/ENCFF343KOW/@@download/ENCFF343KOW.fastq.gz,,1,,,
ENCSR531AUV,https://www.encodeproject.org/files/ENCFF535YAX/@@download/ENCFF535YAX.fastq.gz,,1,,,
ENCSR534CZJ,https://www.encodeproject.org/files/ENCFF197MRK/@@download/ENCFF197MRK.fastq.gz,,1,,,
ENCSR534KYQ,https://www.encodeproject.org/files/ENCFF122RKK/@@download/ENCFF122RKK.fastq.gz,,1,,,
ENCSR534KYQ,https://www.encodeproject.org/files/ENCFF247KTS/@@download/ENCFF247KTS.fastq.gz,,1,,,
ENCSR534KYQ,https://www.encodeproject.org/files/ENCFF362BSK/@@download/ENCFF362BSK.fastq.gz,,1,,,
ENCSR534KYQ,https://www.encodeproject.org/files/ENCFF523TDY/@@download/ENCFF523TDY.fastq.gz,,1,,,
ENCSR534KYQ,https://www.encodeproject.org/files/ENCFF648VJO/@@download/ENCFF648VJO.fastq.gz,,1,,,
ENCSR534KYQ,https://www.encodeproject.org/files/ENCFF778JIJ/@@download/ENCFF778JIJ.fastq.gz,,1,,,
ENCSR534KYQ,https://www.encodeproject.org/files/ENCFF980ZKJ/@@download/ENCFF980ZKJ.fastq.gz,,1,,,
ENCSR534KYQ,https://www.encodeproject.org/files/ENCFF991ZSX/@@download/ENCFF991ZSX.fastq.gz,,1,,,
ENCSR534KYQ,https://www.encodeproject.org/files/ENCFF162GYZ/@@download/ENCFF162GYZ.fastq.gz,,1,,,
ENCSR534KYQ,https://www.encodeproject.org/files/ENCFF491IKS/@@download/ENCFF491IKS.fastq.gz,,1,,,
ENCSR534KYQ,https://www.encodeproject.org/files/ENCFF494TWL/@@download/ENCFF494TWL.fastq.gz,,1,,,
ENCSR534KYQ,https://www.encodeproject.org/files/ENCFF768VSZ/@@download/ENCFF768VSZ.fastq.gz,,1,,,
ENCSR534WQA,https://www.encodeproject.org/files/ENCFF145CLI/@@download/ENCFF145CLI.fastq.gz,,1,,,
ENCSR534WQA,https://www.encodeproject.org/files/ENCFF178ECL/@@download/ENCFF178ECL.fastq.gz,,1,,,
ENCSR534WQA,https://www.encodeproject.org/files/ENCFF307ECS/@@download/ENCFF307ECS.fastq.gz,,1,,,
ENCSR534WQA,https://www.encodeproject.org/files/ENCFF721LTR/@@download/ENCFF721LTR.fastq.gz,,1,,,
ENCSR534WQA,https://www.encodeproject.org/files/ENCFF417QPY/@@download/ENCFF417QPY.fastq.gz,,1,,,
ENCSR534WQA,https://www.encodeproject.org/files/ENCFF608DDO/@@download/ENCFF608DDO.fastq.gz,,1,,,
ENCSR534WQA,https://www.encodeproject.org/files/ENCFF651MRW/@@download/ENCFF651MRW.fastq.gz,,1,,,
ENCSR534WQA,https://www.encodeproject.org/files/ENCFF819UXB/@@download/ENCFF819UXB.fastq.gz,,1,,,
ENCSR535VLV,https://www.encodeproject.org/files/ENCFF183SPP/@@download/ENCFF183SPP.fastq.gz,,1,,,
ENCSR535VLV,https://www.encodeproject.org/files/ENCFF244ACQ/@@download/ENCFF244ACQ.fastq.gz,,1,,,
ENCSR535VLV,https://www.encodeproject.org/files/ENCFF581WZK/@@download/ENCFF581WZK.fastq.gz,,1,,,
ENCSR535VLV,https://www.encodeproject.org/files/ENCFF763JAU/@@download/ENCFF763JAU.fastq.gz,,1,,,
ENCSR535VLV,https://www.encodeproject.org/files/ENCFF089JHP/@@download/ENCFF089JHP.fastq.gz,,1,,,
ENCSR535VLV,https://www.encodeproject.org/files/ENCFF256OPU/@@download/ENCFF256OPU.fastq.gz,,1,,,
ENCSR535VLV,https://www.encodeproject.org/files/ENCFF345SDB/@@download/ENCFF345SDB.fastq.gz,,1,,,
ENCSR535VLV,https://www.encodeproject.org/files/ENCFF475LOQ/@@download/ENCFF475LOQ.fastq.gz,,1,,,
ENCSR538MSN,https://www.encodeproject.org/files/ENCFF453ROR/@@download/ENCFF453ROR.fastq.gz,,1,,,
ENCSR538MSN,https://www.encodeproject.org/files/ENCFF994AUP/@@download/ENCFF994AUP.fastq.gz,,1,,,
ENCSR538MSN,https://www.encodeproject.org/files/ENCFF111KXF/@@download/ENCFF111KXF.fastq.gz,,1,,,
ENCSR538MSN,https://www.encodeproject.org/files/ENCFF376VQS/@@download/ENCFF376VQS.fastq.gz,,1,,,
ENCSR539HNK,https://www.encodeproject.org/files/ENCFF332CUC/@@download/ENCFF332CUC.fastq.gz,,1,,,
ENCSR539HNK,https://www.encodeproject.org/files/ENCFF436CCE/@@download/ENCFF436CCE.fastq.gz,,1,,,
ENCSR539HNK,https://www.encodeproject.org/files/ENCFF360ZXY/@@download/ENCFF360ZXY.fastq.gz,,1,,,
ENCSR539HNK,https://www.encodeproject.org/files/ENCFF818YLR/@@download/ENCFF818YLR.fastq.gz,,1,,,
ENCSR541DBO,https://www.encodeproject.org/files/ENCFF155BZF/@@download/ENCFF155BZF.fastq.gz,,1,,,
ENCSR541DBO,https://www.encodeproject.org/files/ENCFF611OKI/@@download/ENCFF611OKI.fastq.gz,,1,,,
ENCSR545WFH,https://www.encodeproject.org/files/ENCFF018QFS/@@download/ENCFF018QFS.fastq.gz,,1,,,
ENCSR545WFH,https://www.encodeproject.org/files/ENCFF431RAR/@@download/ENCFF431RAR.fastq.gz,,1,,,
ENCSR545WFH,https://www.encodeproject.org/files/ENCFF634HPE/@@download/ENCFF634HPE.fastq.gz,,1,,,
ENCSR545WFH,https://www.encodeproject.org/files/ENCFF882WTZ/@@download/ENCFF882WTZ.fastq.gz,,1,,,
ENCSR545WFH,https://www.encodeproject.org/files/ENCFF450RXF/@@download/ENCFF450RXF.fastq.gz,,2,,,
ENCSR545WFH,https://www.encodeproject.org/files/ENCFF555FHA/@@download/ENCFF555FHA.fastq.gz,,2,,,
ENCSR545WFH,https://www.encodeproject.org/files/ENCFF369DCD/@@download/ENCFF369DCD.fastq.gz,,2,,,
ENCSR545WFH,https://www.encodeproject.org/files/ENCFF403VBF/@@download/ENCFF403VBF.fastq.gz,,2,,,
ENCSR545WFH,https://www.encodeproject.org/files/ENCFF504JSH/@@download/ENCFF504JSH.fastq.gz,,2,,,
ENCSR545WFH,https://www.encodeproject.org/files/ENCFF530YRV/@@download/ENCFF530YRV.fastq.gz,,2,,,
ENCSR548SPY,https://www.encodeproject.org/files/ENCFF861ALF/@@download/ENCFF861ALF.fastq.gz,,1,,,
ENCSR548SPY,https://www.encodeproject.org/files/ENCFF182GXC/@@download/ENCFF182GXC.fastq.gz,,2,,,
ENCSR548SPY,https://www.encodeproject.org/files/ENCFF886LFW/@@download/ENCFF886LFW.fastq.gz,,3,,,
ENCSR549SVK,https://www.encodeproject.org/files/ENCFF524OKJ/@@download/ENCFF524OKJ.fastq.gz,,1,,,
ENCSR549SVK,https://www.encodeproject.org/files/ENCFF612KDN/@@download/ENCFF612KDN.fastq.gz,,2,,,
ENCSR549SVK,https://www.encodeproject.org/files/ENCFF232NPZ/@@download/ENCFF232NPZ.fastq.gz,,3,,,
ENCSR554RPI,https://www.encodeproject.org/files/ENCFF551SJA/@@download/ENCFF551SJA.fastq.gz,,1,,,
ENCSR554RPI,https://www.encodeproject.org/files/ENCFF834XAP/@@download/ENCFF834XAP.fastq.gz,,1,,,
ENCSR554RPI,https://www.encodeproject.org/files/ENCFF278TMY/@@download/ENCFF278TMY.fastq.gz,,2,,,
ENCSR554RPI,https://www.encodeproject.org/files/ENCFF894UPX/@@download/ENCFF894UPX.fastq.gz,,2,,,
ENCSR556OGN,https://www.encodeproject.org/files/ENCFF119CRN/@@download/ENCFF119CRN.fastq.gz,,1,,,
ENCSR556OGN,https://www.encodeproject.org/files/ENCFF423HBH/@@download/ENCFF423HBH.fastq.gz,,1,,,
ENCSR557HEX,https://www.encodeproject.org/files/ENCFF031FIV/@@download/ENCFF031FIV.fastq.gz,,1,,,
ENCSR557HEX,https://www.encodeproject.org/files/ENCFF072ADM/@@download/ENCFF072ADM.fastq.gz,,1,,,
ENCSR557HEX,https://www.encodeproject.org/files/ENCFF821MBJ/@@download/ENCFF821MBJ.fastq.gz,,1,,,
ENCSR557HEX,https://www.encodeproject.org/files/ENCFF901MKY/@@download/ENCFF901MKY.fastq.gz,,1,,,
ENCSR557HEX,https://www.encodeproject.org/files/ENCFF004TTN/@@download/ENCFF004TTN.fastq.gz,,1,,,
ENCSR557HEX,https://www.encodeproject.org/files/ENCFF224TOJ/@@download/ENCFF224TOJ.fastq.gz,,1,,,
ENCSR557HEX,https://www.encodeproject.org/files/ENCFF481YDV/@@download/ENCFF481YDV.fastq.gz,,1,,,
ENCSR557HEX,https://www.encodeproject.org/files/ENCFF872VVX/@@download/ENCFF872VVX.fastq.gz,,1,,,
ENCSR557RDB,https://www.encodeproject.org/files/ENCFF170LRD/@@download/ENCFF170LRD.fastq.gz,,1,,,
ENCSR557RDB,https://www.encodeproject.org/files/ENCFF410DXF/@@download/ENCFF410DXF.fastq.gz,,1,,,
ENCSR557RDB,https://www.encodeproject.org/files/ENCFF485UYV/@@download/ENCFF485UYV.fastq.gz,,1,,,
ENCSR557RDB,https://www.encodeproject.org/files/ENCFF784DBC/@@download/ENCFF784DBC.fastq.gz,,1,,,
ENCSR557RDB,https://www.encodeproject.org/files/ENCFF036GMX/@@download/ENCFF036GMX.fastq.gz,,2,,,
ENCSR557RDB,https://www.encodeproject.org/files/ENCFF184GOD/@@download/ENCFF184GOD.fastq.gz,,2,,,
ENCSR557RDB,https://www.encodeproject.org/files/ENCFF587HMQ/@@download/ENCFF587HMQ.fastq.gz,,2,,,
ENCSR557RDB,https://www.encodeproject.org/files/ENCFF787SDP/@@download/ENCFF787SDP.fastq.gz,,2,,,
ENCSR557RJE,https://www.encodeproject.org/files/ENCFF180YNU/@@download/ENCFF180YNU.fastq.gz,,1,,,
ENCSR557RJE,https://www.encodeproject.org/files/ENCFF687FSA/@@download/ENCFF687FSA.fastq.gz,,1,,,
ENCSR557RJE,https://www.encodeproject.org/files/ENCFF812ESQ/@@download/ENCFF812ESQ.fastq.gz,,1,,,
ENCSR557RJE,https://www.encodeproject.org/files/ENCFF870LCM/@@download/ENCFF870LCM.fastq.gz,,1,,,
ENCSR557RJE,https://www.encodeproject.org/files/ENCFF087TTR/@@download/ENCFF087TTR.fastq.gz,,1,,,
ENCSR557RJE,https://www.encodeproject.org/files/ENCFF414STX/@@download/ENCFF414STX.fastq.gz,,1,,,
ENCSR557RJE,https://www.encodeproject.org/files/ENCFF426SHU/@@download/ENCFF426SHU.fastq.gz,,1,,,
ENCSR557RJE,https://www.encodeproject.org/files/ENCFF597TFS/@@download/ENCFF597TFS.fastq.gz,,1,,,
ENCSR559IPI,https://www.encodeproject.org/files/ENCFF497KGU/@@download/ENCFF497KGU.fastq.gz,,1,,,
ENCSR559IPI,https://www.encodeproject.org/files/ENCFF830GSO/@@download/ENCFF830GSO.fastq.gz,,1,,,
ENCSR559IPI,https://www.encodeproject.org/files/ENCFF159OQW/@@download/ENCFF159OQW.fastq.gz,,1,,,
ENCSR559IPI,https://www.encodeproject.org/files/ENCFF413KJJ/@@download/ENCFF413KJJ.fastq.gz,,1,,,
ENCSR559IPI,https://www.encodeproject.org/files/ENCFF150EBA/@@download/ENCFF150EBA.fastq.gz,,2,,,
ENCSR559IPI,https://www.encodeproject.org/files/ENCFF181ORA/@@download/ENCFF181ORA.fastq.gz,,2,,,
ENCSR559IPI,https://www.encodeproject.org/files/ENCFF375DYW/@@download/ENCFF375DYW.fastq.gz,,2,,,
ENCSR559IPI,https://www.encodeproject.org/files/ENCFF484NUU/@@download/ENCFF484NUU.fastq.gz,,2,,,
ENCSR559IPI,https://www.encodeproject.org/files/ENCFF251OTW/@@download/ENCFF251OTW.fastq.gz,,2,,,
ENCSR559IPI,https://www.encodeproject.org/files/ENCFF419LJE/@@download/ENCFF419LJE.fastq.gz,,2,,,
ENCSR562HZE,https://www.encodeproject.org/files/ENCFF282OBH/@@download/ENCFF282OBH.fastq.gz,,1,,,
ENCSR562HZE,https://www.encodeproject.org/files/ENCFF435NXM/@@download/ENCFF435NXM.fastq.gz,,1,,,
ENCSR562HZE,https://www.encodeproject.org/files/ENCFF657UJU/@@download/ENCFF657UJU.fastq.gz,,1,,,
ENCSR562HZE,https://www.encodeproject.org/files/ENCFF701XBA/@@download/ENCFF701XBA.fastq.gz,,1,,,
ENCSR562HZE,https://www.encodeproject.org/files/ENCFF803EOZ/@@download/ENCFF803EOZ.fastq.gz,,1,,,
ENCSR562HZE,https://www.encodeproject.org/files/ENCFF968SXY/@@download/ENCFF968SXY.fastq.gz,,1,,,
ENCSR562HZE,https://www.encodeproject.org/files/ENCFF162VCK/@@download/ENCFF162VCK.fastq.gz,,1,,,
ENCSR562HZE,https://www.encodeproject.org/files/ENCFF392NMZ/@@download/ENCFF392NMZ.fastq.gz,,1,,,
ENCSR562HZE,https://www.encodeproject.org/files/ENCFF650ULF/@@download/ENCFF650ULF.fastq.gz,,1,,,
ENCSR562HZE,https://www.encodeproject.org/files/ENCFF724QOO/@@download/ENCFF724QOO.fastq.gz,,1,,,
ENCSR562HZE,https://www.encodeproject.org/files/ENCFF773RKQ/@@download/ENCFF773RKQ.fastq.gz,,1,,,
ENCSR562HZE,https://www.encodeproject.org/files/ENCFF866OVM/@@download/ENCFF866OVM.fastq.gz,,1,,,
ENCSR563EFJ,https://www.encodeproject.org/files/ENCFF469CBH/@@download/ENCFF469CBH.fastq.gz,,1,,,
ENCSR563EFJ,https://www.encodeproject.org/files/ENCFF891ILZ/@@download/ENCFF891ILZ.fastq.gz,,1,,,
ENCSR563OLJ,https://www.encodeproject.org/files/ENCFF858WTP/@@download/ENCFF858WTP.fastq.gz,,1,,,
ENCSR563SVE,https://www.encodeproject.org/files/ENCFF101IHA/@@download/ENCFF101IHA.fastq.gz,,1,,,
ENCSR563SVE,https://www.encodeproject.org/files/ENCFF505RHM/@@download/ENCFF505RHM.fastq.gz,,1,,,
ENCSR563SVE,https://www.encodeproject.org/files/ENCFF719PNH/@@download/ENCFF719PNH.fastq.gz,,1,,,
ENCSR563SVE,https://www.encodeproject.org/files/ENCFF913WQY/@@download/ENCFF913WQY.fastq.gz,,1,,,
ENCSR563SVE,https://www.encodeproject.org/files/ENCFF405FJY/@@download/ENCFF405FJY.fastq.gz,,2,,,
ENCSR563SVE,https://www.encodeproject.org/files/ENCFF974ONB/@@download/ENCFF974ONB.fastq.gz,,2,,,
ENCSR564GJK,https://www.encodeproject.org/files/ENCFF703NAD/@@download/ENCFF703NAD.fastq.gz,,1,,,
ENCSR564GJK,https://www.encodeproject.org/files/ENCFF780WKN/@@download/ENCFF780WKN.fastq.gz,,1,,,
ENCSR564VBC,https://www.encodeproject.org/files/ENCFF483EJY/@@download/ENCFF483EJY.fastq.gz,,1,,,
ENCSR564VBC,https://www.encodeproject.org/files/ENCFF488BJV/@@download/ENCFF488BJV.fastq.gz,,1,,,
ENCSR564VBC,https://www.encodeproject.org/files/ENCFF520OYN/@@download/ENCFF520OYN.fastq.gz,,1,,,
ENCSR564VBC,https://www.encodeproject.org/files/ENCFF535ALQ/@@download/ENCFF535ALQ.fastq.gz,,1,,,
ENCSR564VBC,https://www.encodeproject.org/files/ENCFF558VYH/@@download/ENCFF558VYH.fastq.gz,,1,,,
ENCSR564VBC,https://www.encodeproject.org/files/ENCFF639EMU/@@download/ENCFF639EMU.fastq.gz,,1,,,
ENCSR564VBC,https://www.encodeproject.org/files/ENCFF741VKO/@@download/ENCFF741VKO.fastq.gz,,1,,,
ENCSR564VBC,https://www.encodeproject.org/files/ENCFF874SEE/@@download/ENCFF874SEE.fastq.gz,,1,,,
ENCSR564VBC,https://www.encodeproject.org/files/ENCFF171UPQ/@@download/ENCFF171UPQ.fastq.gz,,1,,,
ENCSR564VBC,https://www.encodeproject.org/files/ENCFF281UEH/@@download/ENCFF281UEH.fastq.gz,,1,,,
ENCSR564VBC,https://www.encodeproject.org/files/ENCFF600HBZ/@@download/ENCFF600HBZ.fastq.gz,,1,,,
ENCSR564VBC,https://www.encodeproject.org/files/ENCFF729XEZ/@@download/ENCFF729XEZ.fastq.gz,,1,,,
ENCSR566AUD,https://www.encodeproject.org/files/ENCFF226VKX/@@download/ENCFF226VKX.fastq.gz,,1,,,
ENCSR566AUD,https://www.encodeproject.org/files/ENCFF817OFD/@@download/ENCFF817OFD.fastq.gz,,2,,,
ENCSR568JFZ,https://www.encodeproject.org/files/ENCFF216PQG/@@download/ENCFF216PQG.fastq.gz,,1,,,
ENCSR568JFZ,https://www.encodeproject.org/files/ENCFF281QRK/@@download/ENCFF281QRK.fastq.gz,,1,,,
ENCSR568JFZ,https://www.encodeproject.org/files/ENCFF568FCX/@@download/ENCFF568FCX.fastq.gz,,1,,,
ENCSR568JFZ,https://www.encodeproject.org/files/ENCFF836UKY/@@download/ENCFF836UKY.fastq.gz,,1,,,
ENCSR568JFZ,https://www.encodeproject.org/files/ENCFF848FUY/@@download/ENCFF848FUY.fastq.gz,,1,,,
ENCSR568JFZ,https://www.encodeproject.org/files/ENCFF926UGR/@@download/ENCFF926UGR.fastq.gz,,1,,,
ENCSR569IIN,https://www.encodeproject.org/files/ENCFF002BBQ/@@download/ENCFF002BBQ.fastq.gz,,1,,,
ENCSR569IIN,https://www.encodeproject.org/files/ENCFF002BBC/@@download/ENCFF002BBC.fastq.gz,,2,,,
ENCSR569IIN,https://www.encodeproject.org/files/ENCFF536ZKX/@@download/ENCFF536ZKX.fastq.gz,,2,,,
ENCSR569IIN,https://www.encodeproject.org/files/ENCFF788ZCC/@@download/ENCFF788ZCC.fastq.gz,,2,,,
ENCSR570YPW,https://www.encodeproject.org/files/ENCFF782XZV/@@download/ENCFF782XZV.fastq.gz,,1,,,
ENCSR572GRM,https://www.encodeproject.org/files/ENCFF231VKU/@@download/ENCFF231VKU.fastq.gz,,1,,,
ENCSR572GRM,https://www.encodeproject.org/files/ENCFF410UDM/@@download/ENCFF410UDM.fastq.gz,,1,,,
ENCSR572GRM,https://www.encodeproject.org/files/ENCFF470FOD/@@download/ENCFF470FOD.fastq.gz,,1,,,
ENCSR572GRM,https://www.encodeproject.org/files/ENCFF675CMM/@@download/ENCFF675CMM.fastq.gz,,1,,,
ENCSR572GRM,https://www.encodeproject.org/files/ENCFF695OWQ/@@download/ENCFF695OWQ.fastq.gz,,1,,,
ENCSR572GRM,https://www.encodeproject.org/files/ENCFF732VFO/@@download/ENCFF732VFO.fastq.gz,,1,,,
ENCSR572GRM,https://www.encodeproject.org/files/ENCFF766CYC/@@download/ENCFF766CYC.fastq.gz,,1,,,
ENCSR572GRM,https://www.encodeproject.org/files/ENCFF897GHW/@@download/ENCFF897GHW.fastq.gz,,1,,,
ENCSR572GRM,https://www.encodeproject.org/files/ENCFF389IEO/@@download/ENCFF389IEO.fastq.gz,,1,,,
ENCSR572GRM,https://www.encodeproject.org/files/ENCFF535MBO/@@download/ENCFF535MBO.fastq.gz,,1,,,
ENCSR572GRM,https://www.encodeproject.org/files/ENCFF631QPO/@@download/ENCFF631QPO.fastq.gz,,1,,,
ENCSR572GRM,https://www.encodeproject.org/files/ENCFF704ZVH/@@download/ENCFF704ZVH.fastq.gz,,1,,,
ENCSR572GRM,https://www.encodeproject.org/files/ENCFF589MOG/@@download/ENCFF589MOG.fastq.gz,,2,,,
ENCSR572GRM,https://www.encodeproject.org/files/ENCFF795CUS/@@download/ENCFF795CUS.fastq.gz,,2,,,
ENCSR572GRM,https://www.encodeproject.org/files/ENCFF871UBT/@@download/ENCFF871UBT.fastq.gz,,2,,,
ENCSR572GRM,https://www.encodeproject.org/files/ENCFF903SNF/@@download/ENCFF903SNF.fastq.gz,,2,,,
ENCSR572GRM,https://www.encodeproject.org/files/ENCFF089OYT/@@download/ENCFF089OYT.fastq.gz,,2,,,
ENCSR572GRM,https://www.encodeproject.org/files/ENCFF149KAT/@@download/ENCFF149KAT.fastq.gz,,2,,,
ENCSR572GRM,https://www.encodeproject.org/files/ENCFF228QYA/@@download/ENCFF228QYA.fastq.gz,,2,,,
ENCSR572GRM,https://www.encodeproject.org/files/ENCFF259LBU/@@download/ENCFF259LBU.fastq.gz,,2,,,
ENCSR572GRM,https://www.encodeproject.org/files/ENCFF436MVN/@@download/ENCFF436MVN.fastq.gz,,2,,,
ENCSR572GRM,https://www.encodeproject.org/files/ENCFF448QYU/@@download/ENCFF448QYU.fastq.gz,,2,,,
ENCSR572GRM,https://www.encodeproject.org/files/ENCFF600KMS/@@download/ENCFF600KMS.fastq.gz,,2,,,
ENCSR572GRM,https://www.encodeproject.org/files/ENCFF976PWE/@@download/ENCFF976PWE.fastq.gz,,2,,,
ENCSR574WQE,https://www.encodeproject.org/files/ENCFF347MJY/@@download/ENCFF347MJY.fastq.gz,,1,,,
ENCSR576VXL,https://www.encodeproject.org/files/ENCFF031VXH/@@download/ENCFF031VXH.fastq.gz,,1,,,
ENCSR576VXL,https://www.encodeproject.org/files/ENCFF049HHA/@@download/ENCFF049HHA.fastq.gz,,1,,,
ENCSR576VXL,https://www.encodeproject.org/files/ENCFF133XTP/@@download/ENCFF133XTP.fastq.gz,,1,,,
ENCSR576VXL,https://www.encodeproject.org/files/ENCFF159IMO/@@download/ENCFF159IMO.fastq.gz,,1,,,
ENCSR576VXL,https://www.encodeproject.org/files/ENCFF204XFB/@@download/ENCFF204XFB.fastq.gz,,1,,,
ENCSR576VXL,https://www.encodeproject.org/files/ENCFF348LZS/@@download/ENCFF348LZS.fastq.gz,,1,,,
ENCSR576VXL,https://www.encodeproject.org/files/ENCFF530MSC/@@download/ENCFF530MSC.fastq.gz,,1,,,
ENCSR576VXL,https://www.encodeproject.org/files/ENCFF724LED/@@download/ENCFF724LED.fastq.gz,,1,,,
ENCSR576VXL,https://www.encodeproject.org/files/ENCFF105XFO/@@download/ENCFF105XFO.fastq.gz,,1,,,
ENCSR576VXL,https://www.encodeproject.org/files/ENCFF319FIF/@@download/ENCFF319FIF.fastq.gz,,1,,,
ENCSR576VXL,https://www.encodeproject.org/files/ENCFF431SOX/@@download/ENCFF431SOX.fastq.gz,,1,,,
ENCSR576VXL,https://www.encodeproject.org/files/ENCFF679VPR/@@download/ENCFF679VPR.fastq.gz,,1,,,
ENCSR576VXL,https://www.encodeproject.org/files/ENCFF129ZVI/@@download/ENCFF129ZVI.fastq.gz,,2,,,
ENCSR576VXL,https://www.encodeproject.org/files/ENCFF246HMN/@@download/ENCFF246HMN.fastq.gz,,2,,,
ENCSR576VXL,https://www.encodeproject.org/files/ENCFF704VLK/@@download/ENCFF704VLK.fastq.gz,,2,,,
ENCSR576VXL,https://www.encodeproject.org/files/ENCFF723YLZ/@@download/ENCFF723YLZ.fastq.gz,,2,,,
ENCSR576VXL,https://www.encodeproject.org/files/ENCFF507DYT/@@download/ENCFF507DYT.fastq.gz,,2,,,
ENCSR576VXL,https://www.encodeproject.org/files/ENCFF550TLM/@@download/ENCFF550TLM.fastq.gz,,2,,,
ENCSR576VXL,https://www.encodeproject.org/files/ENCFF672LTE/@@download/ENCFF672LTE.fastq.gz,,2,,,
ENCSR576VXL,https://www.encodeproject.org/files/ENCFF709HDX/@@download/ENCFF709HDX.fastq.gz,,2,,,
ENCSR577BCL,https://www.encodeproject.org/files/ENCFF587OOH/@@download/ENCFF587OOH.fastq.gz,,1,,,
ENCSR580WGM,https://www.encodeproject.org/files/ENCFF054AIM/@@download/ENCFF054AIM.fastq.gz,,1,,,
ENCSR580WGM,https://www.encodeproject.org/files/ENCFF732BVW/@@download/ENCFF732BVW.fastq.gz,,1,,,
ENCSR580WGM,https://www.encodeproject.org/files/ENCFF802ZZZ/@@download/ENCFF802ZZZ.fastq.gz,,1,,,
ENCSR580WGM,https://www.encodeproject.org/files/ENCFF965SVG/@@download/ENCFF965SVG.fastq.gz,,1,,,
ENCSR583BXC,https://www.encodeproject.org/files/ENCFF008ZDW/@@download/ENCFF008ZDW.fastq.gz,,1,,,
ENCSR583BXC,https://www.encodeproject.org/files/ENCFF074KIU/@@download/ENCFF074KIU.fastq.gz,,1,,,
ENCSR583BXC,https://www.encodeproject.org/files/ENCFF136SBT/@@download/ENCFF136SBT.fastq.gz,,1,,,
ENCSR583BXC,https://www.encodeproject.org/files/ENCFF266BIH/@@download/ENCFF266BIH.fastq.gz,,1,,,
ENCSR583BXC,https://www.encodeproject.org/files/ENCFF357OON/@@download/ENCFF357OON.fastq.gz,,1,,,
ENCSR583BXC,https://www.encodeproject.org/files/ENCFF555YDI/@@download/ENCFF555YDI.fastq.gz,,1,,,
ENCSR583BXC,https://www.encodeproject.org/files/ENCFF638DSU/@@download/ENCFF638DSU.fastq.gz,,1,,,
ENCSR583BXC,https://www.encodeproject.org/files/ENCFF653NHM/@@download/ENCFF653NHM.fastq.gz,,1,,,
ENCSR583BXC,https://www.encodeproject.org/files/ENCFF044MQH/@@download/ENCFF044MQH.fastq.gz,,1,,,
ENCSR583BXC,https://www.encodeproject.org/files/ENCFF121KVC/@@download/ENCFF121KVC.fastq.gz,,1,,,
ENCSR583BXC,https://www.encodeproject.org/files/ENCFF191LAW/@@download/ENCFF191LAW.fastq.gz,,1,,,
ENCSR583BXC,https://www.encodeproject.org/files/ENCFF265USZ/@@download/ENCFF265USZ.fastq.gz,,1,,,
ENCSR583BXC,https://www.encodeproject.org/files/ENCFF470FUM/@@download/ENCFF470FUM.fastq.gz,,1,,,
ENCSR583BXC,https://www.encodeproject.org/files/ENCFF489UDD/@@download/ENCFF489UDD.fastq.gz,,1,,,
ENCSR583BXC,https://www.encodeproject.org/files/ENCFF559ZGW/@@download/ENCFF559ZGW.fastq.gz,,1,,,
ENCSR583BXC,https://www.encodeproject.org/files/ENCFF642DZE/@@download/ENCFF642DZE.fastq.gz,,1,,,
ENCSR583DLA,https://www.encodeproject.org/files/ENCFF264CZE/@@download/ENCFF264CZE.fastq.gz,,1,,,
ENCSR583DLA,https://www.encodeproject.org/files/ENCFF435HBN/@@download/ENCFF435HBN.fastq.gz,,1,,,
ENCSR583MIW,https://www.encodeproject.org/files/ENCFF072YRA/@@download/ENCFF072YRA.fastq.gz,,1,,,
ENCSR583MIW,https://www.encodeproject.org/files/ENCFF078OUH/@@download/ENCFF078OUH.fastq.gz,,1,,,
ENCSR583MIW,https://www.encodeproject.org/files/ENCFF478XUQ/@@download/ENCFF478XUQ.fastq.gz,,1,,,
ENCSR583MIW,https://www.encodeproject.org/files/ENCFF533HRX/@@download/ENCFF533HRX.fastq.gz,,1,,,
ENCSR583MIW,https://www.encodeproject.org/files/ENCFF664FKG/@@download/ENCFF664FKG.fastq.gz,,1,,,
ENCSR583MIW,https://www.encodeproject.org/files/ENCFF839RYR/@@download/ENCFF839RYR.fastq.gz,,1,,,
ENCSR583MIW,https://www.encodeproject.org/files/ENCFF869TUU/@@download/ENCFF869TUU.fastq.gz,,1,,,
ENCSR583MIW,https://www.encodeproject.org/files/ENCFF954XNU/@@download/ENCFF954XNU.fastq.gz,,1,,,
ENCSR583MIW,https://www.encodeproject.org/files/ENCFF160PBS/@@download/ENCFF160PBS.fastq.gz,,1,,,
ENCSR583MIW,https://www.encodeproject.org/files/ENCFF204WOM/@@download/ENCFF204WOM.fastq.gz,,1,,,
ENCSR583MIW,https://www.encodeproject.org/files/ENCFF274CBE/@@download/ENCFF274CBE.fastq.gz,,1,,,
ENCSR583MIW,https://www.encodeproject.org/files/ENCFF370KJS/@@download/ENCFF370KJS.fastq.gz,,1,,,
ENCSR583MIW,https://www.encodeproject.org/files/ENCFF412ZAY/@@download/ENCFF412ZAY.fastq.gz,,1,,,
ENCSR583MIW,https://www.encodeproject.org/files/ENCFF489ICF/@@download/ENCFF489ICF.fastq.gz,,1,,,
ENCSR583MIW,https://www.encodeproject.org/files/ENCFF742SWF/@@download/ENCFF742SWF.fastq.gz,,1,,,
ENCSR583MIW,https://www.encodeproject.org/files/ENCFF990RMV/@@download/ENCFF990RMV.fastq.gz,,1,,,
ENCSR583XAM,https://www.encodeproject.org/files/ENCFF027XSY/@@download/ENCFF027XSY.fastq.gz,,1,,,
ENCSR583XAM,https://www.encodeproject.org/files/ENCFF442GKQ/@@download/ENCFF442GKQ.fastq.gz,,1,,,
ENCSR583XAM,https://www.encodeproject.org/files/ENCFF656UWM/@@download/ENCFF656UWM.fastq.gz,,1,,,
ENCSR583XAM,https://www.encodeproject.org/files/ENCFF686GZT/@@download/ENCFF686GZT.fastq.gz,,1,,,
ENCSR585FQO,https://www.encodeproject.org/files/ENCFF007ATP/@@download/ENCFF007ATP.fastq.gz,https://www.encodeproject.org/files/ENCFF056XEJ/@@download/ENCFF056XEJ.fastq.gz,1,,,
ENCSR585FQO,https://www.encodeproject.org/files/ENCFF928OBE/@@download/ENCFF928OBE.fastq.gz,https://www.encodeproject.org/files/ENCFF619MWU/@@download/ENCFF619MWU.fastq.gz,2,,,
ENCSR585UEE,https://www.encodeproject.org/files/ENCFF162QPX/@@download/ENCFF162QPX.fastq.gz,,1,,,
ENCSR585UEE,https://www.encodeproject.org/files/ENCFF447HFU/@@download/ENCFF447HFU.fastq.gz,,1,,,
ENCSR586IQI,https://www.encodeproject.org/files/ENCFF266EWA/@@download/ENCFF266EWA.fastq.gz,,1,,,
ENCSR586IQI,https://www.encodeproject.org/files/ENCFF918DCV/@@download/ENCFF918DCV.fastq.gz,,1,,,
ENCSR589NSH,https://www.encodeproject.org/files/ENCFF390MCT/@@download/ENCFF390MCT.fastq.gz,,1,,,
ENCSR590YGY,https://www.encodeproject.org/files/ENCFF136KWW/@@download/ENCFF136KWW.fastq.gz,,1,,,
ENCSR590YGY,https://www.encodeproject.org/files/ENCFF507DNV/@@download/ENCFF507DNV.fastq.gz,,1,,,
ENCSR592KRF,https://www.encodeproject.org/files/ENCFF980SCI/@@download/ENCFF980SCI.fastq.gz,,1,,,
ENCSR592KRF,https://www.encodeproject.org/files/ENCFF150YLW/@@download/ENCFF150YLW.fastq.gz,,1,,,
ENCSR595SMV,https://www.encodeproject.org/files/ENCFF121KFB/@@download/ENCFF121KFB.fastq.gz,,1,,,
ENCSR595SMV,https://www.encodeproject.org/files/ENCFF342ZXR/@@download/ENCFF342ZXR.fastq.gz,,1,,,
ENCSR595SMV,https://www.encodeproject.org/files/ENCFF700UWP/@@download/ENCFF700UWP.fastq.gz,,1,,,
ENCSR595SMV,https://www.encodeproject.org/files/ENCFF911DBY/@@download/ENCFF911DBY.fastq.gz,,1,,,
ENCSR595SMV,https://www.encodeproject.org/files/ENCFF484CVX/@@download/ENCFF484CVX.fastq.gz,,2,,,
ENCSR595SMV,https://www.encodeproject.org/files/ENCFF749YQA/@@download/ENCFF749YQA.fastq.gz,,2,,,
ENCSR597PTH,https://www.encodeproject.org/files/ENCFF094KFJ/@@download/ENCFF094KFJ.fastq.gz,,1,,,
ENCSR597PTH,https://www.encodeproject.org/files/ENCFF188MCT/@@download/ENCFF188MCT.fastq.gz,,1,,,
ENCSR597PTH,https://www.encodeproject.org/files/ENCFF504JIW/@@download/ENCFF504JIW.fastq.gz,,1,,,
ENCSR597PTH,https://www.encodeproject.org/files/ENCFF530YFA/@@download/ENCFF530YFA.fastq.gz,,1,,,
ENCSR597PTH,https://www.encodeproject.org/files/ENCFF332EWJ/@@download/ENCFF332EWJ.fastq.gz,,1,,,
ENCSR597PTH,https://www.encodeproject.org/files/ENCFF466MYR/@@download/ENCFF466MYR.fastq.gz,,1,,,
ENCSR597PTH,https://www.encodeproject.org/files/ENCFF576EBV/@@download/ENCFF576EBV.fastq.gz,,1,,,
ENCSR597PTH,https://www.encodeproject.org/files/ENCFF642CPK/@@download/ENCFF642CPK.fastq.gz,,1,,,
ENCSR603KDJ,https://www.encodeproject.org/files/ENCFF005NPA/@@download/ENCFF005NPA.fastq.gz,,1,,,
ENCSR603KDJ,https://www.encodeproject.org/files/ENCFF607QEZ/@@download/ENCFF607QEZ.fastq.gz,,1,,,
ENCSR603KDJ,https://www.encodeproject.org/files/ENCFF612FIO/@@download/ENCFF612FIO.fastq.gz,,1,,,
ENCSR603KDJ,https://www.encodeproject.org/files/ENCFF831BMR/@@download/ENCFF831BMR.fastq.gz,,1,,,
ENCSR603SVD,https://www.encodeproject.org/files/ENCFF158HCZ/@@download/ENCFF158HCZ.fastq.gz,,1,,,
ENCSR603SVD,https://www.encodeproject.org/files/ENCFF082OUX/@@download/ENCFF082OUX.fastq.gz,https://www.encodeproject.org/files/ENCFF591URX/@@download/ENCFF591URX.fastq.gz,1,,,
ENCSR603SVD,https://www.encodeproject.org/files/ENCFF533XEQ/@@download/ENCFF533XEQ.fastq.gz,https://www.encodeproject.org/files/ENCFF393TCX/@@download/ENCFF393TCX.fastq.gz,1,,,
ENCSR603SVD,https://www.encodeproject.org/files/ENCFF679GQT/@@download/ENCFF679GQT.fastq.gz,https://www.encodeproject.org/files/ENCFF610BDH/@@download/ENCFF610BDH.fastq.gz,1,,,
ENCSR603SVD,https://www.encodeproject.org/files/ENCFF682DEF/@@download/ENCFF682DEF.fastq.gz,https://www.encodeproject.org/files/ENCFF127LHW/@@download/ENCFF127LHW.fastq.gz,1,,,
ENCSR603SVD,https://www.encodeproject.org/files/ENCFF206YPV/@@download/ENCFF206YPV.fastq.gz,https://www.encodeproject.org/files/ENCFF256BQT/@@download/ENCFF256BQT.fastq.gz,2,,,
ENCSR603SVD,https://www.encodeproject.org/files/ENCFF835QIF/@@download/ENCFF835QIF.fastq.gz,https://www.encodeproject.org/files/ENCFF711KEQ/@@download/ENCFF711KEQ.fastq.gz,2,,,
ENCSR607UWA,https://www.encodeproject.org/files/ENCFF765RZR/@@download/ENCFF765RZR.fastq.gz,,1,,,
ENCSR607UWA,https://www.encodeproject.org/files/ENCFF863OCN/@@download/ENCFF863OCN.fastq.gz,,1,,,
ENCSR607UWA,https://www.encodeproject.org/files/ENCFF483CGD/@@download/ENCFF483CGD.fastq.gz,,1,,,
ENCSR607UWA,https://www.encodeproject.org/files/ENCFF487WCY/@@download/ENCFF487WCY.fastq.gz,,1,,,
ENCSR608IVH,https://www.encodeproject.org/files/ENCFF176WDD/@@download/ENCFF176WDD.fastq.gz,,1,,,
ENCSR608IVH,https://www.encodeproject.org/files/ENCFF277UJT/@@download/ENCFF277UJT.fastq.gz,,1,,,
ENCSR608IVH,https://www.encodeproject.org/files/ENCFF745IFH/@@download/ENCFF745IFH.fastq.gz,,1,,,
ENCSR608IVH,https://www.encodeproject.org/files/ENCFF818CFF/@@download/ENCFF818CFF.fastq.gz,,1,,,
ENCSR608IVH,https://www.encodeproject.org/files/ENCFF015CUD/@@download/ENCFF015CUD.fastq.gz,,1,,,
ENCSR608IVH,https://www.encodeproject.org/files/ENCFF237UIH/@@download/ENCFF237UIH.fastq.gz,,1,,,
ENCSR608IVH,https://www.encodeproject.org/files/ENCFF400TJD/@@download/ENCFF400TJD.fastq.gz,,1,,,
ENCSR608IVH,https://www.encodeproject.org/files/ENCFF537TSX/@@download/ENCFF537TSX.fastq.gz,,1,,,
ENCSR608IVH,https://www.encodeproject.org/files/ENCFF410DKO/@@download/ENCFF410DKO.fastq.gz,,2,,,
ENCSR608IVH,https://www.encodeproject.org/files/ENCFF462UEJ/@@download/ENCFF462UEJ.fastq.gz,,2,,,
ENCSR608IVH,https://www.encodeproject.org/files/ENCFF796OSE/@@download/ENCFF796OSE.fastq.gz,,2,,,
ENCSR608IVH,https://www.encodeproject.org/files/ENCFF917RBD/@@download/ENCFF917RBD.fastq.gz,,2,,,
ENCSR608IVH,https://www.encodeproject.org/files/ENCFF392SII/@@download/ENCFF392SII.fastq.gz,,2,,,
ENCSR608IVH,https://www.encodeproject.org/files/ENCFF434LIC/@@download/ENCFF434LIC.fastq.gz,,2,,,
ENCSR608IVH,https://www.encodeproject.org/files/ENCFF533PZG/@@download/ENCFF533PZG.fastq.gz,,2,,,
ENCSR608IVH,https://www.encodeproject.org/files/ENCFF628UEX/@@download/ENCFF628UEX.fastq.gz,,2,,,
ENCSR613JAK,https://www.encodeproject.org/files/ENCFF112EFB/@@download/ENCFF112EFB.fastq.gz,,1,,,
ENCSR613JAK,https://www.encodeproject.org/files/ENCFF572WQO/@@download/ENCFF572WQO.fastq.gz,,1,,,
ENCSR613JAK,https://www.encodeproject.org/files/ENCFF651MKX/@@download/ENCFF651MKX.fastq.gz,,1,,,
ENCSR613JAK,https://www.encodeproject.org/files/ENCFF853AIT/@@download/ENCFF853AIT.fastq.gz,,1,,,
ENCSR613JAK,https://www.encodeproject.org/files/ENCFF153AHJ/@@download/ENCFF153AHJ.fastq.gz,,1,,,
ENCSR613JAK,https://www.encodeproject.org/files/ENCFF206YRI/@@download/ENCFF206YRI.fastq.gz,,1,,,
ENCSR613JAK,https://www.encodeproject.org/files/ENCFF220MEX/@@download/ENCFF220MEX.fastq.gz,,1,,,
ENCSR613JAK,https://www.encodeproject.org/files/ENCFF245XLY/@@download/ENCFF245XLY.fastq.gz,,1,,,
ENCSR613JAK,https://www.encodeproject.org/files/ENCFF324XDQ/@@download/ENCFF324XDQ.fastq.gz,,1,,,
ENCSR613JAK,https://www.encodeproject.org/files/ENCFF374NCH/@@download/ENCFF374NCH.fastq.gz,,1,,,
ENCSR613JAK,https://www.encodeproject.org/files/ENCFF601WHF/@@download/ENCFF601WHF.fastq.gz,,1,,,
ENCSR613JAK,https://www.encodeproject.org/files/ENCFF658BIB/@@download/ENCFF658BIB.fastq.gz,,1,,,
ENCSR617MEB,https://www.encodeproject.org/files/ENCFF020WBJ/@@download/ENCFF020WBJ.fastq.gz,,1,,,
ENCSR617MEB,https://www.encodeproject.org/files/ENCFF277PNL/@@download/ENCFF277PNL.fastq.gz,,1,,,
ENCSR617MEB,https://www.encodeproject.org/files/ENCFF404SZJ/@@download/ENCFF404SZJ.fastq.gz,,1,,,
ENCSR617MEB,https://www.encodeproject.org/files/ENCFF597VSI/@@download/ENCFF597VSI.fastq.gz,,1,,,
ENCSR617MEB,https://www.encodeproject.org/files/ENCFF762NSP/@@download/ENCFF762NSP.fastq.gz,,1,,,
ENCSR617MEB,https://www.encodeproject.org/files/ENCFF918DVV/@@download/ENCFF918DVV.fastq.gz,,1,,,
ENCSR617ONQ,https://www.encodeproject.org/files/ENCFF420JDV/@@download/ENCFF420JDV.fastq.gz,,1,,,
ENCSR617ONQ,https://www.encodeproject.org/files/ENCFF423HHL/@@download/ENCFF423HHL.fastq.gz,,1,,,
ENCSR617ONQ,https://www.encodeproject.org/files/ENCFF616PUK/@@download/ENCFF616PUK.fastq.gz,,1,,,
ENCSR617ONQ,https://www.encodeproject.org/files/ENCFF748WCY/@@download/ENCFF748WCY.fastq.gz,,1,,,
ENCSR617ONQ,https://www.encodeproject.org/files/ENCFF004CFB/@@download/ENCFF004CFB.fastq.gz,,1,,,
ENCSR617ONQ,https://www.encodeproject.org/files/ENCFF099UCU/@@download/ENCFF099UCU.fastq.gz,,1,,,
ENCSR617ONQ,https://www.encodeproject.org/files/ENCFF235OUR/@@download/ENCFF235OUR.fastq.gz,,1,,,
ENCSR617ONQ,https://www.encodeproject.org/files/ENCFF521ILL/@@download/ENCFF521ILL.fastq.gz,,1,,,
ENCSR617ONQ,https://www.encodeproject.org/files/ENCFF607LBX/@@download/ENCFF607LBX.fastq.gz,,1,,,
ENCSR617ONQ,https://www.encodeproject.org/files/ENCFF705HOT/@@download/ENCFF705HOT.fastq.gz,,1,,,
ENCSR617ONQ,https://www.encodeproject.org/files/ENCFF718HFQ/@@download/ENCFF718HFQ.fastq.gz,,1,,,
ENCSR617ONQ,https://www.encodeproject.org/files/ENCFF983CFH/@@download/ENCFF983CFH.fastq.gz,,1,,,
ENCSR620XWM,https://www.encodeproject.org/files/ENCFF046RIH/@@download/ENCFF046RIH.fastq.gz,,1,,,
ENCSR620XWM,https://www.encodeproject.org/files/ENCFF113LEI/@@download/ENCFF113LEI.fastq.gz,,1,,,
ENCSR620XWM,https://www.encodeproject.org/files/ENCFF191LDB/@@download/ENCFF191LDB.fastq.gz,,1,,,
ENCSR620XWM,https://www.encodeproject.org/files/ENCFF855SLP/@@download/ENCFF855SLP.fastq.gz,,1,,,
ENCSR621OKB,https://www.encodeproject.org/files/ENCFF184FNT/@@download/ENCFF184FNT.fastq.gz,,1,,,
ENCSR621OKB,https://www.encodeproject.org/files/ENCFF782RSD/@@download/ENCFF782RSD.fastq.gz,,1,,,
ENCSR625BDY,https://www.encodeproject.org/files/ENCFF687LBW/@@download/ENCFF687LBW.fastq.gz,,1,,,
ENCSR625BDY,https://www.encodeproject.org/files/ENCFF849YXO/@@download/ENCFF849YXO.fastq.gz,,1,,,
ENCSR627RBH,https://www.encodeproject.org/files/ENCFF340EGF/@@download/ENCFF340EGF.fastq.gz,,1,,,
ENCSR627RBH,https://www.encodeproject.org/files/ENCFF496ZLN/@@download/ENCFF496ZLN.fastq.gz,,2,,,
ENCSR627RBH,https://www.encodeproject.org/files/ENCFF404KBB/@@download/ENCFF404KBB.fastq.gz,,3,,,
ENCSR628GIZ,https://www.encodeproject.org/files/ENCFF404AFK/@@download/ENCFF404AFK.fastq.gz,,1,,,
ENCSR628GIZ,https://www.encodeproject.org/files/ENCFF217LWR/@@download/ENCFF217LWR.fastq.gz,,1,,,
ENCSR629GZZ,https://www.encodeproject.org/files/ENCFF214ZUZ/@@download/ENCFF214ZUZ.fastq.gz,,1,,,
ENCSR629GZZ,https://www.encodeproject.org/files/ENCFF271CIF/@@download/ENCFF271CIF.fastq.gz,,1,,,
ENCSR629GZZ,https://www.encodeproject.org/files/ENCFF793MKB/@@download/ENCFF793MKB.fastq.gz,,1,,,
ENCSR629GZZ,https://www.encodeproject.org/files/ENCFF994CNY/@@download/ENCFF994CNY.fastq.gz,,1,,,
ENCSR629GZZ,https://www.encodeproject.org/files/ENCFF142DWK/@@download/ENCFF142DWK.fastq.gz,,1,,,
ENCSR629GZZ,https://www.encodeproject.org/files/ENCFF416UJV/@@download/ENCFF416UJV.fastq.gz,,1,,,
ENCSR629GZZ,https://www.encodeproject.org/files/ENCFF547BKQ/@@download/ENCFF547BKQ.fastq.gz,,1,,,
ENCSR629GZZ,https://www.encodeproject.org/files/ENCFF945BZS/@@download/ENCFF945BZS.fastq.gz,,1,,,
ENCSR632MPN,https://www.encodeproject.org/files/ENCFF190ZNF/@@download/ENCFF190ZNF.fastq.gz,,1,,,
ENCSR632MPN,https://www.encodeproject.org/files/ENCFF370VIZ/@@download/ENCFF370VIZ.fastq.gz,,1,,,
ENCSR632MPN,https://www.encodeproject.org/files/ENCFF390DVY/@@download/ENCFF390DVY.fastq.gz,,1,,,
ENCSR632MPN,https://www.encodeproject.org/files/ENCFF473YNU/@@download/ENCFF473YNU.fastq.gz,,1,,,
ENCSR632MPN,https://www.encodeproject.org/files/ENCFF562NQX/@@download/ENCFF562NQX.fastq.gz,,1,,,
ENCSR632MPN,https://www.encodeproject.org/files/ENCFF610LMK/@@download/ENCFF610LMK.fastq.gz,,1,,,
ENCSR632MPN,https://www.encodeproject.org/files/ENCFF637TMH/@@download/ENCFF637TMH.fastq.gz,,1,,,
ENCSR632MPN,https://www.encodeproject.org/files/ENCFF899XVV/@@download/ENCFF899XVV.fastq.gz,,1,,,
ENCSR632MPN,https://www.encodeproject.org/files/ENCFF166LXC/@@download/ENCFF166LXC.fastq.gz,,1,,,
ENCSR632MPN,https://www.encodeproject.org/files/ENCFF381GKZ/@@download/ENCFF381GKZ.fastq.gz,,1,,,
ENCSR632MPN,https://www.encodeproject.org/files/ENCFF395JCV/@@download/ENCFF395JCV.fastq.gz,,1,,,
ENCSR632MPN,https://www.encodeproject.org/files/ENCFF432LMI/@@download/ENCFF432LMI.fastq.gz,,1,,,
ENCSR632MPN,https://www.encodeproject.org/files/ENCFF722YFN/@@download/ENCFF722YFN.fastq.gz,,1,,,
ENCSR632MPN,https://www.encodeproject.org/files/ENCFF867SIX/@@download/ENCFF867SIX.fastq.gz,,1,,,
ENCSR632MPN,https://www.encodeproject.org/files/ENCFF881LKR/@@download/ENCFF881LKR.fastq.gz,,1,,,
ENCSR632MPN,https://www.encodeproject.org/files/ENCFF987IHP/@@download/ENCFF987IHP.fastq.gz,,1,,,
ENCSR634QZP,https://www.encodeproject.org/files/ENCFF066BXS/@@download/ENCFF066BXS.fastq.gz,,1,,,
ENCSR634QZP,https://www.encodeproject.org/files/ENCFF491YYW/@@download/ENCFF491YYW.fastq.gz,,1,,,
ENCSR634QZP,https://www.encodeproject.org/files/ENCFF737RAQ/@@download/ENCFF737RAQ.fastq.gz,,1,,,
ENCSR634QZP,https://www.encodeproject.org/files/ENCFF897ZWR/@@download/ENCFF897ZWR.fastq.gz,,1,,,
ENCSR634QZP,https://www.encodeproject.org/files/ENCFF402XNK/@@download/ENCFF402XNK.fastq.gz,,1,,,
ENCSR634QZP,https://www.encodeproject.org/files/ENCFF752QHN/@@download/ENCFF752QHN.fastq.gz,,1,,,
ENCSR634QZP,https://www.encodeproject.org/files/ENCFF943FCI/@@download/ENCFF943FCI.fastq.gz,,1,,,
ENCSR634QZP,https://www.encodeproject.org/files/ENCFF968EXV/@@download/ENCFF968EXV.fastq.gz,,1,,,
ENCSR638CSE,https://www.encodeproject.org/files/ENCFF114SCQ/@@download/ENCFF114SCQ.fastq.gz,,1,,,
ENCSR638CSE,https://www.encodeproject.org/files/ENCFF693DEF/@@download/ENCFF693DEF.fastq.gz,,1,,,
ENCSR638CSE,https://www.encodeproject.org/files/ENCFF742DRK/@@download/ENCFF742DRK.fastq.gz,,1,,,
ENCSR638CSE,https://www.encodeproject.org/files/ENCFF952ECT/@@download/ENCFF952ECT.fastq.gz,,1,,,
ENCSR638CSE,https://www.encodeproject.org/files/ENCFF038WIJ/@@download/ENCFF038WIJ.fastq.gz,,1,,,
ENCSR638CSE,https://www.encodeproject.org/files/ENCFF183IVK/@@download/ENCFF183IVK.fastq.gz,,1,,,
ENCSR638CSE,https://www.encodeproject.org/files/ENCFF440RWQ/@@download/ENCFF440RWQ.fastq.gz,,1,,,
ENCSR638CSE,https://www.encodeproject.org/files/ENCFF599KUM/@@download/ENCFF599KUM.fastq.gz,,1,,,
ENCSR638CSE,https://www.encodeproject.org/files/ENCFF638AIC/@@download/ENCFF638AIC.fastq.gz,,1,,,
ENCSR638CSE,https://www.encodeproject.org/files/ENCFF667QHM/@@download/ENCFF667QHM.fastq.gz,,1,,,
ENCSR638CSE,https://www.encodeproject.org/files/ENCFF701JSR/@@download/ENCFF701JSR.fastq.gz,,1,,,
ENCSR638CSE,https://www.encodeproject.org/files/ENCFF929MIA/@@download/ENCFF929MIA.fastq.gz,,1,,,
ENCSR639HUV,https://www.encodeproject.org/files/ENCFF173CNB/@@download/ENCFF173CNB.fastq.gz,,1,,,
ENCSR639HUV,https://www.encodeproject.org/files/ENCFF260WWT/@@download/ENCFF260WWT.fastq.gz,,1,,,
ENCSR639HUV,https://www.encodeproject.org/files/ENCFF385YRR/@@download/ENCFF385YRR.fastq.gz,,1,,,
ENCSR642LNB,https://www.encodeproject.org/files/ENCFF315XZF/@@download/ENCFF315XZF.fastq.gz,,1,,,
ENCSR642LNB,https://www.encodeproject.org/files/ENCFF363GJA/@@download/ENCFF363GJA.fastq.gz,,1,,,
ENCSR642LNB,https://www.encodeproject.org/files/ENCFF857GIV/@@download/ENCFF857GIV.fastq.gz,,1,,,
ENCSR642LNB,https://www.encodeproject.org/files/ENCFF915YSH/@@download/ENCFF915YSH.fastq.gz,,1,,,
ENCSR642QDW,https://www.encodeproject.org/files/ENCFF010XKC/@@download/ENCFF010XKC.fastq.gz,,1,,,
ENCSR642QDW,https://www.encodeproject.org/files/ENCFF048DDF/@@download/ENCFF048DDF.fastq.gz,,1,,,
ENCSR642QDW,https://www.encodeproject.org/files/ENCFF241LMO/@@download/ENCFF241LMO.fastq.gz,,2,,,
ENCSR642QDW,https://www.encodeproject.org/files/ENCFF361CTF/@@download/ENCFF361CTF.fastq.gz,,2,,,
ENCSR642TGI,https://www.encodeproject.org/files/ENCFF190DIA/@@download/ENCFF190DIA.fastq.gz,,1,,,
ENCSR642TGI,https://www.encodeproject.org/files/ENCFF485KXO/@@download/ENCFF485KXO.fastq.gz,,1,,,
ENCSR642TGI,https://www.encodeproject.org/files/ENCFF733LTO/@@download/ENCFF733LTO.fastq.gz,,1,,,
ENCSR642TGI,https://www.encodeproject.org/files/ENCFF777LPA/@@download/ENCFF777LPA.fastq.gz,,1,,,
ENCSR644CBZ,https://www.encodeproject.org/files/ENCFF526EBG/@@download/ENCFF526EBG.fastq.gz,,1,,,
ENCSR644CBZ,https://www.encodeproject.org/files/ENCFF892GTI/@@download/ENCFF892GTI.fastq.gz,,1,,,
ENCSR644CBZ,https://www.encodeproject.org/files/ENCFF955GRV/@@download/ENCFF955GRV.fastq.gz,,1,,,
ENCSR644XSS,https://www.encodeproject.org/files/ENCFF088PAL/@@download/ENCFF088PAL.fastq.gz,,1,,,
ENCSR644XSS,https://www.encodeproject.org/files/ENCFF417GHC/@@download/ENCFF417GHC.fastq.gz,,1,,,
ENCSR644XSS,https://www.encodeproject.org/files/ENCFF286KQR/@@download/ENCFF286KQR.fastq.gz,,1,,,
ENCSR644XSS,https://www.encodeproject.org/files/ENCFF336CGP/@@download/ENCFF336CGP.fastq.gz,,1,,,
ENCSR644XSS,https://www.encodeproject.org/files/ENCFF491EFC/@@download/ENCFF491EFC.fastq.gz,,1,,,
ENCSR644XSS,https://www.encodeproject.org/files/ENCFF846ERB/@@download/ENCFF846ERB.fastq.gz,,1,,,
ENCSR646FGM,https://www.encodeproject.org/files/ENCFF097ESU/@@download/ENCFF097ESU.fastq.gz,,1,,,
ENCSR646FGM,https://www.encodeproject.org/files/ENCFF112ANY/@@download/ENCFF112ANY.fastq.gz,,1,,,
ENCSR646FGM,https://www.encodeproject.org/files/ENCFF488ANK/@@download/ENCFF488ANK.fastq.gz,,1,,,
ENCSR646FGM,https://www.encodeproject.org/files/ENCFF640FUN/@@download/ENCFF640FUN.fastq.gz,,1,,,
ENCSR646FGM,https://www.encodeproject.org/files/ENCFF313JSZ/@@download/ENCFF313JSZ.fastq.gz,,1,,,
ENCSR646FGM,https://www.encodeproject.org/files/ENCFF494HXX/@@download/ENCFF494HXX.fastq.gz,,1,,,
ENCSR646FGM,https://www.encodeproject.org/files/ENCFF528SCV/@@download/ENCFF528SCV.fastq.gz,,1,,,
ENCSR646FGM,https://www.encodeproject.org/files/ENCFF803PUZ/@@download/ENCFF803PUZ.fastq.gz,,1,,,
ENCSR650AIN,https://www.encodeproject.org/files/ENCFF125HRP/@@download/ENCFF125HRP.fastq.gz,,1,,,
ENCSR650AIN,https://www.encodeproject.org/files/ENCFF284IIO/@@download/ENCFF284IIO.fastq.gz,,1,,,
ENCSR650AIN,https://www.encodeproject.org/files/ENCFF287CYP/@@download/ENCFF287CYP.fastq.gz,,1,,,
ENCSR650AIN,https://www.encodeproject.org/files/ENCFF319MHX/@@download/ENCFF319MHX.fastq.gz,,1,,,
ENCSR650AIN,https://www.encodeproject.org/files/ENCFF469FKH/@@download/ENCFF469FKH.fastq.gz,,1,,,
ENCSR650AIN,https://www.encodeproject.org/files/ENCFF726DGG/@@download/ENCFF726DGG.fastq.gz,,1,,,
ENCSR650AIN,https://www.encodeproject.org/files/ENCFF802CEZ/@@download/ENCFF802CEZ.fastq.gz,,1,,,
ENCSR650AIN,https://www.encodeproject.org/files/ENCFF917MOC/@@download/ENCFF917MOC.fastq.gz,,1,,,
ENCSR650AIN,https://www.encodeproject.org/files/ENCFF025VMD/@@download/ENCFF025VMD.fastq.gz,,1,,,
ENCSR650AIN,https://www.encodeproject.org/files/ENCFF092DEJ/@@download/ENCFF092DEJ.fastq.gz,,1,,,
ENCSR650AIN,https://www.encodeproject.org/files/ENCFF550QHV/@@download/ENCFF550QHV.fastq.gz,,1,,,
ENCSR650AIN,https://www.encodeproject.org/files/ENCFF597AKT/@@download/ENCFF597AKT.fastq.gz,,1,,,
ENCSR650AIN,https://www.encodeproject.org/files/ENCFF183JUD/@@download/ENCFF183JUD.fastq.gz,,2,,,
ENCSR650AIN,https://www.encodeproject.org/files/ENCFF505RYD/@@download/ENCFF505RYD.fastq.gz,,2,,,
ENCSR650AIN,https://www.encodeproject.org/files/ENCFF605BSM/@@download/ENCFF605BSM.fastq.gz,,2,,,
ENCSR650AIN,https://www.encodeproject.org/files/ENCFF732BGO/@@download/ENCFF732BGO.fastq.gz,,2,,,
ENCSR650AIN,https://www.encodeproject.org/files/ENCFF125PCW/@@download/ENCFF125PCW.fastq.gz,,2,,,
ENCSR650AIN,https://www.encodeproject.org/files/ENCFF779DJX/@@download/ENCFF779DJX.fastq.gz,,2,,,
ENCSR650AIN,https://www.encodeproject.org/files/ENCFF805QZS/@@download/ENCFF805QZS.fastq.gz,,2,,,
ENCSR650AIN,https://www.encodeproject.org/files/ENCFF877QHT/@@download/ENCFF877QHT.fastq.gz,,2,,,
ENCSR650EVQ,https://www.encodeproject.org/files/ENCFF018EDQ/@@download/ENCFF018EDQ.fastq.gz,,1,,,
ENCSR650EVQ,https://www.encodeproject.org/files/ENCFF394YVI/@@download/ENCFF394YVI.fastq.gz,,1,,,
ENCSR650EVQ,https://www.encodeproject.org/files/ENCFF861CTR/@@download/ENCFF861CTR.fastq.gz,,1,,,
ENCSR650EVQ,https://www.encodeproject.org/files/ENCFF958RRI/@@download/ENCFF958RRI.fastq.gz,,1,,,
ENCSR651ISB,https://www.encodeproject.org/files/ENCFF116APJ/@@download/ENCFF116APJ.fastq.gz,,1,,,
ENCSR651ISB,https://www.encodeproject.org/files/ENCFF355WSL/@@download/ENCFF355WSL.fastq.gz,,1,,,
ENCSR651ISB,https://www.encodeproject.org/files/ENCFF049MGK/@@download/ENCFF049MGK.fastq.gz,,1,,,
ENCSR651ISB,https://www.encodeproject.org/files/ENCFF688CVD/@@download/ENCFF688CVD.fastq.gz,,1,,,
ENCSR651ISB,https://www.encodeproject.org/files/ENCFF133OAY/@@download/ENCFF133OAY.fastq.gz,,2,,,
ENCSR651ISB,https://www.encodeproject.org/files/ENCFF218WDY/@@download/ENCFF218WDY.fastq.gz,,2,,,
ENCSR651ISB,https://www.encodeproject.org/files/ENCFF582FZN/@@download/ENCFF582FZN.fastq.gz,,2,,,
ENCSR651ISB,https://www.encodeproject.org/files/ENCFF763QXK/@@download/ENCFF763QXK.fastq.gz,,2,,,
ENCSR651ISB,https://www.encodeproject.org/files/ENCFF053ELM/@@download/ENCFF053ELM.fastq.gz,,2,,,
ENCSR651ISB,https://www.encodeproject.org/files/ENCFF118KSO/@@download/ENCFF118KSO.fastq.gz,,2,,,
ENCSR651ISB,https://www.encodeproject.org/files/ENCFF627WIL/@@download/ENCFF627WIL.fastq.gz,,2,,,
ENCSR651ISB,https://www.encodeproject.org/files/ENCFF733NVE/@@download/ENCFF733NVE.fastq.gz,,2,,,
ENCSR651ISB,https://www.encodeproject.org/files/ENCFF305YDT/@@download/ENCFF305YDT.fastq.gz,,3,,,
ENCSR651ISB,https://www.encodeproject.org/files/ENCFF588FZR/@@download/ENCFF588FZR.fastq.gz,,3,,,
ENCSR651ISB,https://www.encodeproject.org/files/ENCFF670FUY/@@download/ENCFF670FUY.fastq.gz,,3,,,
ENCSR651ISB,https://www.encodeproject.org/files/ENCFF724YLH/@@download/ENCFF724YLH.fastq.gz,,3,,,
ENCSR651ISB,https://www.encodeproject.org/files/ENCFF280LQL/@@download/ENCFF280LQL.fastq.gz,,3,,,
ENCSR651ISB,https://www.encodeproject.org/files/ENCFF563NMA/@@download/ENCFF563NMA.fastq.gz,,3,,,
ENCSR651ISB,https://www.encodeproject.org/files/ENCFF698YKB/@@download/ENCFF698YKB.fastq.gz,,3,,,
ENCSR651ISB,https://www.encodeproject.org/files/ENCFF868GZS/@@download/ENCFF868GZS.fastq.gz,,3,,,
ENCSR652EPR,https://www.encodeproject.org/files/ENCFF067KOA/@@download/ENCFF067KOA.fastq.gz,,1,,,
ENCSR652EPR,https://www.encodeproject.org/files/ENCFF142HVK/@@download/ENCFF142HVK.fastq.gz,,1,,,
ENCSR652EPR,https://www.encodeproject.org/files/ENCFF145VOM/@@download/ENCFF145VOM.fastq.gz,,1,,,
ENCSR652EPR,https://www.encodeproject.org/files/ENCFF228AVN/@@download/ENCFF228AVN.fastq.gz,,1,,,
ENCSR652ULP,https://www.encodeproject.org/files/ENCFF597CXC/@@download/ENCFF597CXC.fastq.gz,,1,,,
ENCSR652ZLE,https://www.encodeproject.org/files/ENCFF182DKW/@@download/ENCFF182DKW.fastq.gz,,1,,,
ENCSR659WYW,https://www.encodeproject.org/files/ENCFF053YSY/@@download/ENCFF053YSY.fastq.gz,,1,,,
ENCSR659WYW,https://www.encodeproject.org/files/ENCFF060HIR/@@download/ENCFF060HIR.fastq.gz,,1,,,
ENCSR659WYW,https://www.encodeproject.org/files/ENCFF453NAX/@@download/ENCFF453NAX.fastq.gz,,1,,,
ENCSR659WYW,https://www.encodeproject.org/files/ENCFF489RYI/@@download/ENCFF489RYI.fastq.gz,,1,,,
ENCSR663GIS,https://www.encodeproject.org/files/ENCFF468MPQ/@@download/ENCFF468MPQ.fastq.gz,https://www.encodeproject.org/files/ENCFF457QAU/@@download/ENCFF457QAU.fastq.gz,1,,,
ENCSR664MLM,https://www.encodeproject.org/files/ENCFF535UZX/@@download/ENCFF535UZX.fastq.gz,,1,,,
ENCSR672UXO,https://www.encodeproject.org/files/ENCFF883MCA/@@download/ENCFF883MCA.fastq.gz,https://www.encodeproject.org/files/ENCFF316TSO/@@download/ENCFF316TSO.fastq.gz,1,,,
ENCSR675ZDM,https://www.encodeproject.org/files/ENCFF202FHP/@@download/ENCFF202FHP.fastq.gz,,1,,,
ENCSR675ZDM,https://www.encodeproject.org/files/ENCFF298EHF/@@download/ENCFF298EHF.fastq.gz,,1,,,
ENCSR675ZDM,https://www.encodeproject.org/files/ENCFF380YND/@@download/ENCFF380YND.fastq.gz,,1,,,
ENCSR675ZDM,https://www.encodeproject.org/files/ENCFF564EUO/@@download/ENCFF564EUO.fastq.gz,,1,,,
ENCSR683VJG,https://www.encodeproject.org/files/ENCFF294ADK/@@download/ENCFF294ADK.fastq.gz,,1,,,
ENCSR683VJG,https://www.encodeproject.org/files/ENCFF503CLZ/@@download/ENCFF503CLZ.fastq.gz,,1,,,
ENCSR683VJG,https://www.encodeproject.org/files/ENCFF595JFP/@@download/ENCFF595JFP.fastq.gz,,1,,,
ENCSR683VJG,https://www.encodeproject.org/files/ENCFF805WCE/@@download/ENCFF805WCE.fastq.gz,,1,,,
ENCSR683VJG,https://www.encodeproject.org/files/ENCFF043SEM/@@download/ENCFF043SEM.fastq.gz,,1,,,
ENCSR683VJG,https://www.encodeproject.org/files/ENCFF302EGP/@@download/ENCFF302EGP.fastq.gz,,1,,,
ENCSR683VJG,https://www.encodeproject.org/files/ENCFF402MWS/@@download/ENCFF402MWS.fastq.gz,,1,,,
ENCSR683VJG,https://www.encodeproject.org/files/ENCFF797GKU/@@download/ENCFF797GKU.fastq.gz,,1,,,
ENCSR687HYO,https://www.encodeproject.org/files/ENCFF229EVL/@@download/ENCFF229EVL.fastq.gz,,1,,,
ENCSR687YOP,https://www.encodeproject.org/files/ENCFF224FXM/@@download/ENCFF224FXM.fastq.gz,,1,,,
ENCSR687ZYY,https://www.encodeproject.org/files/ENCFF043CYN/@@download/ENCFF043CYN.fastq.gz,,1,,,
ENCSR688CIB,https://www.encodeproject.org/files/ENCFF219ZTD/@@download/ENCFF219ZTD.fastq.gz,,1,,,
ENCSR688CIB,https://www.encodeproject.org/files/ENCFF493KOY/@@download/ENCFF493KOY.fastq.gz,,1,,,
ENCSR688CIB,https://www.encodeproject.org/files/ENCFF171PZA/@@download/ENCFF171PZA.fastq.gz,,1,,,
ENCSR694AEQ,https://www.encodeproject.org/files/ENCFF434FMH/@@download/ENCFF434FMH.fastq.gz,,1,,,
ENCSR696HNV,https://www.encodeproject.org/files/ENCFF125ION/@@download/ENCFF125ION.fastq.gz,,1,,,
ENCSR696HNV,https://www.encodeproject.org/files/ENCFF583HJA/@@download/ENCFF583HJA.fastq.gz,,1,,,
ENCSR696HNV,https://www.encodeproject.org/files/ENCFF592QUT/@@download/ENCFF592QUT.fastq.gz,,1,,,
ENCSR696HNV,https://www.encodeproject.org/files/ENCFF940JPR/@@download/ENCFF940JPR.fastq.gz,,1,,,
ENCSR696HNV,https://www.encodeproject.org/files/ENCFF014FMI/@@download/ENCFF014FMI.fastq.gz,,1,,,
ENCSR696HNV,https://www.encodeproject.org/files/ENCFF062VXA/@@download/ENCFF062VXA.fastq.gz,,1,,,
ENCSR696HNV,https://www.encodeproject.org/files/ENCFF118GYD/@@download/ENCFF118GYD.fastq.gz,,1,,,
ENCSR696HNV,https://www.encodeproject.org/files/ENCFF293NAD/@@download/ENCFF293NAD.fastq.gz,,1,,,
ENCSR698TWO,https://www.encodeproject.org/files/ENCFF368PMG/@@download/ENCFF368PMG.fastq.gz,https://www.encodeproject.org/files/ENCFF532TTF/@@download/ENCFF532TTF.fastq.gz,1,,,
ENCSR698YQL,https://www.encodeproject.org/files/ENCFF035AXH/@@download/ENCFF035AXH.fastq.gz,,1,,,
ENCSR698YQL,https://www.encodeproject.org/files/ENCFF096MXJ/@@download/ENCFF096MXJ.fastq.gz,,1,,,
ENCSR698YQL,https://www.encodeproject.org/files/ENCFF438PBH/@@download/ENCFF438PBH.fastq.gz,,1,,,
ENCSR698YQL,https://www.encodeproject.org/files/ENCFF677MQT/@@download/ENCFF677MQT.fastq.gz,,1,,,
ENCSR698YQL,https://www.encodeproject.org/files/ENCFF098LGA/@@download/ENCFF098LGA.fastq.gz,,1,,,
ENCSR698YQL,https://www.encodeproject.org/files/ENCFF391JIN/@@download/ENCFF391JIN.fastq.gz,,1,,,
ENCSR698YQL,https://www.encodeproject.org/files/ENCFF638ALM/@@download/ENCFF638ALM.fastq.gz,,1,,,
ENCSR698YQL,https://www.encodeproject.org/files/ENCFF751CCT/@@download/ENCFF751CCT.fastq.gz,,1,,,
ENCSR700CAX,https://www.encodeproject.org/files/ENCFF650QEJ/@@download/ENCFF650QEJ.fastq.gz,,1,,,
ENCSR700CAX,https://www.encodeproject.org/files/ENCFF782IRK/@@download/ENCFF782IRK.fastq.gz,,1,,,
ENCSR700CAX,https://www.encodeproject.org/files/ENCFF417BHO/@@download/ENCFF417BHO.fastq.gz,,1,,,
ENCSR700CAX,https://www.encodeproject.org/files/ENCFF741YPY/@@download/ENCFF741YPY.fastq.gz,,1,,,
ENCSR704JMY,https://www.encodeproject.org/files/ENCFF428ZLL/@@download/ENCFF428ZLL.fastq.gz,,1,,,
ENCSR704JMY,https://www.encodeproject.org/files/ENCFF451OVJ/@@download/ENCFF451OVJ.fastq.gz,,1,,,
ENCSR704JMY,https://www.encodeproject.org/files/ENCFF771FGQ/@@download/ENCFF771FGQ.fastq.gz,,1,,,
ENCSR704JMY,https://www.encodeproject.org/files/ENCFF959RSI/@@download/ENCFF959RSI.fastq.gz,,1,,,
ENCSR704QBF,https://www.encodeproject.org/files/ENCFF817SAJ/@@download/ENCFF817SAJ.fastq.gz,,1,,,
ENCSR704QBF,https://www.encodeproject.org/files/ENCFF920GLC/@@download/ENCFF920GLC.fastq.gz,,1,,,
ENCSR707TMM,https://www.encodeproject.org/files/ENCFF113BMS/@@download/ENCFF113BMS.fastq.gz,,1,,,
ENCSR707TMM,https://www.encodeproject.org/files/ENCFF054LZZ/@@download/ENCFF054LZZ.fastq.gz,,2,,,
ENCSR707TMM,https://www.encodeproject.org/files/ENCFF168STH/@@download/ENCFF168STH.fastq.gz,,2,,,
ENCSR707TMM,https://www.encodeproject.org/files/ENCFF175GQQ/@@download/ENCFF175GQQ.fastq.gz,,2,,,
ENCSR707TMM,https://www.encodeproject.org/files/ENCFF606EYK/@@download/ENCFF606EYK.fastq.gz,,2,,,
ENCSR707TMM,https://www.encodeproject.org/files/ENCFF825IBW/@@download/ENCFF825IBW.fastq.gz,,2,,,
ENCSR707TMM,https://www.encodeproject.org/files/ENCFF084HEK/@@download/ENCFF084HEK.fastq.gz,,3,,,
ENCSR707TMM,https://www.encodeproject.org/files/ENCFF042HQU/@@download/ENCFF042HQU.fastq.gz,,4,,,
ENCSR707TMM,https://www.encodeproject.org/files/ENCFF143CSZ/@@download/ENCFF143CSZ.fastq.gz,,4,,,
ENCSR707TMM,https://www.encodeproject.org/files/ENCFF514FFU/@@download/ENCFF514FFU.fastq.gz,,4,,,
ENCSR707TMM,https://www.encodeproject.org/files/ENCFF880NQD/@@download/ENCFF880NQD.fastq.gz,,4,,,
ENCSR707TMM,https://www.encodeproject.org/files/ENCFF949LER/@@download/ENCFF949LER.fastq.gz,,4,,,
ENCSR707TMM,https://www.encodeproject.org/files/ENCFF088FNX/@@download/ENCFF088FNX.fastq.gz,,5,,,
ENCSR707TMM,https://www.encodeproject.org/files/ENCFF599JOR/@@download/ENCFF599JOR.fastq.gz,,5,,,
ENCSR708OCZ,https://www.encodeproject.org/files/ENCFF374GFS/@@download/ENCFF374GFS.fastq.gz,,1,,,
ENCSR708OCZ,https://www.encodeproject.org/files/ENCFF900OVK/@@download/ENCFF900OVK.fastq.gz,,1,,,
ENCSR708OCZ,https://www.encodeproject.org/files/ENCFF628ACN/@@download/ENCFF628ACN.fastq.gz,,1,,,
ENCSR708OCZ,https://www.encodeproject.org/files/ENCFF669SFS/@@download/ENCFF669SFS.fastq.gz,,1,,,
ENCSR708OCZ,https://www.encodeproject.org/files/ENCFF065YVM/@@download/ENCFF065YVM.fastq.gz,,1,,,
ENCSR708OCZ,https://www.encodeproject.org/files/ENCFF378TZE/@@download/ENCFF378TZE.fastq.gz,,1,,,
ENCSR708TMV,https://www.encodeproject.org/files/ENCFF362IJE/@@download/ENCFF362IJE.fastq.gz,,1,,,
ENCSR708TMV,https://www.encodeproject.org/files/ENCFF400KZD/@@download/ENCFF400KZD.fastq.gz,,1,,,
ENCSR708TMV,https://www.encodeproject.org/files/ENCFF450RDO/@@download/ENCFF450RDO.fastq.gz,,1,,,
ENCSR708TMV,https://www.encodeproject.org/files/ENCFF942GWK/@@download/ENCFF942GWK.fastq.gz,,1,,,
ENCSR708TMV,https://www.encodeproject.org/files/ENCFF341KCY/@@download/ENCFF341KCY.fastq.gz,,1,,,
ENCSR708TMV,https://www.encodeproject.org/files/ENCFF807LUV/@@download/ENCFF807LUV.fastq.gz,,1,,,
ENCSR708TMV,https://www.encodeproject.org/files/ENCFF853CCE/@@download/ENCFF853CCE.fastq.gz,,1,,,
ENCSR708TMV,https://www.encodeproject.org/files/ENCFF940ZOG/@@download/ENCFF940ZOG.fastq.gz,,1,,,
ENCSR708TMV,https://www.encodeproject.org/files/ENCFF010UJM/@@download/ENCFF010UJM.fastq.gz,,1,,,
ENCSR708TMV,https://www.encodeproject.org/files/ENCFF615AJO/@@download/ENCFF615AJO.fastq.gz,,1,,,
ENCSR708TMV,https://www.encodeproject.org/files/ENCFF922WUR/@@download/ENCFF922WUR.fastq.gz,,1,,,
ENCSR708TMV,https://www.encodeproject.org/files/ENCFF997QBR/@@download/ENCFF997QBR.fastq.gz,,1,,,
ENCSR708TMV,https://www.encodeproject.org/files/ENCFF012OYK/@@download/ENCFF012OYK.fastq.gz,,1,,,
ENCSR708TMV,https://www.encodeproject.org/files/ENCFF045KEC/@@download/ENCFF045KEC.fastq.gz,,1,,,
ENCSR708TMV,https://www.encodeproject.org/files/ENCFF149CSP/@@download/ENCFF149CSP.fastq.gz,,1,,,
ENCSR708TMV,https://www.encodeproject.org/files/ENCFF952RWT/@@download/ENCFF952RWT.fastq.gz,,1,,,
ENCSR711URW,https://www.encodeproject.org/files/ENCFF676NVD/@@download/ENCFF676NVD.fastq.gz,,1,,,
ENCSR711URW,https://www.encodeproject.org/files/ENCFF987UPV/@@download/ENCFF987UPV.fastq.gz,,1,,,
ENCSR711URW,https://www.encodeproject.org/files/ENCFF395SFG/@@download/ENCFF395SFG.fastq.gz,,1,,,
ENCSR711URW,https://www.encodeproject.org/files/ENCFF665KVL/@@download/ENCFF665KVL.fastq.gz,,1,,,
ENCSR711URW,https://www.encodeproject.org/files/ENCFF381PRV/@@download/ENCFF381PRV.fastq.gz,,2,,,
ENCSR711URW,https://www.encodeproject.org/files/ENCFF706YBP/@@download/ENCFF706YBP.fastq.gz,,2,,,
ENCSR711URW,https://www.encodeproject.org/files/ENCFF781NAI/@@download/ENCFF781NAI.fastq.gz,,2,,,
ENCSR711URW,https://www.encodeproject.org/files/ENCFF782IVM/@@download/ENCFF782IVM.fastq.gz,,2,,,
ENCSR711URW,https://www.encodeproject.org/files/ENCFF901IKR/@@download/ENCFF901IKR.fastq.gz,,2,,,
ENCSR711URW,https://www.encodeproject.org/files/ENCFF960KHR/@@download/ENCFF960KHR.fastq.gz,,2,,,
ENCSR711URW,https://www.encodeproject.org/files/ENCFF002MFG/@@download/ENCFF002MFG.fastq.gz,,2,,,
ENCSR711URW,https://www.encodeproject.org/files/ENCFF149SVR/@@download/ENCFF149SVR.fastq.gz,,2,,,
ENCSR711URW,https://www.encodeproject.org/files/ENCFF399TYX/@@download/ENCFF399TYX.fastq.gz,,2,,,
ENCSR711URW,https://www.encodeproject.org/files/ENCFF420XCA/@@download/ENCFF420XCA.fastq.gz,,2,,,
ENCSR711URW,https://www.encodeproject.org/files/ENCFF455PUA/@@download/ENCFF455PUA.fastq.gz,,2,,,
ENCSR711URW,https://www.encodeproject.org/files/ENCFF679EXB/@@download/ENCFF679EXB.fastq.gz,,2,,,
ENCSR714CKG,https://www.encodeproject.org/files/ENCFF416TNH/@@download/ENCFF416TNH.fastq.gz,,1,,,
ENCSR714CKG,https://www.encodeproject.org/files/ENCFF261YBL/@@download/ENCFF261YBL.fastq.gz,,2,,,
ENCSR714CKG,https://www.encodeproject.org/files/ENCFF645YSL/@@download/ENCFF645YSL.fastq.gz,,2,,,
ENCSR714CKG,https://www.encodeproject.org/files/ENCFF763LON/@@download/ENCFF763LON.fastq.gz,,2,,,
ENCSR714CKG,https://www.encodeproject.org/files/ENCFF893FAW/@@download/ENCFF893FAW.fastq.gz,,2,,,
ENCSR714CKG,https://www.encodeproject.org/files/ENCFF990QWI/@@download/ENCFF990QWI.fastq.gz,,2,,,
ENCSR714GKF,https://www.encodeproject.org/files/ENCFF045UXL/@@download/ENCFF045UXL.fastq.gz,,1,,,
ENCSR714GKF,https://www.encodeproject.org/files/ENCFF901ZCB/@@download/ENCFF901ZCB.fastq.gz,,1,,,
ENCSR714GKF,https://www.encodeproject.org/files/ENCFF987VLX/@@download/ENCFF987VLX.fastq.gz,,1,,,
ENCSR714GKF,https://www.encodeproject.org/files/ENCFF999TGW/@@download/ENCFF999TGW.fastq.gz,,1,,,
ENCSR714GKF,https://www.encodeproject.org/files/ENCFF392JFP/@@download/ENCFF392JFP.fastq.gz,,1,,,
ENCSR714GKF,https://www.encodeproject.org/files/ENCFF453BES/@@download/ENCFF453BES.fastq.gz,,1,,,
ENCSR714GKF,https://www.encodeproject.org/files/ENCFF514IZO/@@download/ENCFF514IZO.fastq.gz,,1,,,
ENCSR714GKF,https://www.encodeproject.org/files/ENCFF658LQY/@@download/ENCFF658LQY.fastq.gz,,1,,,
ENCSR716BTZ,https://www.encodeproject.org/files/ENCFF273KUS/@@download/ENCFF273KUS.fastq.gz,https://www.encodeproject.org/files/ENCFF466WDC/@@download/ENCFF466WDC.fastq.gz,1,,,
ENCSR716BTZ,https://www.encodeproject.org/files/ENCFF872HTM/@@download/ENCFF872HTM.fastq.gz,https://www.encodeproject.org/files/ENCFF996TKV/@@download/ENCFF996TKV.fastq.gz,2,,,
ENCSR720GSE,https://www.encodeproject.org/files/ENCFF411REJ/@@download/ENCFF411REJ.fastq.gz,https://www.encodeproject.org/files/ENCFF204TNH/@@download/ENCFF204TNH.fastq.gz,1,,,
ENCSR720GSE,https://www.encodeproject.org/files/ENCFF130NIU/@@download/ENCFF130NIU.fastq.gz,,1,,,
ENCSR720GSE,https://www.encodeproject.org/files/ENCFF218VYP/@@download/ENCFF218VYP.fastq.gz,,1,,,
ENCSR720GSE,https://www.encodeproject.org/files/ENCFF303RYF/@@download/ENCFF303RYF.fastq.gz,,2,,,
ENCSR720GSE,https://www.encodeproject.org/files/ENCFF324AOR/@@download/ENCFF324AOR.fastq.gz,,2,,,
ENCSR720GSE,https://www.encodeproject.org/files/ENCFF337HED/@@download/ENCFF337HED.fastq.gz,,2,,,
ENCSR723FET,https://www.encodeproject.org/files/ENCFF002IJA/@@download/ENCFF002IJA.fastq.gz,https://www.encodeproject.org/files/ENCFF444YGW/@@download/ENCFF444YGW.fastq.gz,1,,,
ENCSR726FHN,https://www.encodeproject.org/files/ENCFF759TWG/@@download/ENCFF759TWG.fastq.gz,,1,,,
ENCSR726FHN,https://www.encodeproject.org/files/ENCFF948YKM/@@download/ENCFF948YKM.fastq.gz,,1,,,
ENCSR728EIP,https://www.encodeproject.org/files/ENCFF161GJB/@@download/ENCFF161GJB.fastq.gz,,1,,,
ENCSR728EIP,https://www.encodeproject.org/files/ENCFF189XAT/@@download/ENCFF189XAT.fastq.gz,,1,,,
ENCSR728EIP,https://www.encodeproject.org/files/ENCFF542VAB/@@download/ENCFF542VAB.fastq.gz,,1,,,
ENCSR728EIP,https://www.encodeproject.org/files/ENCFF940ZBZ/@@download/ENCFF940ZBZ.fastq.gz,,1,,,
ENCSR728EIP,https://www.encodeproject.org/files/ENCFF128UXV/@@download/ENCFF128UXV.fastq.gz,,1,,,
ENCSR728EIP,https://www.encodeproject.org/files/ENCFF156FRX/@@download/ENCFF156FRX.fastq.gz,,1,,,
ENCSR728EIP,https://www.encodeproject.org/files/ENCFF709BAX/@@download/ENCFF709BAX.fastq.gz,,1,,,
ENCSR728EIP,https://www.encodeproject.org/files/ENCFF982YKD/@@download/ENCFF982YKD.fastq.gz,,1,,,
ENCSR729MRJ,https://www.encodeproject.org/files/ENCFF028KGR/@@download/ENCFF028KGR.fastq.gz,,1,,,
ENCSR729MRJ,https://www.encodeproject.org/files/ENCFF656VEQ/@@download/ENCFF656VEQ.fastq.gz,,1,,,
ENCSR729MRJ,https://www.encodeproject.org/files/ENCFF920FCI/@@download/ENCFF920FCI.fastq.gz,,1,,,
ENCSR729MRJ,https://www.encodeproject.org/files/ENCFF841FEP/@@download/ENCFF841FEP.fastq.gz,,2,,,
ENCSR732BRB,https://www.encodeproject.org/files/ENCFF022KLQ/@@download/ENCFF022KLQ.fastq.gz,,1,,,
ENCSR732BRB,https://www.encodeproject.org/files/ENCFF057EWO/@@download/ENCFF057EWO.fastq.gz,,1,,,
ENCSR732BRB,https://www.encodeproject.org/files/ENCFF081REG/@@download/ENCFF081REG.fastq.gz,,1,,,
ENCSR732BRB,https://www.encodeproject.org/files/ENCFF160VTF/@@download/ENCFF160VTF.fastq.gz,,1,,,
ENCSR732BRB,https://www.encodeproject.org/files/ENCFF247IJT/@@download/ENCFF247IJT.fastq.gz,,1,,,
ENCSR732BRB,https://www.encodeproject.org/files/ENCFF626IQA/@@download/ENCFF626IQA.fastq.gz,,1,,,
ENCSR732BRB,https://www.encodeproject.org/files/ENCFF751ZMP/@@download/ENCFF751ZMP.fastq.gz,,1,,,
ENCSR732BRB,https://www.encodeproject.org/files/ENCFF808ANM/@@download/ENCFF808ANM.fastq.gz,,1,,,
ENCSR732BRB,https://www.encodeproject.org/files/ENCFF082AEM/@@download/ENCFF082AEM.fastq.gz,,1,,,
ENCSR732BRB,https://www.encodeproject.org/files/ENCFF368TFJ/@@download/ENCFF368TFJ.fastq.gz,,1,,,
ENCSR732BRB,https://www.encodeproject.org/files/ENCFF928LXR/@@download/ENCFF928LXR.fastq.gz,,1,,,
ENCSR732BRB,https://www.encodeproject.org/files/ENCFF968JJZ/@@download/ENCFF968JJZ.fastq.gz,,1,,,
ENCSR739QEI,https://www.encodeproject.org/files/ENCFF133HFC/@@download/ENCFF133HFC.fastq.gz,,1,,,
ENCSR739QEI,https://www.encodeproject.org/files/ENCFF222JSS/@@download/ENCFF222JSS.fastq.gz,,1,,,
ENCSR739QEI,https://www.encodeproject.org/files/ENCFF268OMT/@@download/ENCFF268OMT.fastq.gz,,1,,,
ENCSR739QEI,https://www.encodeproject.org/files/ENCFF324ZCT/@@download/ENCFF324ZCT.fastq.gz,,1,,,
ENCSR739QEI,https://www.encodeproject.org/files/ENCFF572DOE/@@download/ENCFF572DOE.fastq.gz,,1,,,
ENCSR739QEI,https://www.encodeproject.org/files/ENCFF803HRX/@@download/ENCFF803HRX.fastq.gz,,1,,,
ENCSR739QEI,https://www.encodeproject.org/files/ENCFF948BHQ/@@download/ENCFF948BHQ.fastq.gz,,1,,,
ENCSR739QEI,https://www.encodeproject.org/files/ENCFF992BVO/@@download/ENCFF992BVO.fastq.gz,,1,,,
ENCSR739QEI,https://www.encodeproject.org/files/ENCFF005OTS/@@download/ENCFF005OTS.fastq.gz,,1,,,
ENCSR739QEI,https://www.encodeproject.org/files/ENCFF381VZP/@@download/ENCFF381VZP.fastq.gz,,1,,,
ENCSR739QEI,https://www.encodeproject.org/files/ENCFF452KVD/@@download/ENCFF452KVD.fastq.gz,,1,,,
ENCSR739QEI,https://www.encodeproject.org/files/ENCFF499OHG/@@download/ENCFF499OHG.fastq.gz,,1,,,
ENCSR742WWB,https://www.encodeproject.org/files/ENCFF002AYR/@@download/ENCFF002AYR.fastq.gz,,1,,,
ENCSR742WWB,https://www.encodeproject.org/files/ENCFF002AXQ/@@download/ENCFF002AXQ.fastq.gz,,2,,,
ENCSR744SMV,https://www.encodeproject.org/files/ENCFF665HEV/@@download/ENCFF665HEV.fastq.gz,https://www.encodeproject.org/files/ENCFF638KDF/@@download/ENCFF638KDF.fastq.gz,1,,,
ENCSR745AVM,https://www.encodeproject.org/files/ENCFF266NWC/@@download/ENCFF266NWC.fastq.gz,,1,,,
ENCSR745AVM,https://www.encodeproject.org/files/ENCFF335HWN/@@download/ENCFF335HWN.fastq.gz,,1,,,
ENCSR745AVM,https://www.encodeproject.org/files/ENCFF596NZP/@@download/ENCFF596NZP.fastq.gz,,1,,,
ENCSR745AVM,https://www.encodeproject.org/files/ENCFF931VGY/@@download/ENCFF931VGY.fastq.gz,,1,,,
ENCSR745AVM,https://www.encodeproject.org/files/ENCFF210URV/@@download/ENCFF210URV.fastq.gz,,1,,,
ENCSR745AVM,https://www.encodeproject.org/files/ENCFF262JGZ/@@download/ENCFF262JGZ.fastq.gz,,1,,,
ENCSR745AVM,https://www.encodeproject.org/files/ENCFF278JEB/@@download/ENCFF278JEB.fastq.gz,,1,,,
ENCSR745AVM,https://www.encodeproject.org/files/ENCFF348ELZ/@@download/ENCFF348ELZ.fastq.gz,,1,,,
ENCSR745AVM,https://www.encodeproject.org/files/ENCFF356KXR/@@download/ENCFF356KXR.fastq.gz,,1,,,
ENCSR745AVM,https://www.encodeproject.org/files/ENCFF561DOE/@@download/ENCFF561DOE.fastq.gz,,1,,,
ENCSR745AVM,https://www.encodeproject.org/files/ENCFF621TUU/@@download/ENCFF621TUU.fastq.gz,,1,,,
ENCSR745AVM,https://www.encodeproject.org/files/ENCFF673ILC/@@download/ENCFF673ILC.fastq.gz,,1,,,
ENCSR746QZL,https://www.encodeproject.org/files/ENCFF197ZIR/@@download/ENCFF197ZIR.fastq.gz,,1,,,
ENCSR746QZL,https://www.encodeproject.org/files/ENCFF412QKG/@@download/ENCFF412QKG.fastq.gz,,1,,,
ENCSR746QZL,https://www.encodeproject.org/files/ENCFF420TPT/@@download/ENCFF420TPT.fastq.gz,,1,,,
ENCSR746QZL,https://www.encodeproject.org/files/ENCFF538TOX/@@download/ENCFF538TOX.fastq.gz,,1,,,
ENCSR746QZL,https://www.encodeproject.org/files/ENCFF917PJD/@@download/ENCFF917PJD.fastq.gz,,1,,,
ENCSR746QZL,https://www.encodeproject.org/files/ENCFF992RYH/@@download/ENCFF992RYH.fastq.gz,,1,,,
ENCSR749PIF,https://www.encodeproject.org/files/ENCFF038DUA/@@download/ENCFF038DUA.fastq.gz,,1,,,
ENCSR749PIF,https://www.encodeproject.org/files/ENCFF850AMQ/@@download/ENCFF850AMQ.fastq.gz,,1,,,
ENCSR749PIF,https://www.encodeproject.org/files/ENCFF986TGP/@@download/ENCFF986TGP.fastq.gz,,1,,,
ENCSR749PIF,https://www.encodeproject.org/files/ENCFF998MBH/@@download/ENCFF998MBH.fastq.gz,,1,,,
ENCSR749YQP,https://www.encodeproject.org/files/ENCFF079ZJV/@@download/ENCFF079ZJV.fastq.gz,,1,,,
ENCSR749YQP,https://www.encodeproject.org/files/ENCFF239ASS/@@download/ENCFF239ASS.fastq.gz,,1,,,
ENCSR749YQP,https://www.encodeproject.org/files/ENCFF880COG/@@download/ENCFF880COG.fastq.gz,,1,,,
ENCSR749YQP,https://www.encodeproject.org/files/ENCFF978MPY/@@download/ENCFF978MPY.fastq.gz,,1,,,
ENCSR749YQP,https://www.encodeproject.org/files/ENCFF126LFI/@@download/ENCFF126LFI.fastq.gz,,1,,,
ENCSR749YQP,https://www.encodeproject.org/files/ENCFF420LBB/@@download/ENCFF420LBB.fastq.gz,,1,,,
ENCSR749YQP,https://www.encodeproject.org/files/ENCFF427MOO/@@download/ENCFF427MOO.fastq.gz,,1,,,
ENCSR749YQP,https://www.encodeproject.org/files/ENCFF730HYT/@@download/ENCFF730HYT.fastq.gz,,1,,,
ENCSR750BQT,https://www.encodeproject.org/files/ENCFF159GDE/@@download/ENCFF159GDE.fastq.gz,,1,,,
ENCSR750BQT,https://www.encodeproject.org/files/ENCFF428IVR/@@download/ENCFF428IVR.fastq.gz,,1,,,
ENCSR750BQT,https://www.encodeproject.org/files/ENCFF496MPM/@@download/ENCFF496MPM.fastq.gz,,1,,,
ENCSR750BQT,https://www.encodeproject.org/files/ENCFF757XGL/@@download/ENCFF757XGL.fastq.gz,,1,,,
ENCSR750BQT,https://www.encodeproject.org/files/ENCFF230JMS/@@download/ENCFF230JMS.fastq.gz,,1,,,
ENCSR750BQT,https://www.encodeproject.org/files/ENCFF530UIH/@@download/ENCFF530UIH.fastq.gz,,1,,,
ENCSR750BQT,https://www.encodeproject.org/files/ENCFF834DHJ/@@download/ENCFF834DHJ.fastq.gz,,1,,,
ENCSR750BQT,https://www.encodeproject.org/files/ENCFF984SIC/@@download/ENCFF984SIC.fastq.gz,,1,,,
ENCSR750DLX,https://www.encodeproject.org/files/ENCFF276ZYK/@@download/ENCFF276ZYK.fastq.gz,,1,,,
ENCSR750DLX,https://www.encodeproject.org/files/ENCFF915CLU/@@download/ENCFF915CLU.fastq.gz,,1,,,
ENCSR750DLX,https://www.encodeproject.org/files/ENCFF640NXU/@@download/ENCFF640NXU.fastq.gz,,1,,,
ENCSR750DLX,https://www.encodeproject.org/files/ENCFF772RXF/@@download/ENCFF772RXF.fastq.gz,,1,,,
ENCSR754WVA,https://www.encodeproject.org/files/ENCFF225QVL/@@download/ENCFF225QVL.fastq.gz,,1,,,
ENCSR768LHG,https://www.encodeproject.org/files/ENCFF640MKX/@@download/ENCFF640MKX.fastq.gz,,1,,,
ENCSR768LHG,https://www.encodeproject.org/files/ENCFF318ZNB/@@download/ENCFF318ZNB.fastq.gz,,1,,,
ENCSR768LHG,https://www.encodeproject.org/files/ENCFF222VRH/@@download/ENCFF222VRH.fastq.gz,,2,,,
ENCSR768LHG,https://www.encodeproject.org/files/ENCFF595BTS/@@download/ENCFF595BTS.fastq.gz,,2,,,
ENCSR770OIC,https://www.encodeproject.org/files/ENCFF061KLJ/@@download/ENCFF061KLJ.fastq.gz,,1,,,
ENCSR770OIC,https://www.encodeproject.org/files/ENCFF239SPE/@@download/ENCFF239SPE.fastq.gz,,1,,,
ENCSR770OIC,https://www.encodeproject.org/files/ENCFF579LXQ/@@download/ENCFF579LXQ.fastq.gz,,1,,,
ENCSR770OIC,https://www.encodeproject.org/files/ENCFF772IJE/@@download/ENCFF772IJE.fastq.gz,,1,,,
ENCSR770OIC,https://www.encodeproject.org/files/ENCFF808XNU/@@download/ENCFF808XNU.fastq.gz,,1,,,
ENCSR770OIC,https://www.encodeproject.org/files/ENCFF907KCJ/@@download/ENCFF907KCJ.fastq.gz,,1,,,
ENCSR770VVH,https://www.encodeproject.org/files/ENCFF299PCT/@@download/ENCFF299PCT.fastq.gz,,1,,,
ENCSR770VVH,https://www.encodeproject.org/files/ENCFF386PJA/@@download/ENCFF386PJA.fastq.gz,,1,,,
ENCSR770XRC,https://www.encodeproject.org/files/ENCFF012IMV/@@download/ENCFF012IMV.fastq.gz,,1,,,
ENCSR770XRC,https://www.encodeproject.org/files/ENCFF067LRU/@@download/ENCFF067LRU.fastq.gz,,1,,,
ENCSR770XRC,https://www.encodeproject.org/files/ENCFF298SNZ/@@download/ENCFF298SNZ.fastq.gz,,1,,,
ENCSR770XRC,https://www.encodeproject.org/files/ENCFF903KEU/@@download/ENCFF903KEU.fastq.gz,,1,,,
ENCSR770XRC,https://www.encodeproject.org/files/ENCFF047CGD/@@download/ENCFF047CGD.fastq.gz,,1,,,
ENCSR770XRC,https://www.encodeproject.org/files/ENCFF163MAI/@@download/ENCFF163MAI.fastq.gz,,1,,,
ENCSR770XRC,https://www.encodeproject.org/files/ENCFF171LFR/@@download/ENCFF171LFR.fastq.gz,,1,,,
ENCSR770XRC,https://www.encodeproject.org/files/ENCFF260WMY/@@download/ENCFF260WMY.fastq.gz,,1,,,
ENCSR771IOP,https://www.encodeproject.org/files/ENCFF433TZR/@@download/ENCFF433TZR.fastq.gz,https://www.encodeproject.org/files/ENCFF044UIT/@@download/ENCFF044UIT.fastq.gz,1,,,
ENCSR772LYM,https://www.encodeproject.org/files/ENCFF275KRJ/@@download/ENCFF275KRJ.fastq.gz,,1,,,
ENCSR772LYM,https://www.encodeproject.org/files/ENCFF324SQL/@@download/ENCFF324SQL.fastq.gz,,1,,,
ENCSR772LYM,https://www.encodeproject.org/files/ENCFF481YBY/@@download/ENCFF481YBY.fastq.gz,,1,,,
ENCSR772LYM,https://www.encodeproject.org/files/ENCFF946MZL/@@download/ENCFF946MZL.fastq.gz,,1,,,
ENCSR772LYM,https://www.encodeproject.org/files/ENCFF017LOW/@@download/ENCFF017LOW.fastq.gz,,1,,,
ENCSR772LYM,https://www.encodeproject.org/files/ENCFF339WTZ/@@download/ENCFF339WTZ.fastq.gz,,1,,,
ENCSR772LYM,https://www.encodeproject.org/files/ENCFF786TAN/@@download/ENCFF786TAN.fastq.gz,,1,,,
ENCSR772LYM,https://www.encodeproject.org/files/ENCFF985HZM/@@download/ENCFF985HZM.fastq.gz,,1,,,
ENCSR773IYZ,https://www.encodeproject.org/files/ENCFF364HZK/@@download/ENCFF364HZK.fastq.gz,https://www.encodeproject.org/files/ENCFF005FTB/@@download/ENCFF005FTB.fastq.gz,1,,,
ENCSR773IYZ,https://www.encodeproject.org/files/ENCFF354HQX/@@download/ENCFF354HQX.fastq.gz,https://www.encodeproject.org/files/ENCFF950BVE/@@download/ENCFF950BVE.fastq.gz,2,,,
ENCSR773UBR,https://www.encodeproject.org/files/ENCFF708ACP/@@download/ENCFF708ACP.fastq.gz,,1,,,
ENCSR773UBR,https://www.encodeproject.org/files/ENCFF791CYY/@@download/ENCFF791CYY.fastq.gz,,1,,,
ENCSR773UBR,https://www.encodeproject.org/files/ENCFF307NYE/@@download/ENCFF307NYE.fastq.gz,,1,,,
ENCSR773UBR,https://www.encodeproject.org/files/ENCFF373SHC/@@download/ENCFF373SHC.fastq.gz,,1,,,
ENCSR774MLK,https://www.encodeproject.org/files/ENCFF194AXF/@@download/ENCFF194AXF.fastq.gz,,1,,,
ENCSR774MLK,https://www.encodeproject.org/files/ENCFF237HFY/@@download/ENCFF237HFY.fastq.gz,,1,,,
ENCSR774MLK,https://www.encodeproject.org/files/ENCFF239DXZ/@@download/ENCFF239DXZ.fastq.gz,,1,,,
ENCSR774MLK,https://www.encodeproject.org/files/ENCFF569OWU/@@download/ENCFF569OWU.fastq.gz,,1,,,
ENCSR774MLK,https://www.encodeproject.org/files/ENCFF597TVJ/@@download/ENCFF597TVJ.fastq.gz,,1,,,
ENCSR774MLK,https://www.encodeproject.org/files/ENCFF619DKB/@@download/ENCFF619DKB.fastq.gz,,1,,,
ENCSR775IMI,https://www.encodeproject.org/files/ENCFF265JXW/@@download/ENCFF265JXW.fastq.gz,,1,,,
ENCSR775IMI,https://www.encodeproject.org/files/ENCFF297UFN/@@download/ENCFF297UFN.fastq.gz,,1,,,
ENCSR775IMI,https://www.encodeproject.org/files/ENCFF437OBX/@@download/ENCFF437OBX.fastq.gz,,1,,,
ENCSR777AJC,https://www.encodeproject.org/files/ENCFF331DUR/@@download/ENCFF331DUR.fastq.gz,,1,,,
ENCSR777AJC,https://www.encodeproject.org/files/ENCFF398IHE/@@download/ENCFF398IHE.fastq.gz,,1,,,
ENCSR777AJC,https://www.encodeproject.org/files/ENCFF790WMQ/@@download/ENCFF790WMQ.fastq.gz,,1,,,
ENCSR777AJC,https://www.encodeproject.org/files/ENCFF827DIG/@@download/ENCFF827DIG.fastq.gz,,1,,,
ENCSR777AJC,https://www.encodeproject.org/files/ENCFF087CZS/@@download/ENCFF087CZS.fastq.gz,,1,,,
ENCSR777AJC,https://www.encodeproject.org/files/ENCFF671WQP/@@download/ENCFF671WQP.fastq.gz,,1,,,
ENCSR777VQP,https://www.encodeproject.org/files/ENCFF297YQY/@@download/ENCFF297YQY.fastq.gz,,1,,,
ENCSR780UWK,https://www.encodeproject.org/files/ENCFF043RFW/@@download/ENCFF043RFW.fastq.gz,,1,,,
ENCSR780UWK,https://www.encodeproject.org/files/ENCFF582UFD/@@download/ENCFF582UFD.fastq.gz,,1,,,
ENCSR785LQK,https://www.encodeproject.org/files/ENCFF599QMS/@@download/ENCFF599QMS.fastq.gz,,1,,,
ENCSR785LQK,https://www.encodeproject.org/files/ENCFF758FQH/@@download/ENCFF758FQH.fastq.gz,,1,,,
ENCSR793ISY,https://www.encodeproject.org/files/ENCFF042ZHQ/@@download/ENCFF042ZHQ.fastq.gz,,1,,,
ENCSR793ISY,https://www.encodeproject.org/files/ENCFF154MPI/@@download/ENCFF154MPI.fastq.gz,,1,,,
ENCSR793ISY,https://www.encodeproject.org/files/ENCFF429SEQ/@@download/ENCFF429SEQ.fastq.gz,,1,,,
ENCSR793ISY,https://www.encodeproject.org/files/ENCFF451EVL/@@download/ENCFF451EVL.fastq.gz,,1,,,
ENCSR793ISY,https://www.encodeproject.org/files/ENCFF706GBK/@@download/ENCFF706GBK.fastq.gz,,1,,,
ENCSR793ISY,https://www.encodeproject.org/files/ENCFF815FMU/@@download/ENCFF815FMU.fastq.gz,,1,,,
ENCSR799TWV,https://www.encodeproject.org/files/ENCFF148FBA/@@download/ENCFF148FBA.fastq.gz,,1,,,
ENCSR799TWV,https://www.encodeproject.org/files/ENCFF880KDO/@@download/ENCFF880KDO.fastq.gz,,1,,,
ENCSR799TWV,https://www.encodeproject.org/files/ENCFF527MYS/@@download/ENCFF527MYS.fastq.gz,,1,,,
ENCSR799VTP,https://www.encodeproject.org/files/ENCFF083MQH/@@download/ENCFF083MQH.fastq.gz,,1,,,
ENCSR799VTP,https://www.encodeproject.org/files/ENCFF200SXO/@@download/ENCFF200SXO.fastq.gz,,1,,,
ENCSR799VTP,https://www.encodeproject.org/files/ENCFF454TWG/@@download/ENCFF454TWG.fastq.gz,,1,,,
ENCSR799VTP,https://www.encodeproject.org/files/ENCFF883ZEO/@@download/ENCFF883ZEO.fastq.gz,,1,,,
ENCSR799VTP,https://www.encodeproject.org/files/ENCFF051KRI/@@download/ENCFF051KRI.fastq.gz,,1,,,
ENCSR799VTP,https://www.encodeproject.org/files/ENCFF132JRY/@@download/ENCFF132JRY.fastq.gz,,1,,,
ENCSR799VTP,https://www.encodeproject.org/files/ENCFF311UYX/@@download/ENCFF311UYX.fastq.gz,,1,,,
ENCSR799VTP,https://www.encodeproject.org/files/ENCFF632EWA/@@download/ENCFF632EWA.fastq.gz,,1,,,
ENCSR803JPO,https://www.encodeproject.org/files/ENCFF105ODX/@@download/ENCFF105ODX.fastq.gz,,1,,,
ENCSR803JPO,https://www.encodeproject.org/files/ENCFF877EOG/@@download/ENCFF877EOG.fastq.gz,,1,,,
ENCSR803JPO,https://www.encodeproject.org/files/ENCFF477IDS/@@download/ENCFF477IDS.fastq.gz,,1,,,
ENCSR803JPO,https://www.encodeproject.org/files/ENCFF903QXC/@@download/ENCFF903QXC.fastq.gz,,1,,,
ENCSR803JPO,https://www.encodeproject.org/files/ENCFF056AEA/@@download/ENCFF056AEA.fastq.gz,,2,,,
ENCSR803JPO,https://www.encodeproject.org/files/ENCFF745AVL/@@download/ENCFF745AVL.fastq.gz,,2,,,
ENCSR803JPO,https://www.encodeproject.org/files/ENCFF752WEA/@@download/ENCFF752WEA.fastq.gz,,2,,,
ENCSR803JPO,https://www.encodeproject.org/files/ENCFF959WCH/@@download/ENCFF959WCH.fastq.gz,,2,,,
ENCSR803JPO,https://www.encodeproject.org/files/ENCFF010PMO/@@download/ENCFF010PMO.fastq.gz,,2,,,
ENCSR803JPO,https://www.encodeproject.org/files/ENCFF244UAY/@@download/ENCFF244UAY.fastq.gz,,2,,,
ENCSR803JPO,https://www.encodeproject.org/files/ENCFF664EKB/@@download/ENCFF664EKB.fastq.gz,,2,,,
ENCSR803JPO,https://www.encodeproject.org/files/ENCFF996ABS/@@download/ENCFF996ABS.fastq.gz,,2,,,
ENCSR803UDX,https://www.encodeproject.org/files/ENCFF299QHU/@@download/ENCFF299QHU.fastq.gz,,1,,,
ENCSR803UDX,https://www.encodeproject.org/files/ENCFF531PAG/@@download/ENCFF531PAG.fastq.gz,,2,,,
ENCSR807FIZ,https://www.encodeproject.org/files/ENCFF499TFY/@@download/ENCFF499TFY.fastq.gz,,1,,,
ENCSR807FIZ,https://www.encodeproject.org/files/ENCFF806FHS/@@download/ENCFF806FHS.fastq.gz,,1,,,
ENCSR807FIZ,https://www.encodeproject.org/files/ENCFF046OPD/@@download/ENCFF046OPD.fastq.gz,,1,,,
ENCSR807FIZ,https://www.encodeproject.org/files/ENCFF197BET/@@download/ENCFF197BET.fastq.gz,,1,,,
ENCSR810RRR,https://www.encodeproject.org/files/ENCFF250CGU/@@download/ENCFF250CGU.fastq.gz,,1,,,
ENCSR814XCZ,https://www.encodeproject.org/files/ENCFF754TTA/@@download/ENCFF754TTA.fastq.gz,,1,,,
ENCSR814XCZ,https://www.encodeproject.org/files/ENCFF464IKO/@@download/ENCFF464IKO.fastq.gz,,2,,,
ENCSR814XCZ,https://www.encodeproject.org/files/ENCFF910GIL/@@download/ENCFF910GIL.fastq.gz,,3,,,
ENCSR815BDB,https://www.encodeproject.org/files/ENCFF072EKO/@@download/ENCFF072EKO.fastq.gz,,1,,,
ENCSR818VNL,https://www.encodeproject.org/files/ENCFF423QRD/@@download/ENCFF423QRD.fastq.gz,,1,,,
ENCSR819JOI,https://www.encodeproject.org/files/ENCFF020GKF/@@download/ENCFF020GKF.fastq.gz,,1,,,
ENCSR819JOI,https://www.encodeproject.org/files/ENCFF619MFX/@@download/ENCFF619MFX.fastq.gz,,1,,,
ENCSR819JOI,https://www.encodeproject.org/files/ENCFF838SXU/@@download/ENCFF838SXU.fastq.gz,,2,,,
ENCSR819JOI,https://www.encodeproject.org/files/ENCFF932ZIN/@@download/ENCFF932ZIN.fastq.gz,,2,,,
ENCSR822YWX,https://www.encodeproject.org/files/ENCFF732PUT/@@download/ENCFF732PUT.fastq.gz,,1,,,
ENCSR822YWX,https://www.encodeproject.org/files/ENCFF934ZGH/@@download/ENCFF934ZGH.fastq.gz,,1,,,
ENCSR822YWX,https://www.encodeproject.org/files/ENCFF962VPS/@@download/ENCFF962VPS.fastq.gz,,1,,,
ENCSR822YWX,https://www.encodeproject.org/files/ENCFF985XSE/@@download/ENCFF985XSE.fastq.gz,,1,,,
ENCSR822YWX,https://www.encodeproject.org/files/ENCFF159TWI/@@download/ENCFF159TWI.fastq.gz,,1,,,
ENCSR822YWX,https://www.encodeproject.org/files/ENCFF296TCS/@@download/ENCFF296TCS.fastq.gz,,1,,,
ENCSR822YWX,https://www.encodeproject.org/files/ENCFF371FMJ/@@download/ENCFF371FMJ.fastq.gz,,1,,,
ENCSR822YWX,https://www.encodeproject.org/files/ENCFF958IKV/@@download/ENCFF958IKV.fastq.gz,,1,,,
ENCSR828DDP,https://www.encodeproject.org/files/ENCFF039VDX/@@download/ENCFF039VDX.fastq.gz,,1,,,
ENCSR828DDP,https://www.encodeproject.org/files/ENCFF632EPK/@@download/ENCFF632EPK.fastq.gz,,1,,,
ENCSR828DDP,https://www.encodeproject.org/files/ENCFF757POM/@@download/ENCFF757POM.fastq.gz,,1,,,
ENCSR828DDP,https://www.encodeproject.org/files/ENCFF805ZJS/@@download/ENCFF805ZJS.fastq.gz,,1,,,
ENCSR828DDP,https://www.encodeproject.org/files/ENCFF549YXP/@@download/ENCFF549YXP.fastq.gz,,2,,,
ENCSR828DDP,https://www.encodeproject.org/files/ENCFF579OKU/@@download/ENCFF579OKU.fastq.gz,,2,,,
ENCSR828HXJ,https://www.encodeproject.org/files/ENCFF953PQD/@@download/ENCFF953PQD.fastq.gz,,1,,,
ENCSR828XQV,https://www.encodeproject.org/files/ENCFF053BKB/@@download/ENCFF053BKB.fastq.gz,,1,,,
ENCSR828XQV,https://www.encodeproject.org/files/ENCFF361CSC/@@download/ENCFF361CSC.fastq.gz,,1,,,
ENCSR828XQV,https://www.encodeproject.org/files/ENCFF378JTU/@@download/ENCFF378JTU.fastq.gz,,1,,,
ENCSR828XQV,https://www.encodeproject.org/files/ENCFF825KUP/@@download/ENCFF825KUP.fastq.gz,,1,,,
ENCSR828XQV,https://www.encodeproject.org/files/ENCFF155AZY/@@download/ENCFF155AZY.fastq.gz,,2,,,
ENCSR828XQV,https://www.encodeproject.org/files/ENCFF429TLP/@@download/ENCFF429TLP.fastq.gz,,2,,,
ENCSR828XQV,https://www.encodeproject.org/files/ENCFF555ELI/@@download/ENCFF555ELI.fastq.gz,,2,,,
ENCSR828XQV,https://www.encodeproject.org/files/ENCFF909SES/@@download/ENCFF909SES.fastq.gz,,2,,,
ENCSR828XQV,https://www.encodeproject.org/files/ENCFF024ABR/@@download/ENCFF024ABR.fastq.gz,,2,,,
ENCSR828XQV,https://www.encodeproject.org/files/ENCFF250PSZ/@@download/ENCFF250PSZ.fastq.gz,,2,,,
ENCSR828XQV,https://www.encodeproject.org/files/ENCFF268VFB/@@download/ENCFF268VFB.fastq.gz,,2,,,
ENCSR828XQV,https://www.encodeproject.org/files/ENCFF871OKS/@@download/ENCFF871OKS.fastq.gz,,2,,,
ENCSR831CKP,https://www.encodeproject.org/files/ENCFF144LGB/@@download/ENCFF144LGB.fastq.gz,,1,,,
ENCSR831CKP,https://www.encodeproject.org/files/ENCFF388OVY/@@download/ENCFF388OVY.fastq.gz,,1,,,
ENCSR831CKP,https://www.encodeproject.org/files/ENCFF430QBM/@@download/ENCFF430QBM.fastq.gz,,1,,,
ENCSR831CKP,https://www.encodeproject.org/files/ENCFF907ZAE/@@download/ENCFF907ZAE.fastq.gz,,1,,,
ENCSR831CKP,https://www.encodeproject.org/files/ENCFF313MQI/@@download/ENCFF313MQI.fastq.gz,,2,,,
ENCSR831CKP,https://www.encodeproject.org/files/ENCFF767BGX/@@download/ENCFF767BGX.fastq.gz,,2,,,
ENCSR831HVP,https://www.encodeproject.org/files/ENCFF132HFE/@@download/ENCFF132HFE.fastq.gz,,1,,,
ENCSR831HVP,https://www.encodeproject.org/files/ENCFF359TKK/@@download/ENCFF359TKK.fastq.gz,,1,,,
ENCSR831HVP,https://www.encodeproject.org/files/ENCFF376QTS/@@download/ENCFF376QTS.fastq.gz,,1,,,
ENCSR831HVP,https://www.encodeproject.org/files/ENCFF856MUA/@@download/ENCFF856MUA.fastq.gz,,1,,,
ENCSR831HVP,https://www.encodeproject.org/files/ENCFF883XJH/@@download/ENCFF883XJH.fastq.gz,,1,,,
ENCSR831HVP,https://www.encodeproject.org/files/ENCFF971GQK/@@download/ENCFF971GQK.fastq.gz,,1,,,
ENCSR833HBT,https://www.encodeproject.org/files/ENCFF056UQL/@@download/ENCFF056UQL.fastq.gz,,1,,,
ENCSR833HBT,https://www.encodeproject.org/files/ENCFF306TBR/@@download/ENCFF306TBR.fastq.gz,,1,,,
ENCSR835ARG,https://www.encodeproject.org/files/ENCFF925ZUF/@@download/ENCFF925ZUF.fastq.gz,,1,,,
ENCSR836KPL,https://www.encodeproject.org/files/ENCFF340TTF/@@download/ENCFF340TTF.fastq.gz,,1,,,
ENCSR836KPL,https://www.encodeproject.org/files/ENCFF656QLH/@@download/ENCFF656QLH.fastq.gz,,1,,,
ENCSR836KPL,https://www.encodeproject.org/files/ENCFF671WMY/@@download/ENCFF671WMY.fastq.gz,,1,,,
ENCSR836KPL,https://www.encodeproject.org/files/ENCFF883NUA/@@download/ENCFF883NUA.fastq.gz,,1,,,
ENCSR836KPL,https://www.encodeproject.org/files/ENCFF204JFQ/@@download/ENCFF204JFQ.fastq.gz,,1,,,
ENCSR836KPL,https://www.encodeproject.org/files/ENCFF702UQF/@@download/ENCFF702UQF.fastq.gz,,1,,,
ENCSR836KPL,https://www.encodeproject.org/files/ENCFF773LPT/@@download/ENCFF773LPT.fastq.gz,,1,,,
ENCSR836KPL,https://www.encodeproject.org/files/ENCFF837XVM/@@download/ENCFF837XVM.fastq.gz,,1,,,
ENCSR836XKP,https://www.encodeproject.org/files/ENCFF849RAD/@@download/ENCFF849RAD.fastq.gz,,1,,,
ENCSR836XKP,https://www.encodeproject.org/files/ENCFF137ZTJ/@@download/ENCFF137ZTJ.fastq.gz,,1,,,
ENCSR836XKP,https://www.encodeproject.org/files/ENCFF800DGE/@@download/ENCFF800DGE.fastq.gz,,1,,,
ENCSR836XKP,https://www.encodeproject.org/files/ENCFF205YRD/@@download/ENCFF205YRD.fastq.gz,,2,,,
ENCSR836XKP,https://www.encodeproject.org/files/ENCFF956QDK/@@download/ENCFF956QDK.fastq.gz,,2,,,
ENCSR837RXS,https://www.encodeproject.org/files/ENCFF459WLU/@@download/ENCFF459WLU.fastq.gz,,1,,,
ENCSR837RXS,https://www.encodeproject.org/files/ENCFF842LNS/@@download/ENCFF842LNS.fastq.gz,,1,,,
ENCSR837RXS,https://www.encodeproject.org/files/ENCFF920OSD/@@download/ENCFF920OSD.fastq.gz,,1,,,
ENCSR837RXS,https://www.encodeproject.org/files/ENCFF988WWE/@@download/ENCFF988WWE.fastq.gz,,1,,,
ENCSR838ZAU,https://www.encodeproject.org/files/ENCFF806LFR/@@download/ENCFF806LFR.fastq.gz,,1,,,
ENCSR838ZAU,https://www.encodeproject.org/files/ENCFF136DNO/@@download/ENCFF136DNO.fastq.gz,,2,,,
ENCSR838ZAU,https://www.encodeproject.org/files/ENCFF877DLC/@@download/ENCFF877DLC.fastq.gz,,3,,,
ENCSR839VEU,https://www.encodeproject.org/files/ENCFF060GOU/@@download/ENCFF060GOU.fastq.gz,,1,,,
ENCSR839VEU,https://www.encodeproject.org/files/ENCFF468JQT/@@download/ENCFF468JQT.fastq.gz,,1,,,
ENCSR839VEU,https://www.encodeproject.org/files/ENCFF804CBZ/@@download/ENCFF804CBZ.fastq.gz,,1,,,
ENCSR839VEU,https://www.encodeproject.org/files/ENCFF925OBX/@@download/ENCFF925OBX.fastq.gz,,1,,,
ENCSR839VEU,https://www.encodeproject.org/files/ENCFF441OBL/@@download/ENCFF441OBL.fastq.gz,,1,,,
ENCSR839VEU,https://www.encodeproject.org/files/ENCFF562ZFW/@@download/ENCFF562ZFW.fastq.gz,,1,,,
ENCSR839VEU,https://www.encodeproject.org/files/ENCFF827SFI/@@download/ENCFF827SFI.fastq.gz,,1,,,
ENCSR839VEU,https://www.encodeproject.org/files/ENCFF874XOR/@@download/ENCFF874XOR.fastq.gz,,1,,,
ENCSR841CWN,https://www.encodeproject.org/files/ENCFF762YYJ/@@download/ENCFF762YYJ.fastq.gz,,1,,,
ENCSR841CWN,https://www.encodeproject.org/files/ENCFF170GMW/@@download/ENCFF170GMW.fastq.gz,,2,,,
ENCSR843OBM,https://www.encodeproject.org/files/ENCFF317PIV/@@download/ENCFF317PIV.fastq.gz,,1,,,
ENCSR844YME,https://www.encodeproject.org/files/ENCFF202KOP/@@download/ENCFF202KOP.fastq.gz,,1,,,
ENCSR844YME,https://www.encodeproject.org/files/ENCFF339NXD/@@download/ENCFF339NXD.fastq.gz,,1,,,
ENCSR844YME,https://www.encodeproject.org/files/ENCFF904JEL/@@download/ENCFF904JEL.fastq.gz,,1,,,
ENCSR844YME,https://www.encodeproject.org/files/ENCFF923WIL/@@download/ENCFF923WIL.fastq.gz,,1,,,
ENCSR845BPQ,https://www.encodeproject.org/files/ENCFF326PWS/@@download/ENCFF326PWS.fastq.gz,,1,,,
ENCSR845BPQ,https://www.encodeproject.org/files/ENCFF636XDW/@@download/ENCFF636XDW.fastq.gz,,1,,,
ENCSR845BPQ,https://www.encodeproject.org/files/ENCFF754YNP/@@download/ENCFF754YNP.fastq.gz,,1,,,
ENCSR845BPQ,https://www.encodeproject.org/files/ENCFF933UWM/@@download/ENCFF933UWM.fastq.gz,,1,,,
ENCSR845BPQ,https://www.encodeproject.org/files/ENCFF278CBI/@@download/ENCFF278CBI.fastq.gz,,1,,,
ENCSR845BPQ,https://www.encodeproject.org/files/ENCFF798KUL/@@download/ENCFF798KUL.fastq.gz,,1,,,
ENCSR845BPQ,https://www.encodeproject.org/files/ENCFF803TSJ/@@download/ENCFF803TSJ.fastq.gz,,1,,,
ENCSR845BPQ,https://www.encodeproject.org/files/ENCFF910TZT/@@download/ENCFF910TZT.fastq.gz,,1,,,
ENCSR845IKY,https://www.encodeproject.org/files/ENCFF156ZJM/@@download/ENCFF156ZJM.fastq.gz,,1,,,
ENCSR845IKY,https://www.encodeproject.org/files/ENCFF556YPO/@@download/ENCFF556YPO.fastq.gz,,2,,,
ENCSR846OTK,https://www.encodeproject.org/files/ENCFF120DFD/@@download/ENCFF120DFD.fastq.gz,,1,,,
ENCSR846OTK,https://www.encodeproject.org/files/ENCFF201KWA/@@download/ENCFF201KWA.fastq.gz,,1,,,
ENCSR846OTK,https://www.encodeproject.org/files/ENCFF233DLH/@@download/ENCFF233DLH.fastq.gz,,1,,,
ENCSR846OTK,https://www.encodeproject.org/files/ENCFF435SDQ/@@download/ENCFF435SDQ.fastq.gz,,1,,,
ENCSR846OTK,https://www.encodeproject.org/files/ENCFF304LCV/@@download/ENCFF304LCV.fastq.gz,,1,,,
ENCSR846OTK,https://www.encodeproject.org/files/ENCFF318TQL/@@download/ENCFF318TQL.fastq.gz,,1,,,
ENCSR846OTK,https://www.encodeproject.org/files/ENCFF432GFD/@@download/ENCFF432GFD.fastq.gz,,1,,,
ENCSR846OTK,https://www.encodeproject.org/files/ENCFF599AEW/@@download/ENCFF599AEW.fastq.gz,,1,,,
ENCSR846VGG,https://www.encodeproject.org/files/ENCFF131XGP/@@download/ENCFF131XGP.fastq.gz,,1,,,
ENCSR846VGG,https://www.encodeproject.org/files/ENCFF277VMC/@@download/ENCFF277VMC.fastq.gz,,1,,,
ENCSR846VGG,https://www.encodeproject.org/files/ENCFF344ULS/@@download/ENCFF344ULS.fastq.gz,,1,,,
ENCSR846VGG,https://www.encodeproject.org/files/ENCFF787AFH/@@download/ENCFF787AFH.fastq.gz,,1,,,
ENCSR846VGG,https://www.encodeproject.org/files/ENCFF201IEX/@@download/ENCFF201IEX.fastq.gz,,1,,,
ENCSR846VGG,https://www.encodeproject.org/files/ENCFF470GTA/@@download/ENCFF470GTA.fastq.gz,,1,,,
ENCSR846VGG,https://www.encodeproject.org/files/ENCFF673JHN/@@download/ENCFF673JHN.fastq.gz,,1,,,
ENCSR846VGG,https://www.encodeproject.org/files/ENCFF790EMP/@@download/ENCFF790EMP.fastq.gz,,1,,,
ENCSR846VGG,https://www.encodeproject.org/files/ENCFF038FPD/@@download/ENCFF038FPD.fastq.gz,,1,,,
ENCSR846VGG,https://www.encodeproject.org/files/ENCFF089DUB/@@download/ENCFF089DUB.fastq.gz,,1,,,
ENCSR846VGG,https://www.encodeproject.org/files/ENCFF277WXS/@@download/ENCFF277WXS.fastq.gz,,1,,,
ENCSR846VGG,https://www.encodeproject.org/files/ENCFF716QSA/@@download/ENCFF716QSA.fastq.gz,,1,,,
ENCSR849NEM,https://www.encodeproject.org/files/ENCFF693RXC/@@download/ENCFF693RXC.fastq.gz,,1,,,
ENCSR854GEV,https://www.encodeproject.org/files/ENCFF572ZIY/@@download/ENCFF572ZIY.fastq.gz,,1,,,
ENCSR857YQI,https://www.encodeproject.org/files/ENCFF229PVT/@@download/ENCFF229PVT.fastq.gz,,1,,,
ENCSR858ROP,https://www.encodeproject.org/files/ENCFF851OXO/@@download/ENCFF851OXO.fastq.gz,,1,,,
ENCSR858ROP,https://www.encodeproject.org/files/ENCFF240RBR/@@download/ENCFF240RBR.fastq.gz,,1,,,
ENCSR858ROP,https://www.encodeproject.org/files/ENCFF197TBK/@@download/ENCFF197TBK.fastq.gz,,1,,,
ENCSR859LXC,https://www.encodeproject.org/files/ENCFF586QCH/@@download/ENCFF586QCH.fastq.gz,,1,,,
ENCSR859LXC,https://www.encodeproject.org/files/ENCFF762JCT/@@download/ENCFF762JCT.fastq.gz,,1,,,
ENCSR859LXC,https://www.encodeproject.org/files/ENCFF188ORQ/@@download/ENCFF188ORQ.fastq.gz,,1,,,
ENCSR859LXC,https://www.encodeproject.org/files/ENCFF576PQI/@@download/ENCFF576PQI.fastq.gz,,1,,,
ENCSR859LXC,https://www.encodeproject.org/files/ENCFF367TJJ/@@download/ENCFF367TJJ.fastq.gz,,2,,,
ENCSR859LXC,https://www.encodeproject.org/files/ENCFF861MOU/@@download/ENCFF861MOU.fastq.gz,,2,,,
ENCSR867SJE,https://www.encodeproject.org/files/ENCFF115PHM/@@download/ENCFF115PHM.fastq.gz,,1,,,
ENCSR867SJE,https://www.encodeproject.org/files/ENCFF342XML/@@download/ENCFF342XML.fastq.gz,,1,,,
ENCSR867SJE,https://www.encodeproject.org/files/ENCFF064RAZ/@@download/ENCFF064RAZ.fastq.gz,,2,,,
ENCSR867SJE,https://www.encodeproject.org/files/ENCFF564EJZ/@@download/ENCFF564EJZ.fastq.gz,,2,,,
ENCSR869KBA,https://www.encodeproject.org/files/ENCFF066NEX/@@download/ENCFF066NEX.fastq.gz,,1,,,
ENCSR869KBA,https://www.encodeproject.org/files/ENCFF796JMR/@@download/ENCFF796JMR.fastq.gz,,1,,,
ENCSR869KBA,https://www.encodeproject.org/files/ENCFF815BRZ/@@download/ENCFF815BRZ.fastq.gz,,1,,,
ENCSR869KBA,https://www.encodeproject.org/files/ENCFF870ZQN/@@download/ENCFF870ZQN.fastq.gz,,1,,,
ENCSR869KBA,https://www.encodeproject.org/files/ENCFF201KUK/@@download/ENCFF201KUK.fastq.gz,,1,,,
ENCSR869KBA,https://www.encodeproject.org/files/ENCFF316TGJ/@@download/ENCFF316TGJ.fastq.gz,,1,,,
ENCSR869KBA,https://www.encodeproject.org/files/ENCFF482DJT/@@download/ENCFF482DJT.fastq.gz,,1,,,
ENCSR869KBA,https://www.encodeproject.org/files/ENCFF642DEJ/@@download/ENCFF642DEJ.fastq.gz,,1,,,
ENCSR871SEB,https://www.encodeproject.org/files/ENCFF006KML/@@download/ENCFF006KML.fastq.gz,,1,,,
ENCSR871SEB,https://www.encodeproject.org/files/ENCFF923GDP/@@download/ENCFF923GDP.fastq.gz,,2,,,
ENCSR872BBM,https://www.encodeproject.org/files/ENCFF126TIE/@@download/ENCFF126TIE.fastq.gz,,1,,,
ENCSR872BBM,https://www.encodeproject.org/files/ENCFF039RED/@@download/ENCFF039RED.fastq.gz,,2,,,
ENCSR872BBM,https://www.encodeproject.org/files/ENCFF496CXR/@@download/ENCFF496CXR.fastq.gz,,3,,,
ENCSR874WOQ,https://www.encodeproject.org/files/ENCFF223FXZ/@@download/ENCFF223FXZ.fastq.gz,,1,,,
ENCSR874WOQ,https://www.encodeproject.org/files/ENCFF717GHA/@@download/ENCFF717GHA.fastq.gz,,1,,,
ENCSR874WOQ,https://www.encodeproject.org/files/ENCFF812IWT/@@download/ENCFF812IWT.fastq.gz,,1,,,
ENCSR874WOQ,https://www.encodeproject.org/files/ENCFF843WGU/@@download/ENCFF843WGU.fastq.gz,,1,,,
ENCSR874WOQ,https://www.encodeproject.org/files/ENCFF089EFP/@@download/ENCFF089EFP.fastq.gz,,1,,,
ENCSR874WOQ,https://www.encodeproject.org/files/ENCFF499ZTP/@@download/ENCFF499ZTP.fastq.gz,,1,,,
ENCSR874WOQ,https://www.encodeproject.org/files/ENCFF573UKJ/@@download/ENCFF573UKJ.fastq.gz,,1,,,
ENCSR874WOQ,https://www.encodeproject.org/files/ENCFF701PKY/@@download/ENCFF701PKY.fastq.gz,,1,,,
ENCSR886ATT,https://www.encodeproject.org/files/ENCFF435DCV/@@download/ENCFF435DCV.fastq.gz,,1,,,
ENCSR886ATT,https://www.encodeproject.org/files/ENCFF847IKD/@@download/ENCFF847IKD.fastq.gz,,1,,,
ENCSR886ATT,https://www.encodeproject.org/files/ENCFF873DBY/@@download/ENCFF873DBY.fastq.gz,,1,,,
ENCSR886ATT,https://www.encodeproject.org/files/ENCFF978FCJ/@@download/ENCFF978FCJ.fastq.gz,,1,,,
ENCSR886ATT,https://www.encodeproject.org/files/ENCFF040HLA/@@download/ENCFF040HLA.fastq.gz,,1,,,
ENCSR886ATT,https://www.encodeproject.org/files/ENCFF139MMB/@@download/ENCFF139MMB.fastq.gz,,1,,,
ENCSR886ATT,https://www.encodeproject.org/files/ENCFF287KSP/@@download/ENCFF287KSP.fastq.gz,,1,,,
ENCSR886ATT,https://www.encodeproject.org/files/ENCFF934JXL/@@download/ENCFF934JXL.fastq.gz,,1,,,
ENCSR887SZF,https://www.encodeproject.org/files/ENCFF880QTM/@@download/ENCFF880QTM.fastq.gz,,1,,,
ENCSR887SZF,https://www.encodeproject.org/files/ENCFF036IYU/@@download/ENCFF036IYU.fastq.gz,,2,,,
ENCSR887SZF,https://www.encodeproject.org/files/ENCFF269YAY/@@download/ENCFF269YAY.fastq.gz,,3,,,
ENCSR888RBQ,https://www.encodeproject.org/files/ENCFF295VZD/@@download/ENCFF295VZD.fastq.gz,,1,,,
ENCSR889RIF,https://www.encodeproject.org/files/ENCFF033TIJ/@@download/ENCFF033TIJ.fastq.gz,,1,,,
ENCSR889RIF,https://www.encodeproject.org/files/ENCFF812QHL/@@download/ENCFF812QHL.fastq.gz,,1,,,
ENCSR889RIF,https://www.encodeproject.org/files/ENCFF371GRL/@@download/ENCFF371GRL.fastq.gz,,1,,,
ENCSR889RIF,https://www.encodeproject.org/files/ENCFF679ROW/@@download/ENCFF679ROW.fastq.gz,,1,,,
ENCSR889RIF,https://www.encodeproject.org/files/ENCFF109NNP/@@download/ENCFF109NNP.fastq.gz,,2,,,
ENCSR889RIF,https://www.encodeproject.org/files/ENCFF225DAF/@@download/ENCFF225DAF.fastq.gz,,2,,,
ENCSR889RIF,https://www.encodeproject.org/files/ENCFF324AZQ/@@download/ENCFF324AZQ.fastq.gz,,2,,,
ENCSR889RIF,https://www.encodeproject.org/files/ENCFF896VRV/@@download/ENCFF896VRV.fastq.gz,,2,,,
ENCSR889RIF,https://www.encodeproject.org/files/ENCFF090EAV/@@download/ENCFF090EAV.fastq.gz,,2,,,
ENCSR889RIF,https://www.encodeproject.org/files/ENCFF451KIP/@@download/ENCFF451KIP.fastq.gz,,2,,,
ENCSR889RIF,https://www.encodeproject.org/files/ENCFF626DBF/@@download/ENCFF626DBF.fastq.gz,,2,,,
ENCSR889RIF,https://www.encodeproject.org/files/ENCFF690RYN/@@download/ENCFF690RYN.fastq.gz,,2,,,
ENCSR889ZOH,https://www.encodeproject.org/files/ENCFF084EUS/@@download/ENCFF084EUS.fastq.gz,,1,,,
ENCSR889ZOH,https://www.encodeproject.org/files/ENCFF227CXI/@@download/ENCFF227CXI.fastq.gz,,1,,,
ENCSR889ZOH,https://www.encodeproject.org/files/ENCFF311MZG/@@download/ENCFF311MZG.fastq.gz,,1,,,
ENCSR889ZOH,https://www.encodeproject.org/files/ENCFF408LSV/@@download/ENCFF408LSV.fastq.gz,,1,,,
ENCSR889ZOH,https://www.encodeproject.org/files/ENCFF440VCA/@@download/ENCFF440VCA.fastq.gz,,1,,,
ENCSR889ZOH,https://www.encodeproject.org/files/ENCFF476DJR/@@download/ENCFF476DJR.fastq.gz,,1,,,
ENCSR889ZOH,https://www.encodeproject.org/files/ENCFF607MQP/@@download/ENCFF607MQP.fastq.gz,,1,,,
ENCSR889ZOH,https://www.encodeproject.org/files/ENCFF920KHM/@@download/ENCFF920KHM.fastq.gz,,1,,,
ENCSR890MJO,https://www.encodeproject.org/files/ENCFF312JHP/@@download/ENCFF312JHP.fastq.gz,,1,,,
ENCSR891YGO,https://www.encodeproject.org/files/ENCFF559JMH/@@download/ENCFF559JMH.fastq.gz,,1,,,
ENCSR891YGO,https://www.encodeproject.org/files/ENCFF619OYF/@@download/ENCFF619OYF.fastq.gz,,1,,,
ENCSR891YGO,https://www.encodeproject.org/files/ENCFF717CFR/@@download/ENCFF717CFR.fastq.gz,,1,,,
ENCSR891YGO,https://www.encodeproject.org/files/ENCFF805PXN/@@download/ENCFF805PXN.fastq.gz,,1,,,
ENCSR891YGO,https://www.encodeproject.org/files/ENCFF058CVF/@@download/ENCFF058CVF.fastq.gz,,1,,,
ENCSR891YGO,https://www.encodeproject.org/files/ENCFF167RMA/@@download/ENCFF167RMA.fastq.gz,,1,,,
ENCSR891YGO,https://www.encodeproject.org/files/ENCFF273NGC/@@download/ENCFF273NGC.fastq.gz,,1,,,
ENCSR891YGO,https://www.encodeproject.org/files/ENCFF299NDQ/@@download/ENCFF299NDQ.fastq.gz,,1,,,
ENCSR891YGO,https://www.encodeproject.org/files/ENCFF656LDN/@@download/ENCFF656LDN.fastq.gz,,1,,,
ENCSR891YGO,https://www.encodeproject.org/files/ENCFF743KMS/@@download/ENCFF743KMS.fastq.gz,,1,,,
ENCSR891YGO,https://www.encodeproject.org/files/ENCFF751OYU/@@download/ENCFF751OYU.fastq.gz,,1,,,
ENCSR891YGO,https://www.encodeproject.org/files/ENCFF751VOC/@@download/ENCFF751VOC.fastq.gz,,1,,,
ENCSR891ZHA,https://www.encodeproject.org/files/ENCFF087VHX/@@download/ENCFF087VHX.fastq.gz,,1,,,
ENCSR891ZHA,https://www.encodeproject.org/files/ENCFF363SFT/@@download/ENCFF363SFT.fastq.gz,,1,,,
ENCSR891ZHA,https://www.encodeproject.org/files/ENCFF552KYU/@@download/ENCFF552KYU.fastq.gz,,1,,,
ENCSR891ZHA,https://www.encodeproject.org/files/ENCFF667OVX/@@download/ENCFF667OVX.fastq.gz,,1,,,
ENCSR891ZHA,https://www.encodeproject.org/files/ENCFF610SND/@@download/ENCFF610SND.fastq.gz,,1,,,
ENCSR891ZHA,https://www.encodeproject.org/files/ENCFF661MJJ/@@download/ENCFF661MJJ.fastq.gz,,1,,,
ENCSR891ZHA,https://www.encodeproject.org/files/ENCFF715FDN/@@download/ENCFF715FDN.fastq.gz,,1,,,
ENCSR891ZHA,https://www.encodeproject.org/files/ENCFF839SXT/@@download/ENCFF839SXT.fastq.gz,,1,,,
ENCSR895CJW,https://www.encodeproject.org/files/ENCFF237VUT/@@download/ENCFF237VUT.fastq.gz,,1,,,
ENCSR895CJW,https://www.encodeproject.org/files/ENCFF253VBF/@@download/ENCFF253VBF.fastq.gz,,1,,,
ENCSR895CJW,https://www.encodeproject.org/files/ENCFF504XJQ/@@download/ENCFF504XJQ.fastq.gz,,1,,,
ENCSR895CJW,https://www.encodeproject.org/files/ENCFF938DKT/@@download/ENCFF938DKT.fastq.gz,,1,,,
ENCSR895KPB,https://www.encodeproject.org/files/ENCFF772GQX/@@download/ENCFF772GQX.fastq.gz,https://www.encodeproject.org/files/ENCFF688FIR/@@download/ENCFF688FIR.fastq.gz,1,,,
ENCSR895KPB,https://www.encodeproject.org/files/ENCFF891DJN/@@download/ENCFF891DJN.fastq.gz,https://www.encodeproject.org/files/ENCFF125NIU/@@download/ENCFF125NIU.fastq.gz,1,,,
ENCSR897RRA,https://www.encodeproject.org/files/ENCFF321CPH/@@download/ENCFF321CPH.fastq.gz,,1,,,
ENCSR897RRA,https://www.encodeproject.org/files/ENCFF360DUF/@@download/ENCFF360DUF.fastq.gz,,1,,,
ENCSR897RRA,https://www.encodeproject.org/files/ENCFF566VUE/@@download/ENCFF566VUE.fastq.gz,,1,,,
ENCSR897RRA,https://www.encodeproject.org/files/ENCFF498FZT/@@download/ENCFF498FZT.fastq.gz,,2,,,
ENCSR898WPF,https://www.encodeproject.org/files/ENCFF337SFT/@@download/ENCFF337SFT.fastq.gz,,1,,,
ENCSR898WPF,https://www.encodeproject.org/files/ENCFF468GMR/@@download/ENCFF468GMR.fastq.gz,,1,,,
ENCSR898WPF,https://www.encodeproject.org/files/ENCFF494AFP/@@download/ENCFF494AFP.fastq.gz,,1,,,
ENCSR898WPF,https://www.encodeproject.org/files/ENCFF742ETU/@@download/ENCFF742ETU.fastq.gz,,1,,,
ENCSR898WPF,https://www.encodeproject.org/files/ENCFF297GSA/@@download/ENCFF297GSA.fastq.gz,,1,,,
ENCSR898WPF,https://www.encodeproject.org/files/ENCFF517SDH/@@download/ENCFF517SDH.fastq.gz,,1,,,
ENCSR898WPF,https://www.encodeproject.org/files/ENCFF629CFG/@@download/ENCFF629CFG.fastq.gz,,1,,,
ENCSR898WPF,https://www.encodeproject.org/files/ENCFF644DRL/@@download/ENCFF644DRL.fastq.gz,,1,,,
ENCSR899XXQ,https://www.encodeproject.org/files/ENCFF505NFA/@@download/ENCFF505NFA.fastq.gz,,1,,,
ENCSR906OSH,https://www.encodeproject.org/files/ENCFF077BCR/@@download/ENCFF077BCR.fastq.gz,,1,,,
ENCSR906OSH,https://www.encodeproject.org/files/ENCFF463SGK/@@download/ENCFF463SGK.fastq.gz,,1,,,
ENCSR913DKN,https://www.encodeproject.org/files/ENCFF353JMK/@@download/ENCFF353JMK.fastq.gz,,1,,,
ENCSR913DKN,https://www.encodeproject.org/files/ENCFF681JAA/@@download/ENCFF681JAA.fastq.gz,,1,,,
ENCSR914HOJ,https://www.encodeproject.org/files/ENCFF218RJS/@@download/ENCFF218RJS.fastq.gz,,1,,,
ENCSR914HOJ,https://www.encodeproject.org/files/ENCFF996SJS/@@download/ENCFF996SJS.fastq.gz,,1,,,
ENCSR917XOL,https://www.encodeproject.org/files/ENCFF236MNY/@@download/ENCFF236MNY.fastq.gz,,1,,,
ENCSR917XOL,https://www.encodeproject.org/files/ENCFF238WIR/@@download/ENCFF238WIR.fastq.gz,,1,,,
ENCSR917XOL,https://www.encodeproject.org/files/ENCFF331CKT/@@download/ENCFF331CKT.fastq.gz,,1,,,
ENCSR917XOL,https://www.encodeproject.org/files/ENCFF359OLM/@@download/ENCFF359OLM.fastq.gz,,1,,,
ENCSR917XOL,https://www.encodeproject.org/files/ENCFF108CMO/@@download/ENCFF108CMO.fastq.gz,,1,,,
ENCSR917XOL,https://www.encodeproject.org/files/ENCFF209OVV/@@download/ENCFF209OVV.fastq.gz,,1,,,
ENCSR917XOL,https://www.encodeproject.org/files/ENCFF217YMV/@@download/ENCFF217YMV.fastq.gz,,1,,,
ENCSR917XOL,https://www.encodeproject.org/files/ENCFF286EAF/@@download/ENCFF286EAF.fastq.gz,,1,,,
ENCSR917XOL,https://www.encodeproject.org/files/ENCFF520HDX/@@download/ENCFF520HDX.fastq.gz,,1,,,
ENCSR917XOL,https://www.encodeproject.org/files/ENCFF610YNM/@@download/ENCFF610YNM.fastq.gz,,1,,,
ENCSR917XOL,https://www.encodeproject.org/files/ENCFF663PMJ/@@download/ENCFF663PMJ.fastq.gz,,1,,,
ENCSR917XOL,https://www.encodeproject.org/files/ENCFF974CMQ/@@download/ENCFF974CMQ.fastq.gz,,1,,,
ENCSR918ESG,https://www.encodeproject.org/files/ENCFF023OAH/@@download/ENCFF023OAH.fastq.gz,,1,,,
ENCSR918ESG,https://www.encodeproject.org/files/ENCFF250QTU/@@download/ENCFF250QTU.fastq.gz,,1,,,
ENCSR918ESG,https://www.encodeproject.org/files/ENCFF651XQC/@@download/ENCFF651XQC.fastq.gz,,1,,,
ENCSR918ESG,https://www.encodeproject.org/files/ENCFF889MHQ/@@download/ENCFF889MHQ.fastq.gz,,1,,,
ENCSR918ESG,https://www.encodeproject.org/files/ENCFF081OPK/@@download/ENCFF081OPK.fastq.gz,,1,,,
ENCSR918ESG,https://www.encodeproject.org/files/ENCFF225CHW/@@download/ENCFF225CHW.fastq.gz,,1,,,
ENCSR918ESG,https://www.encodeproject.org/files/ENCFF680GLG/@@download/ENCFF680GLG.fastq.gz,,1,,,
ENCSR918ESG,https://www.encodeproject.org/files/ENCFF784TJM/@@download/ENCFF784TJM.fastq.gz,,1,,,
ENCSR922FLS,https://www.encodeproject.org/files/ENCFF569WIS/@@download/ENCFF569WIS.fastq.gz,,1,,,
ENCSR922FLS,https://www.encodeproject.org/files/ENCFF274RNW/@@download/ENCFF274RNW.fastq.gz,https://www.encodeproject.org/files/ENCFF996AET/@@download/ENCFF996AET.fastq.gz,1,,,
ENCSR922FLS,https://www.encodeproject.org/files/ENCFF460JSA/@@download/ENCFF460JSA.fastq.gz,https://www.encodeproject.org/files/ENCFF219EFK/@@download/ENCFF219EFK.fastq.gz,1,,,
ENCSR922FLS,https://www.encodeproject.org/files/ENCFF780VKF/@@download/ENCFF780VKF.fastq.gz,https://www.encodeproject.org/files/ENCFF716RUC/@@download/ENCFF716RUC.fastq.gz,1,,,
ENCSR922FLS,https://www.encodeproject.org/files/ENCFF888OQB/@@download/ENCFF888OQB.fastq.gz,https://www.encodeproject.org/files/ENCFF203UWC/@@download/ENCFF203UWC.fastq.gz,1,,,
ENCSR922FLS,https://www.encodeproject.org/files/ENCFF105BSH/@@download/ENCFF105BSH.fastq.gz,https://www.encodeproject.org/files/ENCFF865TXE/@@download/ENCFF865TXE.fastq.gz,2,,,
ENCSR922FLS,https://www.encodeproject.org/files/ENCFF283SSQ/@@download/ENCFF283SSQ.fastq.gz,https://www.encodeproject.org/files/ENCFF048VZV/@@download/ENCFF048VZV.fastq.gz,2,,,
ENCSR922FLS,https://www.encodeproject.org/files/ENCFF377FRL/@@download/ENCFF377FRL.fastq.gz,https://www.encodeproject.org/files/ENCFF751CCF/@@download/ENCFF751CCF.fastq.gz,2,,,
ENCSR922FLS,https://www.encodeproject.org/files/ENCFF601FJT/@@download/ENCFF601FJT.fastq.gz,https://www.encodeproject.org/files/ENCFF729MHV/@@download/ENCFF729MHV.fastq.gz,2,,,
ENCSR927MXE,https://www.encodeproject.org/files/ENCFF290VLP/@@download/ENCFF290VLP.fastq.gz,,1,,,
ENCSR927MXE,https://www.encodeproject.org/files/ENCFF554RIX/@@download/ENCFF554RIX.fastq.gz,,1,,,
ENCSR930RIA,https://www.encodeproject.org/files/ENCFF953ZAR/@@download/ENCFF953ZAR.fastq.gz,,1,,,
ENCSR930RIA,https://www.encodeproject.org/files/ENCFF970CAQ/@@download/ENCFF970CAQ.fastq.gz,,1,,,
ENCSR932WVK,https://www.encodeproject.org/files/ENCFF035WQF/@@download/ENCFF035WQF.fastq.gz,,1,,,
ENCSR932WVK,https://www.encodeproject.org/files/ENCFF396DZG/@@download/ENCFF396DZG.fastq.gz,,1,,,
ENCSR933UGQ,https://www.encodeproject.org/files/ENCFF868MWO/@@download/ENCFF868MWO.fastq.gz,https://www.encodeproject.org/files/ENCFF745ZXO/@@download/ENCFF745ZXO.fastq.gz,1,,,
ENCSR933UGQ,https://www.encodeproject.org/files/ENCFF926HWQ/@@download/ENCFF926HWQ.fastq.gz,https://www.encodeproject.org/files/ENCFF776RZI/@@download/ENCFF776RZI.fastq.gz,2,,,
ENCSR936CZX,https://www.encodeproject.org/files/ENCFF151IBZ/@@download/ENCFF151IBZ.fastq.gz,,1,,,
ENCSR936CZX,https://www.encodeproject.org/files/ENCFF411KXL/@@download/ENCFF411KXL.fastq.gz,,1,,,
ENCSR936CZX,https://www.encodeproject.org/files/ENCFF748ZWH/@@download/ENCFF748ZWH.fastq.gz,,1,,,
ENCSR936CZX,https://www.encodeproject.org/files/ENCFF956EVB/@@download/ENCFF956EVB.fastq.gz,,1,,,
ENCSR936CZX,https://www.encodeproject.org/files/ENCFF288PTJ/@@download/ENCFF288PTJ.fastq.gz,,1,,,
ENCSR936CZX,https://www.encodeproject.org/files/ENCFF373ICD/@@download/ENCFF373ICD.fastq.gz,,1,,,
ENCSR936CZX,https://www.encodeproject.org/files/ENCFF894DWC/@@download/ENCFF894DWC.fastq.gz,,1,,,
ENCSR936CZX,https://www.encodeproject.org/files/ENCFF983YLP/@@download/ENCFF983YLP.fastq.gz,,1,,,
ENCSR937OPV,https://www.encodeproject.org/files/ENCFF491IZY/@@download/ENCFF491IZY.fastq.gz,,1,,,
ENCSR937OPV,https://www.encodeproject.org/files/ENCFF512UAI/@@download/ENCFF512UAI.fastq.gz,,1,,,
ENCSR937OPV,https://www.encodeproject.org/files/ENCFF724DNJ/@@download/ENCFF724DNJ.fastq.gz,,1,,,
ENCSR937OPV,https://www.encodeproject.org/files/ENCFF807UMT/@@download/ENCFF807UMT.fastq.gz,,1,,,
ENCSR937OPV,https://www.encodeproject.org/files/ENCFF013PPE/@@download/ENCFF013PPE.fastq.gz,,1,,,
ENCSR937OPV,https://www.encodeproject.org/files/ENCFF262RBW/@@download/ENCFF262RBW.fastq.gz,,1,,,
ENCSR937OPV,https://www.encodeproject.org/files/ENCFF300CLP/@@download/ENCFF300CLP.fastq.gz,,1,,,
ENCSR937OPV,https://www.encodeproject.org/files/ENCFF705RUA/@@download/ENCFF705RUA.fastq.gz,,1,,,
ENCSR945LPX,https://www.encodeproject.org/files/ENCFF086ZFA/@@download/ENCFF086ZFA.fastq.gz,,1,,,
ENCSR945LPX,https://www.encodeproject.org/files/ENCFF107GDV/@@download/ENCFF107GDV.fastq.gz,,1,,,
ENCSR945LPX,https://www.encodeproject.org/files/ENCFF131BGR/@@download/ENCFF131BGR.fastq.gz,,1,,,
ENCSR945LPX,https://www.encodeproject.org/files/ENCFF679DMU/@@download/ENCFF679DMU.fastq.gz,,1,,,
ENCSR945LPX,https://www.encodeproject.org/files/ENCFF184DRT/@@download/ENCFF184DRT.fastq.gz,,1,,,
ENCSR945LPX,https://www.encodeproject.org/files/ENCFF333PUF/@@download/ENCFF333PUF.fastq.gz,,1,,,
ENCSR945LPX,https://www.encodeproject.org/files/ENCFF391SQW/@@download/ENCFF391SQW.fastq.gz,,1,,,
ENCSR945LPX,https://www.encodeproject.org/files/ENCFF868RVB/@@download/ENCFF868RVB.fastq.gz,,1,,,
ENCSR948DNK,https://www.encodeproject.org/files/ENCFF374QGZ/@@download/ENCFF374QGZ.fastq.gz,,1,,,
ENCSR948DNK,https://www.encodeproject.org/files/ENCFF834RYS/@@download/ENCFF834RYS.fastq.gz,,1,,,
ENCSR948DNK,https://www.encodeproject.org/files/ENCFF173TCS/@@download/ENCFF173TCS.fastq.gz,,1,,,
ENCSR948DNK,https://www.encodeproject.org/files/ENCFF338WSS/@@download/ENCFF338WSS.fastq.gz,,1,,,
ENCSR948DNK,https://www.encodeproject.org/files/ENCFF404GDX/@@download/ENCFF404GDX.fastq.gz,,2,,,
ENCSR948DNK,https://www.encodeproject.org/files/ENCFF410OSO/@@download/ENCFF410OSO.fastq.gz,,2,,,
ENCSR954ZQC,https://www.encodeproject.org/files/ENCFF392GXL/@@download/ENCFF392GXL.fastq.gz,,1,,,
ENCSR954ZQC,https://www.encodeproject.org/files/ENCFF159DAO/@@download/ENCFF159DAO.fastq.gz,,2,,,
ENCSR955OYW,https://www.encodeproject.org/files/ENCFF036CPR/@@download/ENCFF036CPR.fastq.gz,,1,,,
ENCSR955OYW,https://www.encodeproject.org/files/ENCFF132QOQ/@@download/ENCFF132QOQ.fastq.gz,,1,,,
ENCSR955OYW,https://www.encodeproject.org/files/ENCFF223ABD/@@download/ENCFF223ABD.fastq.gz,,1,,,
ENCSR955OYW,https://www.encodeproject.org/files/ENCFF331RNL/@@download/ENCFF331RNL.fastq.gz,,1,,,
ENCSR958BKG,https://www.encodeproject.org/files/ENCFF447WPJ/@@download/ENCFF447WPJ.fastq.gz,,1,,,
ENCSR958BKG,https://www.encodeproject.org/files/ENCFF497NTW/@@download/ENCFF497NTW.fastq.gz,,2,,,
ENCSR960VLF,https://www.encodeproject.org/files/ENCFF077PWW/@@download/ENCFF077PWW.fastq.gz,,1,,,
ENCSR960VLF,https://www.encodeproject.org/files/ENCFF107HYL/@@download/ENCFF107HYL.fastq.gz,,1,,,
ENCSR961QMI,https://www.encodeproject.org/files/ENCFF057IKR/@@download/ENCFF057IKR.fastq.gz,,1,,,
ENCSR962EJE,https://www.encodeproject.org/files/ENCFF233IBR/@@download/ENCFF233IBR.fastq.gz,,1,,,
ENCSR962EJE,https://www.encodeproject.org/files/ENCFF362JMQ/@@download/ENCFF362JMQ.fastq.gz,,1,,,
ENCSR962EJE,https://www.encodeproject.org/files/ENCFF425YBL/@@download/ENCFF425YBL.fastq.gz,,1,,,
ENCSR962EJE,https://www.encodeproject.org/files/ENCFF752FJE/@@download/ENCFF752FJE.fastq.gz,,1,,,
ENCSR966IGL,https://www.encodeproject.org/files/ENCFF206KUN/@@download/ENCFF206KUN.fastq.gz,,1,,,
ENCSR966IGL,https://www.encodeproject.org/files/ENCFF651BBZ/@@download/ENCFF651BBZ.fastq.gz,,1,,,
ENCSR968MKZ,https://www.encodeproject.org/files/ENCFF093TYT/@@download/ENCFF093TYT.fastq.gz,,1,,,
ENCSR968MKZ,https://www.encodeproject.org/files/ENCFF120UMI/@@download/ENCFF120UMI.fastq.gz,,1,,,
ENCSR968MKZ,https://www.encodeproject.org/files/ENCFF166XHA/@@download/ENCFF166XHA.fastq.gz,,1,,,
ENCSR968MKZ,https://www.encodeproject.org/files/ENCFF308LJT/@@download/ENCFF308LJT.fastq.gz,,1,,,
ENCSR968MKZ,https://www.encodeproject.org/files/ENCFF383IGL/@@download/ENCFF383IGL.fastq.gz,,1,,,
ENCSR968MKZ,https://www.encodeproject.org/files/ENCFF618FXT/@@download/ENCFF618FXT.fastq.gz,,1,,,
ENCSR968MKZ,https://www.encodeproject.org/files/ENCFF712MAO/@@download/ENCFF712MAO.fastq.gz,,1,,,
ENCSR968MKZ,https://www.encodeproject.org/files/ENCFF744DSA/@@download/ENCFF744DSA.fastq.gz,,1,,,
ENCSR968MKZ,https://www.encodeproject.org/files/ENCFF016VJT/@@download/ENCFF016VJT.fastq.gz,,1,,,
ENCSR968MKZ,https://www.encodeproject.org/files/ENCFF250QLP/@@download/ENCFF250QLP.fastq.gz,,1,,,
ENCSR968MKZ,https://www.encodeproject.org/files/ENCFF361BQU/@@download/ENCFF361BQU.fastq.gz,,1,,,
ENCSR968MKZ,https://www.encodeproject.org/files/ENCFF398ACH/@@download/ENCFF398ACH.fastq.gz,,1,,,
ENCSR968XKG,https://www.encodeproject.org/files/ENCFF373HPM/@@download/ENCFF373HPM.fastq.gz,,1,,,
ENCSR968XKG,https://www.encodeproject.org/files/ENCFF412UUT/@@download/ENCFF412UUT.fastq.gz,,1,,,
ENCSR968XKG,https://www.encodeproject.org/files/ENCFF705IAM/@@download/ENCFF705IAM.fastq.gz,,1,,,
ENCSR968XKG,https://www.encodeproject.org/files/ENCFF752CMC/@@download/ENCFF752CMC.fastq.gz,,1,,,
ENCSR968XKG,https://www.encodeproject.org/files/ENCFF171AIB/@@download/ENCFF171AIB.fastq.gz,,1,,,
ENCSR968XKG,https://www.encodeproject.org/files/ENCFF418WKQ/@@download/ENCFF418WKQ.fastq.gz,,1,,,
ENCSR968XKG,https://www.encodeproject.org/files/ENCFF459IRF/@@download/ENCFF459IRF.fastq.gz,,1,,,
ENCSR968XKG,https://www.encodeproject.org/files/ENCFF743BRB/@@download/ENCFF743BRB.fastq.gz,,1,,,
ENCSR968XKG,https://www.encodeproject.org/files/ENCFF175DQL/@@download/ENCFF175DQL.fastq.gz,,2,,,
ENCSR968XKG,https://www.encodeproject.org/files/ENCFF551GZL/@@download/ENCFF551GZL.fastq.gz,,2,,,
ENCSR968XKG,https://www.encodeproject.org/files/ENCFF637NVG/@@download/ENCFF637NVG.fastq.gz,,2,,,
ENCSR968XKG,https://www.encodeproject.org/files/ENCFF909WDI/@@download/ENCFF909WDI.fastq.gz,,2,,,
ENCSR968XKG,https://www.encodeproject.org/files/ENCFF453FEA/@@download/ENCFF453FEA.fastq.gz,,2,,,
ENCSR968XKG,https://www.encodeproject.org/files/ENCFF630RPA/@@download/ENCFF630RPA.fastq.gz,,2,,,
ENCSR968XKG,https://www.encodeproject.org/files/ENCFF859QDX/@@download/ENCFF859QDX.fastq.gz,,2,,,
ENCSR968XKG,https://www.encodeproject.org/files/ENCFF980ULJ/@@download/ENCFF980ULJ.fastq.gz,,2,,,
ENCSR975PED,https://www.encodeproject.org/files/ENCFF482RON/@@download/ENCFF482RON.fastq.gz,,1,,,
ENCSR978XYH,https://www.encodeproject.org/files/ENCFF665QOC/@@download/ENCFF665QOC.fastq.gz,,1,,,
ENCSR978XYH,https://www.encodeproject.org/files/ENCFF360GQI/@@download/ENCFF360GQI.fastq.gz,,2,,,
ENCSR979XBX,https://www.encodeproject.org/files/ENCFF396DKW/@@download/ENCFF396DKW.fastq.gz,,1,,,
ENCSR979XBX,https://www.encodeproject.org/files/ENCFF823DXS/@@download/ENCFF823DXS.fastq.gz,,1,,,
ENCSR979XBX,https://www.encodeproject.org/files/ENCFF244KIM/@@download/ENCFF244KIM.fastq.gz,,1,,,
ENCSR979XBX,https://www.encodeproject.org/files/ENCFF536BLK/@@download/ENCFF536BLK.fastq.gz,,1,,,
ENCSR979XBX,https://www.encodeproject.org/files/ENCFF723PEI/@@download/ENCFF723PEI.fastq.gz,,2,,,
ENCSR979XBX,https://www.encodeproject.org/files/ENCFF912VFJ/@@download/ENCFF912VFJ.fastq.gz,,2,,,
ENCSR979YKY,https://www.encodeproject.org/files/ENCFF837DUR/@@download/ENCFF837DUR.fastq.gz,,1,,,
ENCSR979YKY,https://www.encodeproject.org/files/ENCFF927OUN/@@download/ENCFF927OUN.fastq.gz,,1,,,
ENCSR979YKY,https://www.encodeproject.org/files/ENCFF946HRQ/@@download/ENCFF946HRQ.fastq.gz,,1,,,
ENCSR979YKY,https://www.encodeproject.org/files/ENCFF960BDR/@@download/ENCFF960BDR.fastq.gz,,1,,,
ENCSR979YKY,https://www.encodeproject.org/files/ENCFF260TBC/@@download/ENCFF260TBC.fastq.gz,,1,,,
ENCSR979YKY,https://www.encodeproject.org/files/ENCFF375WBK/@@download/ENCFF375WBK.fastq.gz,,1,,,
ENCSR979YKY,https://www.encodeproject.org/files/ENCFF507HRX/@@download/ENCFF507HRX.fastq.gz,,1,,,
ENCSR979YKY,https://www.encodeproject.org/files/ENCFF826FUC/@@download/ENCFF826FUC.fastq.gz,,1,,,
ENCSR980TBV,https://www.encodeproject.org/files/ENCFF842XBI/@@download/ENCFF842XBI.fastq.gz,,1,,,
ENCSR980TBV,https://www.encodeproject.org/files/ENCFF993NNW/@@download/ENCFF993NNW.fastq.gz,,1,,,
ENCSR980TBV,https://www.encodeproject.org/files/ENCFF697IXE/@@download/ENCFF697IXE.fastq.gz,,1,,,
ENCSR980TBV,https://www.encodeproject.org/files/ENCFF817JIA/@@download/ENCFF817JIA.fastq.gz,,1,,,
ENCSR982AYN,https://www.encodeproject.org/files/ENCFF383MBA/@@download/ENCFF383MBA.fastq.gz,https://www.encodeproject.org/files/ENCFF082MEA/@@download/ENCFF082MEA.fastq.gz,1,,,
ENCSR982AYN,https://www.encodeproject.org/files/ENCFF123SWE/@@download/ENCFF123SWE.fastq.gz,https://www.encodeproject.org/files/ENCFF241GYG/@@download/ENCFF241GYG.fastq.gz,2,,,
ENCSR985CHJ,https://www.encodeproject.org/files/ENCFF126XLK/@@download/ENCFF126XLK.fastq.gz,,1,,,
ENCSR988CHU,https://www.encodeproject.org/files/ENCFF098NGA/@@download/ENCFF098NGA.fastq.gz,,1,,,
ENCSR988CHU,https://www.encodeproject.org/files/ENCFF513LPD/@@download/ENCFF513LPD.fastq.gz,,1,,,
ENCSR993YSN,https://www.encodeproject.org/files/ENCFF039UXV/@@download/ENCFF039UXV.fastq.gz,,1,,,
ENCSR993YSN,https://www.encodeproject.org/files/ENCFF039ZSJ/@@download/ENCFF039ZSJ.fastq.gz,,1,,,
ENCSR993YSN,https://www.encodeproject.org/files/ENCFF116ZBO/@@download/ENCFF116ZBO.fastq.gz,,1,,,
ENCSR993YSN,https://www.encodeproject.org/files/ENCFF204CAZ/@@download/ENCFF204CAZ.fastq.gz,,1,,,
ENCSR993YSN,https://www.encodeproject.org/files/ENCFF031THO/@@download/ENCFF031THO.fastq.gz,,1,,,
ENCSR993YSN,https://www.encodeproject.org/files/ENCFF441UIK/@@download/ENCFF441UIK.fastq.gz,,1,,,
ENCSR993YSN,https://www.encodeproject.org/files/ENCFF698COC/@@download/ENCFF698COC.fastq.gz,,1,,,
ENCSR993YSN,https://www.encodeproject.org/files/ENCFF932NQD/@@download/ENCFF932NQD.fastq.gz,,1,,,
ENCSR995BPJ,https://www.encodeproject.org/files/ENCFF088KPY/@@download/ENCFF088KPY.fastq.gz,,1,,,
