sample,fastq_1,fastq_2,replicate,antibody,control,control_replicate
ENCSR000AKC,/nfs-stor/akshat.mistry/cluster/dbsuper_pipeline/raw/encode_results/files/case/ENCSR000AKC/ENCFF000ASU.fastq.gz,,1,H3K27ac,ENCSR000AKJ,1
ENCSR000AKC,/nfs-stor/akshat.mistry/cluster/dbsuper_pipeline/raw/encode_results/files/case/ENCSR000AKC/ENCFF000ASP.fastq.gz,,2,H3K27ac,ENCSR000AKJ,2
ENCSR000AKP,/nfs-stor/akshat.mistry/cluster/dbsuper_pipeline/raw/encode_results/files/case/ENCSR000AKP/ENCFF000BXH.fastq.gz,,1,H3K27ac,ENCSR000AKY,1
ENCSR000AKP,/nfs-stor/akshat.mistry/cluster/dbsuper_pipeline/raw/encode_results/files/case/ENCSR000AKP/ENCFF000BXG.fastq.gz,,2,H3K27ac,ENCSR000AKY,2
ENCSR000AKP,/nfs-stor/akshat.mistry/cluster/dbsuper_pipeline/raw/encode_results/files/case/ENCSR000AKP/ENCFF143EVF.fastq.gz,,3,H3K27ac,ENCSR000AKY,3
ENCSR000AKP,/nfs-stor/akshat.mistry/cluster/dbsuper_pipeline/raw/encode_results/files/case/ENCSR000AKP/ENCFF845TAO.fastq.gz,,3,H3K27ac,ENCSR000AKY,3
ENCSR000AKP,/nfs-stor/akshat.mistry/cluster/dbsuper_pipeline/raw/encode_results/files/case/ENCSR000AKP/ENCFF427JJU.fastq.gz,,3,H3K27ac,ENCSR000AKY,3
ENCSR000AKP,/nfs-stor/akshat.mistry/cluster/dbsuper_pipeline/raw/encode_results/files/case/ENCSR000AKP/ENCFF760YTC.fastq.gz,,3,H3K27ac,ENCSR000AKY,3
ENCSR000ALB,/nfs-stor/akshat.mistry/cluster/dbsuper_pipeline/raw/encode_results/files/case/ENCSR000ALB/ENCFF000BSI.fastq.gz,,1,H3K27ac,ENCSR000ALG,1
ENCSR000ALB,/nfs-stor/akshat.mistry/cluster/dbsuper_pipeline/raw/encode_results/files/case/ENCSR000ALB/ENCFF000BSD.fastq.gz,,2,H3K27ac,ENCSR000ALG,1
ENCSR000ALK,/nfs-stor/akshat.mistry/cluster/dbsuper_pipeline/raw/encode_results/files/case/ENCSR000ALK/ENCFF000CNN.fastq.gz,,1,H3K27ac,ENCSR000ALS,1
ENCSR000ALK,/nfs-stor/akshat.mistry/cluster/dbsuper_pipeline/raw/encode_results/files/case/ENCSR000ALK/ENCFF000CNL.fastq.gz,,2,H3K27ac,ENCSR000ALS,1
ENCSR000ALW,/nfs-stor/akshat.mistry/cluster/dbsuper_pipeline/raw/encode_results/files/case/ENCSR000ALW/ENCFF000BIL.fastq.gz,,1,H3K27ac,ENCSR000AMN,1
ENCSR000ALW,/nfs-stor/akshat.mistry/cluster/dbsuper_pipeline/raw/encode_results/files/case/ENCSR000ALW/ENCFF000BIM.fastq.gz,,2,H3K27ac,ENCSR000AMN,2
ENCSR000AMO,/nfs-stor/akshat.mistry/cluster/dbsuper_pipeline/raw/encode_results/files/case/ENCSR000AMO/ENCFF000BFD.fastq.gz,,1,H3K27ac,ENCSR055XHN,1
ENCSR000AMO,/nfs-stor/akshat.mistry/cluster/dbsuper_pipeline/raw/encode_results/files/case/ENCSR000AMO/ENCFF000BFH.fastq.gz,,2,H3K27ac,ENCSR055XHN,2
ENCSR000AMO,/nfs-stor/akshat.mistry/cluster/dbsuper_pipeline/raw/encode_results/files/case/ENCSR000AMO/ENCFF130TZW.fastq.gz,,3,H3K27ac,ENCSR055XHN,3
ENCSR000AMO,/nfs-stor/akshat.mistry/cluster/dbsuper_pipeline/raw/encode_results/files/case/ENCSR000AMO/ENCFF515INE.fastq.gz,,3,H3K27ac,ENCSR055XHN,3
ENCSR000AMO,/nfs-stor/akshat.mistry/cluster/dbsuper_pipeline/raw/encode_results/files/case/ENCSR000AMO/ENCFF718PPI.fastq.gz,,3,H3K27ac,ENCSR055XHN,3
ENCSR000AMO,/nfs-stor/akshat.mistry/cluster/dbsuper_pipeline/raw/encode_results/files/case/ENCSR000AMO/ENCFF834LZS.fastq.gz,,3,H3K27ac,ENCSR055XHN,3
ENCSR000AMR,/nfs-stor/akshat.mistry/cluster/dbsuper_pipeline/raw/encode_results/files/case/ENCSR000AMR/ENCFF000CRV.fastq.gz,,1,H3K27ac,ENCSR000AMZ,1
ENCSR000AMR,/nfs-stor/akshat.mistry/cluster/dbsuper_pipeline/raw/encode_results/files/case/ENCSR000AMR/ENCFF000CRS.fastq.gz,,2,H3K27ac,ENCSR000AMZ,2
ENCSR000ANF,/nfs-stor/akshat.mistry/cluster/dbsuper_pipeline/raw/encode_results/files/case/ENCSR000ANF/ENCFF000BLI.fastq.gz,,1,H3K27ac,ENCSR000ANN,1
ENCSR000ANF,/nfs-stor/akshat.mistry/cluster/dbsuper_pipeline/raw/encode_results/files/case/ENCSR000ANF/ENCFF000BLJ.fastq.gz,,2,H3K27ac,ENCSR000ANN,2
ENCSR000ANP,/nfs-stor/akshat.mistry/cluster/dbsuper_pipeline/raw/encode_results/files/case/ENCSR000ANP/ENCFF000AWR.fastq.gz,,1,H3K27ac,ENCSR000AMI,1
ENCSR000ANP,/nfs-stor/akshat.mistry/cluster/dbsuper_pipeline/raw/encode_results/files/case/ENCSR000ANP/ENCFF000AWV.fastq.gz,,2,H3K27ac,ENCSR000AMI,2
ENCSR000ANV,/nfs-stor/akshat.mistry/cluster/dbsuper_pipeline/raw/encode_results/files/case/ENCSR000ANV/ENCFF000BOT.fastq.gz,,1,H3K27ac,ENCSR000ANT,1
ENCSR000ANV,/nfs-stor/akshat.mistry/cluster/dbsuper_pipeline/raw/encode_results/files/case/ENCSR000ANV/ENCFF000BOU.fastq.gz,,2,H3K27ac,ENCSR000ANT,2
ENCSR000AOC,/nfs-stor/akshat.mistry/cluster/dbsuper_pipeline/raw/encode_results/files/case/ENCSR000AOC/ENCFF000BBY.fastq.gz,,1,H3K27ac,ENCSR000AOB,1
ENCSR000AOC,/nfs-stor/akshat.mistry/cluster/dbsuper_pipeline/raw/encode_results/files/case/ENCSR000AOC/ENCFF000BBZ.fastq.gz,,2,H3K27ac,ENCSR000AOB,2
ENCSR000AOQ,/nfs-stor/akshat.mistry/cluster/dbsuper_pipeline/raw/encode_results/files/case/ENCSR000AOQ/ENCFF000CHK.fastq.gz,,1,H3K27ac,ENCSR000AOP,1
ENCSR000AOQ,/nfs-stor/akshat.mistry/cluster/dbsuper_pipeline/raw/encode_results/files/case/ENCSR000AOQ/ENCFF000CHH.fastq.gz,,2,H3K27ac,ENCSR000AOP,2
ENCSR000APH,/nfs-stor/akshat.mistry/cluster/dbsuper_pipeline/raw/encode_results/files/case/ENCSR000APH/ENCFF000CVS.fastq.gz,,1,H3K27ac,ENCSR000APU,1
ENCSR000APH,/nfs-stor/akshat.mistry/cluster/dbsuper_pipeline/raw/encode_results/files/case/ENCSR000APH/ENCFF000CVU.fastq.gz,,2,H3K27ac,ENCSR000APU,2
ENCSR000APN,/nfs-stor/akshat.mistry/cluster/dbsuper_pipeline/raw/encode_results/files/case/ENCSR000APN/ENCFF000CKG.fastq.gz,,1,H3K27ac,ENCSR000APT,1
ENCSR000APN,/nfs-stor/akshat.mistry/cluster/dbsuper_pipeline/raw/encode_results/files/case/ENCSR000APN/ENCFF000CKH.fastq.gz,,2,H3K27ac,ENCSR000APT,2
ENCSR000AQW,/nfs-stor/akshat.mistry/cluster/dbsuper_pipeline/raw/encode_results/files/case/ENCSR000AQW/ENCFF000AQI.fastq.gz,,1,H3K27ac,ENCSR000ASA,1
ENCSR000AQW,/nfs-stor/akshat.mistry/cluster/dbsuper_pipeline/raw/encode_results/files/case/ENCSR000AQW/ENCFF000AQH.fastq.gz,,2,H3K27ac,ENCSR000ASA,2
ENCSR000ASJ,/nfs-stor/akshat.mistry/cluster/dbsuper_pipeline/raw/encode_results/files/case/ENCSR000ASJ/ENCFF000CEN.fastq.gz,,1,H3K27ac,ENCSR000AUU,1
ENCSR000ASJ,/nfs-stor/akshat.mistry/cluster/dbsuper_pipeline/raw/encode_results/files/case/ENCSR000ASJ/ENCFF000CEO.fastq.gz,,2,H3K27ac,ENCSR000AUU,2
ENCSR000AUI,/nfs-stor/akshat.mistry/cluster/dbsuper_pipeline/raw/encode_results/files/case/ENCSR000AUI/ENCFF000AKR.fastq.gz,,1,H3K27ac,ENCSR000ASS,1
ENCSR000AUI,/nfs-stor/akshat.mistry/cluster/dbsuper_pipeline/raw/encode_results/files/case/ENCSR000AUI/ENCFF000AKS.fastq.gz,,2,H3K27ac,ENCSR000ASS,2
ENCSR000AUP,/nfs-stor/akshat.mistry/cluster/dbsuper_pipeline/raw/encode_results/files/case/ENCSR000AUP/ENCFF000ANT.fastq.gz,,1,H3K27ac,ENCSR000AUW,1
ENCSR000AUP,/nfs-stor/akshat.mistry/cluster/dbsuper_pipeline/raw/encode_results/files/case/ENCSR000AUP/ENCFF000ANV.fastq.gz,,2,H3K27ac,ENCSR000AUW,1
ENCSR000AVF,/nfs-stor/akshat.mistry/cluster/dbsuper_pipeline/raw/encode_results/files/case/ENCSR000AVF/ENCFF000AKL.fastq.gz,,1,H3K27ac,ENCSR000ASR,1
ENCSR000AVF,/nfs-stor/akshat.mistry/cluster/dbsuper_pipeline/raw/encode_results/files/case/ENCSR000AVF/ENCFF000AKJ.fastq.gz,,2,H3K27ac,ENCSR000ASR,2
ENCSR000DPL,/nfs-stor/akshat.mistry/cluster/dbsuper_pipeline/raw/encode_results/files/case/ENCSR000DPL/ENCFF001END.fastq.gz,,1,H3K27ac,ENCSR000DPN,1
ENCSR000DPL,/nfs-stor/akshat.mistry/cluster/dbsuper_pipeline/raw/encode_results/files/case/ENCSR000DPL/ENCFF001ENE.fastq.gz,,1,H3K27ac,ENCSR000DPN,1
ENCSR000EUT,/nfs-stor/akshat.mistry/cluster/dbsuper_pipeline/raw/encode_results/files/case/ENCSR000EUT/ENCFF000VCQ.fastq.gz,,1,H3K27ac,ENCSR000EUX,1
ENCSR000EUT,/nfs-stor/akshat.mistry/cluster/dbsuper_pipeline/raw/encode_results/files/case/ENCSR000EUT/ENCFF000VCS.fastq.gz,,2,H3K27ac,ENCSR000EUX,1
ENCSR000EWR,/nfs-stor/akshat.mistry/cluster/dbsuper_pipeline/raw/encode_results/files/case/ENCSR000EWR/ENCFF000VHD.fastq.gz,,1,H3K27ac,ENCSR000EWW,1
ENCSR000EWR,/nfs-stor/akshat.mistry/cluster/dbsuper_pipeline/raw/encode_results/files/case/ENCSR000EWR/ENCFF000VHC.fastq.gz,,2,H3K27ac,ENCSR000EWW,2
ENCSR000EXK,/nfs-stor/akshat.mistry/cluster/dbsuper_pipeline/raw/encode_results/files/case/ENCSR000EXK/ENCFF000VJD.fastq.gz,,1,H3K27ac,ENCSR000EXM,1
ENCSR000EXK,/nfs-stor/akshat.mistry/cluster/dbsuper_pipeline/raw/encode_results/files/case/ENCSR000EXK/ENCFF000VJH.fastq.gz,,2,H3K27ac,ENCSR000EXM,1
ENCSR000FCH,/nfs-stor/akshat.mistry/cluster/dbsuper_pipeline/raw/encode_results/files/case/ENCSR000FCH/ENCFF002ABA.fastq.gz,,1,H3K27ac,ENCSR000EVA,1
ENCSR000FCH,/nfs-stor/akshat.mistry/cluster/dbsuper_pipeline/raw/encode_results/files/case/ENCSR000FCH/ENCFF002AAY.fastq.gz,,2,H3K27ac,ENCSR000EVA,1
ENCSR000FCH,/nfs-stor/akshat.mistry/cluster/dbsuper_pipeline/raw/encode_results/files/case/ENCSR000FCH/ENCFF002ABC.fastq.gz,,2,H3K27ac,ENCSR000EVA,1
ENCSR000FCU,/nfs-stor/akshat.mistry/cluster/dbsuper_pipeline/raw/encode_results/files/case/ENCSR000FCU/ENCFF002ABL.fastq.gz,,1,H3K27ac,ENCSR000FDA,1
ENCSR000FCU,/nfs-stor/akshat.mistry/cluster/dbsuper_pipeline/raw/encode_results/files/case/ENCSR000FCU/ENCFF002ABN.fastq.gz,,2,H3K27ac,ENCSR000FDA,1
ENCSR000NPF,/nfs-stor/akshat.mistry/cluster/dbsuper_pipeline/raw/encode_results/files/case/ENCSR000NPF/ENCFF143SXY.fastq.gz,,1,H3K27ac,ENCSR867SJE,1
ENCSR000NPF,/nfs-stor/akshat.mistry/cluster/dbsuper_pipeline/raw/encode_results/files/case/ENCSR000NPF/ENCFF232TCS.fastq.gz,,1,H3K27ac,ENCSR867SJE,1
ENCSR000NPF,/nfs-stor/akshat.mistry/cluster/dbsuper_pipeline/raw/encode_results/files/case/ENCSR000NPF/ENCFF236ZHP.fastq.gz,,1,H3K27ac,ENCSR867SJE,1
ENCSR000NPF,/nfs-stor/akshat.mistry/cluster/dbsuper_pipeline/raw/encode_results/files/case/ENCSR000NPF/ENCFF766VGS.fastq.gz,,1,H3K27ac,ENCSR867SJE,1
ENCSR000NPF,/nfs-stor/akshat.mistry/cluster/dbsuper_pipeline/raw/encode_results/files/case/ENCSR000NPF/ENCFF299TZK.fastq.gz,,2,H3K27ac,ENCSR867SJE,2
ENCSR000NPF,/nfs-stor/akshat.mistry/cluster/dbsuper_pipeline/raw/encode_results/files/case/ENCSR000NPF/ENCFF340KQN.fastq.gz,,2,H3K27ac,ENCSR867SJE,2
ENCSR000NPF,/nfs-stor/akshat.mistry/cluster/dbsuper_pipeline/raw/encode_results/files/case/ENCSR000NPF/ENCFF366LCI.fastq.gz,,2,H3K27ac,ENCSR867SJE,2
ENCSR000NPF,/nfs-stor/akshat.mistry/cluster/dbsuper_pipeline/raw/encode_results/files/case/ENCSR000NPF/ENCFF402UQN.fastq.gz,,2,H3K27ac,ENCSR867SJE,2
ENCSR000NPF,/nfs-stor/akshat.mistry/cluster/dbsuper_pipeline/raw/encode_results/files/case/ENCSR000NPF/ENCFF478OZK.fastq.gz,,2,H3K27ac,ENCSR867SJE,2
ENCSR000NPF,/nfs-stor/akshat.mistry/cluster/dbsuper_pipeline/raw/encode_results/files/case/ENCSR000NPF/ENCFF577YKS.fastq.gz,,2,H3K27ac,ENCSR867SJE,2
ENCSR001SHB,/nfs-stor/akshat.mistry/cluster/dbsuper_pipeline/raw/encode_results/files/case/ENCSR001SHB/ENCFF271RIT.fastq.gz,,1,H3K27ac,ENCSR854GEV,1
ENCSR002YRE,/nfs-stor/akshat.mistry/cluster/dbsuper_pipeline/raw/encode_results/files/case/ENCSR002YRE/ENCFF200XEH.fastq.gz,,1,H3K27ac,ENCSR001BSB,1
ENCSR002YRE,/nfs-stor/akshat.mistry/cluster/dbsuper_pipeline/raw/encode_results/files/case/ENCSR002YRE/ENCFF419OFF.fastq.gz,,1,H3K27ac,ENCSR001BSB,1
ENCSR002YRE,/nfs-stor/akshat.mistry/cluster/dbsuper_pipeline/raw/encode_results/files/case/ENCSR002YRE/ENCFF704RXG.fastq.gz,,1,H3K27ac,ENCSR001BSB,1
ENCSR002YRE,/nfs-stor/akshat.mistry/cluster/dbsuper_pipeline/raw/encode_results/files/case/ENCSR002YRE/ENCFF734UGN.fastq.gz,,1,H3K27ac,ENCSR001BSB,1
ENCSR002YRE,/nfs-stor/akshat.mistry/cluster/dbsuper_pipeline/raw/encode_results/files/case/ENCSR002YRE/ENCFF437DDC.fastq.gz,,2,H3K27ac,ENCSR001BSB,1
ENCSR004HIE,/nfs-stor/akshat.mistry/cluster/dbsuper_pipeline/raw/encode_results/files/case/ENCSR004HIE/ENCFF225DCF.fastq.gz,,1,H3K27ac,ENCSR634QZP,1
ENCSR004HIE,/nfs-stor/akshat.mistry/cluster/dbsuper_pipeline/raw/encode_results/files/case/ENCSR004HIE/ENCFF233PCU.fastq.gz,,1,H3K27ac,ENCSR634QZP,1
ENCSR004HIE,/nfs-stor/akshat.mistry/cluster/dbsuper_pipeline/raw/encode_results/files/case/ENCSR004HIE/ENCFF347UGD.fastq.gz,,1,H3K27ac,ENCSR634QZP,1
ENCSR004HIE,/nfs-stor/akshat.mistry/cluster/dbsuper_pipeline/raw/encode_results/files/case/ENCSR004HIE/ENCFF959SEU.fastq.gz,,1,H3K27ac,ENCSR634QZP,1
ENCSR004HIE,/nfs-stor/akshat.mistry/cluster/dbsuper_pipeline/raw/encode_results/files/case/ENCSR004HIE/ENCFF238XWL.fastq.gz,,1,H3K27ac,ENCSR634QZP,1
ENCSR004HIE,/nfs-stor/akshat.mistry/cluster/dbsuper_pipeline/raw/encode_results/files/case/ENCSR004HIE/ENCFF300BFU.fastq.gz,,1,H3K27ac,ENCSR634QZP,1
ENCSR004HIE,/nfs-stor/akshat.mistry/cluster/dbsuper_pipeline/raw/encode_results/files/case/ENCSR004HIE/ENCFF467ZRD.fastq.gz,,1,H3K27ac,ENCSR634QZP,1
ENCSR004HIE,/nfs-stor/akshat.mistry/cluster/dbsuper_pipeline/raw/encode_results/files/case/ENCSR004HIE/ENCFF545ZYN.fastq.gz,,1,H3K27ac,ENCSR634QZP,1
ENCSR004YQD,/nfs-stor/akshat.mistry/cluster/dbsuper_pipeline/raw/encode_results/files/case/ENCSR004YQD/ENCFF283JAG.fastq.gz,,1,H3K27ac,ENCSR293ZPH,1
ENCSR004YQD,/nfs-stor/akshat.mistry/cluster/dbsuper_pipeline/raw/encode_results/files/case/ENCSR004YQD/ENCFF469CAQ.fastq.gz,,1,H3K27ac,ENCSR293ZPH,1
ENCSR004YQD,/nfs-stor/akshat.mistry/cluster/dbsuper_pipeline/raw/encode_results/files/case/ENCSR004YQD/ENCFF689GCB.fastq.gz,,1,H3K27ac,ENCSR293ZPH,1
ENCSR004YQD,/nfs-stor/akshat.mistry/cluster/dbsuper_pipeline/raw/encode_results/files/case/ENCSR004YQD/ENCFF693CUM.fastq.gz,,1,H3K27ac,ENCSR293ZPH,1
ENCSR004YQD,/nfs-stor/akshat.mistry/cluster/dbsuper_pipeline/raw/encode_results/files/case/ENCSR004YQD/ENCFF310YKF.fastq.gz,,1,H3K27ac,ENCSR293ZPH,1
ENCSR004YQD,/nfs-stor/akshat.mistry/cluster/dbsuper_pipeline/raw/encode_results/files/case/ENCSR004YQD/ENCFF351VHR.fastq.gz,,1,H3K27ac,ENCSR293ZPH,1
ENCSR004YQD,/nfs-stor/akshat.mistry/cluster/dbsuper_pipeline/raw/encode_results/files/case/ENCSR004YQD/ENCFF388YHN.fastq.gz,,1,H3K27ac,ENCSR293ZPH,1
ENCSR004YQD,/nfs-stor/akshat.mistry/cluster/dbsuper_pipeline/raw/encode_results/files/case/ENCSR004YQD/ENCFF922SBN.fastq.gz,,1,H3K27ac,ENCSR293ZPH,1
ENCSR006ANF,/nfs-stor/akshat.mistry/cluster/dbsuper_pipeline/raw/encode_results/files/case/ENCSR006ANF/ENCFF646FLI.fastq.gz,,1,H3K27ac,ENCSR871SEB,1
ENCSR006ANF,/nfs-stor/akshat.mistry/cluster/dbsuper_pipeline/raw/encode_results/files/case/ENCSR006ANF/ENCFF596VVW.fastq.gz,,2,H3K27ac,ENCSR871SEB,2
ENCSR007HLH,/nfs-stor/akshat.mistry/cluster/dbsuper_pipeline/raw/encode_results/files/case/ENCSR007HLH/ENCFF915ZPV.fastq.gz,,1,H3K27ac,ENCSR247BVB,1
ENCSR007HLH,/nfs-stor/akshat.mistry/cluster/dbsuper_pipeline/raw/encode_results/files/case/ENCSR007HLH/ENCFF941MDI.fastq.gz,,1,H3K27ac,ENCSR247BVB,1
ENCSR007YOT,/nfs-stor/akshat.mistry/cluster/dbsuper_pipeline/raw/encode_results/files/case/ENCSR007YOT/ENCFF863CCQ.fastq.gz,,1,H3K27ac,ENCSR922FLS,1
ENCSR007YOT,/nfs-stor/akshat.mistry/cluster/dbsuper_pipeline/raw/encode_results/files/case/ENCSR007YOT/ENCFF447BFL.fastq.gz,,2,H3K27ac,ENCSR922FLS,2
ENCSR010OVI,/nfs-stor/akshat.mistry/cluster/dbsuper_pipeline/raw/encode_results/files/case/ENCSR010OVI/ENCFF928KVZ.fastq.gz,,1,H3K27ac,ENCSR841CWN,1
ENCSR010OVI,/nfs-stor/akshat.mistry/cluster/dbsuper_pipeline/raw/encode_results/files/case/ENCSR010OVI/ENCFF857LFL.fastq.gz,,2,H3K27ac,ENCSR841CWN,2
ENCSR011BHU,/nfs-stor/akshat.mistry/cluster/dbsuper_pipeline/raw/encode_results/files/case/ENCSR011BHU/ENCFF214QFH.fastq.gz,,1,H3K27ac,ENCSR258GSA,1
ENCSR011BHU,/nfs-stor/akshat.mistry/cluster/dbsuper_pipeline/raw/encode_results/files/case/ENCSR011BHU/ENCFF246RRM.fastq.gz,,1,H3K27ac,ENCSR258GSA,1
ENCSR011BHU,/nfs-stor/akshat.mistry/cluster/dbsuper_pipeline/raw/encode_results/files/case/ENCSR011BHU/ENCFF335MFE.fastq.gz,,1,H3K27ac,ENCSR258GSA,1
ENCSR011BHU,/nfs-stor/akshat.mistry/cluster/dbsuper_pipeline/raw/encode_results/files/case/ENCSR011BHU/ENCFF720DBB.fastq.gz,,1,H3K27ac,ENCSR258GSA,1
ENCSR011BHU,/nfs-stor/akshat.mistry/cluster/dbsuper_pipeline/raw/encode_results/files/case/ENCSR011BHU/ENCFF361XKJ.fastq.gz,,1,H3K27ac,ENCSR258GSA,1
ENCSR011BHU,/nfs-stor/akshat.mistry/cluster/dbsuper_pipeline/raw/encode_results/files/case/ENCSR011BHU/ENCFF709HFN.fastq.gz,,1,H3K27ac,ENCSR258GSA,1
ENCSR011BHU,/nfs-stor/akshat.mistry/cluster/dbsuper_pipeline/raw/encode_results/files/case/ENCSR011BHU/ENCFF811KDP.fastq.gz,,1,H3K27ac,ENCSR258GSA,1
ENCSR011BHU,/nfs-stor/akshat.mistry/cluster/dbsuper_pipeline/raw/encode_results/files/case/ENCSR011BHU/ENCFF880ALS.fastq.gz,,1,H3K27ac,ENCSR258GSA,1
ENCSR012PII,/nfs-stor/akshat.mistry/cluster/dbsuper_pipeline/raw/encode_results/files/case/ENCSR012PII/ENCFF511CWO.fastq.gz,,1,H3K27ac,ENCSR444GJM,1
ENCSR012PII,/nfs-stor/akshat.mistry/cluster/dbsuper_pipeline/raw/encode_results/files/case/ENCSR012PII/ENCFF765EVS.fastq.gz,,1,H3K27ac,ENCSR444GJM,1
ENCSR013KEC,/nfs-stor/akshat.mistry/cluster/dbsuper_pipeline/raw/encode_results/files/case/ENCSR013KEC/ENCFF970HHO.fastq.gz,,1,H3K27ac,ENCSR843OBM,1
ENCSR013KEC,/nfs-stor/akshat.mistry/cluster/dbsuper_pipeline/raw/encode_results/files/case/ENCSR013KEC/ENCFF936KPA.fastq.gz,,2,H3K27ac,ENCSR843OBM,1
ENCSR015GFK,/nfs-stor/akshat.mistry/cluster/dbsuper_pipeline/raw/encode_results/files/case/ENCSR015GFK/ENCFF124BGS.fastq.gz,,1,H3K27ac,ENCSR158PLZ,1
ENCSR015GFK,/nfs-stor/akshat.mistry/cluster/dbsuper_pipeline/raw/encode_results/files/case/ENCSR015GFK/ENCFF542CPV.fastq.gz,,2,H3K27ac,ENCSR158PLZ,2
ENCSR025KPY,/nfs-stor/akshat.mistry/cluster/dbsuper_pipeline/raw/encode_results/files/case/ENCSR025KPY/ENCFF342DQI.fastq.gz,,1,H3K27ac,ENCSR086BNR,1
ENCSR025KPY,/nfs-stor/akshat.mistry/cluster/dbsuper_pipeline/raw/encode_results/files/case/ENCSR025KPY/ENCFF500QGP.fastq.gz,,1,H3K27ac,ENCSR086BNR,1
ENCSR025KPY,/nfs-stor/akshat.mistry/cluster/dbsuper_pipeline/raw/encode_results/files/case/ENCSR025KPY/ENCFF704WYD.fastq.gz,,1,H3K27ac,ENCSR086BNR,1
ENCSR025KPY,/nfs-stor/akshat.mistry/cluster/dbsuper_pipeline/raw/encode_results/files/case/ENCSR025KPY/ENCFF720MXI.fastq.gz,,1,H3K27ac,ENCSR086BNR,1
ENCSR025KPY,/nfs-stor/akshat.mistry/cluster/dbsuper_pipeline/raw/encode_results/files/case/ENCSR025KPY/ENCFF321YNX.fastq.gz,,1,H3K27ac,ENCSR086BNR,1
ENCSR025KPY,/nfs-stor/akshat.mistry/cluster/dbsuper_pipeline/raw/encode_results/files/case/ENCSR025KPY/ENCFF353KDD.fastq.gz,,1,H3K27ac,ENCSR086BNR,1
ENCSR025KPY,/nfs-stor/akshat.mistry/cluster/dbsuper_pipeline/raw/encode_results/files/case/ENCSR025KPY/ENCFF370QTQ.fastq.gz,,1,H3K27ac,ENCSR086BNR,1
ENCSR025KPY,/nfs-stor/akshat.mistry/cluster/dbsuper_pipeline/raw/encode_results/files/case/ENCSR025KPY/ENCFF486XHI.fastq.gz,,1,H3K27ac,ENCSR086BNR,1
ENCSR027BPE,/nfs-stor/akshat.mistry/cluster/dbsuper_pipeline/raw/encode_results/files/case/ENCSR027BPE/ENCFF127TTO.fastq.gz,,1,H3K27ac,ENCSR204GMP,1
ENCSR027BPE,/nfs-stor/akshat.mistry/cluster/dbsuper_pipeline/raw/encode_results/files/case/ENCSR027BPE/ENCFF868OXZ.fastq.gz,,2,H3K27ac,ENCSR204GMP,2
ENCSR027BPE,/nfs-stor/akshat.mistry/cluster/dbsuper_pipeline/raw/encode_results/files/case/ENCSR027BPE/ENCFF893QTX.fastq.gz,,3,H3K27ac,ENCSR204GMP,3
ENCSR028NXO,/nfs-stor/akshat.mistry/cluster/dbsuper_pipeline/raw/encode_results/files/case/ENCSR028NXO/ENCFF141ZLN.fastq.gz,,1,H3K27ac,ENCSR592KRF,1
ENCSR029SIG,/nfs-stor/akshat.mistry/cluster/dbsuper_pipeline/raw/encode_results/files/case/ENCSR029SIG/ENCFF504YRS.fastq.gz,,1,H3K27ac,ENCSR067CHO,1
ENCSR029SIG,/nfs-stor/akshat.mistry/cluster/dbsuper_pipeline/raw/encode_results/files/case/ENCSR029SIG/ENCFF533KNU.fastq.gz,,1,H3K27ac,ENCSR067CHO,1
ENCSR029SIG,/nfs-stor/akshat.mistry/cluster/dbsuper_pipeline/raw/encode_results/files/case/ENCSR029SIG/ENCFF558IGG.fastq.gz,,1,H3K27ac,ENCSR067CHO,1
ENCSR029SIG,/nfs-stor/akshat.mistry/cluster/dbsuper_pipeline/raw/encode_results/files/case/ENCSR029SIG/ENCFF770GIJ.fastq.gz,,1,H3K27ac,ENCSR067CHO,1
ENCSR029SIG,/nfs-stor/akshat.mistry/cluster/dbsuper_pipeline/raw/encode_results/files/case/ENCSR029SIG/ENCFF512GBR.fastq.gz,,1,H3K27ac,ENCSR067CHO,1
ENCSR029SIG,/nfs-stor/akshat.mistry/cluster/dbsuper_pipeline/raw/encode_results/files/case/ENCSR029SIG/ENCFF639BTG.fastq.gz,,1,H3K27ac,ENCSR067CHO,1
ENCSR029SIG,/nfs-stor/akshat.mistry/cluster/dbsuper_pipeline/raw/encode_results/files/case/ENCSR029SIG/ENCFF645DRJ.fastq.gz,,1,H3K27ac,ENCSR067CHO,1
ENCSR029SIG,/nfs-stor/akshat.mistry/cluster/dbsuper_pipeline/raw/encode_results/files/case/ENCSR029SIG/ENCFF735YLE.fastq.gz,,1,H3K27ac,ENCSR067CHO,1
ENCSR029SIG,/nfs-stor/akshat.mistry/cluster/dbsuper_pipeline/raw/encode_results/files/case/ENCSR029SIG/ENCFF122IEJ.fastq.gz,,2,H3K27ac,ENCSR067CHO,1
ENCSR029SIG,/nfs-stor/akshat.mistry/cluster/dbsuper_pipeline/raw/encode_results/files/case/ENCSR029SIG/ENCFF182YWC.fastq.gz,,2,H3K27ac,ENCSR067CHO,1
ENCSR029SIG,/nfs-stor/akshat.mistry/cluster/dbsuper_pipeline/raw/encode_results/files/case/ENCSR029SIG/ENCFF511JXN.fastq.gz,,2,H3K27ac,ENCSR067CHO,1
ENCSR029SIG,/nfs-stor/akshat.mistry/cluster/dbsuper_pipeline/raw/encode_results/files/case/ENCSR029SIG/ENCFF553OYC.fastq.gz,,2,H3K27ac,ENCSR067CHO,1
ENCSR029SIG,/nfs-stor/akshat.mistry/cluster/dbsuper_pipeline/raw/encode_results/files/case/ENCSR029SIG/ENCFF165AZE.fastq.gz,,2,H3K27ac,ENCSR067CHO,1
ENCSR029SIG,/nfs-stor/akshat.mistry/cluster/dbsuper_pipeline/raw/encode_results/files/case/ENCSR029SIG/ENCFF260LYF.fastq.gz,,2,H3K27ac,ENCSR067CHO,1
ENCSR029SIG,/nfs-stor/akshat.mistry/cluster/dbsuper_pipeline/raw/encode_results/files/case/ENCSR029SIG/ENCFF673LJI.fastq.gz,,2,H3K27ac,ENCSR067CHO,1
ENCSR029SIG,/nfs-stor/akshat.mistry/cluster/dbsuper_pipeline/raw/encode_results/files/case/ENCSR029SIG/ENCFF678SCP.fastq.gz,,2,H3K27ac,ENCSR067CHO,1
ENCSR034ZKE,/nfs-stor/akshat.mistry/cluster/dbsuper_pipeline/raw/encode_results/files/case/ENCSR034ZKE/ENCFF697YTU.fastq.gz,,1,H3K27ac,ENCSR247XFQ,1
ENCSR034ZKE,/nfs-stor/akshat.mistry/cluster/dbsuper_pipeline/raw/encode_results/files/case/ENCSR034ZKE/ENCFF737ZSN.fastq.gz,,1,H3K27ac,ENCSR247XFQ,1
ENCSR039AHR,/nfs-stor/akshat.mistry/cluster/dbsuper_pipeline/raw/encode_results/files/case/ENCSR039AHR/ENCFF127CMU.fastq.gz,,1,H3K27ac,ENCSR566AUD,1
ENCSR039AHR,/nfs-stor/akshat.mistry/cluster/dbsuper_pipeline/raw/encode_results/files/case/ENCSR039AHR/ENCFF463OEA.fastq.gz,,2,H3K27ac,ENCSR566AUD,2
ENCSR041UZZ,/nfs-stor/akshat.mistry/cluster/dbsuper_pipeline/raw/encode_results/files/case/ENCSR041UZZ/ENCFF783CBS.fastq.gz,,1,H3K27ac,ENCSR828DDP,1
ENCSR041UZZ,/nfs-stor/akshat.mistry/cluster/dbsuper_pipeline/raw/encode_results/files/case/ENCSR041UZZ/ENCFF918JCL.fastq.gz,,1,H3K27ac,ENCSR828DDP,1
ENCSR041UZZ,/nfs-stor/akshat.mistry/cluster/dbsuper_pipeline/raw/encode_results/files/case/ENCSR041UZZ/ENCFF932AFM.fastq.gz,,1,H3K27ac,ENCSR828DDP,1
ENCSR041UZZ,/nfs-stor/akshat.mistry/cluster/dbsuper_pipeline/raw/encode_results/files/case/ENCSR041UZZ/ENCFF942RGN.fastq.gz,,1,H3K27ac,ENCSR828DDP,1
ENCSR051QLZ,/nfs-stor/akshat.mistry/cluster/dbsuper_pipeline/raw/encode_results/files/case/ENCSR051QLZ/ENCFF559TOW.fastq.gz,,1,H3K27ac,ENCSR646FGM,1
ENCSR051QLZ,/nfs-stor/akshat.mistry/cluster/dbsuper_pipeline/raw/encode_results/files/case/ENCSR051QLZ/ENCFF668PVO.fastq.gz,,1,H3K27ac,ENCSR646FGM,1
ENCSR051QLZ,/nfs-stor/akshat.mistry/cluster/dbsuper_pipeline/raw/encode_results/files/case/ENCSR051QLZ/ENCFF779VNY.fastq.gz,,1,H3K27ac,ENCSR646FGM,1
ENCSR051QLZ,/nfs-stor/akshat.mistry/cluster/dbsuper_pipeline/raw/encode_results/files/case/ENCSR051QLZ/ENCFF821QGM.fastq.gz,,1,H3K27ac,ENCSR646FGM,1
ENCSR051QLZ,/nfs-stor/akshat.mistry/cluster/dbsuper_pipeline/raw/encode_results/files/case/ENCSR051QLZ/ENCFF071ALN.fastq.gz,,1,H3K27ac,ENCSR646FGM,1
ENCSR051QLZ,/nfs-stor/akshat.mistry/cluster/dbsuper_pipeline/raw/encode_results/files/case/ENCSR051QLZ/ENCFF206UCB.fastq.gz,,1,H3K27ac,ENCSR646FGM,1
ENCSR051QLZ,/nfs-stor/akshat.mistry/cluster/dbsuper_pipeline/raw/encode_results/files/case/ENCSR051QLZ/ENCFF292EEY.fastq.gz,,1,H3K27ac,ENCSR646FGM,1
ENCSR051QLZ,/nfs-stor/akshat.mistry/cluster/dbsuper_pipeline/raw/encode_results/files/case/ENCSR051QLZ/ENCFF351RVW.fastq.gz,,1,H3K27ac,ENCSR646FGM,1
ENCSR054BKO,/nfs-stor/akshat.mistry/cluster/dbsuper_pipeline/raw/encode_results/files/case/ENCSR054BKO/ENCFF413QKU.fastq.gz,,1,H3K27ac,ENCSR264DYL,1
ENCSR059MVB,/nfs-stor/akshat.mistry/cluster/dbsuper_pipeline/raw/encode_results/files/case/ENCSR059MVB/ENCFF002AZR.fastq.gz,,1,H3K27ac,ENCSR836XKP,1
ENCSR059MVB,/nfs-stor/akshat.mistry/cluster/dbsuper_pipeline/raw/encode_results/files/case/ENCSR059MVB/ENCFF002AWN.fastq.gz,,2,H3K27ac,ENCSR836XKP,2
ENCSR059MVB,/nfs-stor/akshat.mistry/cluster/dbsuper_pipeline/raw/encode_results/files/case/ENCSR059MVB/ENCFF002AYM.fastq.gz,,2,H3K27ac,ENCSR836XKP,2
ENCSR061IAQ,/nfs-stor/akshat.mistry/cluster/dbsuper_pipeline/raw/encode_results/files/case/ENCSR061IAQ/ENCFF764LVT.fastq.gz,,1,H3K27ac,ENCSR583MIW,1
ENCSR061IAQ,/nfs-stor/akshat.mistry/cluster/dbsuper_pipeline/raw/encode_results/files/case/ENCSR061IAQ/ENCFF797MQQ.fastq.gz,,1,H3K27ac,ENCSR583MIW,1
ENCSR061IAQ,/nfs-stor/akshat.mistry/cluster/dbsuper_pipeline/raw/encode_results/files/case/ENCSR061IAQ/ENCFF848JLL.fastq.gz,,1,H3K27ac,ENCSR583MIW,1
ENCSR061IAQ,/nfs-stor/akshat.mistry/cluster/dbsuper_pipeline/raw/encode_results/files/case/ENCSR061IAQ/ENCFF982QQS.fastq.gz,,1,H3K27ac,ENCSR583MIW,1
ENCSR061IAQ,/nfs-stor/akshat.mistry/cluster/dbsuper_pipeline/raw/encode_results/files/case/ENCSR061IAQ/ENCFF214COB.fastq.gz,,1,H3K27ac,ENCSR583MIW,1
ENCSR061IAQ,/nfs-stor/akshat.mistry/cluster/dbsuper_pipeline/raw/encode_results/files/case/ENCSR061IAQ/ENCFF481UVI.fastq.gz,,1,H3K27ac,ENCSR583MIW,1
ENCSR061IAQ,/nfs-stor/akshat.mistry/cluster/dbsuper_pipeline/raw/encode_results/files/case/ENCSR061IAQ/ENCFF797LXA.fastq.gz,,1,H3K27ac,ENCSR583MIW,1
ENCSR061IAQ,/nfs-stor/akshat.mistry/cluster/dbsuper_pipeline/raw/encode_results/files/case/ENCSR061IAQ/ENCFF995JFP.fastq.gz,,1,H3K27ac,ENCSR583MIW,1
ENCSR067BGS,/nfs-stor/akshat.mistry/cluster/dbsuper_pipeline/raw/encode_results/files/case/ENCSR067BGS/ENCFF526PUZ.fastq.gz,,1,H3K27ac,ENCSR534KYQ,1
ENCSR067BGS,/nfs-stor/akshat.mistry/cluster/dbsuper_pipeline/raw/encode_results/files/case/ENCSR067BGS/ENCFF684TZW.fastq.gz,,1,H3K27ac,ENCSR534KYQ,1
ENCSR067BGS,/nfs-stor/akshat.mistry/cluster/dbsuper_pipeline/raw/encode_results/files/case/ENCSR067BGS/ENCFF802GUY.fastq.gz,,1,H3K27ac,ENCSR534KYQ,1
ENCSR067BGS,/nfs-stor/akshat.mistry/cluster/dbsuper_pipeline/raw/encode_results/files/case/ENCSR067BGS/ENCFF803UNH.fastq.gz,,1,H3K27ac,ENCSR534KYQ,1
ENCSR067BGS,/nfs-stor/akshat.mistry/cluster/dbsuper_pipeline/raw/encode_results/files/case/ENCSR067BGS/ENCFF277IEF.fastq.gz,,1,H3K27ac,ENCSR534KYQ,1
ENCSR067BGS,/nfs-stor/akshat.mistry/cluster/dbsuper_pipeline/raw/encode_results/files/case/ENCSR067BGS/ENCFF278AFG.fastq.gz,,1,H3K27ac,ENCSR534KYQ,1
ENCSR067BGS,/nfs-stor/akshat.mistry/cluster/dbsuper_pipeline/raw/encode_results/files/case/ENCSR067BGS/ENCFF892KWC.fastq.gz,,1,H3K27ac,ENCSR534KYQ,1
ENCSR067BGS,/nfs-stor/akshat.mistry/cluster/dbsuper_pipeline/raw/encode_results/files/case/ENCSR067BGS/ENCFF987XFD.fastq.gz,,1,H3K27ac,ENCSR534KYQ,1
ENCSR069EGE,/nfs-stor/akshat.mistry/cluster/dbsuper_pipeline/raw/encode_results/files/case/ENCSR069EGE/ENCFF382QHO.fastq.gz,,1,H3K27ac,ENCSR651ISB,1
ENCSR069EGE,/nfs-stor/akshat.mistry/cluster/dbsuper_pipeline/raw/encode_results/files/case/ENCSR069EGE/ENCFF706KXN.fastq.gz,,1,H3K27ac,ENCSR651ISB,1
ENCSR069EGE,/nfs-stor/akshat.mistry/cluster/dbsuper_pipeline/raw/encode_results/files/case/ENCSR069EGE/ENCFF349JBL.fastq.gz,,1,H3K27ac,ENCSR651ISB,1
ENCSR069EGE,/nfs-stor/akshat.mistry/cluster/dbsuper_pipeline/raw/encode_results/files/case/ENCSR069EGE/ENCFF945XBP.fastq.gz,,1,H3K27ac,ENCSR651ISB,1
ENCSR069EGE,/nfs-stor/akshat.mistry/cluster/dbsuper_pipeline/raw/encode_results/files/case/ENCSR069EGE/ENCFF033YTT.fastq.gz,,2,H3K27ac,ENCSR651ISB,3
ENCSR069EGE,/nfs-stor/akshat.mistry/cluster/dbsuper_pipeline/raw/encode_results/files/case/ENCSR069EGE/ENCFF040XEO.fastq.gz,,2,H3K27ac,ENCSR651ISB,3
ENCSR069EGE,/nfs-stor/akshat.mistry/cluster/dbsuper_pipeline/raw/encode_results/files/case/ENCSR069EGE/ENCFF088QFN.fastq.gz,,2,H3K27ac,ENCSR651ISB,3
ENCSR069EGE,/nfs-stor/akshat.mistry/cluster/dbsuper_pipeline/raw/encode_results/files/case/ENCSR069EGE/ENCFF173QJF.fastq.gz,,2,H3K27ac,ENCSR651ISB,3
ENCSR069EGE,/nfs-stor/akshat.mistry/cluster/dbsuper_pipeline/raw/encode_results/files/case/ENCSR069EGE/ENCFF778KZF.fastq.gz,,2,H3K27ac,ENCSR651ISB,3
ENCSR069EGE,/nfs-stor/akshat.mistry/cluster/dbsuper_pipeline/raw/encode_results/files/case/ENCSR069EGE/ENCFF922CDY.fastq.gz,,2,H3K27ac,ENCSR651ISB,3
ENCSR069UMW,/nfs-stor/akshat.mistry/cluster/dbsuper_pipeline/raw/encode_results/files/case/ENCSR069UMW/ENCFF121LEM.fastq.gz,,1,H3K27ac,ENCSR007WYC,1
ENCSR069UMW,/nfs-stor/akshat.mistry/cluster/dbsuper_pipeline/raw/encode_results/files/case/ENCSR069UMW/ENCFF757QLQ.fastq.gz,,1,H3K27ac,ENCSR007WYC,1
ENCSR074ECR,/nfs-stor/akshat.mistry/cluster/dbsuper_pipeline/raw/encode_results/files/case/ENCSR074ECR/ENCFF812IBZ.fastq.gz,,1,H3K27ac,ENCSR652ULP,1
ENCSR078LIZ,/nfs-stor/akshat.mistry/cluster/dbsuper_pipeline/raw/encode_results/files/case/ENCSR078LIZ/ENCFF220JXD.fastq.gz,,1,H3K27ac,ENCSR557RJE,1
ENCSR078LIZ,/nfs-stor/akshat.mistry/cluster/dbsuper_pipeline/raw/encode_results/files/case/ENCSR078LIZ/ENCFF370LOP.fastq.gz,,1,H3K27ac,ENCSR557RJE,1
ENCSR078LIZ,/nfs-stor/akshat.mistry/cluster/dbsuper_pipeline/raw/encode_results/files/case/ENCSR078LIZ/ENCFF588COD.fastq.gz,,1,H3K27ac,ENCSR557RJE,1
ENCSR078LIZ,/nfs-stor/akshat.mistry/cluster/dbsuper_pipeline/raw/encode_results/files/case/ENCSR078LIZ/ENCFF784OAW.fastq.gz,,1,H3K27ac,ENCSR557RJE,1
ENCSR078LIZ,/nfs-stor/akshat.mistry/cluster/dbsuper_pipeline/raw/encode_results/files/case/ENCSR078LIZ/ENCFF200CSJ.fastq.gz,,1,H3K27ac,ENCSR557RJE,1
ENCSR078LIZ,/nfs-stor/akshat.mistry/cluster/dbsuper_pipeline/raw/encode_results/files/case/ENCSR078LIZ/ENCFF241RIQ.fastq.gz,,1,H3K27ac,ENCSR557RJE,1
ENCSR078LIZ,/nfs-stor/akshat.mistry/cluster/dbsuper_pipeline/raw/encode_results/files/case/ENCSR078LIZ/ENCFF531TAQ.fastq.gz,,1,H3K27ac,ENCSR557RJE,1
ENCSR078LIZ,/nfs-stor/akshat.mistry/cluster/dbsuper_pipeline/raw/encode_results/files/case/ENCSR078LIZ/ENCFF714FGW.fastq.gz,,1,H3K27ac,ENCSR557RJE,1
ENCSR081OTO,/nfs-stor/akshat.mistry/cluster/dbsuper_pipeline/raw/encode_results/files/case/ENCSR081OTO/ENCFF015QEG.fastq.gz,,1,H3K27ac,ENCSR980TBV,1
ENCSR081OTO,/nfs-stor/akshat.mistry/cluster/dbsuper_pipeline/raw/encode_results/files/case/ENCSR081OTO/ENCFF339BRU.fastq.gz,,1,H3K27ac,ENCSR980TBV,1
ENCSR081OTO,/nfs-stor/akshat.mistry/cluster/dbsuper_pipeline/raw/encode_results/files/case/ENCSR081OTO/ENCFF510CVF.fastq.gz,,1,H3K27ac,ENCSR980TBV,1
ENCSR081OTO,/nfs-stor/akshat.mistry/cluster/dbsuper_pipeline/raw/encode_results/files/case/ENCSR081OTO/ENCFF611PBW.fastq.gz,,1,H3K27ac,ENCSR980TBV,1
ENCSR081OTO,/nfs-stor/akshat.mistry/cluster/dbsuper_pipeline/raw/encode_results/files/case/ENCSR081OTO/ENCFF721SAG.fastq.gz,,1,H3K27ac,ENCSR980TBV,1
ENCSR081OTO,/nfs-stor/akshat.mistry/cluster/dbsuper_pipeline/raw/encode_results/files/case/ENCSR081OTO/ENCFF928LYO.fastq.gz,,1,H3K27ac,ENCSR980TBV,1
ENCSR081OTO,/nfs-stor/akshat.mistry/cluster/dbsuper_pipeline/raw/encode_results/files/case/ENCSR081OTO/ENCFF105IPI.fastq.gz,,1,H3K27ac,ENCSR980TBV,1
ENCSR081OTO,/nfs-stor/akshat.mistry/cluster/dbsuper_pipeline/raw/encode_results/files/case/ENCSR081OTO/ENCFF280NUB.fastq.gz,,1,H3K27ac,ENCSR980TBV,1
ENCSR082SHT,/nfs-stor/akshat.mistry/cluster/dbsuper_pipeline/raw/encode_results/files/case/ENCSR082SHT/ENCFF859ZAC.fastq.gz,,1,H3K27ac,ENCSR163VJS,1
ENCSR086QZY,/nfs-stor/akshat.mistry/cluster/dbsuper_pipeline/raw/encode_results/files/case/ENCSR086QZY/ENCFF259ULI.fastq.gz,,1,H3K27ac,ENCSR234FYG,1
ENCSR086QZY,/nfs-stor/akshat.mistry/cluster/dbsuper_pipeline/raw/encode_results/files/case/ENCSR086QZY/ENCFF970BWS.fastq.gz,,1,H3K27ac,ENCSR234FYG,1
ENCSR086QZY,/nfs-stor/akshat.mistry/cluster/dbsuper_pipeline/raw/encode_results/files/case/ENCSR086QZY/ENCFF166ZJN.fastq.gz,,1,H3K27ac,ENCSR234FYG,1
ENCSR086QZY,/nfs-stor/akshat.mistry/cluster/dbsuper_pipeline/raw/encode_results/files/case/ENCSR086QZY/ENCFF674WFL.fastq.gz,,1,H3K27ac,ENCSR234FYG,1
ENCSR086XCT,/nfs-stor/akshat.mistry/cluster/dbsuper_pipeline/raw/encode_results/files/case/ENCSR086XCT/ENCFF772AWQ.fastq.gz,,1,H3K27ac,ENCSR563OLJ,1
ENCSR091KXI,/nfs-stor/akshat.mistry/cluster/dbsuper_pipeline/raw/encode_results/files/case/ENCSR091KXI/ENCFF065AFV.fastq.gz,,1,H3K27ac,ENCSR152HLZ,1
ENCSR091KXI,/nfs-stor/akshat.mistry/cluster/dbsuper_pipeline/raw/encode_results/files/case/ENCSR091KXI/ENCFF547ASL.fastq.gz,,1,H3K27ac,ENCSR152HLZ,1
ENCSR091KXI,/nfs-stor/akshat.mistry/cluster/dbsuper_pipeline/raw/encode_results/files/case/ENCSR091KXI/ENCFF205CMA.fastq.gz,,1,H3K27ac,ENCSR152HLZ,1
ENCSR091KXI,/nfs-stor/akshat.mistry/cluster/dbsuper_pipeline/raw/encode_results/files/case/ENCSR091KXI/ENCFF874IQC.fastq.gz,,1,H3K27ac,ENCSR152HLZ,1
ENCSR094VJC,/nfs-stor/akshat.mistry/cluster/dbsuper_pipeline/raw/encode_results/files/case/ENCSR094VJC/ENCFF697BQR.fastq.gz,,1,H3K27ac,ENCSR754WVA,1
ENCSR095YMD,/nfs-stor/akshat.mistry/cluster/dbsuper_pipeline/raw/encode_results/files/case/ENCSR095YMD/ENCFF512DRA.fastq.gz,,1,H3K27ac,ENCSR474WLZ,1
ENCSR095YMD,/nfs-stor/akshat.mistry/cluster/dbsuper_pipeline/raw/encode_results/files/case/ENCSR095YMD/ENCFF907WMK.fastq.gz,,1,H3K27ac,ENCSR474WLZ,1
ENCSR102XUM,/nfs-stor/akshat.mistry/cluster/dbsuper_pipeline/raw/encode_results/files/case/ENCSR102XUM/ENCFF943CYX.fastq.gz,,1,H3K27ac,ENCSR491TAD,1
ENCSR102XUM,/nfs-stor/akshat.mistry/cluster/dbsuper_pipeline/raw/encode_results/files/case/ENCSR102XUM/ENCFF432NFM.fastq.gz,,2,H3K27ac,ENCSR491TAD,2
ENCSR102XUM,/nfs-stor/akshat.mistry/cluster/dbsuper_pipeline/raw/encode_results/files/case/ENCSR102XUM/ENCFF436GPV.fastq.gz,,3,H3K27ac,ENCSR491TAD,3
ENCSR105VFR,/nfs-stor/akshat.mistry/cluster/dbsuper_pipeline/raw/encode_results/files/case/ENCSR105VFR/ENCFF087DHJ.fastq.gz,,1,H3K27ac,ENCSR979YKY,1
ENCSR105VFR,/nfs-stor/akshat.mistry/cluster/dbsuper_pipeline/raw/encode_results/files/case/ENCSR105VFR/ENCFF283RQY.fastq.gz,,1,H3K27ac,ENCSR979YKY,1
ENCSR105VFR,/nfs-stor/akshat.mistry/cluster/dbsuper_pipeline/raw/encode_results/files/case/ENCSR105VFR/ENCFF419AWE.fastq.gz,,1,H3K27ac,ENCSR979YKY,1
ENCSR105VFR,/nfs-stor/akshat.mistry/cluster/dbsuper_pipeline/raw/encode_results/files/case/ENCSR105VFR/ENCFF700QKO.fastq.gz,,1,H3K27ac,ENCSR979YKY,1
ENCSR105VFR,/nfs-stor/akshat.mistry/cluster/dbsuper_pipeline/raw/encode_results/files/case/ENCSR105VFR/ENCFF171UTE.fastq.gz,,1,H3K27ac,ENCSR979YKY,1
ENCSR105VFR,/nfs-stor/akshat.mistry/cluster/dbsuper_pipeline/raw/encode_results/files/case/ENCSR105VFR/ENCFF514BIN.fastq.gz,,1,H3K27ac,ENCSR979YKY,1
ENCSR105VFR,/nfs-stor/akshat.mistry/cluster/dbsuper_pipeline/raw/encode_results/files/case/ENCSR105VFR/ENCFF670BGR.fastq.gz,,1,H3K27ac,ENCSR979YKY,1
ENCSR105VFR,/nfs-stor/akshat.mistry/cluster/dbsuper_pipeline/raw/encode_results/files/case/ENCSR105VFR/ENCFF826WBN.fastq.gz,,1,H3K27ac,ENCSR979YKY,1
ENCSR111QCU,/nfs-stor/akshat.mistry/cluster/dbsuper_pipeline/raw/encode_results/files/case/ENCSR111QCU/ENCFF586SSF.fastq.gz,,1,H3K27ac,ENCSR000JGO,1
ENCSR111QCU,/nfs-stor/akshat.mistry/cluster/dbsuper_pipeline/raw/encode_results/files/case/ENCSR111QCU/ENCFF955KTA.fastq.gz,,2,H3K27ac,ENCSR000JGO,1
ENCSR116MKX,/nfs-stor/akshat.mistry/cluster/dbsuper_pipeline/raw/encode_results/files/case/ENCSR116MKX/ENCFF106GBQ.fastq.gz,,1,H3K27ac,ENCSR708TMV,1
ENCSR116MKX,/nfs-stor/akshat.mistry/cluster/dbsuper_pipeline/raw/encode_results/files/case/ENCSR116MKX/ENCFF139FBJ.fastq.gz,,1,H3K27ac,ENCSR708TMV,1
ENCSR116MKX,/nfs-stor/akshat.mistry/cluster/dbsuper_pipeline/raw/encode_results/files/case/ENCSR116MKX/ENCFF199HWP.fastq.gz,,1,H3K27ac,ENCSR708TMV,1
ENCSR116MKX,/nfs-stor/akshat.mistry/cluster/dbsuper_pipeline/raw/encode_results/files/case/ENCSR116MKX/ENCFF419HTK.fastq.gz,,1,H3K27ac,ENCSR708TMV,1
ENCSR116MKX,/nfs-stor/akshat.mistry/cluster/dbsuper_pipeline/raw/encode_results/files/case/ENCSR116MKX/ENCFF058XCC.fastq.gz,,1,H3K27ac,ENCSR708TMV,1
ENCSR116MKX,/nfs-stor/akshat.mistry/cluster/dbsuper_pipeline/raw/encode_results/files/case/ENCSR116MKX/ENCFF122IQW.fastq.gz,,1,H3K27ac,ENCSR708TMV,1
ENCSR116MKX,/nfs-stor/akshat.mistry/cluster/dbsuper_pipeline/raw/encode_results/files/case/ENCSR116MKX/ENCFF532HIR.fastq.gz,,1,H3K27ac,ENCSR708TMV,1
ENCSR116MKX,/nfs-stor/akshat.mistry/cluster/dbsuper_pipeline/raw/encode_results/files/case/ENCSR116MKX/ENCFF830OPW.fastq.gz,,1,H3K27ac,ENCSR708TMV,1
ENCSR119XNK,/nfs-stor/akshat.mistry/cluster/dbsuper_pipeline/raw/encode_results/files/case/ENCSR119XNK/ENCFF102QNN.fastq.gz,,1,H3K27ac,ENCSR683VJG,1
ENCSR119XNK,/nfs-stor/akshat.mistry/cluster/dbsuper_pipeline/raw/encode_results/files/case/ENCSR119XNK/ENCFF431CEU.fastq.gz,,1,H3K27ac,ENCSR683VJG,1
ENCSR119XNK,/nfs-stor/akshat.mistry/cluster/dbsuper_pipeline/raw/encode_results/files/case/ENCSR119XNK/ENCFF647MXM.fastq.gz,,1,H3K27ac,ENCSR683VJG,1
ENCSR119XNK,/nfs-stor/akshat.mistry/cluster/dbsuper_pipeline/raw/encode_results/files/case/ENCSR119XNK/ENCFF988BZC.fastq.gz,,1,H3K27ac,ENCSR683VJG,1
ENCSR119XNK,/nfs-stor/akshat.mistry/cluster/dbsuper_pipeline/raw/encode_results/files/case/ENCSR119XNK/ENCFF340JDY.fastq.gz,,1,H3K27ac,ENCSR683VJG,1
ENCSR119XNK,/nfs-stor/akshat.mistry/cluster/dbsuper_pipeline/raw/encode_results/files/case/ENCSR119XNK/ENCFF374KJP.fastq.gz,,1,H3K27ac,ENCSR683VJG,1
ENCSR119XNK,/nfs-stor/akshat.mistry/cluster/dbsuper_pipeline/raw/encode_results/files/case/ENCSR119XNK/ENCFF617LEO.fastq.gz,,1,H3K27ac,ENCSR683VJG,1
ENCSR119XNK,/nfs-stor/akshat.mistry/cluster/dbsuper_pipeline/raw/encode_results/files/case/ENCSR119XNK/ENCFF885UGZ.fastq.gz,,1,H3K27ac,ENCSR683VJG,1
ENCSR124VOE,/nfs-stor/akshat.mistry/cluster/dbsuper_pipeline/raw/encode_results/files/case/ENCSR124VOE/ENCFF002AZH.fastq.gz,,1,H3K27ac,ENCSR308JFE,1
ENCSR124VOE,/nfs-stor/akshat.mistry/cluster/dbsuper_pipeline/raw/encode_results/files/case/ENCSR124VOE/ENCFF002AZW.fastq.gz,,2,H3K27ac,ENCSR308JFE,2
ENCSR125KVG,/nfs-stor/akshat.mistry/cluster/dbsuper_pipeline/raw/encode_results/files/case/ENCSR125KVG/ENCFF006QBJ.fastq.gz,,1,H3K27ac,ENCSR373OML,1
ENCSR125KVG,/nfs-stor/akshat.mistry/cluster/dbsuper_pipeline/raw/encode_results/files/case/ENCSR125KVG/ENCFF274HHR.fastq.gz,,1,H3K27ac,ENCSR373OML,1
ENCSR125KVG,/nfs-stor/akshat.mistry/cluster/dbsuper_pipeline/raw/encode_results/files/case/ENCSR125KVG/ENCFF411QJV.fastq.gz,,1,H3K27ac,ENCSR373OML,1
ENCSR125KVG,/nfs-stor/akshat.mistry/cluster/dbsuper_pipeline/raw/encode_results/files/case/ENCSR125KVG/ENCFF564PQU.fastq.gz,,1,H3K27ac,ENCSR373OML,1
ENCSR125KVG,/nfs-stor/akshat.mistry/cluster/dbsuper_pipeline/raw/encode_results/files/case/ENCSR125KVG/ENCFF167PHR.fastq.gz,,1,H3K27ac,ENCSR373OML,1
ENCSR125KVG,/nfs-stor/akshat.mistry/cluster/dbsuper_pipeline/raw/encode_results/files/case/ENCSR125KVG/ENCFF459DYG.fastq.gz,,1,H3K27ac,ENCSR373OML,1
ENCSR125KVG,/nfs-stor/akshat.mistry/cluster/dbsuper_pipeline/raw/encode_results/files/case/ENCSR125KVG/ENCFF683VPW.fastq.gz,,1,H3K27ac,ENCSR373OML,1
ENCSR125KVG,/nfs-stor/akshat.mistry/cluster/dbsuper_pipeline/raw/encode_results/files/case/ENCSR125KVG/ENCFF920PWG.fastq.gz,,1,H3K27ac,ENCSR373OML,1
ENCSR131DVD,/nfs-stor/akshat.mistry/cluster/dbsuper_pipeline/raw/encode_results/files/case/ENCSR131DVD/ENCFF254LWX.fastq.gz,,1,H3K27ac,ENCSR771IOP,1
ENCSR131DVD,/nfs-stor/akshat.mistry/cluster/dbsuper_pipeline/raw/encode_results/files/case/ENCSR131DVD/ENCFF641LAG.fastq.gz,,2,H3K27ac,ENCSR771IOP,1
ENCSR133NBJ,/nfs-stor/akshat.mistry/cluster/dbsuper_pipeline/raw/encode_results/files/case/ENCSR133NBJ/ENCFF628GCG.fastq.gz,,1,H3K27ac,ENCSR539HNK,1
ENCSR133NBJ,/nfs-stor/akshat.mistry/cluster/dbsuper_pipeline/raw/encode_results/files/case/ENCSR133NBJ/ENCFF964NOS.fastq.gz,,1,H3K27ac,ENCSR539HNK,1
ENCSR136KIM,/nfs-stor/akshat.mistry/cluster/dbsuper_pipeline/raw/encode_results/files/case/ENCSR136KIM/ENCFF178AXK.fastq.gz,,1,H3K27ac,ENCSR105CRB,1
ENCSR136KIM,/nfs-stor/akshat.mistry/cluster/dbsuper_pipeline/raw/encode_results/files/case/ENCSR136KIM/ENCFF523REW.fastq.gz,,1,H3K27ac,ENCSR105CRB,1
ENCSR136KIM,/nfs-stor/akshat.mistry/cluster/dbsuper_pipeline/raw/encode_results/files/case/ENCSR136KIM/ENCFF567XYD.fastq.gz,,1,H3K27ac,ENCSR105CRB,1
ENCSR136KIM,/nfs-stor/akshat.mistry/cluster/dbsuper_pipeline/raw/encode_results/files/case/ENCSR136KIM/ENCFF644FFI.fastq.gz,,1,H3K27ac,ENCSR105CRB,1
ENCSR136KIM,/nfs-stor/akshat.mistry/cluster/dbsuper_pipeline/raw/encode_results/files/case/ENCSR136KIM/ENCFF081HED.fastq.gz,,1,H3K27ac,ENCSR105CRB,1
ENCSR136KIM,/nfs-stor/akshat.mistry/cluster/dbsuper_pipeline/raw/encode_results/files/case/ENCSR136KIM/ENCFF298ORZ.fastq.gz,,1,H3K27ac,ENCSR105CRB,1
ENCSR136KIM,/nfs-stor/akshat.mistry/cluster/dbsuper_pipeline/raw/encode_results/files/case/ENCSR136KIM/ENCFF548EIV.fastq.gz,,1,H3K27ac,ENCSR105CRB,1
ENCSR136KIM,/nfs-stor/akshat.mistry/cluster/dbsuper_pipeline/raw/encode_results/files/case/ENCSR136KIM/ENCFF856URD.fastq.gz,,1,H3K27ac,ENCSR105CRB,1
ENCSR136ZQZ,/nfs-stor/akshat.mistry/cluster/dbsuper_pipeline/raw/encode_results/files/case/ENCSR136ZQZ/ENCFF264VOW.fastq.gz,,1,H3K27ac,ENCSR215WNN,1
ENCSR136ZQZ,/nfs-stor/akshat.mistry/cluster/dbsuper_pipeline/raw/encode_results/files/case/ENCSR136ZQZ/ENCFF274PXW.fastq.gz,,1,H3K27ac,ENCSR215WNN,1
ENCSR136ZQZ,/nfs-stor/akshat.mistry/cluster/dbsuper_pipeline/raw/encode_results/files/case/ENCSR136ZQZ/ENCFF332BZM.fastq.gz,,1,H3K27ac,ENCSR215WNN,1
ENCSR136ZQZ,/nfs-stor/akshat.mistry/cluster/dbsuper_pipeline/raw/encode_results/files/case/ENCSR136ZQZ/ENCFF390GRW.fastq.gz,,1,H3K27ac,ENCSR215WNN,1
ENCSR136ZQZ,/nfs-stor/akshat.mistry/cluster/dbsuper_pipeline/raw/encode_results/files/case/ENCSR136ZQZ/ENCFF433VCF.fastq.gz,,1,H3K27ac,ENCSR215WNN,1
ENCSR136ZQZ,/nfs-stor/akshat.mistry/cluster/dbsuper_pipeline/raw/encode_results/files/case/ENCSR136ZQZ/ENCFF835AYA.fastq.gz,,1,H3K27ac,ENCSR215WNN,1
ENCSR136ZQZ,/nfs-stor/akshat.mistry/cluster/dbsuper_pipeline/raw/encode_results/files/case/ENCSR136ZQZ/ENCFF641XWI.fastq.gz,,1,H3K27ac,ENCSR215WNN,1
ENCSR136ZQZ,/nfs-stor/akshat.mistry/cluster/dbsuper_pipeline/raw/encode_results/files/case/ENCSR136ZQZ/ENCFF682TKX.fastq.gz,,1,H3K27ac,ENCSR215WNN,1
ENCSR137ZID,/nfs-stor/akshat.mistry/cluster/dbsuper_pipeline/raw/encode_results/files/case/ENCSR137ZID/ENCFF350WVU.fastq.gz,,1,H3K27ac,ENCSR462ZQL,1
ENCSR137ZID,/nfs-stor/akshat.mistry/cluster/dbsuper_pipeline/raw/encode_results/files/case/ENCSR137ZID/ENCFF579GWY.fastq.gz,,1,H3K27ac,ENCSR462ZQL,1
ENCSR137ZID,/nfs-stor/akshat.mistry/cluster/dbsuper_pipeline/raw/encode_results/files/case/ENCSR137ZID/ENCFF940QUQ.fastq.gz,,1,H3K27ac,ENCSR462ZQL,1
ENCSR137ZID,/nfs-stor/akshat.mistry/cluster/dbsuper_pipeline/raw/encode_results/files/case/ENCSR137ZID/ENCFF947LQR.fastq.gz,,1,H3K27ac,ENCSR462ZQL,1
ENCSR137ZID,/nfs-stor/akshat.mistry/cluster/dbsuper_pipeline/raw/encode_results/files/case/ENCSR137ZID/ENCFF565EJQ.fastq.gz,,1,H3K27ac,ENCSR462ZQL,1
ENCSR137ZID,/nfs-stor/akshat.mistry/cluster/dbsuper_pipeline/raw/encode_results/files/case/ENCSR137ZID/ENCFF630BRT.fastq.gz,,1,H3K27ac,ENCSR462ZQL,1
ENCSR137ZID,/nfs-stor/akshat.mistry/cluster/dbsuper_pipeline/raw/encode_results/files/case/ENCSR137ZID/ENCFF825VFL.fastq.gz,,1,H3K27ac,ENCSR462ZQL,1
ENCSR137ZID,/nfs-stor/akshat.mistry/cluster/dbsuper_pipeline/raw/encode_results/files/case/ENCSR137ZID/ENCFF929VLQ.fastq.gz,,1,H3K27ac,ENCSR462ZQL,1
ENCSR138DOM,/nfs-stor/akshat.mistry/cluster/dbsuper_pipeline/raw/encode_results/files/case/ENCSR138DOM/ENCFF034CMO.fastq.gz,,1,H3K27ac,ENCSR510OLN,1
ENCSR138DOM,/nfs-stor/akshat.mistry/cluster/dbsuper_pipeline/raw/encode_results/files/case/ENCSR138DOM/ENCFF347NSQ.fastq.gz,,1,H3K27ac,ENCSR510OLN,1
ENCSR138DOM,/nfs-stor/akshat.mistry/cluster/dbsuper_pipeline/raw/encode_results/files/case/ENCSR138DOM/ENCFF935SGY.fastq.gz,,1,H3K27ac,ENCSR510OLN,1
ENCSR138TQF,/nfs-stor/akshat.mistry/cluster/dbsuper_pipeline/raw/encode_results/files/case/ENCSR138TQF/ENCFF685CHS.fastq.gz,,1,H3K27ac,ENCSR576VXL,1
ENCSR138TQF,/nfs-stor/akshat.mistry/cluster/dbsuper_pipeline/raw/encode_results/files/case/ENCSR138TQF/ENCFF746TJH.fastq.gz,,1,H3K27ac,ENCSR576VXL,1
ENCSR138TQF,/nfs-stor/akshat.mistry/cluster/dbsuper_pipeline/raw/encode_results/files/case/ENCSR138TQF/ENCFF828YFW.fastq.gz,,1,H3K27ac,ENCSR576VXL,1
ENCSR138TQF,/nfs-stor/akshat.mistry/cluster/dbsuper_pipeline/raw/encode_results/files/case/ENCSR138TQF/ENCFF900SZT.fastq.gz,,1,H3K27ac,ENCSR576VXL,1
ENCSR138TQF,/nfs-stor/akshat.mistry/cluster/dbsuper_pipeline/raw/encode_results/files/case/ENCSR138TQF/ENCFF145VFD.fastq.gz,,1,H3K27ac,ENCSR576VXL,1
ENCSR138TQF,/nfs-stor/akshat.mistry/cluster/dbsuper_pipeline/raw/encode_results/files/case/ENCSR138TQF/ENCFF610PHP.fastq.gz,,1,H3K27ac,ENCSR576VXL,1
ENCSR138TQF,/nfs-stor/akshat.mistry/cluster/dbsuper_pipeline/raw/encode_results/files/case/ENCSR138TQF/ENCFF802DIP.fastq.gz,,1,H3K27ac,ENCSR576VXL,1
ENCSR138TQF,/nfs-stor/akshat.mistry/cluster/dbsuper_pipeline/raw/encode_results/files/case/ENCSR138TQF/ENCFF860ERH.fastq.gz,,1,H3K27ac,ENCSR576VXL,1
ENCSR138TQF,/nfs-stor/akshat.mistry/cluster/dbsuper_pipeline/raw/encode_results/files/case/ENCSR138TQF/ENCFF575IFY.fastq.gz,,2,H3K27ac,ENCSR576VXL,2
ENCSR138TQF,/nfs-stor/akshat.mistry/cluster/dbsuper_pipeline/raw/encode_results/files/case/ENCSR138TQF/ENCFF575TZW.fastq.gz,,2,H3K27ac,ENCSR576VXL,2
ENCSR138TQF,/nfs-stor/akshat.mistry/cluster/dbsuper_pipeline/raw/encode_results/files/case/ENCSR138TQF/ENCFF628HHQ.fastq.gz,,2,H3K27ac,ENCSR576VXL,2
ENCSR138TQF,/nfs-stor/akshat.mistry/cluster/dbsuper_pipeline/raw/encode_results/files/case/ENCSR138TQF/ENCFF638SFL.fastq.gz,,2,H3K27ac,ENCSR576VXL,2
ENCSR138TQF,/nfs-stor/akshat.mistry/cluster/dbsuper_pipeline/raw/encode_results/files/case/ENCSR138TQF/ENCFF127PCV.fastq.gz,,2,H3K27ac,ENCSR576VXL,2
ENCSR138TQF,/nfs-stor/akshat.mistry/cluster/dbsuper_pipeline/raw/encode_results/files/case/ENCSR138TQF/ENCFF632QVG.fastq.gz,,2,H3K27ac,ENCSR576VXL,2
ENCSR138TQF,/nfs-stor/akshat.mistry/cluster/dbsuper_pipeline/raw/encode_results/files/case/ENCSR138TQF/ENCFF887DEN.fastq.gz,,2,H3K27ac,ENCSR576VXL,2
ENCSR138TQF,/nfs-stor/akshat.mistry/cluster/dbsuper_pipeline/raw/encode_results/files/case/ENCSR138TQF/ENCFF947WMQ.fastq.gz,,2,H3K27ac,ENCSR576VXL,2
ENCSR143XNJ,/nfs-stor/akshat.mistry/cluster/dbsuper_pipeline/raw/encode_results/files/case/ENCSR143XNJ/ENCFF219MND.fastq.gz,,1,H3K27ac,ENCSR156WTZ,1
ENCSR143XNJ,/nfs-stor/akshat.mistry/cluster/dbsuper_pipeline/raw/encode_results/files/case/ENCSR143XNJ/ENCFF293EZM.fastq.gz,,1,H3K27ac,ENCSR156WTZ,1
ENCSR143XNJ,/nfs-stor/akshat.mistry/cluster/dbsuper_pipeline/raw/encode_results/files/case/ENCSR143XNJ/ENCFF091VXJ.fastq.gz,,1,H3K27ac,ENCSR156WTZ,1
ENCSR143XNJ,/nfs-stor/akshat.mistry/cluster/dbsuper_pipeline/raw/encode_results/files/case/ENCSR143XNJ/ENCFF402XQS.fastq.gz,,1,H3K27ac,ENCSR156WTZ,1
ENCSR150QXE,/nfs-stor/akshat.mistry/cluster/dbsuper_pipeline/raw/encode_results/files/case/ENCSR150QXE/ENCFF966ALG.fastq.gz,,1,H3K27ac,ENCSR961QMI,1
ENCSR152MAZ,/nfs-stor/akshat.mistry/cluster/dbsuper_pipeline/raw/encode_results/files/case/ENCSR152MAZ/ENCFF116BHC.fastq.gz,,1,H3K27ac,ENCSR564VBC,1
ENCSR152MAZ,/nfs-stor/akshat.mistry/cluster/dbsuper_pipeline/raw/encode_results/files/case/ENCSR152MAZ/ENCFF149YID.fastq.gz,,1,H3K27ac,ENCSR564VBC,1
ENCSR152MAZ,/nfs-stor/akshat.mistry/cluster/dbsuper_pipeline/raw/encode_results/files/case/ENCSR152MAZ/ENCFF574UYY.fastq.gz,,1,H3K27ac,ENCSR564VBC,1
ENCSR152MAZ,/nfs-stor/akshat.mistry/cluster/dbsuper_pipeline/raw/encode_results/files/case/ENCSR152MAZ/ENCFF848RWQ.fastq.gz,,1,H3K27ac,ENCSR564VBC,1
ENCSR152MAZ,/nfs-stor/akshat.mistry/cluster/dbsuper_pipeline/raw/encode_results/files/case/ENCSR152MAZ/ENCFF274PSU.fastq.gz,,1,H3K27ac,ENCSR564VBC,1
ENCSR152MAZ,/nfs-stor/akshat.mistry/cluster/dbsuper_pipeline/raw/encode_results/files/case/ENCSR152MAZ/ENCFF617KJE.fastq.gz,,1,H3K27ac,ENCSR564VBC,1
ENCSR152MAZ,/nfs-stor/akshat.mistry/cluster/dbsuper_pipeline/raw/encode_results/files/case/ENCSR152MAZ/ENCFF921ZRQ.fastq.gz,,1,H3K27ac,ENCSR564VBC,1
ENCSR152MAZ,/nfs-stor/akshat.mistry/cluster/dbsuper_pipeline/raw/encode_results/files/case/ENCSR152MAZ/ENCFF923FXI.fastq.gz,,1,H3K27ac,ENCSR564VBC,1
ENCSR156MYA,/nfs-stor/akshat.mistry/cluster/dbsuper_pipeline/raw/encode_results/files/case/ENCSR156MYA/ENCFF075ZNF.fastq.gz,,1,H3K27ac,ENCSR988CHU,1
ENCSR156MYA,/nfs-stor/akshat.mistry/cluster/dbsuper_pipeline/raw/encode_results/files/case/ENCSR156MYA/ENCFF986YBF.fastq.gz,,1,H3K27ac,ENCSR988CHU,1
ENCSR165CDY,/nfs-stor/akshat.mistry/cluster/dbsuper_pipeline/raw/encode_results/files/case/ENCSR165CDY/ENCFF200QAT.fastq.gz,,1,H3K27ac,ENCSR608IVH,1
ENCSR165CDY,/nfs-stor/akshat.mistry/cluster/dbsuper_pipeline/raw/encode_results/files/case/ENCSR165CDY/ENCFF605JMT.fastq.gz,,1,H3K27ac,ENCSR608IVH,1
ENCSR165CDY,/nfs-stor/akshat.mistry/cluster/dbsuper_pipeline/raw/encode_results/files/case/ENCSR165CDY/ENCFF707FUH.fastq.gz,,1,H3K27ac,ENCSR608IVH,1
ENCSR165CDY,/nfs-stor/akshat.mistry/cluster/dbsuper_pipeline/raw/encode_results/files/case/ENCSR165CDY/ENCFF940KKR.fastq.gz,,1,H3K27ac,ENCSR608IVH,1
ENCSR165CDY,/nfs-stor/akshat.mistry/cluster/dbsuper_pipeline/raw/encode_results/files/case/ENCSR165CDY/ENCFF004ZEF.fastq.gz,,1,H3K27ac,ENCSR608IVH,1
ENCSR165CDY,/nfs-stor/akshat.mistry/cluster/dbsuper_pipeline/raw/encode_results/files/case/ENCSR165CDY/ENCFF284DVX.fastq.gz,,1,H3K27ac,ENCSR608IVH,1
ENCSR165CDY,/nfs-stor/akshat.mistry/cluster/dbsuper_pipeline/raw/encode_results/files/case/ENCSR165CDY/ENCFF799CXD.fastq.gz,,1,H3K27ac,ENCSR608IVH,1
ENCSR165CDY,/nfs-stor/akshat.mistry/cluster/dbsuper_pipeline/raw/encode_results/files/case/ENCSR165CDY/ENCFF979LDB.fastq.gz,,1,H3K27ac,ENCSR608IVH,1
ENCSR165CDY,/nfs-stor/akshat.mistry/cluster/dbsuper_pipeline/raw/encode_results/files/case/ENCSR165CDY/ENCFF553AWM.fastq.gz,,2,H3K27ac,ENCSR608IVH,2
ENCSR165CDY,/nfs-stor/akshat.mistry/cluster/dbsuper_pipeline/raw/encode_results/files/case/ENCSR165CDY/ENCFF703LTX.fastq.gz,,2,H3K27ac,ENCSR608IVH,2
ENCSR165CDY,/nfs-stor/akshat.mistry/cluster/dbsuper_pipeline/raw/encode_results/files/case/ENCSR165CDY/ENCFF855QYV.fastq.gz,,2,H3K27ac,ENCSR608IVH,2
ENCSR165CDY,/nfs-stor/akshat.mistry/cluster/dbsuper_pipeline/raw/encode_results/files/case/ENCSR165CDY/ENCFF913WRL.fastq.gz,,2,H3K27ac,ENCSR608IVH,2
ENCSR165CDY,/nfs-stor/akshat.mistry/cluster/dbsuper_pipeline/raw/encode_results/files/case/ENCSR165CDY/ENCFF144RFU.fastq.gz,,2,H3K27ac,ENCSR608IVH,2
ENCSR165CDY,/nfs-stor/akshat.mistry/cluster/dbsuper_pipeline/raw/encode_results/files/case/ENCSR165CDY/ENCFF343VYA.fastq.gz,,2,H3K27ac,ENCSR608IVH,2
ENCSR165CDY,/nfs-stor/akshat.mistry/cluster/dbsuper_pipeline/raw/encode_results/files/case/ENCSR165CDY/ENCFF371DAT.fastq.gz,,2,H3K27ac,ENCSR608IVH,2
ENCSR165CDY,/nfs-stor/akshat.mistry/cluster/dbsuper_pipeline/raw/encode_results/files/case/ENCSR165CDY/ENCFF833ARZ.fastq.gz,,2,H3K27ac,ENCSR608IVH,2
ENCSR170MAJ,/nfs-stor/akshat.mistry/cluster/dbsuper_pipeline/raw/encode_results/files/case/ENCSR170MAJ/ENCFF063UMS.fastq.gz,,1,H3K27ac,ENCSR652ZLE,1
ENCSR174GMQ,/nfs-stor/akshat.mistry/cluster/dbsuper_pipeline/raw/encode_results/files/case/ENCSR174GMQ/ENCFF103EJM.fastq.gz,,1,H3K27ac,ENCSR481SJM,1
ENCSR174GMQ,/nfs-stor/akshat.mistry/cluster/dbsuper_pipeline/raw/encode_results/files/case/ENCSR174GMQ/ENCFF452QPN.fastq.gz,,1,H3K27ac,ENCSR481SJM,1
ENCSR174GMQ,/nfs-stor/akshat.mistry/cluster/dbsuper_pipeline/raw/encode_results/files/case/ENCSR174GMQ/ENCFF584UTP.fastq.gz,,1,H3K27ac,ENCSR481SJM,1
ENCSR174GMQ,/nfs-stor/akshat.mistry/cluster/dbsuper_pipeline/raw/encode_results/files/case/ENCSR174GMQ/ENCFF643SEB.fastq.gz,,1,H3K27ac,ENCSR481SJM,1
ENCSR174GMQ,/nfs-stor/akshat.mistry/cluster/dbsuper_pipeline/raw/encode_results/files/case/ENCSR174GMQ/ENCFF226WBI.fastq.gz,,1,H3K27ac,ENCSR481SJM,1
ENCSR174GMQ,/nfs-stor/akshat.mistry/cluster/dbsuper_pipeline/raw/encode_results/files/case/ENCSR174GMQ/ENCFF394MLC.fastq.gz,,1,H3K27ac,ENCSR481SJM,1
ENCSR174GMQ,/nfs-stor/akshat.mistry/cluster/dbsuper_pipeline/raw/encode_results/files/case/ENCSR174GMQ/ENCFF712JST.fastq.gz,,1,H3K27ac,ENCSR481SJM,1
ENCSR174GMQ,/nfs-stor/akshat.mistry/cluster/dbsuper_pipeline/raw/encode_results/files/case/ENCSR174GMQ/ENCFF988TCB.fastq.gz,,1,H3K27ac,ENCSR481SJM,1
ENCSR175ABH,/nfs-stor/akshat.mistry/cluster/dbsuper_pipeline/raw/encode_results/files/case/ENCSR175ABH/ENCFF295JIQ.fastq.gz,,1,H3K27ac,ENCSR597PTH,1
ENCSR175ABH,/nfs-stor/akshat.mistry/cluster/dbsuper_pipeline/raw/encode_results/files/case/ENCSR175ABH/ENCFF550GFW.fastq.gz,,1,H3K27ac,ENCSR597PTH,1
ENCSR175ABH,/nfs-stor/akshat.mistry/cluster/dbsuper_pipeline/raw/encode_results/files/case/ENCSR175ABH/ENCFF713NIM.fastq.gz,,1,H3K27ac,ENCSR597PTH,1
ENCSR175ABH,/nfs-stor/akshat.mistry/cluster/dbsuper_pipeline/raw/encode_results/files/case/ENCSR175ABH/ENCFF972UMH.fastq.gz,,1,H3K27ac,ENCSR597PTH,1
ENCSR175ABH,/nfs-stor/akshat.mistry/cluster/dbsuper_pipeline/raw/encode_results/files/case/ENCSR175ABH/ENCFF010RMC.fastq.gz,,1,H3K27ac,ENCSR597PTH,1
ENCSR175ABH,/nfs-stor/akshat.mistry/cluster/dbsuper_pipeline/raw/encode_results/files/case/ENCSR175ABH/ENCFF226EGR.fastq.gz,,1,H3K27ac,ENCSR597PTH,1
ENCSR175ABH,/nfs-stor/akshat.mistry/cluster/dbsuper_pipeline/raw/encode_results/files/case/ENCSR175ABH/ENCFF261ZFV.fastq.gz,,1,H3K27ac,ENCSR597PTH,1
ENCSR175ABH,/nfs-stor/akshat.mistry/cluster/dbsuper_pipeline/raw/encode_results/files/case/ENCSR175ABH/ENCFF267ZLF.fastq.gz,,1,H3K27ac,ENCSR597PTH,1
ENCSR175ABH,/nfs-stor/akshat.mistry/cluster/dbsuper_pipeline/raw/encode_results/files/case/ENCSR175ABH/ENCFF308TVU.fastq.gz,,1,H3K27ac,ENCSR597PTH,1
ENCSR175ABH,/nfs-stor/akshat.mistry/cluster/dbsuper_pipeline/raw/encode_results/files/case/ENCSR175ABH/ENCFF515IUA.fastq.gz,,1,H3K27ac,ENCSR597PTH,1
ENCSR175ABH,/nfs-stor/akshat.mistry/cluster/dbsuper_pipeline/raw/encode_results/files/case/ENCSR175ABH/ENCFF666FWV.fastq.gz,,1,H3K27ac,ENCSR597PTH,1
ENCSR175ABH,/nfs-stor/akshat.mistry/cluster/dbsuper_pipeline/raw/encode_results/files/case/ENCSR175ABH/ENCFF819RAJ.fastq.gz,,1,H3K27ac,ENCSR597PTH,1
ENCSR177QFY,/nfs-stor/akshat.mistry/cluster/dbsuper_pipeline/raw/encode_results/files/case/ENCSR177QFY/ENCFF396LFR.fastq.gz,,1,H3K27ac,ENCSR828HXJ,1
ENCSR177QFY,/nfs-stor/akshat.mistry/cluster/dbsuper_pipeline/raw/encode_results/files/case/ENCSR177QFY/ENCFF215HBL.fastq.gz,,2,H3K27ac,ENCSR828HXJ,1
ENCSR180YHA,/nfs-stor/akshat.mistry/cluster/dbsuper_pipeline/raw/encode_results/files/case/ENCSR180YHA/ENCFF522VJD.fastq.gz,,1,H3K27ac,ENCSR310TYO,1
ENCSR180YHA,/nfs-stor/akshat.mistry/cluster/dbsuper_pipeline/raw/encode_results/files/case/ENCSR180YHA/ENCFF562MBW.fastq.gz,,2,H3K27ac,ENCSR310TYO,2
ENCSR180YHA,/nfs-stor/akshat.mistry/cluster/dbsuper_pipeline/raw/encode_results/files/case/ENCSR180YHA/ENCFF428CQY.fastq.gz,,3,H3K27ac,ENCSR310TYO,3
ENCSR181OHF,/nfs-stor/akshat.mistry/cluster/dbsuper_pipeline/raw/encode_results/files/case/ENCSR181OHF/ENCFF045IUR.fastq.gz,,1,H3K27ac,ENCSR968MKZ,1
ENCSR181OHF,/nfs-stor/akshat.mistry/cluster/dbsuper_pipeline/raw/encode_results/files/case/ENCSR181OHF/ENCFF238GLE.fastq.gz,,1,H3K27ac,ENCSR968MKZ,1
ENCSR181OHF,/nfs-stor/akshat.mistry/cluster/dbsuper_pipeline/raw/encode_results/files/case/ENCSR181OHF/ENCFF395OOA.fastq.gz,,1,H3K27ac,ENCSR968MKZ,1
ENCSR181OHF,/nfs-stor/akshat.mistry/cluster/dbsuper_pipeline/raw/encode_results/files/case/ENCSR181OHF/ENCFF877QUU.fastq.gz,,1,H3K27ac,ENCSR968MKZ,1
ENCSR181OHF,/nfs-stor/akshat.mistry/cluster/dbsuper_pipeline/raw/encode_results/files/case/ENCSR181OHF/ENCFF051FMA.fastq.gz,,1,H3K27ac,ENCSR968MKZ,1
ENCSR181OHF,/nfs-stor/akshat.mistry/cluster/dbsuper_pipeline/raw/encode_results/files/case/ENCSR181OHF/ENCFF170MHZ.fastq.gz,,1,H3K27ac,ENCSR968MKZ,1
ENCSR181OHF,/nfs-stor/akshat.mistry/cluster/dbsuper_pipeline/raw/encode_results/files/case/ENCSR181OHF/ENCFF529BXN.fastq.gz,,1,H3K27ac,ENCSR968MKZ,1
ENCSR181OHF,/nfs-stor/akshat.mistry/cluster/dbsuper_pipeline/raw/encode_results/files/case/ENCSR181OHF/ENCFF641XOU.fastq.gz,,1,H3K27ac,ENCSR968MKZ,1
ENCSR189JIH,/nfs-stor/akshat.mistry/cluster/dbsuper_pipeline/raw/encode_results/files/case/ENCSR189JIH/ENCFF631MUY.fastq.gz,,1,H3K27ac,ENCSR859LXC,1
ENCSR189JIH,/nfs-stor/akshat.mistry/cluster/dbsuper_pipeline/raw/encode_results/files/case/ENCSR189JIH/ENCFF941GCO.fastq.gz,,1,H3K27ac,ENCSR859LXC,1
ENCSR189JIH,/nfs-stor/akshat.mistry/cluster/dbsuper_pipeline/raw/encode_results/files/case/ENCSR189JIH/ENCFF250ZFX.fastq.gz,,1,H3K27ac,ENCSR859LXC,1
ENCSR189JIH,/nfs-stor/akshat.mistry/cluster/dbsuper_pipeline/raw/encode_results/files/case/ENCSR189JIH/ENCFF534QUU.fastq.gz,,1,H3K27ac,ENCSR859LXC,1
ENCSR189QAD,/nfs-stor/akshat.mistry/cluster/dbsuper_pipeline/raw/encode_results/files/case/ENCSR189QAD/ENCFF237XPL.fastq.gz,,1,H3K27ac,ENCSR043UWF,1
ENCSR189QAD,/nfs-stor/akshat.mistry/cluster/dbsuper_pipeline/raw/encode_results/files/case/ENCSR189QAD/ENCFF667USM.fastq.gz,,1,H3K27ac,ENCSR043UWF,1
ENCSR191ZQT,/nfs-stor/akshat.mistry/cluster/dbsuper_pipeline/raw/encode_results/files/case/ENCSR191ZQT/ENCFF861JPC.fastq.gz,,1,H3K27ac,ENCSR300ZUS,1
ENCSR191ZQT,/nfs-stor/akshat.mistry/cluster/dbsuper_pipeline/raw/encode_results/files/case/ENCSR191ZQT/ENCFF995OBQ.fastq.gz,,1,H3K27ac,ENCSR300ZUS,1
ENCSR194KGO,/nfs-stor/akshat.mistry/cluster/dbsuper_pipeline/raw/encode_results/files/case/ENCSR194KGO/ENCFF222STO.fastq.gz,,1,H3K27ac,ENCSR033XKQ,1
ENCSR194KGO,/nfs-stor/akshat.mistry/cluster/dbsuper_pipeline/raw/encode_results/files/case/ENCSR194KGO/ENCFF498MME.fastq.gz,,1,H3K27ac,ENCSR033XKQ,1
ENCSR194KGO,/nfs-stor/akshat.mistry/cluster/dbsuper_pipeline/raw/encode_results/files/case/ENCSR194KGO/ENCFF903OCR.fastq.gz,,1,H3K27ac,ENCSR033XKQ,1
ENCSR194KGO,/nfs-stor/akshat.mistry/cluster/dbsuper_pipeline/raw/encode_results/files/case/ENCSR194KGO/ENCFF916UCZ.fastq.gz,,1,H3K27ac,ENCSR033XKQ,1
ENCSR195JWZ,/nfs-stor/akshat.mistry/cluster/dbsuper_pipeline/raw/encode_results/files/case/ENCSR195JWZ/ENCFF002OYV.fastq.gz,,1,H3K27ac,ENCSR728EIP,1
ENCSR195JWZ,/nfs-stor/akshat.mistry/cluster/dbsuper_pipeline/raw/encode_results/files/case/ENCSR195JWZ/ENCFF011ZFX.fastq.gz,,1,H3K27ac,ENCSR728EIP,1
ENCSR195JWZ,/nfs-stor/akshat.mistry/cluster/dbsuper_pipeline/raw/encode_results/files/case/ENCSR195JWZ/ENCFF076MFG.fastq.gz,,1,H3K27ac,ENCSR728EIP,1
ENCSR195JWZ,/nfs-stor/akshat.mistry/cluster/dbsuper_pipeline/raw/encode_results/files/case/ENCSR195JWZ/ENCFF797TMM.fastq.gz,,1,H3K27ac,ENCSR728EIP,1
ENCSR200ETW,/nfs-stor/akshat.mistry/cluster/dbsuper_pipeline/raw/encode_results/files/case/ENCSR200ETW/ENCFF622OAL.fastq.gz,,1,H3K27ac,ENCSR650EVQ,1
ENCSR200ETW,/nfs-stor/akshat.mistry/cluster/dbsuper_pipeline/raw/encode_results/files/case/ENCSR200ETW/ENCFF878IZP.fastq.gz,,1,H3K27ac,ENCSR650EVQ,1
ENCSR200ETW,/nfs-stor/akshat.mistry/cluster/dbsuper_pipeline/raw/encode_results/files/case/ENCSR200ETW/ENCFF199QKQ.fastq.gz,,2,H3K27ac,ENCSR650EVQ,1
ENCSR200ETW,/nfs-stor/akshat.mistry/cluster/dbsuper_pipeline/raw/encode_results/files/case/ENCSR200ETW/ENCFF441DST.fastq.gz,,2,H3K27ac,ENCSR650EVQ,1
ENCSR200JVJ,/nfs-stor/akshat.mistry/cluster/dbsuper_pipeline/raw/encode_results/files/case/ENCSR200JVJ/ENCFF531ZQY.fastq.gz,,1,H3K27ac,ENCSR557HEX,1
ENCSR200JVJ,/nfs-stor/akshat.mistry/cluster/dbsuper_pipeline/raw/encode_results/files/case/ENCSR200JVJ/ENCFF625WKJ.fastq.gz,,1,H3K27ac,ENCSR557HEX,1
ENCSR200JVJ,/nfs-stor/akshat.mistry/cluster/dbsuper_pipeline/raw/encode_results/files/case/ENCSR200JVJ/ENCFF767UQP.fastq.gz,,1,H3K27ac,ENCSR557HEX,1
ENCSR200JVJ,/nfs-stor/akshat.mistry/cluster/dbsuper_pipeline/raw/encode_results/files/case/ENCSR200JVJ/ENCFF923BFU.fastq.gz,,1,H3K27ac,ENCSR557HEX,1
ENCSR200JVJ,/nfs-stor/akshat.mistry/cluster/dbsuper_pipeline/raw/encode_results/files/case/ENCSR200JVJ/ENCFF089DAK.fastq.gz,,1,H3K27ac,ENCSR557HEX,1
ENCSR200JVJ,/nfs-stor/akshat.mistry/cluster/dbsuper_pipeline/raw/encode_results/files/case/ENCSR200JVJ/ENCFF201WFI.fastq.gz,,1,H3K27ac,ENCSR557HEX,1
ENCSR200JVJ,/nfs-stor/akshat.mistry/cluster/dbsuper_pipeline/raw/encode_results/files/case/ENCSR200JVJ/ENCFF331VFI.fastq.gz,,1,H3K27ac,ENCSR557HEX,1
ENCSR200JVJ,/nfs-stor/akshat.mistry/cluster/dbsuper_pipeline/raw/encode_results/files/case/ENCSR200JVJ/ENCFF533JVX.fastq.gz,,1,H3K27ac,ENCSR557HEX,1
ENCSR203KCB,/nfs-stor/akshat.mistry/cluster/dbsuper_pipeline/raw/encode_results/files/case/ENCSR203KCB/ENCFF209OKJ.fastq.gz,,1,H3K27ac,ENCSR164POT,1
ENCSR203KCB,/nfs-stor/akshat.mistry/cluster/dbsuper_pipeline/raw/encode_results/files/case/ENCSR203KCB/ENCFF214DHU.fastq.gz,,1,H3K27ac,ENCSR164POT,1
ENCSR203KCB,/nfs-stor/akshat.mistry/cluster/dbsuper_pipeline/raw/encode_results/files/case/ENCSR203KCB/ENCFF330KKH.fastq.gz,,2,H3K27ac,ENCSR164POT,1
ENCSR203KCB,/nfs-stor/akshat.mistry/cluster/dbsuper_pipeline/raw/encode_results/files/case/ENCSR203KCB/ENCFF343NQH.fastq.gz,,2,H3K27ac,ENCSR164POT,1
ENCSR203KEU,/nfs-stor/akshat.mistry/cluster/dbsuper_pipeline/raw/encode_results/files/case/ENCSR203KEU/ENCFF950OXW.fastq.gz,,1,H3K27ac,ENCSR248IFK,1
ENCSR203KEU,/nfs-stor/akshat.mistry/cluster/dbsuper_pipeline/raw/encode_results/files/case/ENCSR203KEU/ENCFF666GAH.fastq.gz,,2,H3K27ac,ENCSR248IFK,2
ENCSR204OJS,/nfs-stor/akshat.mistry/cluster/dbsuper_pipeline/raw/encode_results/files/case/ENCSR204OJS/ENCFF564PES.fastq.gz,,1,H3K27ac,ENCSR962EJE,1
ENCSR204OJS,/nfs-stor/akshat.mistry/cluster/dbsuper_pipeline/raw/encode_results/files/case/ENCSR204OJS/ENCFF851QYW.fastq.gz,,1,H3K27ac,ENCSR962EJE,1
ENCSR204OJS,/nfs-stor/akshat.mistry/cluster/dbsuper_pipeline/raw/encode_results/files/case/ENCSR204OJS/ENCFF053CBZ.fastq.gz,,1,H3K27ac,ENCSR962EJE,1
ENCSR204OJS,/nfs-stor/akshat.mistry/cluster/dbsuper_pipeline/raw/encode_results/files/case/ENCSR204OJS/ENCFF303NHQ.fastq.gz,,1,H3K27ac,ENCSR962EJE,1
ENCSR204OJS,/nfs-stor/akshat.mistry/cluster/dbsuper_pipeline/raw/encode_results/files/case/ENCSR204OJS/ENCFF394YBR.fastq.gz,,1,H3K27ac,ENCSR962EJE,1
ENCSR204OJS,/nfs-stor/akshat.mistry/cluster/dbsuper_pipeline/raw/encode_results/files/case/ENCSR204OJS/ENCFF765XNJ.fastq.gz,,1,H3K27ac,ENCSR962EJE,1
ENCSR204TAU,/nfs-stor/akshat.mistry/cluster/dbsuper_pipeline/raw/encode_results/files/case/ENCSR204TAU/ENCFF083KAU.fastq.gz,,1,H3K27ac,ENCSR514EZP,1
ENCSR204TAU,/nfs-stor/akshat.mistry/cluster/dbsuper_pipeline/raw/encode_results/files/case/ENCSR204TAU/ENCFF269WVG.fastq.gz,,1,H3K27ac,ENCSR514EZP,1
ENCSR204TAU,/nfs-stor/akshat.mistry/cluster/dbsuper_pipeline/raw/encode_results/files/case/ENCSR204TAU/ENCFF204SXR.fastq.gz,,1,H3K27ac,ENCSR514EZP,1
ENCSR204TAU,/nfs-stor/akshat.mistry/cluster/dbsuper_pipeline/raw/encode_results/files/case/ENCSR204TAU/ENCFF246UOV.fastq.gz,,1,H3K27ac,ENCSR514EZP,1
ENCSR207ABA,/nfs-stor/akshat.mistry/cluster/dbsuper_pipeline/raw/encode_results/files/case/ENCSR207ABA/ENCFF381DSO.fastq.gz,,1,H3K27ac,ENCSR438NOO,1
ENCSR207ABA,/nfs-stor/akshat.mistry/cluster/dbsuper_pipeline/raw/encode_results/files/case/ENCSR207ABA/ENCFF411VHY.fastq.gz,,1,H3K27ac,ENCSR438NOO,1
ENCSR207ABA,/nfs-stor/akshat.mistry/cluster/dbsuper_pipeline/raw/encode_results/files/case/ENCSR207ABA/ENCFF551OCL.fastq.gz,,1,H3K27ac,ENCSR438NOO,1
ENCSR207ABA,/nfs-stor/akshat.mistry/cluster/dbsuper_pipeline/raw/encode_results/files/case/ENCSR207ABA/ENCFF818IKU.fastq.gz,,1,H3K27ac,ENCSR438NOO,1
ENCSR207FYD,/nfs-stor/akshat.mistry/cluster/dbsuper_pipeline/raw/encode_results/files/case/ENCSR207FYD/ENCFF068RXL.fastq.gz,,1,H3K27ac,ENCSR891ZHA,1
ENCSR207FYD,/nfs-stor/akshat.mistry/cluster/dbsuper_pipeline/raw/encode_results/files/case/ENCSR207FYD/ENCFF278YTC.fastq.gz,,1,H3K27ac,ENCSR891ZHA,1
ENCSR207FYD,/nfs-stor/akshat.mistry/cluster/dbsuper_pipeline/raw/encode_results/files/case/ENCSR207FYD/ENCFF316EAG.fastq.gz,,1,H3K27ac,ENCSR891ZHA,1
ENCSR207FYD,/nfs-stor/akshat.mistry/cluster/dbsuper_pipeline/raw/encode_results/files/case/ENCSR207FYD/ENCFF475EST.fastq.gz,,1,H3K27ac,ENCSR891ZHA,1
ENCSR207FYD,/nfs-stor/akshat.mistry/cluster/dbsuper_pipeline/raw/encode_results/files/case/ENCSR207FYD/ENCFF091MNM.fastq.gz,,1,H3K27ac,ENCSR891ZHA,1
ENCSR207FYD,/nfs-stor/akshat.mistry/cluster/dbsuper_pipeline/raw/encode_results/files/case/ENCSR207FYD/ENCFF543APQ.fastq.gz,,1,H3K27ac,ENCSR891ZHA,1
ENCSR207FYD,/nfs-stor/akshat.mistry/cluster/dbsuper_pipeline/raw/encode_results/files/case/ENCSR207FYD/ENCFF892CUT.fastq.gz,,1,H3K27ac,ENCSR891ZHA,1
ENCSR207FYD,/nfs-stor/akshat.mistry/cluster/dbsuper_pipeline/raw/encode_results/files/case/ENCSR207FYD/ENCFF949DVR.fastq.gz,,1,H3K27ac,ENCSR891ZHA,1
ENCSR208QRN,/nfs-stor/akshat.mistry/cluster/dbsuper_pipeline/raw/encode_results/files/case/ENCSR208QRN/ENCFF359AHW.fastq.gz,,1,H3K27ac,ENCSR828XQV,1
ENCSR208QRN,/nfs-stor/akshat.mistry/cluster/dbsuper_pipeline/raw/encode_results/files/case/ENCSR208QRN/ENCFF481TGO.fastq.gz,,1,H3K27ac,ENCSR828XQV,1
ENCSR208QRN,/nfs-stor/akshat.mistry/cluster/dbsuper_pipeline/raw/encode_results/files/case/ENCSR208QRN/ENCFF252NKY.fastq.gz,,1,H3K27ac,ENCSR828XQV,1
ENCSR208QRN,/nfs-stor/akshat.mistry/cluster/dbsuper_pipeline/raw/encode_results/files/case/ENCSR208QRN/ENCFF920PYS.fastq.gz,,1,H3K27ac,ENCSR828XQV,1
ENCSR208QRN,/nfs-stor/akshat.mistry/cluster/dbsuper_pipeline/raw/encode_results/files/case/ENCSR208QRN/ENCFF113KFQ.fastq.gz,,2,H3K27ac,ENCSR828XQV,2
ENCSR208QRN,/nfs-stor/akshat.mistry/cluster/dbsuper_pipeline/raw/encode_results/files/case/ENCSR208QRN/ENCFF264CZV.fastq.gz,,2,H3K27ac,ENCSR828XQV,2
ENCSR208QRN,/nfs-stor/akshat.mistry/cluster/dbsuper_pipeline/raw/encode_results/files/case/ENCSR208QRN/ENCFF384MQH.fastq.gz,,2,H3K27ac,ENCSR828XQV,2
ENCSR208QRN,/nfs-stor/akshat.mistry/cluster/dbsuper_pipeline/raw/encode_results/files/case/ENCSR208QRN/ENCFF605JUU.fastq.gz,,2,H3K27ac,ENCSR828XQV,2
ENCSR208QRN,/nfs-stor/akshat.mistry/cluster/dbsuper_pipeline/raw/encode_results/files/case/ENCSR208QRN/ENCFF003LQT.fastq.gz,,2,H3K27ac,ENCSR828XQV,2
ENCSR208QRN,/nfs-stor/akshat.mistry/cluster/dbsuper_pipeline/raw/encode_results/files/case/ENCSR208QRN/ENCFF219DYV.fastq.gz,,2,H3K27ac,ENCSR828XQV,2
ENCSR208QRN,/nfs-stor/akshat.mistry/cluster/dbsuper_pipeline/raw/encode_results/files/case/ENCSR208QRN/ENCFF270YMP.fastq.gz,,2,H3K27ac,ENCSR828XQV,2
ENCSR208QRN,/nfs-stor/akshat.mistry/cluster/dbsuper_pipeline/raw/encode_results/files/case/ENCSR208QRN/ENCFF867PQG.fastq.gz,,2,H3K27ac,ENCSR828XQV,2
ENCSR209QGZ,/nfs-stor/akshat.mistry/cluster/dbsuper_pipeline/raw/encode_results/files/case/ENCSR209QGZ/ENCFF183MZS.fastq.gz,,1,H3K27ac,ENCSR113XPE,1
ENCSR209QGZ,/nfs-stor/akshat.mistry/cluster/dbsuper_pipeline/raw/encode_results/files/case/ENCSR209QGZ/ENCFF306ZIT.fastq.gz,,1,H3K27ac,ENCSR113XPE,1
ENCSR210ZPC,/nfs-stor/akshat.mistry/cluster/dbsuper_pipeline/raw/encode_results/files/case/ENCSR210ZPC/ENCFF325IYG.fastq.gz,,1,H3K27ac,ENCSR729MRJ,1
ENCSR210ZPC,/nfs-stor/akshat.mistry/cluster/dbsuper_pipeline/raw/encode_results/files/case/ENCSR210ZPC/ENCFF586FTG.fastq.gz,,2,H3K27ac,ENCSR729MRJ,2
ENCSR210ZPC,/nfs-stor/akshat.mistry/cluster/dbsuper_pipeline/raw/encode_results/files/case/ENCSR210ZPC/ENCFF489VEC.fastq.gz,,2,H3K27ac,ENCSR729MRJ,2
ENCSR213SMK,/nfs-stor/akshat.mistry/cluster/dbsuper_pipeline/raw/encode_results/files/case/ENCSR213SMK/ENCFF690WBN.fastq.gz,,1,H3K27ac,ENCSR780UWK,1
ENCSR214UZE,/nfs-stor/akshat.mistry/cluster/dbsuper_pipeline/raw/encode_results/files/case/ENCSR214UZE/ENCFF453HBU.fastq.gz,,1,H3K27ac,ENCSR126UEY,1
ENCSR214UZE,/nfs-stor/akshat.mistry/cluster/dbsuper_pipeline/raw/encode_results/files/case/ENCSR214UZE/ENCFF479YCO.fastq.gz,,1,H3K27ac,ENCSR126UEY,1
ENCSR217SDT,/nfs-stor/akshat.mistry/cluster/dbsuper_pipeline/raw/encode_results/files/case/ENCSR217SDT/ENCFF931LBD.fastq.gz,,1,H3K27ac,ENCSR978XYH,1
ENCSR217SDT,/nfs-stor/akshat.mistry/cluster/dbsuper_pipeline/raw/encode_results/files/case/ENCSR217SDT/ENCFF992IHG.fastq.gz,,1,H3K27ac,ENCSR978XYH,1
ENCSR217SDT,/nfs-stor/akshat.mistry/cluster/dbsuper_pipeline/raw/encode_results/files/case/ENCSR217SDT/ENCFF539BEL.fastq.gz,,2,H3K27ac,ENCSR978XYH,2
ENCSR220TRW,/nfs-stor/akshat.mistry/cluster/dbsuper_pipeline/raw/encode_results/files/case/ENCSR220TRW/ENCFF154RRD.fastq.gz,,1,H3K27ac,ENCSR151NEZ,1
ENCSR220TRW,/nfs-stor/akshat.mistry/cluster/dbsuper_pipeline/raw/encode_results/files/case/ENCSR220TRW/ENCFF233UZW.fastq.gz,,1,H3K27ac,ENCSR151NEZ,1
ENCSR220TRW,/nfs-stor/akshat.mistry/cluster/dbsuper_pipeline/raw/encode_results/files/case/ENCSR220TRW/ENCFF292NDG.fastq.gz,,1,H3K27ac,ENCSR151NEZ,1
ENCSR220TRW,/nfs-stor/akshat.mistry/cluster/dbsuper_pipeline/raw/encode_results/files/case/ENCSR220TRW/ENCFF895JXP.fastq.gz,,1,H3K27ac,ENCSR151NEZ,1
ENCSR220TRW,/nfs-stor/akshat.mistry/cluster/dbsuper_pipeline/raw/encode_results/files/case/ENCSR220TRW/ENCFF157URJ.fastq.gz,,1,H3K27ac,ENCSR151NEZ,1
ENCSR220TRW,/nfs-stor/akshat.mistry/cluster/dbsuper_pipeline/raw/encode_results/files/case/ENCSR220TRW/ENCFF385UWB.fastq.gz,,1,H3K27ac,ENCSR151NEZ,1
ENCSR220TRW,/nfs-stor/akshat.mistry/cluster/dbsuper_pipeline/raw/encode_results/files/case/ENCSR220TRW/ENCFF472WFX.fastq.gz,,1,H3K27ac,ENCSR151NEZ,1
ENCSR220TRW,/nfs-stor/akshat.mistry/cluster/dbsuper_pipeline/raw/encode_results/files/case/ENCSR220TRW/ENCFF913MHQ.fastq.gz,,1,H3K27ac,ENCSR151NEZ,1
ENCSR222QLW,/nfs-stor/akshat.mistry/cluster/dbsuper_pipeline/raw/encode_results/files/case/ENCSR222QLW/ENCFF011CJP.fastq.gz,,1,H3K27ac,ENCSR930RIA,1
ENCSR222QLW,/nfs-stor/akshat.mistry/cluster/dbsuper_pipeline/raw/encode_results/files/case/ENCSR222QLW/ENCFF602PKX.fastq.gz,,1,H3K27ac,ENCSR930RIA,1
ENCSR233RWF,/nfs-stor/akshat.mistry/cluster/dbsuper_pipeline/raw/encode_results/files/case/ENCSR233RWF/ENCFF141FSW.fastq.gz,,1,H3K27ac,ENCSR096QCF,1
ENCSR233RWF,/nfs-stor/akshat.mistry/cluster/dbsuper_pipeline/raw/encode_results/files/case/ENCSR233RWF/ENCFF292TQV.fastq.gz,,1,H3K27ac,ENCSR096QCF,1
ENCSR233RWF,/nfs-stor/akshat.mistry/cluster/dbsuper_pipeline/raw/encode_results/files/case/ENCSR233RWF/ENCFF367ROL.fastq.gz,,1,H3K27ac,ENCSR096QCF,1
ENCSR233RWF,/nfs-stor/akshat.mistry/cluster/dbsuper_pipeline/raw/encode_results/files/case/ENCSR233RWF/ENCFF563VDT.fastq.gz,,1,H3K27ac,ENCSR096QCF,1
ENCSR233RWF,/nfs-stor/akshat.mistry/cluster/dbsuper_pipeline/raw/encode_results/files/case/ENCSR233RWF/ENCFF075CGR.fastq.gz,,1,H3K27ac,ENCSR096QCF,1
ENCSR233RWF,/nfs-stor/akshat.mistry/cluster/dbsuper_pipeline/raw/encode_results/files/case/ENCSR233RWF/ENCFF190OGW.fastq.gz,,1,H3K27ac,ENCSR096QCF,1
ENCSR233RWF,/nfs-stor/akshat.mistry/cluster/dbsuper_pipeline/raw/encode_results/files/case/ENCSR233RWF/ENCFF292PKW.fastq.gz,,1,H3K27ac,ENCSR096QCF,1
ENCSR233RWF,/nfs-stor/akshat.mistry/cluster/dbsuper_pipeline/raw/encode_results/files/case/ENCSR233RWF/ENCFF378LRP.fastq.gz,,1,H3K27ac,ENCSR096QCF,1
ENCSR235KRX,/nfs-stor/akshat.mistry/cluster/dbsuper_pipeline/raw/encode_results/files/case/ENCSR235KRX/ENCFF433UXG.fastq.gz,,1,H3K27ac,ENCSR071DPR,1
ENCSR235KRX,/nfs-stor/akshat.mistry/cluster/dbsuper_pipeline/raw/encode_results/files/case/ENCSR235KRX/ENCFF987CDC.fastq.gz,,1,H3K27ac,ENCSR071DPR,1
ENCSR235ZBF,/nfs-stor/akshat.mistry/cluster/dbsuper_pipeline/raw/encode_results/files/case/ENCSR235ZBF/ENCFF024MIO.fastq.gz,,1,H3K27ac,ENCSR239LAP,1
ENCSR240GDT,/nfs-stor/akshat.mistry/cluster/dbsuper_pipeline/raw/encode_results/files/case/ENCSR240GDT/ENCFF378BAT.fastq.gz,,1,H3K27ac,ENCSR519UXW,1
ENCSR240GDT,/nfs-stor/akshat.mistry/cluster/dbsuper_pipeline/raw/encode_results/files/case/ENCSR240GDT/ENCFF486TDW.fastq.gz,,1,H3K27ac,ENCSR519UXW,1
ENCSR240GDT,/nfs-stor/akshat.mistry/cluster/dbsuper_pipeline/raw/encode_results/files/case/ENCSR240GDT/ENCFF815TAA.fastq.gz,,1,H3K27ac,ENCSR519UXW,1
ENCSR240GDT,/nfs-stor/akshat.mistry/cluster/dbsuper_pipeline/raw/encode_results/files/case/ENCSR240GDT/ENCFF819DQL.fastq.gz,,1,H3K27ac,ENCSR519UXW,1
ENCSR240GDT,/nfs-stor/akshat.mistry/cluster/dbsuper_pipeline/raw/encode_results/files/case/ENCSR240GDT/ENCFF232VJF.fastq.gz,,1,H3K27ac,ENCSR519UXW,1
ENCSR240GDT,/nfs-stor/akshat.mistry/cluster/dbsuper_pipeline/raw/encode_results/files/case/ENCSR240GDT/ENCFF254DQS.fastq.gz,,1,H3K27ac,ENCSR519UXW,1
ENCSR240GDT,/nfs-stor/akshat.mistry/cluster/dbsuper_pipeline/raw/encode_results/files/case/ENCSR240GDT/ENCFF271YDM.fastq.gz,,1,H3K27ac,ENCSR519UXW,1
ENCSR240GDT,/nfs-stor/akshat.mistry/cluster/dbsuper_pipeline/raw/encode_results/files/case/ENCSR240GDT/ENCFF982EKL.fastq.gz,,1,H3K27ac,ENCSR519UXW,1
ENCSR242AHB,/nfs-stor/akshat.mistry/cluster/dbsuper_pipeline/raw/encode_results/files/case/ENCSR242AHB/ENCFF455VEQ.fastq.gz,,1,H3K27ac,ENCSR149EOW,1
ENCSR242AHB,/nfs-stor/akshat.mistry/cluster/dbsuper_pipeline/raw/encode_results/files/case/ENCSR242AHB/ENCFF837DGA.fastq.gz,,1,H3K27ac,ENCSR149EOW,1
ENCSR242TBH,/nfs-stor/akshat.mistry/cluster/dbsuper_pipeline/raw/encode_results/files/case/ENCSR242TBH/ENCFF420VHJ.fastq.gz,,1,H3K27ac,ENCSR548SPY,1
ENCSR242TBH,/nfs-stor/akshat.mistry/cluster/dbsuper_pipeline/raw/encode_results/files/case/ENCSR242TBH/ENCFF262JTH.fastq.gz,,2,H3K27ac,ENCSR548SPY,2
ENCSR242TBH,/nfs-stor/akshat.mistry/cluster/dbsuper_pipeline/raw/encode_results/files/case/ENCSR242TBH/ENCFF611SVJ.fastq.gz,,3,H3K27ac,ENCSR548SPY,3
ENCSR245GEV,/nfs-stor/akshat.mistry/cluster/dbsuper_pipeline/raw/encode_results/files/case/ENCSR245GEV/ENCFF302FUB.fastq.gz,,1,H3K27ac,ENCSR130HAG,1
ENCSR245GEV,/nfs-stor/akshat.mistry/cluster/dbsuper_pipeline/raw/encode_results/files/case/ENCSR245GEV/ENCFF508KZK.fastq.gz,,1,H3K27ac,ENCSR130HAG,1
ENCSR245GEV,/nfs-stor/akshat.mistry/cluster/dbsuper_pipeline/raw/encode_results/files/case/ENCSR245GEV/ENCFF840MCF.fastq.gz,,1,H3K27ac,ENCSR130HAG,1
ENCSR245GEV,/nfs-stor/akshat.mistry/cluster/dbsuper_pipeline/raw/encode_results/files/case/ENCSR245GEV/ENCFF991KIP.fastq.gz,,1,H3K27ac,ENCSR130HAG,1
ENCSR245GEV,/nfs-stor/akshat.mistry/cluster/dbsuper_pipeline/raw/encode_results/files/case/ENCSR245GEV/ENCFF117WRK.fastq.gz,,1,H3K27ac,ENCSR130HAG,1
ENCSR245GEV,/nfs-stor/akshat.mistry/cluster/dbsuper_pipeline/raw/encode_results/files/case/ENCSR245GEV/ENCFF125FPX.fastq.gz,,1,H3K27ac,ENCSR130HAG,1
ENCSR245GEV,/nfs-stor/akshat.mistry/cluster/dbsuper_pipeline/raw/encode_results/files/case/ENCSR245GEV/ENCFF475RTC.fastq.gz,,1,H3K27ac,ENCSR130HAG,1
ENCSR245GEV,/nfs-stor/akshat.mistry/cluster/dbsuper_pipeline/raw/encode_results/files/case/ENCSR245GEV/ENCFF694XKV.fastq.gz,,1,H3K27ac,ENCSR130HAG,1
ENCSR249IKQ,/nfs-stor/akshat.mistry/cluster/dbsuper_pipeline/raw/encode_results/files/case/ENCSR249IKQ/ENCFF199HWV.fastq.gz,,1,H3K27ac,ENCSR773UBR,1
ENCSR249IKQ,/nfs-stor/akshat.mistry/cluster/dbsuper_pipeline/raw/encode_results/files/case/ENCSR249IKQ/ENCFF932HFC.fastq.gz,,1,H3K27ac,ENCSR773UBR,1
ENCSR249IKQ,/nfs-stor/akshat.mistry/cluster/dbsuper_pipeline/raw/encode_results/files/case/ENCSR249IKQ/ENCFF015FDL.fastq.gz,,1,H3K27ac,ENCSR773UBR,1
ENCSR249IKQ,/nfs-stor/akshat.mistry/cluster/dbsuper_pipeline/raw/encode_results/files/case/ENCSR249IKQ/ENCFF305CFK.fastq.gz,,1,H3K27ac,ENCSR773UBR,1
ENCSR249INE,/nfs-stor/akshat.mistry/cluster/dbsuper_pipeline/raw/encode_results/files/case/ENCSR249INE/ENCFF072KDT.fastq.gz,,1,H3K27ac,ENCSR979XBX,1
ENCSR249INE,/nfs-stor/akshat.mistry/cluster/dbsuper_pipeline/raw/encode_results/files/case/ENCSR249INE/ENCFF654XGY.fastq.gz,,1,H3K27ac,ENCSR979XBX,1
ENCSR249INE,/nfs-stor/akshat.mistry/cluster/dbsuper_pipeline/raw/encode_results/files/case/ENCSR249INE/ENCFF059KCC.fastq.gz,,2,H3K27ac,ENCSR979XBX,2
ENCSR249INE,/nfs-stor/akshat.mistry/cluster/dbsuper_pipeline/raw/encode_results/files/case/ENCSR249INE/ENCFF064KXF.fastq.gz,,2,H3K27ac,ENCSR979XBX,2
ENCSR249INE,/nfs-stor/akshat.mistry/cluster/dbsuper_pipeline/raw/encode_results/files/case/ENCSR249INE/ENCFF194MVI.fastq.gz,,2,H3K27ac,ENCSR979XBX,2
ENCSR249INE,/nfs-stor/akshat.mistry/cluster/dbsuper_pipeline/raw/encode_results/files/case/ENCSR249INE/ENCFF762RRI.fastq.gz,,2,H3K27ac,ENCSR979XBX,2
ENCSR250EHC,/nfs-stor/akshat.mistry/cluster/dbsuper_pipeline/raw/encode_results/files/case/ENCSR250EHC/ENCFF579OTF.fastq.gz,,1,H3K27ac,ENCSR274VPI,1
ENCSR250EHC,/nfs-stor/akshat.mistry/cluster/dbsuper_pipeline/raw/encode_results/files/case/ENCSR250EHC/ENCFF859DPQ.fastq.gz,,2,H3K27ac,ENCSR274VPI,2
ENCSR250NHD,/nfs-stor/akshat.mistry/cluster/dbsuper_pipeline/raw/encode_results/files/case/ENCSR250NHD/ENCFF590MND.fastq.gz,,1,H3K27ac,ENCSR139WMA,1
ENCSR251PPB,/nfs-stor/akshat.mistry/cluster/dbsuper_pipeline/raw/encode_results/files/case/ENCSR251PPB/ENCFF583BHP.fastq.gz,,1,H3K27ac,ENCSR153LYY,1
ENCSR251PPB,/nfs-stor/akshat.mistry/cluster/dbsuper_pipeline/raw/encode_results/files/case/ENCSR251PPB/ENCFF763UYX.fastq.gz,,1,H3K27ac,ENCSR153LYY,1
ENCSR251PPB,/nfs-stor/akshat.mistry/cluster/dbsuper_pipeline/raw/encode_results/files/case/ENCSR251PPB/ENCFF867SEH.fastq.gz,,1,H3K27ac,ENCSR153LYY,1
ENCSR251PPB,/nfs-stor/akshat.mistry/cluster/dbsuper_pipeline/raw/encode_results/files/case/ENCSR251PPB/ENCFF900MHT.fastq.gz,,1,H3K27ac,ENCSR153LYY,1
ENCSR251PPB,/nfs-stor/akshat.mistry/cluster/dbsuper_pipeline/raw/encode_results/files/case/ENCSR251PPB/ENCFF035PLN.fastq.gz,,1,H3K27ac,ENCSR153LYY,1
ENCSR251PPB,/nfs-stor/akshat.mistry/cluster/dbsuper_pipeline/raw/encode_results/files/case/ENCSR251PPB/ENCFF227IIY.fastq.gz,,1,H3K27ac,ENCSR153LYY,1
ENCSR251PPB,/nfs-stor/akshat.mistry/cluster/dbsuper_pipeline/raw/encode_results/files/case/ENCSR251PPB/ENCFF278QFD.fastq.gz,,1,H3K27ac,ENCSR153LYY,1
ENCSR251PPB,/nfs-stor/akshat.mistry/cluster/dbsuper_pipeline/raw/encode_results/files/case/ENCSR251PPB/ENCFF743CXP.fastq.gz,,1,H3K27ac,ENCSR153LYY,1
ENCSR262JRZ,/nfs-stor/akshat.mistry/cluster/dbsuper_pipeline/raw/encode_results/files/case/ENCSR262JRZ/ENCFF013WJK.fastq.gz,,1,H3K27ac,ENCSR103IXF,1
ENCSR262JRZ,/nfs-stor/akshat.mistry/cluster/dbsuper_pipeline/raw/encode_results/files/case/ENCSR262JRZ/ENCFF204FKA.fastq.gz,,1,H3K27ac,ENCSR103IXF,1
ENCSR262JRZ,/nfs-stor/akshat.mistry/cluster/dbsuper_pipeline/raw/encode_results/files/case/ENCSR262JRZ/ENCFF291ZIM.fastq.gz,,1,H3K27ac,ENCSR103IXF,1
ENCSR262JRZ,/nfs-stor/akshat.mistry/cluster/dbsuper_pipeline/raw/encode_results/files/case/ENCSR262JRZ/ENCFF471CTY.fastq.gz,,1,H3K27ac,ENCSR103IXF,1
ENCSR262JRZ,/nfs-stor/akshat.mistry/cluster/dbsuper_pipeline/raw/encode_results/files/case/ENCSR262JRZ/ENCFF559SPP.fastq.gz,,1,H3K27ac,ENCSR103IXF,1
ENCSR262JRZ,/nfs-stor/akshat.mistry/cluster/dbsuper_pipeline/raw/encode_results/files/case/ENCSR262JRZ/ENCFF635JPY.fastq.gz,,1,H3K27ac,ENCSR103IXF,1
ENCSR262JRZ,/nfs-stor/akshat.mistry/cluster/dbsuper_pipeline/raw/encode_results/files/case/ENCSR262JRZ/ENCFF711IDT.fastq.gz,,1,H3K27ac,ENCSR103IXF,1
ENCSR262JRZ,/nfs-stor/akshat.mistry/cluster/dbsuper_pipeline/raw/encode_results/files/case/ENCSR262JRZ/ENCFF837QQZ.fastq.gz,,1,H3K27ac,ENCSR103IXF,1
ENCSR262JRZ,/nfs-stor/akshat.mistry/cluster/dbsuper_pipeline/raw/encode_results/files/case/ENCSR262JRZ/ENCFF026FVE.fastq.gz,,1,H3K27ac,ENCSR103IXF,1
ENCSR262JRZ,/nfs-stor/akshat.mistry/cluster/dbsuper_pipeline/raw/encode_results/files/case/ENCSR262JRZ/ENCFF229OMC.fastq.gz,,1,H3K27ac,ENCSR103IXF,1
ENCSR262JRZ,/nfs-stor/akshat.mistry/cluster/dbsuper_pipeline/raw/encode_results/files/case/ENCSR262JRZ/ENCFF243NRG.fastq.gz,,1,H3K27ac,ENCSR103IXF,1
ENCSR262JRZ,/nfs-stor/akshat.mistry/cluster/dbsuper_pipeline/raw/encode_results/files/case/ENCSR262JRZ/ENCFF259ISK.fastq.gz,,1,H3K27ac,ENCSR103IXF,1
ENCSR262JRZ,/nfs-stor/akshat.mistry/cluster/dbsuper_pipeline/raw/encode_results/files/case/ENCSR262JRZ/ENCFF286YPC.fastq.gz,,1,H3K27ac,ENCSR103IXF,1
ENCSR262JRZ,/nfs-stor/akshat.mistry/cluster/dbsuper_pipeline/raw/encode_results/files/case/ENCSR262JRZ/ENCFF364EAR.fastq.gz,,1,H3K27ac,ENCSR103IXF,1
ENCSR262JRZ,/nfs-stor/akshat.mistry/cluster/dbsuper_pipeline/raw/encode_results/files/case/ENCSR262JRZ/ENCFF392EUT.fastq.gz,,1,H3K27ac,ENCSR103IXF,1
ENCSR262JRZ,/nfs-stor/akshat.mistry/cluster/dbsuper_pipeline/raw/encode_results/files/case/ENCSR262JRZ/ENCFF585EAK.fastq.gz,,1,H3K27ac,ENCSR103IXF,1
ENCSR262JRZ,/nfs-stor/akshat.mistry/cluster/dbsuper_pipeline/raw/encode_results/files/case/ENCSR262JRZ/ENCFF022ECX.fastq.gz,,2,H3K27ac,ENCSR103IXF,2
ENCSR262JRZ,/nfs-stor/akshat.mistry/cluster/dbsuper_pipeline/raw/encode_results/files/case/ENCSR262JRZ/ENCFF127ZSC.fastq.gz,,2,H3K27ac,ENCSR103IXF,2
ENCSR262JRZ,/nfs-stor/akshat.mistry/cluster/dbsuper_pipeline/raw/encode_results/files/case/ENCSR262JRZ/ENCFF532JIV.fastq.gz,,2,H3K27ac,ENCSR103IXF,2
ENCSR262JRZ,/nfs-stor/akshat.mistry/cluster/dbsuper_pipeline/raw/encode_results/files/case/ENCSR262JRZ/ENCFF737SEH.fastq.gz,,2,H3K27ac,ENCSR103IXF,2
ENCSR262JRZ,/nfs-stor/akshat.mistry/cluster/dbsuper_pipeline/raw/encode_results/files/case/ENCSR262JRZ/ENCFF052VZJ.fastq.gz,,2,H3K27ac,ENCSR103IXF,2
ENCSR262JRZ,/nfs-stor/akshat.mistry/cluster/dbsuper_pipeline/raw/encode_results/files/case/ENCSR262JRZ/ENCFF084DPM.fastq.gz,,2,H3K27ac,ENCSR103IXF,2
ENCSR262JRZ,/nfs-stor/akshat.mistry/cluster/dbsuper_pipeline/raw/encode_results/files/case/ENCSR262JRZ/ENCFF149FND.fastq.gz,,2,H3K27ac,ENCSR103IXF,2
ENCSR262JRZ,/nfs-stor/akshat.mistry/cluster/dbsuper_pipeline/raw/encode_results/files/case/ENCSR262JRZ/ENCFF954XVK.fastq.gz,,2,H3K27ac,ENCSR103IXF,2
ENCSR267YXV,/nfs-stor/akshat.mistry/cluster/dbsuper_pipeline/raw/encode_results/files/case/ENCSR267YXV/ENCFF135DHL.fastq.gz,,1,H3K27ac,ENCSR557RDB,1
ENCSR267YXV,/nfs-stor/akshat.mistry/cluster/dbsuper_pipeline/raw/encode_results/files/case/ENCSR267YXV/ENCFF355TKV.fastq.gz,,1,H3K27ac,ENCSR557RDB,1
ENCSR267YXV,/nfs-stor/akshat.mistry/cluster/dbsuper_pipeline/raw/encode_results/files/case/ENCSR267YXV/ENCFF177OIN.fastq.gz,,1,H3K27ac,ENCSR557RDB,1
ENCSR267YXV,/nfs-stor/akshat.mistry/cluster/dbsuper_pipeline/raw/encode_results/files/case/ENCSR267YXV/ENCFF554IFD.fastq.gz,,1,H3K27ac,ENCSR557RDB,1
ENCSR267YXV,/nfs-stor/akshat.mistry/cluster/dbsuper_pipeline/raw/encode_results/files/case/ENCSR267YXV/ENCFF626POI.fastq.gz,,1,H3K27ac,ENCSR557RDB,1
ENCSR267YXV,/nfs-stor/akshat.mistry/cluster/dbsuper_pipeline/raw/encode_results/files/case/ENCSR267YXV/ENCFF874HQL.fastq.gz,,1,H3K27ac,ENCSR557RDB,1
ENCSR267YXV,/nfs-stor/akshat.mistry/cluster/dbsuper_pipeline/raw/encode_results/files/case/ENCSR267YXV/ENCFF755GNZ.fastq.gz,,2,H3K27ac,ENCSR557RDB,2
ENCSR267YXV,/nfs-stor/akshat.mistry/cluster/dbsuper_pipeline/raw/encode_results/files/case/ENCSR267YXV/ENCFF796DRE.fastq.gz,,2,H3K27ac,ENCSR557RDB,2
ENCSR268JQE,/nfs-stor/akshat.mistry/cluster/dbsuper_pipeline/raw/encode_results/files/case/ENCSR268JQE/ENCFF503FJZ.fastq.gz,,1,H3K27ac,ENCSR818VNL,1
ENCSR268ZCF,/nfs-stor/akshat.mistry/cluster/dbsuper_pipeline/raw/encode_results/files/case/ENCSR268ZCF/ENCFF178GRO.fastq.gz,,1,H3K27ac,ENCSR844YME,1
ENCSR268ZCF,/nfs-stor/akshat.mistry/cluster/dbsuper_pipeline/raw/encode_results/files/case/ENCSR268ZCF/ENCFF847AST.fastq.gz,,1,H3K27ac,ENCSR844YME,1
ENCSR278JAH,/nfs-stor/akshat.mistry/cluster/dbsuper_pipeline/raw/encode_results/files/case/ENCSR278JAH/ENCFF140JWV.fastq.gz,,1,H3K27ac,ENCSR968XKG,1
ENCSR278JAH,/nfs-stor/akshat.mistry/cluster/dbsuper_pipeline/raw/encode_results/files/case/ENCSR278JAH/ENCFF402YNC.fastq.gz,,1,H3K27ac,ENCSR968XKG,1
ENCSR278JAH,/nfs-stor/akshat.mistry/cluster/dbsuper_pipeline/raw/encode_results/files/case/ENCSR278JAH/ENCFF537IMS.fastq.gz,,1,H3K27ac,ENCSR968XKG,1
ENCSR278JAH,/nfs-stor/akshat.mistry/cluster/dbsuper_pipeline/raw/encode_results/files/case/ENCSR278JAH/ENCFF690CEV.fastq.gz,,1,H3K27ac,ENCSR968XKG,1
ENCSR278JAH,/nfs-stor/akshat.mistry/cluster/dbsuper_pipeline/raw/encode_results/files/case/ENCSR278JAH/ENCFF274FYS.fastq.gz,,1,H3K27ac,ENCSR968XKG,1
ENCSR278JAH,/nfs-stor/akshat.mistry/cluster/dbsuper_pipeline/raw/encode_results/files/case/ENCSR278JAH/ENCFF401PWG.fastq.gz,,1,H3K27ac,ENCSR968XKG,1
ENCSR278JAH,/nfs-stor/akshat.mistry/cluster/dbsuper_pipeline/raw/encode_results/files/case/ENCSR278JAH/ENCFF454YFC.fastq.gz,,1,H3K27ac,ENCSR968XKG,1
ENCSR278JAH,/nfs-stor/akshat.mistry/cluster/dbsuper_pipeline/raw/encode_results/files/case/ENCSR278JAH/ENCFF515BUA.fastq.gz,,1,H3K27ac,ENCSR968XKG,1
ENCSR278JAH,/nfs-stor/akshat.mistry/cluster/dbsuper_pipeline/raw/encode_results/files/case/ENCSR278JAH/ENCFF013NSC.fastq.gz,,2,H3K27ac,ENCSR968XKG,2
ENCSR278JAH,/nfs-stor/akshat.mistry/cluster/dbsuper_pipeline/raw/encode_results/files/case/ENCSR278JAH/ENCFF279FGL.fastq.gz,,2,H3K27ac,ENCSR968XKG,2
ENCSR278JAH,/nfs-stor/akshat.mistry/cluster/dbsuper_pipeline/raw/encode_results/files/case/ENCSR278JAH/ENCFF422SBP.fastq.gz,,2,H3K27ac,ENCSR968XKG,2
ENCSR278JAH,/nfs-stor/akshat.mistry/cluster/dbsuper_pipeline/raw/encode_results/files/case/ENCSR278JAH/ENCFF824HEP.fastq.gz,,2,H3K27ac,ENCSR968XKG,2
ENCSR278JAH,/nfs-stor/akshat.mistry/cluster/dbsuper_pipeline/raw/encode_results/files/case/ENCSR278JAH/ENCFF181MLK.fastq.gz,,2,H3K27ac,ENCSR968XKG,2
ENCSR278JAH,/nfs-stor/akshat.mistry/cluster/dbsuper_pipeline/raw/encode_results/files/case/ENCSR278JAH/ENCFF430VPH.fastq.gz,,2,H3K27ac,ENCSR968XKG,2
ENCSR278JAH,/nfs-stor/akshat.mistry/cluster/dbsuper_pipeline/raw/encode_results/files/case/ENCSR278JAH/ENCFF453SYY.fastq.gz,,2,H3K27ac,ENCSR968XKG,2
ENCSR278JAH,/nfs-stor/akshat.mistry/cluster/dbsuper_pipeline/raw/encode_results/files/case/ENCSR278JAH/ENCFF603QCK.fastq.gz,,2,H3K27ac,ENCSR968XKG,2
ENCSR279KIX,/nfs-stor/akshat.mistry/cluster/dbsuper_pipeline/raw/encode_results/files/case/ENCSR279KIX/ENCFF226MBW.fastq.gz,,1,H3K27ac,ENCSR585FQO,1
ENCSR279KIX,/nfs-stor/akshat.mistry/cluster/dbsuper_pipeline/raw/encode_results/files/case/ENCSR279KIX/ENCFF306IVP.fastq.gz,,2,H3K27ac,ENCSR585FQO,2
ENCSR285NFQ,/nfs-stor/akshat.mistry/cluster/dbsuper_pipeline/raw/encode_results/files/case/ENCSR285NFQ/ENCFF403CAU.fastq.gz,,1,H3K27ac,ENCSR845IKY,1
ENCSR285NFQ,/nfs-stor/akshat.mistry/cluster/dbsuper_pipeline/raw/encode_results/files/case/ENCSR285NFQ/ENCFF728NUR.fastq.gz,,2,H3K27ac,ENCSR845IKY,2
ENCSR299EQJ,/nfs-stor/akshat.mistry/cluster/dbsuper_pipeline/raw/encode_results/files/case/ENCSR299EQJ/ENCFF372MKE.fastq.gz,,1,H3K27ac,ENCSR617ONQ,1
ENCSR299EQJ,/nfs-stor/akshat.mistry/cluster/dbsuper_pipeline/raw/encode_results/files/case/ENCSR299EQJ/ENCFF491ONR.fastq.gz,,1,H3K27ac,ENCSR617ONQ,1
ENCSR299EQJ,/nfs-stor/akshat.mistry/cluster/dbsuper_pipeline/raw/encode_results/files/case/ENCSR299EQJ/ENCFF756RBU.fastq.gz,,1,H3K27ac,ENCSR617ONQ,1
ENCSR299EQJ,/nfs-stor/akshat.mistry/cluster/dbsuper_pipeline/raw/encode_results/files/case/ENCSR299EQJ/ENCFF880DRF.fastq.gz,,1,H3K27ac,ENCSR617ONQ,1
ENCSR299EQJ,/nfs-stor/akshat.mistry/cluster/dbsuper_pipeline/raw/encode_results/files/case/ENCSR299EQJ/ENCFF303KED.fastq.gz,,1,H3K27ac,ENCSR617ONQ,1
ENCSR299EQJ,/nfs-stor/akshat.mistry/cluster/dbsuper_pipeline/raw/encode_results/files/case/ENCSR299EQJ/ENCFF576ARB.fastq.gz,,1,H3K27ac,ENCSR617ONQ,1
ENCSR299EQJ,/nfs-stor/akshat.mistry/cluster/dbsuper_pipeline/raw/encode_results/files/case/ENCSR299EQJ/ENCFF608BVO.fastq.gz,,1,H3K27ac,ENCSR617ONQ,1
ENCSR299EQJ,/nfs-stor/akshat.mistry/cluster/dbsuper_pipeline/raw/encode_results/files/case/ENCSR299EQJ/ENCFF846JYK.fastq.gz,,1,H3K27ac,ENCSR617ONQ,1
ENCSR303IKJ,/nfs-stor/akshat.mistry/cluster/dbsuper_pipeline/raw/encode_results/files/case/ENCSR303IKJ/ENCFF799IYC.fastq.gz,,1,H3K27ac,ENCSR687ZYY,1
ENCSR307DQT,/nfs-stor/akshat.mistry/cluster/dbsuper_pipeline/raw/encode_results/files/case/ENCSR307DQT/ENCFF002AYA.fastq.gz,,1,H3K27ac,ENCSR179YLS,1
ENCSR307DQT,/nfs-stor/akshat.mistry/cluster/dbsuper_pipeline/raw/encode_results/files/case/ENCSR307DQT/ENCFF575WVR.fastq.gz,,1,H3K27ac,ENCSR179YLS,1
ENCSR307DQT,/nfs-stor/akshat.mistry/cluster/dbsuper_pipeline/raw/encode_results/files/case/ENCSR307DQT/ENCFF631IKT.fastq.gz,,1,H3K27ac,ENCSR179YLS,1
ENCSR307DQT,/nfs-stor/akshat.mistry/cluster/dbsuper_pipeline/raw/encode_results/files/case/ENCSR307DQT/ENCFF893WQJ.fastq.gz,,2,H3K27ac,ENCSR179YLS,1
ENCSR312HLG,/nfs-stor/akshat.mistry/cluster/dbsuper_pipeline/raw/encode_results/files/case/ENCSR312HLG/ENCFF746HTE.fastq.gz,,1,H3K27ac,ENCSR175HRD,1
ENCSR312HLG,/nfs-stor/akshat.mistry/cluster/dbsuper_pipeline/raw/encode_results/files/case/ENCSR312HLG/ENCFF530VQZ.fastq.gz,,2,H3K27ac,ENCSR175HRD,1
ENCSR313CEH,/nfs-stor/akshat.mistry/cluster/dbsuper_pipeline/raw/encode_results/files/case/ENCSR313CEH/ENCFF191CMV.fastq.gz,,1,H3K27ac,ENCSR846VGG,1
ENCSR313CEH,/nfs-stor/akshat.mistry/cluster/dbsuper_pipeline/raw/encode_results/files/case/ENCSR313CEH/ENCFF276BLT.fastq.gz,,1,H3K27ac,ENCSR846VGG,1
ENCSR313CEH,/nfs-stor/akshat.mistry/cluster/dbsuper_pipeline/raw/encode_results/files/case/ENCSR313CEH/ENCFF285FKI.fastq.gz,,1,H3K27ac,ENCSR846VGG,1
ENCSR313CEH,/nfs-stor/akshat.mistry/cluster/dbsuper_pipeline/raw/encode_results/files/case/ENCSR313CEH/ENCFF741MZD.fastq.gz,,1,H3K27ac,ENCSR846VGG,1
ENCSR313CEH,/nfs-stor/akshat.mistry/cluster/dbsuper_pipeline/raw/encode_results/files/case/ENCSR313CEH/ENCFF028RZT.fastq.gz,,1,H3K27ac,ENCSR846VGG,1
ENCSR313CEH,/nfs-stor/akshat.mistry/cluster/dbsuper_pipeline/raw/encode_results/files/case/ENCSR313CEH/ENCFF671QCO.fastq.gz,,1,H3K27ac,ENCSR846VGG,1
ENCSR313CEH,/nfs-stor/akshat.mistry/cluster/dbsuper_pipeline/raw/encode_results/files/case/ENCSR313CEH/ENCFF863HVT.fastq.gz,,1,H3K27ac,ENCSR846VGG,1
ENCSR313CEH,/nfs-stor/akshat.mistry/cluster/dbsuper_pipeline/raw/encode_results/files/case/ENCSR313CEH/ENCFF943LWN.fastq.gz,,1,H3K27ac,ENCSR846VGG,1
ENCSR314BEX,/nfs-stor/akshat.mistry/cluster/dbsuper_pipeline/raw/encode_results/files/case/ENCSR314BEX/ENCFF458LFW.fastq.gz,,1,H3K27ac,ENCSR595SMV,1
ENCSR314BEX,/nfs-stor/akshat.mistry/cluster/dbsuper_pipeline/raw/encode_results/files/case/ENCSR314BEX/ENCFF622PWS.fastq.gz,,1,H3K27ac,ENCSR595SMV,1
ENCSR314BEX,/nfs-stor/akshat.mistry/cluster/dbsuper_pipeline/raw/encode_results/files/case/ENCSR314BEX/ENCFF737QHX.fastq.gz,,1,H3K27ac,ENCSR595SMV,1
ENCSR314BEX,/nfs-stor/akshat.mistry/cluster/dbsuper_pipeline/raw/encode_results/files/case/ENCSR314BEX/ENCFF856WJI.fastq.gz,,1,H3K27ac,ENCSR595SMV,1
ENCSR315UUP,/nfs-stor/akshat.mistry/cluster/dbsuper_pipeline/raw/encode_results/files/case/ENCSR315UUP/ENCFF180CHC.fastq.gz,,1,H3K27ac,ENCSR386UHY,1
ENCSR315UUP,/nfs-stor/akshat.mistry/cluster/dbsuper_pipeline/raw/encode_results/files/case/ENCSR315UUP/ENCFF247RMH.fastq.gz,,1,H3K27ac,ENCSR386UHY,1
ENCSR315UUP,/nfs-stor/akshat.mistry/cluster/dbsuper_pipeline/raw/encode_results/files/case/ENCSR315UUP/ENCFF566MRG.fastq.gz,,1,H3K27ac,ENCSR386UHY,1
ENCSR315UUP,/nfs-stor/akshat.mistry/cluster/dbsuper_pipeline/raw/encode_results/files/case/ENCSR315UUP/ENCFF798QLM.fastq.gz,,1,H3K27ac,ENCSR386UHY,1
ENCSR315UUP,/nfs-stor/akshat.mistry/cluster/dbsuper_pipeline/raw/encode_results/files/case/ENCSR315UUP/ENCFF160WUV.fastq.gz,,1,H3K27ac,ENCSR386UHY,1
ENCSR315UUP,/nfs-stor/akshat.mistry/cluster/dbsuper_pipeline/raw/encode_results/files/case/ENCSR315UUP/ENCFF194GXC.fastq.gz,,1,H3K27ac,ENCSR386UHY,1
ENCSR315UUP,/nfs-stor/akshat.mistry/cluster/dbsuper_pipeline/raw/encode_results/files/case/ENCSR315UUP/ENCFF419ABT.fastq.gz,,1,H3K27ac,ENCSR386UHY,1
ENCSR315UUP,/nfs-stor/akshat.mistry/cluster/dbsuper_pipeline/raw/encode_results/files/case/ENCSR315UUP/ENCFF590CZO.fastq.gz,,1,H3K27ac,ENCSR386UHY,1
ENCSR316LNO,/nfs-stor/akshat.mistry/cluster/dbsuper_pipeline/raw/encode_results/files/case/ENCSR316LNO/ENCFF024KFQ.fastq.gz,,1,H3K27ac,ENCSR642QDW,1
ENCSR316LNO,/nfs-stor/akshat.mistry/cluster/dbsuper_pipeline/raw/encode_results/files/case/ENCSR316LNO/ENCFF065THC.fastq.gz,,1,H3K27ac,ENCSR642QDW,1
ENCSR316LNO,/nfs-stor/akshat.mistry/cluster/dbsuper_pipeline/raw/encode_results/files/case/ENCSR316LNO/ENCFF585IMU.fastq.gz,,1,H3K27ac,ENCSR642QDW,1
ENCSR316LNO,/nfs-stor/akshat.mistry/cluster/dbsuper_pipeline/raw/encode_results/files/case/ENCSR316LNO/ENCFF839BLY.fastq.gz,,1,H3K27ac,ENCSR642QDW,1
ENCSR316LNO,/nfs-stor/akshat.mistry/cluster/dbsuper_pipeline/raw/encode_results/files/case/ENCSR316LNO/ENCFF878STL.fastq.gz,,1,H3K27ac,ENCSR642QDW,1
ENCSR316LNO,/nfs-stor/akshat.mistry/cluster/dbsuper_pipeline/raw/encode_results/files/case/ENCSR316LNO/ENCFF917VAP.fastq.gz,,1,H3K27ac,ENCSR642QDW,1
ENCSR316LNO,/nfs-stor/akshat.mistry/cluster/dbsuper_pipeline/raw/encode_results/files/case/ENCSR316LNO/ENCFF099PUQ.fastq.gz,,2,H3K27ac,ENCSR642QDW,2
ENCSR316LNO,/nfs-stor/akshat.mistry/cluster/dbsuper_pipeline/raw/encode_results/files/case/ENCSR316LNO/ENCFF272AFL.fastq.gz,,2,H3K27ac,ENCSR642QDW,2
ENCSR316LNO,/nfs-stor/akshat.mistry/cluster/dbsuper_pipeline/raw/encode_results/files/case/ENCSR316LNO/ENCFF488NZH.fastq.gz,,2,H3K27ac,ENCSR642QDW,2
ENCSR316LNO,/nfs-stor/akshat.mistry/cluster/dbsuper_pipeline/raw/encode_results/files/case/ENCSR316LNO/ENCFF969RFG.fastq.gz,,2,H3K27ac,ENCSR642QDW,2
ENCSR318HUC,/nfs-stor/akshat.mistry/cluster/dbsuper_pipeline/raw/encode_results/files/case/ENCSR318HUC/ENCFF514FNB.fastq.gz,,1,H3K27ac,ENCSR266XMB,1
ENCSR321KDV,/nfs-stor/akshat.mistry/cluster/dbsuper_pipeline/raw/encode_results/files/case/ENCSR321KDV/ENCFF066QUG.fastq.gz,,1,H3K27ac,ENCSR529OPX,1
ENCSR321KDV,/nfs-stor/akshat.mistry/cluster/dbsuper_pipeline/raw/encode_results/files/case/ENCSR321KDV/ENCFF926NIZ.fastq.gz,,1,H3K27ac,ENCSR529OPX,1
ENCSR322TJD,/nfs-stor/akshat.mistry/cluster/dbsuper_pipeline/raw/encode_results/files/case/ENCSR322TJD/ENCFF156XMU.fastq.gz,,1,H3K27ac,ENCSR116QUS,1
ENCSR325VCV,/nfs-stor/akshat.mistry/cluster/dbsuper_pipeline/raw/encode_results/files/case/ENCSR325VCV/ENCFF967DNX.fastq.gz,,1,H3K27ac,ENCSR212FST,1
ENCSR325VCV,/nfs-stor/akshat.mistry/cluster/dbsuper_pipeline/raw/encode_results/files/case/ENCSR325VCV/ENCFF714TSH.fastq.gz,,2,H3K27ac,ENCSR212FST,2
ENCSR325VCV,/nfs-stor/akshat.mistry/cluster/dbsuper_pipeline/raw/encode_results/files/case/ENCSR325VCV/ENCFF030ILJ.fastq.gz,,3,H3K27ac,ENCSR212FST,3
ENCSR326YRW,/nfs-stor/akshat.mistry/cluster/dbsuper_pipeline/raw/encode_results/files/case/ENCSR326YRW/ENCFF236FOW.fastq.gz,,1,H3K27ac,ENCSR583BXC,1
ENCSR326YRW,/nfs-stor/akshat.mistry/cluster/dbsuper_pipeline/raw/encode_results/files/case/ENCSR326YRW/ENCFF276UDF.fastq.gz,,1,H3K27ac,ENCSR583BXC,1
ENCSR326YRW,/nfs-stor/akshat.mistry/cluster/dbsuper_pipeline/raw/encode_results/files/case/ENCSR326YRW/ENCFF584VEZ.fastq.gz,,1,H3K27ac,ENCSR583BXC,1
ENCSR326YRW,/nfs-stor/akshat.mistry/cluster/dbsuper_pipeline/raw/encode_results/files/case/ENCSR326YRW/ENCFF690EHV.fastq.gz,,1,H3K27ac,ENCSR583BXC,1
ENCSR326YRW,/nfs-stor/akshat.mistry/cluster/dbsuper_pipeline/raw/encode_results/files/case/ENCSR326YRW/ENCFF788LTZ.fastq.gz,,1,H3K27ac,ENCSR583BXC,1
ENCSR326YRW,/nfs-stor/akshat.mistry/cluster/dbsuper_pipeline/raw/encode_results/files/case/ENCSR326YRW/ENCFF840MQE.fastq.gz,,1,H3K27ac,ENCSR583BXC,1
ENCSR326YRW,/nfs-stor/akshat.mistry/cluster/dbsuper_pipeline/raw/encode_results/files/case/ENCSR326YRW/ENCFF861DOM.fastq.gz,,1,H3K27ac,ENCSR583BXC,1
ENCSR326YRW,/nfs-stor/akshat.mistry/cluster/dbsuper_pipeline/raw/encode_results/files/case/ENCSR326YRW/ENCFF970TJW.fastq.gz,,1,H3K27ac,ENCSR583BXC,1
ENCSR326YRW,/nfs-stor/akshat.mistry/cluster/dbsuper_pipeline/raw/encode_results/files/case/ENCSR326YRW/ENCFF044XEI.fastq.gz,,1,H3K27ac,ENCSR583BXC,1
ENCSR326YRW,/nfs-stor/akshat.mistry/cluster/dbsuper_pipeline/raw/encode_results/files/case/ENCSR326YRW/ENCFF074FGT.fastq.gz,,1,H3K27ac,ENCSR583BXC,1
ENCSR326YRW,/nfs-stor/akshat.mistry/cluster/dbsuper_pipeline/raw/encode_results/files/case/ENCSR326YRW/ENCFF176SWS.fastq.gz,,1,H3K27ac,ENCSR583BXC,1
ENCSR326YRW,/nfs-stor/akshat.mistry/cluster/dbsuper_pipeline/raw/encode_results/files/case/ENCSR326YRW/ENCFF351BVD.fastq.gz,,1,H3K27ac,ENCSR583BXC,1
ENCSR326YRW,/nfs-stor/akshat.mistry/cluster/dbsuper_pipeline/raw/encode_results/files/case/ENCSR326YRW/ENCFF455UST.fastq.gz,,1,H3K27ac,ENCSR583BXC,1
ENCSR326YRW,/nfs-stor/akshat.mistry/cluster/dbsuper_pipeline/raw/encode_results/files/case/ENCSR326YRW/ENCFF575PER.fastq.gz,,1,H3K27ac,ENCSR583BXC,1
ENCSR326YRW,/nfs-stor/akshat.mistry/cluster/dbsuper_pipeline/raw/encode_results/files/case/ENCSR326YRW/ENCFF796ARV.fastq.gz,,1,H3K27ac,ENCSR583BXC,1
ENCSR326YRW,/nfs-stor/akshat.mistry/cluster/dbsuper_pipeline/raw/encode_results/files/case/ENCSR326YRW/ENCFF844EBG.fastq.gz,,1,H3K27ac,ENCSR583BXC,1
ENCSR334DRN,/nfs-stor/akshat.mistry/cluster/dbsuper_pipeline/raw/encode_results/files/case/ENCSR334DRN/ENCFF307JXY.fastq.gz,,1,H3K27ac,ENCSR568JFZ,1
ENCSR334DRN,/nfs-stor/akshat.mistry/cluster/dbsuper_pipeline/raw/encode_results/files/case/ENCSR334DRN/ENCFF326VWI.fastq.gz,,1,H3K27ac,ENCSR568JFZ,1
ENCSR334DRN,/nfs-stor/akshat.mistry/cluster/dbsuper_pipeline/raw/encode_results/files/case/ENCSR334DRN/ENCFF406EYP.fastq.gz,,1,H3K27ac,ENCSR568JFZ,1
ENCSR334DRN,/nfs-stor/akshat.mistry/cluster/dbsuper_pipeline/raw/encode_results/files/case/ENCSR334DRN/ENCFF406STC.fastq.gz,,1,H3K27ac,ENCSR568JFZ,1
ENCSR334DRN,/nfs-stor/akshat.mistry/cluster/dbsuper_pipeline/raw/encode_results/files/case/ENCSR334DRN/ENCFF440GRX.fastq.gz,,1,H3K27ac,ENCSR568JFZ,1
ENCSR334DRN,/nfs-stor/akshat.mistry/cluster/dbsuper_pipeline/raw/encode_results/files/case/ENCSR334DRN/ENCFF697FJV.fastq.gz,,1,H3K27ac,ENCSR568JFZ,1
ENCSR334DRN,/nfs-stor/akshat.mistry/cluster/dbsuper_pipeline/raw/encode_results/files/case/ENCSR334DRN/ENCFF806TRP.fastq.gz,,1,H3K27ac,ENCSR568JFZ,1
ENCSR334DRN,/nfs-stor/akshat.mistry/cluster/dbsuper_pipeline/raw/encode_results/files/case/ENCSR334DRN/ENCFF944SXD.fastq.gz,,1,H3K27ac,ENCSR568JFZ,1
ENCSR339XMR,/nfs-stor/akshat.mistry/cluster/dbsuper_pipeline/raw/encode_results/files/case/ENCSR339XMR/ENCFF061PAO.fastq.gz,,1,H3K27ac,ENCSR564GJK,1
ENCSR339XMR,/nfs-stor/akshat.mistry/cluster/dbsuper_pipeline/raw/encode_results/files/case/ENCSR339XMR/ENCFF966WRK.fastq.gz,,1,H3K27ac,ENCSR564GJK,1
ENCSR340NAL,/nfs-stor/akshat.mistry/cluster/dbsuper_pipeline/raw/encode_results/files/case/ENCSR340NAL/ENCFF860PUC.fastq.gz,,1,H3K27ac,ENCSR887SZF,1
ENCSR340NAL,/nfs-stor/akshat.mistry/cluster/dbsuper_pipeline/raw/encode_results/files/case/ENCSR340NAL/ENCFF362GWT.fastq.gz,,2,H3K27ac,ENCSR887SZF,2
ENCSR340NAL,/nfs-stor/akshat.mistry/cluster/dbsuper_pipeline/raw/encode_results/files/case/ENCSR340NAL/ENCFF175INS.fastq.gz,,3,H3K27ac,ENCSR887SZF,3
ENCSR340OJR,/nfs-stor/akshat.mistry/cluster/dbsuper_pipeline/raw/encode_results/files/case/ENCSR340OJR/ENCFF011VZT.fastq.gz,,1,H3K27ac,ENCSR405NKC,1
ENCSR340OJR,/nfs-stor/akshat.mistry/cluster/dbsuper_pipeline/raw/encode_results/files/case/ENCSR340OJR/ENCFF136KNB.fastq.gz,,1,H3K27ac,ENCSR405NKC,1
ENCSR340OJR,/nfs-stor/akshat.mistry/cluster/dbsuper_pipeline/raw/encode_results/files/case/ENCSR340OJR/ENCFF165TPA.fastq.gz,,1,H3K27ac,ENCSR405NKC,1
ENCSR340OJR,/nfs-stor/akshat.mistry/cluster/dbsuper_pipeline/raw/encode_results/files/case/ENCSR340OJR/ENCFF495HKJ.fastq.gz,,1,H3K27ac,ENCSR405NKC,1
ENCSR340OJR,/nfs-stor/akshat.mistry/cluster/dbsuper_pipeline/raw/encode_results/files/case/ENCSR340OJR/ENCFF228RCV.fastq.gz,,1,H3K27ac,ENCSR405NKC,1
ENCSR340OJR,/nfs-stor/akshat.mistry/cluster/dbsuper_pipeline/raw/encode_results/files/case/ENCSR340OJR/ENCFF641EEY.fastq.gz,,1,H3K27ac,ENCSR405NKC,1
ENCSR340OJR,/nfs-stor/akshat.mistry/cluster/dbsuper_pipeline/raw/encode_results/files/case/ENCSR340OJR/ENCFF665KLS.fastq.gz,,1,H3K27ac,ENCSR405NKC,1
ENCSR340OJR,/nfs-stor/akshat.mistry/cluster/dbsuper_pipeline/raw/encode_results/files/case/ENCSR340OJR/ENCFF813MCG.fastq.gz,,1,H3K27ac,ENCSR405NKC,1
ENCSR340ZTB,/nfs-stor/akshat.mistry/cluster/dbsuper_pipeline/raw/encode_results/files/case/ENCSR340ZTB/ENCFF164IPH.fastq.gz,,1,H3K27ac,ENCSR621OKB,1
ENCSR340ZTB,/nfs-stor/akshat.mistry/cluster/dbsuper_pipeline/raw/encode_results/files/case/ENCSR340ZTB/ENCFF286QVY.fastq.gz,,1,H3K27ac,ENCSR621OKB,1
ENCSR342KXD,/nfs-stor/akshat.mistry/cluster/dbsuper_pipeline/raw/encode_results/files/case/ENCSR342KXD/ENCFF383YTR.fastq.gz,,1,H3K27ac,ENCSR481QDJ,1
ENCSR342KXD,/nfs-stor/akshat.mistry/cluster/dbsuper_pipeline/raw/encode_results/files/case/ENCSR342KXD/ENCFF642VJS.fastq.gz,,1,H3K27ac,ENCSR481QDJ,1
ENCSR342KXD,/nfs-stor/akshat.mistry/cluster/dbsuper_pipeline/raw/encode_results/files/case/ENCSR342KXD/ENCFF892ZIG.fastq.gz,,1,H3K27ac,ENCSR481QDJ,1
ENCSR342KXD,/nfs-stor/akshat.mistry/cluster/dbsuper_pipeline/raw/encode_results/files/case/ENCSR342KXD/ENCFF922EAV.fastq.gz,,1,H3K27ac,ENCSR481QDJ,1
ENCSR342KXD,/nfs-stor/akshat.mistry/cluster/dbsuper_pipeline/raw/encode_results/files/case/ENCSR342KXD/ENCFF213VIV.fastq.gz,,1,H3K27ac,ENCSR481QDJ,1
ENCSR342KXD,/nfs-stor/akshat.mistry/cluster/dbsuper_pipeline/raw/encode_results/files/case/ENCSR342KXD/ENCFF301EMK.fastq.gz,,1,H3K27ac,ENCSR481QDJ,1
ENCSR342KXD,/nfs-stor/akshat.mistry/cluster/dbsuper_pipeline/raw/encode_results/files/case/ENCSR342KXD/ENCFF693KYU.fastq.gz,,1,H3K27ac,ENCSR481QDJ,1
ENCSR342KXD,/nfs-stor/akshat.mistry/cluster/dbsuper_pipeline/raw/encode_results/files/case/ENCSR342KXD/ENCFF861YZS.fastq.gz,,1,H3K27ac,ENCSR481QDJ,1
ENCSR343DFX,/nfs-stor/akshat.mistry/cluster/dbsuper_pipeline/raw/encode_results/files/case/ENCSR343DFX/ENCFF092CZH.fastq.gz,,1,H3K27ac,ENCSR749YQP,1
ENCSR343DFX,/nfs-stor/akshat.mistry/cluster/dbsuper_pipeline/raw/encode_results/files/case/ENCSR343DFX/ENCFF228JKO.fastq.gz,,1,H3K27ac,ENCSR749YQP,1
ENCSR343DFX,/nfs-stor/akshat.mistry/cluster/dbsuper_pipeline/raw/encode_results/files/case/ENCSR343DFX/ENCFF288YPO.fastq.gz,,1,H3K27ac,ENCSR749YQP,1
ENCSR343DFX,/nfs-stor/akshat.mistry/cluster/dbsuper_pipeline/raw/encode_results/files/case/ENCSR343DFX/ENCFF746YOC.fastq.gz,,1,H3K27ac,ENCSR749YQP,1
ENCSR343DFX,/nfs-stor/akshat.mistry/cluster/dbsuper_pipeline/raw/encode_results/files/case/ENCSR343DFX/ENCFF060POO.fastq.gz,,1,H3K27ac,ENCSR749YQP,1
ENCSR343DFX,/nfs-stor/akshat.mistry/cluster/dbsuper_pipeline/raw/encode_results/files/case/ENCSR343DFX/ENCFF632ZIJ.fastq.gz,,1,H3K27ac,ENCSR749YQP,1
ENCSR343DFX,/nfs-stor/akshat.mistry/cluster/dbsuper_pipeline/raw/encode_results/files/case/ENCSR343DFX/ENCFF756YKE.fastq.gz,,1,H3K27ac,ENCSR749YQP,1
ENCSR343DFX,/nfs-stor/akshat.mistry/cluster/dbsuper_pipeline/raw/encode_results/files/case/ENCSR343DFX/ENCFF870MFX.fastq.gz,,1,H3K27ac,ENCSR749YQP,1
ENCSR344PHP,/nfs-stor/akshat.mistry/cluster/dbsuper_pipeline/raw/encode_results/files/case/ENCSR344PHP/ENCFF164PYC.fastq.gz,,1,H3K27ac,ENCSR291VCJ,1
ENCSR344PHP,/nfs-stor/akshat.mistry/cluster/dbsuper_pipeline/raw/encode_results/files/case/ENCSR344PHP/ENCFF545OQB.fastq.gz,,1,H3K27ac,ENCSR291VCJ,1
ENCSR344PHP,/nfs-stor/akshat.mistry/cluster/dbsuper_pipeline/raw/encode_results/files/case/ENCSR344PHP/ENCFF882CQR.fastq.gz,,1,H3K27ac,ENCSR291VCJ,1
ENCSR344PHP,/nfs-stor/akshat.mistry/cluster/dbsuper_pipeline/raw/encode_results/files/case/ENCSR344PHP/ENCFF903IXW.fastq.gz,,1,H3K27ac,ENCSR291VCJ,1
ENCSR344PHP,/nfs-stor/akshat.mistry/cluster/dbsuper_pipeline/raw/encode_results/files/case/ENCSR344PHP/ENCFF008HVN.fastq.gz,,1,H3K27ac,ENCSR291VCJ,1
ENCSR344PHP,/nfs-stor/akshat.mistry/cluster/dbsuper_pipeline/raw/encode_results/files/case/ENCSR344PHP/ENCFF470ROY.fastq.gz,,1,H3K27ac,ENCSR291VCJ,1
ENCSR344PHP,/nfs-stor/akshat.mistry/cluster/dbsuper_pipeline/raw/encode_results/files/case/ENCSR344PHP/ENCFF505RUC.fastq.gz,,1,H3K27ac,ENCSR291VCJ,1
ENCSR344PHP,/nfs-stor/akshat.mistry/cluster/dbsuper_pipeline/raw/encode_results/files/case/ENCSR344PHP/ENCFF676TWB.fastq.gz,,1,H3K27ac,ENCSR291VCJ,1
ENCSR346FVK,/nfs-stor/akshat.mistry/cluster/dbsuper_pipeline/raw/encode_results/files/case/ENCSR346FVK/ENCFF399BJW.fastq.gz,,1,H3K27ac,ENCSR607UWA,1
ENCSR346FVK,/nfs-stor/akshat.mistry/cluster/dbsuper_pipeline/raw/encode_results/files/case/ENCSR346FVK/ENCFF501VAD.fastq.gz,,1,H3K27ac,ENCSR607UWA,1
ENCSR346FVK,/nfs-stor/akshat.mistry/cluster/dbsuper_pipeline/raw/encode_results/files/case/ENCSR346FVK/ENCFF319FBJ.fastq.gz,,1,H3K27ac,ENCSR607UWA,1
ENCSR346FVK,/nfs-stor/akshat.mistry/cluster/dbsuper_pipeline/raw/encode_results/files/case/ENCSR346FVK/ENCFF334PZB.fastq.gz,,1,H3K27ac,ENCSR607UWA,1
ENCSR349VAW,/nfs-stor/akshat.mistry/cluster/dbsuper_pipeline/raw/encode_results/files/case/ENCSR349VAW/ENCFF536ITA.fastq.gz,,1,H3K27ac,ENCSR268BDW,1
ENCSR349VAW,/nfs-stor/akshat.mistry/cluster/dbsuper_pipeline/raw/encode_results/files/case/ENCSR349VAW/ENCFF920CIK.fastq.gz,,2,H3K27ac,ENCSR268BDW,1
ENCSR350EFV,/nfs-stor/akshat.mistry/cluster/dbsuper_pipeline/raw/encode_results/files/case/ENCSR350EFV/ENCFF862BBX.fastq.gz,,1,H3K27ac,ENCSR325PXS,1
ENCSR350EFV,/nfs-stor/akshat.mistry/cluster/dbsuper_pipeline/raw/encode_results/files/case/ENCSR350EFV/ENCFF974OQD.fastq.gz,,2,H3K27ac,ENCSR325PXS,2
ENCSR350EFV,/nfs-stor/akshat.mistry/cluster/dbsuper_pipeline/raw/encode_results/files/case/ENCSR350EFV/ENCFF886DEN.fastq.gz,,3,H3K27ac,ENCSR325PXS,3
ENCSR355GNZ,/nfs-stor/akshat.mistry/cluster/dbsuper_pipeline/raw/encode_results/files/case/ENCSR355GNZ/ENCFF614EJM.fastq.gz,,1,H3K27ac,ENCSR163XFK,1
ENCSR355GNZ,/nfs-stor/akshat.mistry/cluster/dbsuper_pipeline/raw/encode_results/files/case/ENCSR355GNZ/ENCFF886XBD.fastq.gz,,1,H3K27ac,ENCSR163XFK,1
ENCSR355GNZ,/nfs-stor/akshat.mistry/cluster/dbsuper_pipeline/raw/encode_results/files/case/ENCSR355GNZ/ENCFF306PEZ.fastq.gz,,1,H3K27ac,ENCSR163XFK,1
ENCSR355GNZ,/nfs-stor/akshat.mistry/cluster/dbsuper_pipeline/raw/encode_results/files/case/ENCSR355GNZ/ENCFF478JMS.fastq.gz,,1,H3K27ac,ENCSR163XFK,1
ENCSR367WYJ,/nfs-stor/akshat.mistry/cluster/dbsuper_pipeline/raw/encode_results/files/case/ENCSR367WYJ/ENCFF351KVM.fastq.gz,,1,H3K27ac,ENCSR163UEW,1
ENCSR367WYJ,/nfs-stor/akshat.mistry/cluster/dbsuper_pipeline/raw/encode_results/files/case/ENCSR367WYJ/ENCFF227HUK.fastq.gz,,1,H3K27ac,ENCSR163UEW,1
ENCSR367WYJ,/nfs-stor/akshat.mistry/cluster/dbsuper_pipeline/raw/encode_results/files/case/ENCSR367WYJ/ENCFF823MZG.fastq.gz,,1,H3K27ac,ENCSR163UEW,1
ENCSR368CYW,/nfs-stor/akshat.mistry/cluster/dbsuper_pipeline/raw/encode_results/files/case/ENCSR368CYW/ENCFF093PPA.fastq.gz,,1,H3K27ac,ENCSR698TWO,1
ENCSR368CYW,/nfs-stor/akshat.mistry/cluster/dbsuper_pipeline/raw/encode_results/files/case/ENCSR368CYW/ENCFF165LZF.fastq.gz,,2,H3K27ac,ENCSR698TWO,1
ENCSR370OQJ,/nfs-stor/akshat.mistry/cluster/dbsuper_pipeline/raw/encode_results/files/case/ENCSR370OQJ/ENCFF010UMM.fastq.gz,,1,H3K27ac,ENCSR839VEU,1
ENCSR370OQJ,/nfs-stor/akshat.mistry/cluster/dbsuper_pipeline/raw/encode_results/files/case/ENCSR370OQJ/ENCFF136NDL.fastq.gz,,1,H3K27ac,ENCSR839VEU,1
ENCSR370OQJ,/nfs-stor/akshat.mistry/cluster/dbsuper_pipeline/raw/encode_results/files/case/ENCSR370OQJ/ENCFF302UMB.fastq.gz,,1,H3K27ac,ENCSR839VEU,1
ENCSR370OQJ,/nfs-stor/akshat.mistry/cluster/dbsuper_pipeline/raw/encode_results/files/case/ENCSR370OQJ/ENCFF426YUC.fastq.gz,,1,H3K27ac,ENCSR839VEU,1
ENCSR370OQJ,/nfs-stor/akshat.mistry/cluster/dbsuper_pipeline/raw/encode_results/files/case/ENCSR370OQJ/ENCFF311NQC.fastq.gz,,1,H3K27ac,ENCSR839VEU,1
ENCSR370OQJ,/nfs-stor/akshat.mistry/cluster/dbsuper_pipeline/raw/encode_results/files/case/ENCSR370OQJ/ENCFF628FHB.fastq.gz,,1,H3K27ac,ENCSR839VEU,1
ENCSR370OQJ,/nfs-stor/akshat.mistry/cluster/dbsuper_pipeline/raw/encode_results/files/case/ENCSR370OQJ/ENCFF723NSR.fastq.gz,,1,H3K27ac,ENCSR839VEU,1
ENCSR370OQJ,/nfs-stor/akshat.mistry/cluster/dbsuper_pipeline/raw/encode_results/files/case/ENCSR370OQJ/ENCFF803HAM.fastq.gz,,1,H3K27ac,ENCSR839VEU,1
ENCSR379DNM,/nfs-stor/akshat.mistry/cluster/dbsuper_pipeline/raw/encode_results/files/case/ENCSR379DNM/ENCFF053RIQ.fastq.gz,,1,H3K27ac,ENCSR417AQU,1
ENCSR379DNM,/nfs-stor/akshat.mistry/cluster/dbsuper_pipeline/raw/encode_results/files/case/ENCSR379DNM/ENCFF201JCK.fastq.gz,,1,H3K27ac,ENCSR417AQU,1
ENCSR379DNM,/nfs-stor/akshat.mistry/cluster/dbsuper_pipeline/raw/encode_results/files/case/ENCSR379DNM/ENCFF485QKT.fastq.gz,,1,H3K27ac,ENCSR417AQU,1
ENCSR379DNM,/nfs-stor/akshat.mistry/cluster/dbsuper_pipeline/raw/encode_results/files/case/ENCSR379DNM/ENCFF954EQC.fastq.gz,,1,H3K27ac,ENCSR417AQU,1
ENCSR379DNM,/nfs-stor/akshat.mistry/cluster/dbsuper_pipeline/raw/encode_results/files/case/ENCSR379DNM/ENCFF297HSO.fastq.gz,,1,H3K27ac,ENCSR417AQU,1
ENCSR379DNM,/nfs-stor/akshat.mistry/cluster/dbsuper_pipeline/raw/encode_results/files/case/ENCSR379DNM/ENCFF463XGR.fastq.gz,,1,H3K27ac,ENCSR417AQU,1
ENCSR379DNM,/nfs-stor/akshat.mistry/cluster/dbsuper_pipeline/raw/encode_results/files/case/ENCSR379DNM/ENCFF599MBM.fastq.gz,,1,H3K27ac,ENCSR417AQU,1
ENCSR379DNM,/nfs-stor/akshat.mistry/cluster/dbsuper_pipeline/raw/encode_results/files/case/ENCSR379DNM/ENCFF898GEA.fastq.gz,,1,H3K27ac,ENCSR417AQU,1
ENCSR386CKJ,/nfs-stor/akshat.mistry/cluster/dbsuper_pipeline/raw/encode_results/files/case/ENCSR386CKJ/ENCFF646WDP.fastq.gz,,1,H3K27ac,ENCSR704QBF,1
ENCSR386CKJ,/nfs-stor/akshat.mistry/cluster/dbsuper_pipeline/raw/encode_results/files/case/ENCSR386CKJ/ENCFF811OHK.fastq.gz,,1,H3K27ac,ENCSR704QBF,1
ENCSR391EQV,/nfs-stor/akshat.mistry/cluster/dbsuper_pipeline/raw/encode_results/files/case/ENCSR391EQV/ENCFF002LAJ.fastq.gz,,1,H3K27ac,ENCSR726FHN,1
ENCSR391EQV,/nfs-stor/akshat.mistry/cluster/dbsuper_pipeline/raw/encode_results/files/case/ENCSR391EQV/ENCFF612WYS.fastq.gz,,1,H3K27ac,ENCSR726FHN,1
ENCSR391NPE,/nfs-stor/akshat.mistry/cluster/dbsuper_pipeline/raw/encode_results/files/case/ENCSR391NPE/ENCFF502OEM.fastq.gz,,1,H3K27ac,ENCSR933UGQ,1
ENCSR391NPE,/nfs-stor/akshat.mistry/cluster/dbsuper_pipeline/raw/encode_results/files/case/ENCSR391NPE/ENCFF426UOT.fastq.gz,,2,H3K27ac,ENCSR933UGQ,2
ENCSR397NQK,/nfs-stor/akshat.mistry/cluster/dbsuper_pipeline/raw/encode_results/files/case/ENCSR397NQK/ENCFF668ELW.fastq.gz,,1,H3K27ac,ENCSR785LQK,1
ENCSR397NQK,/nfs-stor/akshat.mistry/cluster/dbsuper_pipeline/raw/encode_results/files/case/ENCSR397NQK/ENCFF690OVW.fastq.gz,,1,H3K27ac,ENCSR785LQK,1
ENCSR400XSW,/nfs-stor/akshat.mistry/cluster/dbsuper_pipeline/raw/encode_results/files/case/ENCSR400XSW/ENCFF644BLC.fastq.gz,,1,H3K27ac,ENCSR255SDP,1
ENCSR400XSW,/nfs-stor/akshat.mistry/cluster/dbsuper_pipeline/raw/encode_results/files/case/ENCSR400XSW/ENCFF307VPM.fastq.gz,,2,H3K27ac,ENCSR255SDP,2
ENCSR401KZW,/nfs-stor/akshat.mistry/cluster/dbsuper_pipeline/raw/encode_results/files/case/ENCSR401KZW/ENCFF014COL.fastq.gz,,1,H3K27ac,ENCSR200QAA,1
ENCSR401KZW,/nfs-stor/akshat.mistry/cluster/dbsuper_pipeline/raw/encode_results/files/case/ENCSR401KZW/ENCFF553ZRR.fastq.gz,,1,H3K27ac,ENCSR200QAA,1
ENCSR401KZW,/nfs-stor/akshat.mistry/cluster/dbsuper_pipeline/raw/encode_results/files/case/ENCSR401KZW/ENCFF664VDZ.fastq.gz,,1,H3K27ac,ENCSR200QAA,1
ENCSR401KZW,/nfs-stor/akshat.mistry/cluster/dbsuper_pipeline/raw/encode_results/files/case/ENCSR401KZW/ENCFF851RXE.fastq.gz,,1,H3K27ac,ENCSR200QAA,1
ENCSR401KZW,/nfs-stor/akshat.mistry/cluster/dbsuper_pipeline/raw/encode_results/files/case/ENCSR401KZW/ENCFF235WAR.fastq.gz,,1,H3K27ac,ENCSR200QAA,1
ENCSR401KZW,/nfs-stor/akshat.mistry/cluster/dbsuper_pipeline/raw/encode_results/files/case/ENCSR401KZW/ENCFF290ZYP.fastq.gz,,1,H3K27ac,ENCSR200QAA,1
ENCSR401KZW,/nfs-stor/akshat.mistry/cluster/dbsuper_pipeline/raw/encode_results/files/case/ENCSR401KZW/ENCFF519CUG.fastq.gz,,1,H3K27ac,ENCSR200QAA,1
ENCSR401KZW,/nfs-stor/akshat.mistry/cluster/dbsuper_pipeline/raw/encode_results/files/case/ENCSR401KZW/ENCFF892CVQ.fastq.gz,,1,H3K27ac,ENCSR200QAA,1
ENCSR402HFW,/nfs-stor/akshat.mistry/cluster/dbsuper_pipeline/raw/encode_results/files/case/ENCSR402HFW/ENCFF996ECL.fastq.gz,,1,H3K27ac,ENCSR480NNC,1
ENCSR402JWL,/nfs-stor/akshat.mistry/cluster/dbsuper_pipeline/raw/encode_results/files/case/ENCSR402JWL/ENCFF036VJA.fastq.gz,,1,H3K27ac,ENCSR170MJE,1
ENCSR402JWL,/nfs-stor/akshat.mistry/cluster/dbsuper_pipeline/raw/encode_results/files/case/ENCSR402JWL/ENCFF134FKT.fastq.gz,,1,H3K27ac,ENCSR170MJE,1
ENCSR402JWL,/nfs-stor/akshat.mistry/cluster/dbsuper_pipeline/raw/encode_results/files/case/ENCSR402JWL/ENCFF220SHP.fastq.gz,,1,H3K27ac,ENCSR170MJE,1
ENCSR402JWL,/nfs-stor/akshat.mistry/cluster/dbsuper_pipeline/raw/encode_results/files/case/ENCSR402JWL/ENCFF644GRR.fastq.gz,,1,H3K27ac,ENCSR170MJE,1
ENCSR402JWL,/nfs-stor/akshat.mistry/cluster/dbsuper_pipeline/raw/encode_results/files/case/ENCSR402JWL/ENCFF226DKJ.fastq.gz,,1,H3K27ac,ENCSR170MJE,1
ENCSR402JWL,/nfs-stor/akshat.mistry/cluster/dbsuper_pipeline/raw/encode_results/files/case/ENCSR402JWL/ENCFF278ZUL.fastq.gz,,1,H3K27ac,ENCSR170MJE,1
ENCSR402JWL,/nfs-stor/akshat.mistry/cluster/dbsuper_pipeline/raw/encode_results/files/case/ENCSR402JWL/ENCFF588SKL.fastq.gz,,1,H3K27ac,ENCSR170MJE,1
ENCSR402JWL,/nfs-stor/akshat.mistry/cluster/dbsuper_pipeline/raw/encode_results/files/case/ENCSR402JWL/ENCFF976CPS.fastq.gz,,1,H3K27ac,ENCSR170MJE,1
ENCSR403PZH,/nfs-stor/akshat.mistry/cluster/dbsuper_pipeline/raw/encode_results/files/case/ENCSR403PZH/ENCFF075ERS.fastq.gz,,1,H3K27ac,ENCSR456AMX,1
ENCSR403PZH,/nfs-stor/akshat.mistry/cluster/dbsuper_pipeline/raw/encode_results/files/case/ENCSR403PZH/ENCFF143FIM.fastq.gz,,1,H3K27ac,ENCSR456AMX,1
ENCSR403PZH,/nfs-stor/akshat.mistry/cluster/dbsuper_pipeline/raw/encode_results/files/case/ENCSR403PZH/ENCFF310MXW.fastq.gz,,1,H3K27ac,ENCSR456AMX,1
ENCSR403PZH,/nfs-stor/akshat.mistry/cluster/dbsuper_pipeline/raw/encode_results/files/case/ENCSR403PZH/ENCFF781KMK.fastq.gz,,1,H3K27ac,ENCSR456AMX,1
ENCSR403PZH,/nfs-stor/akshat.mistry/cluster/dbsuper_pipeline/raw/encode_results/files/case/ENCSR403PZH/ENCFF121QOJ.fastq.gz,,1,H3K27ac,ENCSR456AMX,1
ENCSR403PZH,/nfs-stor/akshat.mistry/cluster/dbsuper_pipeline/raw/encode_results/files/case/ENCSR403PZH/ENCFF336TWX.fastq.gz,,1,H3K27ac,ENCSR456AMX,1
ENCSR403PZH,/nfs-stor/akshat.mistry/cluster/dbsuper_pipeline/raw/encode_results/files/case/ENCSR403PZH/ENCFF597IBK.fastq.gz,,1,H3K27ac,ENCSR456AMX,1
ENCSR403PZH,/nfs-stor/akshat.mistry/cluster/dbsuper_pipeline/raw/encode_results/files/case/ENCSR403PZH/ENCFF936DRE.fastq.gz,,1,H3K27ac,ENCSR456AMX,1
ENCSR405ESP,/nfs-stor/akshat.mistry/cluster/dbsuper_pipeline/raw/encode_results/files/case/ENCSR405ESP/ENCFF113XXR.fastq.gz,,1,H3K27ac,ENCSR815BDB,1
ENCSR405ESP,/nfs-stor/akshat.mistry/cluster/dbsuper_pipeline/raw/encode_results/files/case/ENCSR405ESP/ENCFF965NCN.fastq.gz,,1,H3K27ac,ENCSR815BDB,1
ENCSR413QLR,/nfs-stor/akshat.mistry/cluster/dbsuper_pipeline/raw/encode_results/files/case/ENCSR413QLR/ENCFF304WCT.fastq.gz,,1,H3K27ac,ENCSR531AUV,1
ENCSR413QLR,/nfs-stor/akshat.mistry/cluster/dbsuper_pipeline/raw/encode_results/files/case/ENCSR413QLR/ENCFF738FLW.fastq.gz,,1,H3K27ac,ENCSR531AUV,1
ENCSR413QLR,/nfs-stor/akshat.mistry/cluster/dbsuper_pipeline/raw/encode_results/files/case/ENCSR413QLR/ENCFF204FHV.fastq.gz,,1,H3K27ac,ENCSR531AUV,1
ENCSR413QLR,/nfs-stor/akshat.mistry/cluster/dbsuper_pipeline/raw/encode_results/files/case/ENCSR413QLR/ENCFF781LKG.fastq.gz,,1,H3K27ac,ENCSR531AUV,1
ENCSR413YCI,/nfs-stor/akshat.mistry/cluster/dbsuper_pipeline/raw/encode_results/files/case/ENCSR413YCI/ENCFF804VDH.fastq.gz,,1,H3K27ac,ENCSR455AFK,1
ENCSR413YCI,/nfs-stor/akshat.mistry/cluster/dbsuper_pipeline/raw/encode_results/files/case/ENCSR413YCI/ENCFF992TJZ.fastq.gz,,2,H3K27ac,ENCSR455AFK,2
ENCSR419BNY,/nfs-stor/akshat.mistry/cluster/dbsuper_pipeline/raw/encode_results/files/case/ENCSR419BNY/ENCFF509TZQ.fastq.gz,,1,H3K27ac,ENCSR061EXX,1
ENCSR419BNY,/nfs-stor/akshat.mistry/cluster/dbsuper_pipeline/raw/encode_results/files/case/ENCSR419BNY/ENCFF546XMJ.fastq.gz,,1,H3K27ac,ENCSR061EXX,1
ENCSR419BNY,/nfs-stor/akshat.mistry/cluster/dbsuper_pipeline/raw/encode_results/files/case/ENCSR419BNY/ENCFF577XLT.fastq.gz,,1,H3K27ac,ENCSR061EXX,1
ENCSR419BNY,/nfs-stor/akshat.mistry/cluster/dbsuper_pipeline/raw/encode_results/files/case/ENCSR419BNY/ENCFF792AIZ.fastq.gz,,1,H3K27ac,ENCSR061EXX,1
ENCSR419BNY,/nfs-stor/akshat.mistry/cluster/dbsuper_pipeline/raw/encode_results/files/case/ENCSR419BNY/ENCFF144PAB.fastq.gz,,1,H3K27ac,ENCSR061EXX,1
ENCSR419BNY,/nfs-stor/akshat.mistry/cluster/dbsuper_pipeline/raw/encode_results/files/case/ENCSR419BNY/ENCFF173PSY.fastq.gz,,1,H3K27ac,ENCSR061EXX,1
ENCSR419BNY,/nfs-stor/akshat.mistry/cluster/dbsuper_pipeline/raw/encode_results/files/case/ENCSR419BNY/ENCFF324GED.fastq.gz,,1,H3K27ac,ENCSR061EXX,1
ENCSR419BNY,/nfs-stor/akshat.mistry/cluster/dbsuper_pipeline/raw/encode_results/files/case/ENCSR419BNY/ENCFF886OQC.fastq.gz,,1,H3K27ac,ENCSR061EXX,1
ENCSR424IJM,/nfs-stor/akshat.mistry/cluster/dbsuper_pipeline/raw/encode_results/files/case/ENCSR424IJM/ENCFF095PNU.fastq.gz,,1,H3K27ac,ENCSR427DIF,1
ENCSR424IJM,/nfs-stor/akshat.mistry/cluster/dbsuper_pipeline/raw/encode_results/files/case/ENCSR424IJM/ENCFF102VZU.fastq.gz,,1,H3K27ac,ENCSR427DIF,1
ENCSR424IJM,/nfs-stor/akshat.mistry/cluster/dbsuper_pipeline/raw/encode_results/files/case/ENCSR424IJM/ENCFF432ZMR.fastq.gz,,1,H3K27ac,ENCSR427DIF,1
ENCSR424IJM,/nfs-stor/akshat.mistry/cluster/dbsuper_pipeline/raw/encode_results/files/case/ENCSR424IJM/ENCFF903XDU.fastq.gz,,1,H3K27ac,ENCSR427DIF,1
ENCSR424IJM,/nfs-stor/akshat.mistry/cluster/dbsuper_pipeline/raw/encode_results/files/case/ENCSR424IJM/ENCFF064CIH.fastq.gz,,1,H3K27ac,ENCSR427DIF,1
ENCSR424IJM,/nfs-stor/akshat.mistry/cluster/dbsuper_pipeline/raw/encode_results/files/case/ENCSR424IJM/ENCFF423SMW.fastq.gz,,1,H3K27ac,ENCSR427DIF,1
ENCSR424IJM,/nfs-stor/akshat.mistry/cluster/dbsuper_pipeline/raw/encode_results/files/case/ENCSR424IJM/ENCFF666FXC.fastq.gz,,1,H3K27ac,ENCSR427DIF,1
ENCSR424IJM,/nfs-stor/akshat.mistry/cluster/dbsuper_pipeline/raw/encode_results/files/case/ENCSR424IJM/ENCFF975WHE.fastq.gz,,1,H3K27ac,ENCSR427DIF,1
ENCSR425FUS,/nfs-stor/akshat.mistry/cluster/dbsuper_pipeline/raw/encode_results/files/case/ENCSR425FUS/ENCFF065NAM.fastq.gz,,1,H3K27ac,ENCSR663GIS,1
ENCSR425FUS,/nfs-stor/akshat.mistry/cluster/dbsuper_pipeline/raw/encode_results/files/case/ENCSR425FUS/ENCFF337OSR.fastq.gz,,2,H3K27ac,ENCSR663GIS,1
ENCSR425PQI,/nfs-stor/akshat.mistry/cluster/dbsuper_pipeline/raw/encode_results/files/case/ENCSR425PQI/ENCFF710QVF.fastq.gz,,1,H3K27ac,ENCSR890MJO,1
ENCSR425PQI,/nfs-stor/akshat.mistry/cluster/dbsuper_pipeline/raw/encode_results/files/case/ENCSR425PQI/ENCFF613EXZ.fastq.gz,,2,H3K27ac,ENCSR890MJO,1
ENCSR426VHO,/nfs-stor/akshat.mistry/cluster/dbsuper_pipeline/raw/encode_results/files/case/ENCSR426VHO/ENCFF206CBY.fastq.gz,,1,H3K27ac,ENCSR889RIF,1
ENCSR426VHO,/nfs-stor/akshat.mistry/cluster/dbsuper_pipeline/raw/encode_results/files/case/ENCSR426VHO/ENCFF287OKD.fastq.gz,,1,H3K27ac,ENCSR889RIF,1
ENCSR426VHO,/nfs-stor/akshat.mistry/cluster/dbsuper_pipeline/raw/encode_results/files/case/ENCSR426VHO/ENCFF537VQM.fastq.gz,,1,H3K27ac,ENCSR889RIF,1
ENCSR426VHO,/nfs-stor/akshat.mistry/cluster/dbsuper_pipeline/raw/encode_results/files/case/ENCSR426VHO/ENCFF845LXK.fastq.gz,,1,H3K27ac,ENCSR889RIF,1
ENCSR426VHO,/nfs-stor/akshat.mistry/cluster/dbsuper_pipeline/raw/encode_results/files/case/ENCSR426VHO/ENCFF061MTL.fastq.gz,,2,H3K27ac,ENCSR889RIF,2
ENCSR426VHO,/nfs-stor/akshat.mistry/cluster/dbsuper_pipeline/raw/encode_results/files/case/ENCSR426VHO/ENCFF419CCZ.fastq.gz,,2,H3K27ac,ENCSR889RIF,2
ENCSR426VHO,/nfs-stor/akshat.mistry/cluster/dbsuper_pipeline/raw/encode_results/files/case/ENCSR426VHO/ENCFF742JGZ.fastq.gz,,2,H3K27ac,ENCSR889RIF,2
ENCSR426VHO,/nfs-stor/akshat.mistry/cluster/dbsuper_pipeline/raw/encode_results/files/case/ENCSR426VHO/ENCFF989KCU.fastq.gz,,2,H3K27ac,ENCSR889RIF,2
ENCSR426VHO,/nfs-stor/akshat.mistry/cluster/dbsuper_pipeline/raw/encode_results/files/case/ENCSR426VHO/ENCFF055HTK.fastq.gz,,2,H3K27ac,ENCSR889RIF,2
ENCSR426VHO,/nfs-stor/akshat.mistry/cluster/dbsuper_pipeline/raw/encode_results/files/case/ENCSR426VHO/ENCFF545NBT.fastq.gz,,2,H3K27ac,ENCSR889RIF,2
ENCSR426VHO,/nfs-stor/akshat.mistry/cluster/dbsuper_pipeline/raw/encode_results/files/case/ENCSR426VHO/ENCFF832LFB.fastq.gz,,2,H3K27ac,ENCSR889RIF,2
ENCSR426VHO,/nfs-stor/akshat.mistry/cluster/dbsuper_pipeline/raw/encode_results/files/case/ENCSR426VHO/ENCFF990BNJ.fastq.gz,,2,H3K27ac,ENCSR889RIF,2
ENCSR429YAE,/nfs-stor/akshat.mistry/cluster/dbsuper_pipeline/raw/encode_results/files/case/ENCSR429YAE/ENCFF176RPG.fastq.gz,,1,H3K27ac,ENCSR580WGM,1
ENCSR429YAE,/nfs-stor/akshat.mistry/cluster/dbsuper_pipeline/raw/encode_results/files/case/ENCSR429YAE/ENCFF689LBV.fastq.gz,,1,H3K27ac,ENCSR580WGM,1
ENCSR429YAE,/nfs-stor/akshat.mistry/cluster/dbsuper_pipeline/raw/encode_results/files/case/ENCSR429YAE/ENCFF745NTJ.fastq.gz,,1,H3K27ac,ENCSR580WGM,1
ENCSR429YAE,/nfs-stor/akshat.mistry/cluster/dbsuper_pipeline/raw/encode_results/files/case/ENCSR429YAE/ENCFF989MLG.fastq.gz,,1,H3K27ac,ENCSR580WGM,1
ENCSR432DPY,/nfs-stor/akshat.mistry/cluster/dbsuper_pipeline/raw/encode_results/files/case/ENCSR432DPY/ENCFF269LUW.fastq.gz,,1,H3K27ac,ENCSR700CAX,1
ENCSR432DPY,/nfs-stor/akshat.mistry/cluster/dbsuper_pipeline/raw/encode_results/files/case/ENCSR432DPY/ENCFF300XWB.fastq.gz,,1,H3K27ac,ENCSR700CAX,1
ENCSR432DPY,/nfs-stor/akshat.mistry/cluster/dbsuper_pipeline/raw/encode_results/files/case/ENCSR432DPY/ENCFF006XLB.fastq.gz,,1,H3K27ac,ENCSR700CAX,1
ENCSR432DPY,/nfs-stor/akshat.mistry/cluster/dbsuper_pipeline/raw/encode_results/files/case/ENCSR432DPY/ENCFF999TWW.fastq.gz,,1,H3K27ac,ENCSR700CAX,1
ENCSR435JKM,/nfs-stor/akshat.mistry/cluster/dbsuper_pipeline/raw/encode_results/files/case/ENCSR435JKM/ENCFF051HIO.fastq.gz,,1,H3K27ac,ENCSR549SVK,1
ENCSR435JKM,/nfs-stor/akshat.mistry/cluster/dbsuper_pipeline/raw/encode_results/files/case/ENCSR435JKM/ENCFF445JNN.fastq.gz,,2,H3K27ac,ENCSR549SVK,2
ENCSR435JKM,/nfs-stor/akshat.mistry/cluster/dbsuper_pipeline/raw/encode_results/files/case/ENCSR435JKM/ENCFF138WAA.fastq.gz,,3,H3K27ac,ENCSR549SVK,3
ENCSR436JNB,/nfs-stor/akshat.mistry/cluster/dbsuper_pipeline/raw/encode_results/files/case/ENCSR436JNB/ENCFF091YBK.fastq.gz,,1,H3K27ac,ENCSR119AVG,1
ENCSR436JNB,/nfs-stor/akshat.mistry/cluster/dbsuper_pipeline/raw/encode_results/files/case/ENCSR436JNB/ENCFF317IDE.fastq.gz,,1,H3K27ac,ENCSR119AVG,1
ENCSR436JNB,/nfs-stor/akshat.mistry/cluster/dbsuper_pipeline/raw/encode_results/files/case/ENCSR436JNB/ENCFF689COG.fastq.gz,,1,H3K27ac,ENCSR119AVG,1
ENCSR436JNB,/nfs-stor/akshat.mistry/cluster/dbsuper_pipeline/raw/encode_results/files/case/ENCSR436JNB/ENCFF758SRN.fastq.gz,,1,H3K27ac,ENCSR119AVG,1
ENCSR436JNB,/nfs-stor/akshat.mistry/cluster/dbsuper_pipeline/raw/encode_results/files/case/ENCSR436JNB/ENCFF010GVM.fastq.gz,,1,H3K27ac,ENCSR119AVG,1
ENCSR436JNB,/nfs-stor/akshat.mistry/cluster/dbsuper_pipeline/raw/encode_results/files/case/ENCSR436JNB/ENCFF417BHH.fastq.gz,,1,H3K27ac,ENCSR119AVG,1
ENCSR436JNB,/nfs-stor/akshat.mistry/cluster/dbsuper_pipeline/raw/encode_results/files/case/ENCSR436JNB/ENCFF742IFJ.fastq.gz,,1,H3K27ac,ENCSR119AVG,1
ENCSR436JNB,/nfs-stor/akshat.mistry/cluster/dbsuper_pipeline/raw/encode_results/files/case/ENCSR436JNB/ENCFF901VRJ.fastq.gz,,1,H3K27ac,ENCSR119AVG,1
ENCSR437QMD,/nfs-stor/akshat.mistry/cluster/dbsuper_pipeline/raw/encode_results/files/case/ENCSR437QMD/ENCFF669MHN.fastq.gz,,1,H3K27ac,ENCSR628GIZ,1
ENCSR437QMD,/nfs-stor/akshat.mistry/cluster/dbsuper_pipeline/raw/encode_results/files/case/ENCSR437QMD/ENCFF666EGF.fastq.gz,,1,H3K27ac,ENCSR628GIZ,1
ENCSR438KQU,/nfs-stor/akshat.mistry/cluster/dbsuper_pipeline/raw/encode_results/files/case/ENCSR438KQU/ENCFF564OWD.fastq.gz,,1,H3K27ac,ENCSR845BPQ,1
ENCSR438KQU,/nfs-stor/akshat.mistry/cluster/dbsuper_pipeline/raw/encode_results/files/case/ENCSR438KQU/ENCFF607LIL.fastq.gz,,1,H3K27ac,ENCSR845BPQ,1
ENCSR438KQU,/nfs-stor/akshat.mistry/cluster/dbsuper_pipeline/raw/encode_results/files/case/ENCSR438KQU/ENCFF746VSZ.fastq.gz,,1,H3K27ac,ENCSR845BPQ,1
ENCSR438KQU,/nfs-stor/akshat.mistry/cluster/dbsuper_pipeline/raw/encode_results/files/case/ENCSR438KQU/ENCFF867IVN.fastq.gz,,1,H3K27ac,ENCSR845BPQ,1
ENCSR438KQU,/nfs-stor/akshat.mistry/cluster/dbsuper_pipeline/raw/encode_results/files/case/ENCSR438KQU/ENCFF003MMJ.fastq.gz,,1,H3K27ac,ENCSR845BPQ,1
ENCSR438KQU,/nfs-stor/akshat.mistry/cluster/dbsuper_pipeline/raw/encode_results/files/case/ENCSR438KQU/ENCFF090TYB.fastq.gz,,1,H3K27ac,ENCSR845BPQ,1
ENCSR438KQU,/nfs-stor/akshat.mistry/cluster/dbsuper_pipeline/raw/encode_results/files/case/ENCSR438KQU/ENCFF257IZX.fastq.gz,,1,H3K27ac,ENCSR845BPQ,1
ENCSR438KQU,/nfs-stor/akshat.mistry/cluster/dbsuper_pipeline/raw/encode_results/files/case/ENCSR438KQU/ENCFF319DCF.fastq.gz,,1,H3K27ac,ENCSR845BPQ,1
ENCSR438KQU,/nfs-stor/akshat.mistry/cluster/dbsuper_pipeline/raw/encode_results/files/case/ENCSR438KQU/ENCFF345SBO.fastq.gz,,1,H3K27ac,ENCSR845BPQ,1
ENCSR438KQU,/nfs-stor/akshat.mistry/cluster/dbsuper_pipeline/raw/encode_results/files/case/ENCSR438KQU/ENCFF652LEX.fastq.gz,,1,H3K27ac,ENCSR845BPQ,1
ENCSR438KQU,/nfs-stor/akshat.mistry/cluster/dbsuper_pipeline/raw/encode_results/files/case/ENCSR438KQU/ENCFF917IOG.fastq.gz,,1,H3K27ac,ENCSR845BPQ,1
ENCSR438KQU,/nfs-stor/akshat.mistry/cluster/dbsuper_pipeline/raw/encode_results/files/case/ENCSR438KQU/ENCFF990EEC.fastq.gz,,1,H3K27ac,ENCSR845BPQ,1
ENCSR440PMP,/nfs-stor/akshat.mistry/cluster/dbsuper_pipeline/raw/encode_results/files/case/ENCSR440PMP/ENCFF394NHL.fastq.gz,,1,H3K27ac,ENCSR708OCZ,1
ENCSR440PMP,/nfs-stor/akshat.mistry/cluster/dbsuper_pipeline/raw/encode_results/files/case/ENCSR440PMP/ENCFF481NMX.fastq.gz,,1,H3K27ac,ENCSR708OCZ,1
ENCSR440PMP,/nfs-stor/akshat.mistry/cluster/dbsuper_pipeline/raw/encode_results/files/case/ENCSR440PMP/ENCFF175WPU.fastq.gz,,1,H3K27ac,ENCSR708OCZ,1
ENCSR440PMP,/nfs-stor/akshat.mistry/cluster/dbsuper_pipeline/raw/encode_results/files/case/ENCSR440PMP/ENCFF239FZM.fastq.gz,,1,H3K27ac,ENCSR708OCZ,1
ENCSR443UYU,/nfs-stor/akshat.mistry/cluster/dbsuper_pipeline/raw/encode_results/files/case/ENCSR443UYU/ENCFF091MNB.fastq.gz,,1,H3K27ac,ENCSR122GIL,1
ENCSR443UYU,/nfs-stor/akshat.mistry/cluster/dbsuper_pipeline/raw/encode_results/files/case/ENCSR443UYU/ENCFF182ELC.fastq.gz,,1,H3K27ac,ENCSR122GIL,1
ENCSR447ZGY,/nfs-stor/akshat.mistry/cluster/dbsuper_pipeline/raw/encode_results/files/case/ENCSR447ZGY/ENCFF524KGJ.fastq.gz,,1,H3K27ac,ENCSR063AUO,1
ENCSR447ZGY,/nfs-stor/akshat.mistry/cluster/dbsuper_pipeline/raw/encode_results/files/case/ENCSR447ZGY/ENCFF558WXW.fastq.gz,,1,H3K27ac,ENCSR063AUO,1
ENCSR447ZGY,/nfs-stor/akshat.mistry/cluster/dbsuper_pipeline/raw/encode_results/files/case/ENCSR447ZGY/ENCFF822DBR.fastq.gz,,1,H3K27ac,ENCSR063AUO,1
ENCSR447ZGY,/nfs-stor/akshat.mistry/cluster/dbsuper_pipeline/raw/encode_results/files/case/ENCSR447ZGY/ENCFF002BBG.fastq.gz,,1,H3K27ac,ENCSR063AUO,1
ENCSR447ZGY,/nfs-stor/akshat.mistry/cluster/dbsuper_pipeline/raw/encode_results/files/case/ENCSR447ZGY/ENCFF002ATK.fastq.gz,,2,H3K27ac,ENCSR063AUO,2
ENCSR449AUD,/nfs-stor/akshat.mistry/cluster/dbsuper_pipeline/raw/encode_results/files/case/ENCSR449AUD/ENCFF620QHQ.fastq.gz,,1,H3K27ac,ENCSR869KBA,1
ENCSR449AUD,/nfs-stor/akshat.mistry/cluster/dbsuper_pipeline/raw/encode_results/files/case/ENCSR449AUD/ENCFF660YVS.fastq.gz,,1,H3K27ac,ENCSR869KBA,1
ENCSR449AUD,/nfs-stor/akshat.mistry/cluster/dbsuper_pipeline/raw/encode_results/files/case/ENCSR449AUD/ENCFF886MAY.fastq.gz,,1,H3K27ac,ENCSR869KBA,1
ENCSR449AUD,/nfs-stor/akshat.mistry/cluster/dbsuper_pipeline/raw/encode_results/files/case/ENCSR449AUD/ENCFF937QLR.fastq.gz,,1,H3K27ac,ENCSR869KBA,1
ENCSR449AUD,/nfs-stor/akshat.mistry/cluster/dbsuper_pipeline/raw/encode_results/files/case/ENCSR449AUD/ENCFF076ZHV.fastq.gz,,1,H3K27ac,ENCSR869KBA,1
ENCSR449AUD,/nfs-stor/akshat.mistry/cluster/dbsuper_pipeline/raw/encode_results/files/case/ENCSR449AUD/ENCFF180CNR.fastq.gz,,1,H3K27ac,ENCSR869KBA,1
ENCSR449AUD,/nfs-stor/akshat.mistry/cluster/dbsuper_pipeline/raw/encode_results/files/case/ENCSR449AUD/ENCFF714SGL.fastq.gz,,1,H3K27ac,ENCSR869KBA,1
ENCSR449AUD,/nfs-stor/akshat.mistry/cluster/dbsuper_pipeline/raw/encode_results/files/case/ENCSR449AUD/ENCFF842VSJ.fastq.gz,,1,H3K27ac,ENCSR869KBA,1
ENCSR449AXO,/nfs-stor/akshat.mistry/cluster/dbsuper_pipeline/raw/encode_results/files/case/ENCSR449AXO/ENCFF181EVF.fastq.gz,,1,H3K27ac,ENCSR603SVD,1
ENCSR449AXO,/nfs-stor/akshat.mistry/cluster/dbsuper_pipeline/raw/encode_results/files/case/ENCSR449AXO/ENCFF785ZLV.fastq.gz,,1,H3K27ac,ENCSR603SVD,1
ENCSR449AXO,/nfs-stor/akshat.mistry/cluster/dbsuper_pipeline/raw/encode_results/files/case/ENCSR449AXO/ENCFF860HDF.fastq.gz,,1,H3K27ac,ENCSR603SVD,1
ENCSR449AXO,/nfs-stor/akshat.mistry/cluster/dbsuper_pipeline/raw/encode_results/files/case/ENCSR449AXO/ENCFF932YFI.fastq.gz,,2,H3K27ac,ENCSR603SVD,2
ENCSR451WXC,/nfs-stor/akshat.mistry/cluster/dbsuper_pipeline/raw/encode_results/files/case/ENCSR451WXC/ENCFF097DJJ.fastq.gz,,1,H3K27ac,ENCSR354HOM,1
ENCSR451WXC,/nfs-stor/akshat.mistry/cluster/dbsuper_pipeline/raw/encode_results/files/case/ENCSR451WXC/ENCFF815UIL.fastq.gz,,1,H3K27ac,ENCSR354HOM,1
ENCSR451WXC,/nfs-stor/akshat.mistry/cluster/dbsuper_pipeline/raw/encode_results/files/case/ENCSR451WXC/ENCFF161DOP.fastq.gz,,2,H3K27ac,ENCSR354HOM,2
ENCSR453MUW,/nfs-stor/akshat.mistry/cluster/dbsuper_pipeline/raw/encode_results/files/case/ENCSR453MUW/ENCFF542FRC.fastq.gz,,1,H3K27ac,ENCSR750DLX,1
ENCSR453MUW,/nfs-stor/akshat.mistry/cluster/dbsuper_pipeline/raw/encode_results/files/case/ENCSR453MUW/ENCFF571QQY.fastq.gz,,1,H3K27ac,ENCSR750DLX,1
ENCSR453MUW,/nfs-stor/akshat.mistry/cluster/dbsuper_pipeline/raw/encode_results/files/case/ENCSR453MUW/ENCFF190JZI.fastq.gz,,1,H3K27ac,ENCSR750DLX,1
ENCSR453MUW,/nfs-stor/akshat.mistry/cluster/dbsuper_pipeline/raw/encode_results/files/case/ENCSR453MUW/ENCFF736PMU.fastq.gz,,1,H3K27ac,ENCSR750DLX,1
ENCSR454VRA,/nfs-stor/akshat.mistry/cluster/dbsuper_pipeline/raw/encode_results/files/case/ENCSR454VRA/ENCFF910WPG.fastq.gz,,1,H3K27ac,ENCSR687YOP,1
ENCSR458RRZ,/nfs-stor/akshat.mistry/cluster/dbsuper_pipeline/raw/encode_results/files/case/ENCSR458RRZ/ENCFF007GTB.fastq.gz,,1,H3K27ac,ENCSR059QYS,1
ENCSR458RRZ,/nfs-stor/akshat.mistry/cluster/dbsuper_pipeline/raw/encode_results/files/case/ENCSR458RRZ/ENCFF654JFS.fastq.gz,,1,H3K27ac,ENCSR059QYS,1
ENCSR461GYN,/nfs-stor/akshat.mistry/cluster/dbsuper_pipeline/raw/encode_results/files/case/ENCSR461GYN/ENCFF028YAJ.fastq.gz,,1,H3K27ac,ENCSR518COE,1
ENCSR461GYN,/nfs-stor/akshat.mistry/cluster/dbsuper_pipeline/raw/encode_results/files/case/ENCSR461GYN/ENCFF235FGT.fastq.gz,,1,H3K27ac,ENCSR518COE,1
ENCSR461GYN,/nfs-stor/akshat.mistry/cluster/dbsuper_pipeline/raw/encode_results/files/case/ENCSR461GYN/ENCFF261QTA.fastq.gz,,1,H3K27ac,ENCSR518COE,1
ENCSR461GYN,/nfs-stor/akshat.mistry/cluster/dbsuper_pipeline/raw/encode_results/files/case/ENCSR461GYN/ENCFF389MOB.fastq.gz,,1,H3K27ac,ENCSR518COE,1
ENCSR461GYN,/nfs-stor/akshat.mistry/cluster/dbsuper_pipeline/raw/encode_results/files/case/ENCSR461GYN/ENCFF129FUH.fastq.gz,,1,H3K27ac,ENCSR518COE,1
ENCSR461GYN,/nfs-stor/akshat.mistry/cluster/dbsuper_pipeline/raw/encode_results/files/case/ENCSR461GYN/ENCFF275GQH.fastq.gz,,1,H3K27ac,ENCSR518COE,1
ENCSR461GYN,/nfs-stor/akshat.mistry/cluster/dbsuper_pipeline/raw/encode_results/files/case/ENCSR461GYN/ENCFF323IAD.fastq.gz,,1,H3K27ac,ENCSR518COE,1
ENCSR461GYN,/nfs-stor/akshat.mistry/cluster/dbsuper_pipeline/raw/encode_results/files/case/ENCSR461GYN/ENCFF510DWR.fastq.gz,,1,H3K27ac,ENCSR518COE,1
ENCSR463NAD,/nfs-stor/akshat.mistry/cluster/dbsuper_pipeline/raw/encode_results/files/case/ENCSR463NAD/ENCFF332FRQ.fastq.gz,,1,H3K27ac,ENCSR644XSS,1
ENCSR463NAD,/nfs-stor/akshat.mistry/cluster/dbsuper_pipeline/raw/encode_results/files/case/ENCSR463NAD/ENCFF523OMX.fastq.gz,,1,H3K27ac,ENCSR644XSS,1
ENCSR463NAD,/nfs-stor/akshat.mistry/cluster/dbsuper_pipeline/raw/encode_results/files/case/ENCSR463NAD/ENCFF005SHK.fastq.gz,,1,H3K27ac,ENCSR644XSS,1
ENCSR463NAD,/nfs-stor/akshat.mistry/cluster/dbsuper_pipeline/raw/encode_results/files/case/ENCSR463NAD/ENCFF943HSW.fastq.gz,,1,H3K27ac,ENCSR644XSS,1
ENCSR473PNT,/nfs-stor/akshat.mistry/cluster/dbsuper_pipeline/raw/encode_results/files/case/ENCSR473PNT/ENCFF826BHT.fastq.gz,,1,H3K27ac,ENCSR810RRR,1
ENCSR473PNT,/nfs-stor/akshat.mistry/cluster/dbsuper_pipeline/raw/encode_results/files/case/ENCSR473PNT/ENCFF296LHG.fastq.gz,,2,H3K27ac,ENCSR810RRR,1
ENCSR480OHP,/nfs-stor/akshat.mistry/cluster/dbsuper_pipeline/raw/encode_results/files/case/ENCSR480OHP/ENCFF414EFW.fastq.gz,,1,H3K27ac,ENCSR344CSQ,1
ENCSR480OHP,/nfs-stor/akshat.mistry/cluster/dbsuper_pipeline/raw/encode_results/files/case/ENCSR480OHP/ENCFF840SQZ.fastq.gz,,2,H3K27ac,ENCSR344CSQ,2
ENCSR480OHP,/nfs-stor/akshat.mistry/cluster/dbsuper_pipeline/raw/encode_results/files/case/ENCSR480OHP/ENCFF308IPW.fastq.gz,,3,H3K27ac,ENCSR344CSQ,3
ENCSR489LNU,/nfs-stor/akshat.mistry/cluster/dbsuper_pipeline/raw/encode_results/files/case/ENCSR489LNU/ENCFF835LRE.fastq.gz,,1,H3K27ac,ENCSR744SMV,1
ENCSR489LNU,/nfs-stor/akshat.mistry/cluster/dbsuper_pipeline/raw/encode_results/files/case/ENCSR489LNU/ENCFF612LBV.fastq.gz,,2,H3K27ac,ENCSR744SMV,1
ENCSR494WCX,/nfs-stor/akshat.mistry/cluster/dbsuper_pipeline/raw/encode_results/files/case/ENCSR494WCX/ENCFF121BFB.fastq.gz,,1,H3K27ac,ENCSR936CZX,1
ENCSR494WCX,/nfs-stor/akshat.mistry/cluster/dbsuper_pipeline/raw/encode_results/files/case/ENCSR494WCX/ENCFF364QDF.fastq.gz,,1,H3K27ac,ENCSR936CZX,1
ENCSR494WCX,/nfs-stor/akshat.mistry/cluster/dbsuper_pipeline/raw/encode_results/files/case/ENCSR494WCX/ENCFF650ZOB.fastq.gz,,1,H3K27ac,ENCSR936CZX,1
ENCSR494WCX,/nfs-stor/akshat.mistry/cluster/dbsuper_pipeline/raw/encode_results/files/case/ENCSR494WCX/ENCFF879SZG.fastq.gz,,1,H3K27ac,ENCSR936CZX,1
ENCSR494WCX,/nfs-stor/akshat.mistry/cluster/dbsuper_pipeline/raw/encode_results/files/case/ENCSR494WCX/ENCFF204VTA.fastq.gz,,1,H3K27ac,ENCSR936CZX,1
ENCSR494WCX,/nfs-stor/akshat.mistry/cluster/dbsuper_pipeline/raw/encode_results/files/case/ENCSR494WCX/ENCFF365BCW.fastq.gz,,1,H3K27ac,ENCSR936CZX,1
ENCSR494WCX,/nfs-stor/akshat.mistry/cluster/dbsuper_pipeline/raw/encode_results/files/case/ENCSR494WCX/ENCFF400NTY.fastq.gz,,1,H3K27ac,ENCSR936CZX,1
ENCSR494WCX,/nfs-stor/akshat.mistry/cluster/dbsuper_pipeline/raw/encode_results/files/case/ENCSR494WCX/ENCFF683OAE.fastq.gz,,1,H3K27ac,ENCSR936CZX,1
ENCSR495HIT,/nfs-stor/akshat.mistry/cluster/dbsuper_pipeline/raw/encode_results/files/case/ENCSR495HIT/ENCFF060LUF.fastq.gz,,1,H3K27ac,ENCSR714GKF,1
ENCSR495HIT,/nfs-stor/akshat.mistry/cluster/dbsuper_pipeline/raw/encode_results/files/case/ENCSR495HIT/ENCFF082MCM.fastq.gz,,1,H3K27ac,ENCSR714GKF,1
ENCSR495HIT,/nfs-stor/akshat.mistry/cluster/dbsuper_pipeline/raw/encode_results/files/case/ENCSR495HIT/ENCFF241QYB.fastq.gz,,1,H3K27ac,ENCSR714GKF,1
ENCSR495HIT,/nfs-stor/akshat.mistry/cluster/dbsuper_pipeline/raw/encode_results/files/case/ENCSR495HIT/ENCFF861YZF.fastq.gz,,1,H3K27ac,ENCSR714GKF,1
ENCSR495HIT,/nfs-stor/akshat.mistry/cluster/dbsuper_pipeline/raw/encode_results/files/case/ENCSR495HIT/ENCFF173GKZ.fastq.gz,,1,H3K27ac,ENCSR714GKF,1
ENCSR495HIT,/nfs-stor/akshat.mistry/cluster/dbsuper_pipeline/raw/encode_results/files/case/ENCSR495HIT/ENCFF249HXQ.fastq.gz,,1,H3K27ac,ENCSR714GKF,1
ENCSR495HIT,/nfs-stor/akshat.mistry/cluster/dbsuper_pipeline/raw/encode_results/files/case/ENCSR495HIT/ENCFF350IXL.fastq.gz,,1,H3K27ac,ENCSR714GKF,1
ENCSR495HIT,/nfs-stor/akshat.mistry/cluster/dbsuper_pipeline/raw/encode_results/files/case/ENCSR495HIT/ENCFF840XPF.fastq.gz,,1,H3K27ac,ENCSR714GKF,1
ENCSR498NGT,/nfs-stor/akshat.mistry/cluster/dbsuper_pipeline/raw/encode_results/files/case/ENCSR498NGT/ENCFF099CRI.fastq.gz,,1,H3K27ac,ENCSR629GZZ,1
ENCSR498NGT,/nfs-stor/akshat.mistry/cluster/dbsuper_pipeline/raw/encode_results/files/case/ENCSR498NGT/ENCFF260QOD.fastq.gz,,1,H3K27ac,ENCSR629GZZ,1
ENCSR498NGT,/nfs-stor/akshat.mistry/cluster/dbsuper_pipeline/raw/encode_results/files/case/ENCSR498NGT/ENCFF446BTE.fastq.gz,,1,H3K27ac,ENCSR629GZZ,1
ENCSR498NGT,/nfs-stor/akshat.mistry/cluster/dbsuper_pipeline/raw/encode_results/files/case/ENCSR498NGT/ENCFF913QYA.fastq.gz,,1,H3K27ac,ENCSR629GZZ,1
ENCSR498NGT,/nfs-stor/akshat.mistry/cluster/dbsuper_pipeline/raw/encode_results/files/case/ENCSR498NGT/ENCFF070KGS.fastq.gz,,1,H3K27ac,ENCSR629GZZ,1
ENCSR498NGT,/nfs-stor/akshat.mistry/cluster/dbsuper_pipeline/raw/encode_results/files/case/ENCSR498NGT/ENCFF433JGI.fastq.gz,,1,H3K27ac,ENCSR629GZZ,1
ENCSR498NGT,/nfs-stor/akshat.mistry/cluster/dbsuper_pipeline/raw/encode_results/files/case/ENCSR498NGT/ENCFF446NCA.fastq.gz,,1,H3K27ac,ENCSR629GZZ,1
ENCSR498NGT,/nfs-stor/akshat.mistry/cluster/dbsuper_pipeline/raw/encode_results/files/case/ENCSR498NGT/ENCFF678TKI.fastq.gz,,1,H3K27ac,ENCSR629GZZ,1
ENCSR498ZRC,/nfs-stor/akshat.mistry/cluster/dbsuper_pipeline/raw/encode_results/files/case/ENCSR498ZRC/ENCFF493XWO.fastq.gz,,1,H3K27ac,ENCSR278VUZ,1
ENCSR498ZRC,/nfs-stor/akshat.mistry/cluster/dbsuper_pipeline/raw/encode_results/files/case/ENCSR498ZRC/ENCFF907YMF.fastq.gz,,1,H3K27ac,ENCSR278VUZ,1
ENCSR500YBS,/nfs-stor/akshat.mistry/cluster/dbsuper_pipeline/raw/encode_results/files/case/ENCSR500YBS/ENCFF089KJG.fastq.gz,,1,H3K27ac,ENCSR347VUG,1
ENCSR500YBS,/nfs-stor/akshat.mistry/cluster/dbsuper_pipeline/raw/encode_results/files/case/ENCSR500YBS/ENCFF431PJB.fastq.gz,,1,H3K27ac,ENCSR347VUG,1
ENCSR500YBS,/nfs-stor/akshat.mistry/cluster/dbsuper_pipeline/raw/encode_results/files/case/ENCSR500YBS/ENCFF908MFI.fastq.gz,,1,H3K27ac,ENCSR347VUG,1
ENCSR500YBS,/nfs-stor/akshat.mistry/cluster/dbsuper_pipeline/raw/encode_results/files/case/ENCSR500YBS/ENCFF912LCB.fastq.gz,,1,H3K27ac,ENCSR347VUG,1
ENCSR505OPZ,/nfs-stor/akshat.mistry/cluster/dbsuper_pipeline/raw/encode_results/files/case/ENCSR505OPZ/ENCFF093XFY.fastq.gz,,1,H3K27ac,ENCSR086NVH,1
ENCSR505OPZ,/nfs-stor/akshat.mistry/cluster/dbsuper_pipeline/raw/encode_results/files/case/ENCSR505OPZ/ENCFF539GZC.fastq.gz,,1,H3K27ac,ENCSR086NVH,1
ENCSR505OPZ,/nfs-stor/akshat.mistry/cluster/dbsuper_pipeline/raw/encode_results/files/case/ENCSR505OPZ/ENCFF504WFG.fastq.gz,,2,H3K27ac,ENCSR086NVH,1
ENCSR505YFA,/nfs-stor/akshat.mistry/cluster/dbsuper_pipeline/raw/encode_results/files/case/ENCSR505YFA/ENCFF422NTI.fastq.gz,,1,H3K27ac,ENCSR746QZL,1
ENCSR505YFA,/nfs-stor/akshat.mistry/cluster/dbsuper_pipeline/raw/encode_results/files/case/ENCSR505YFA/ENCFF718IVP.fastq.gz,,1,H3K27ac,ENCSR746QZL,1
ENCSR505YFA,/nfs-stor/akshat.mistry/cluster/dbsuper_pipeline/raw/encode_results/files/case/ENCSR505YFA/ENCFF198EEZ.fastq.gz,,1,H3K27ac,ENCSR746QZL,1
ENCSR505YFA,/nfs-stor/akshat.mistry/cluster/dbsuper_pipeline/raw/encode_results/files/case/ENCSR505YFA/ENCFF669EXG.fastq.gz,,1,H3K27ac,ENCSR746QZL,1
ENCSR506FPQ,/nfs-stor/akshat.mistry/cluster/dbsuper_pipeline/raw/encode_results/files/case/ENCSR506FPQ/ENCFF279BJW.fastq.gz,,1,H3K27ac,ENCSR954ZQC,1
ENCSR506FPQ,/nfs-stor/akshat.mistry/cluster/dbsuper_pipeline/raw/encode_results/files/case/ENCSR506FPQ/ENCFF547COM.fastq.gz,,2,H3K27ac,ENCSR954ZQC,2
ENCSR507UDH,/nfs-stor/akshat.mistry/cluster/dbsuper_pipeline/raw/encode_results/files/case/ENCSR507UDH/ENCFF343XGX.fastq.gz,,1,H3K27ac,ENCSR107PGG,1
ENCSR507UDH,/nfs-stor/akshat.mistry/cluster/dbsuper_pipeline/raw/encode_results/files/case/ENCSR507UDH/ENCFF667AVG.fastq.gz,,1,H3K27ac,ENCSR107PGG,1
ENCSR507UDH,/nfs-stor/akshat.mistry/cluster/dbsuper_pipeline/raw/encode_results/files/case/ENCSR507UDH/ENCFF778YPM.fastq.gz,,2,H3K27ac,ENCSR107PGG,2
ENCSR510RPC,/nfs-stor/akshat.mistry/cluster/dbsuper_pipeline/raw/encode_results/files/case/ENCSR510RPC/ENCFF126VIJ.fastq.gz,,1,H3K27ac,ENCSR650AIN,1
ENCSR510RPC,/nfs-stor/akshat.mistry/cluster/dbsuper_pipeline/raw/encode_results/files/case/ENCSR510RPC/ENCFF130ESY.fastq.gz,,1,H3K27ac,ENCSR650AIN,1
ENCSR510RPC,/nfs-stor/akshat.mistry/cluster/dbsuper_pipeline/raw/encode_results/files/case/ENCSR510RPC/ENCFF603MQF.fastq.gz,,1,H3K27ac,ENCSR650AIN,1
ENCSR510RPC,/nfs-stor/akshat.mistry/cluster/dbsuper_pipeline/raw/encode_results/files/case/ENCSR510RPC/ENCFF971LLE.fastq.gz,,1,H3K27ac,ENCSR650AIN,1
ENCSR510RPC,/nfs-stor/akshat.mistry/cluster/dbsuper_pipeline/raw/encode_results/files/case/ENCSR510RPC/ENCFF642MNO.fastq.gz,,1,H3K27ac,ENCSR650AIN,1
ENCSR510RPC,/nfs-stor/akshat.mistry/cluster/dbsuper_pipeline/raw/encode_results/files/case/ENCSR510RPC/ENCFF852CPT.fastq.gz,,1,H3K27ac,ENCSR650AIN,1
ENCSR510RPC,/nfs-stor/akshat.mistry/cluster/dbsuper_pipeline/raw/encode_results/files/case/ENCSR510RPC/ENCFF875AVJ.fastq.gz,,1,H3K27ac,ENCSR650AIN,1
ENCSR510RPC,/nfs-stor/akshat.mistry/cluster/dbsuper_pipeline/raw/encode_results/files/case/ENCSR510RPC/ENCFF990PEP.fastq.gz,,1,H3K27ac,ENCSR650AIN,1
ENCSR516LQO,/nfs-stor/akshat.mistry/cluster/dbsuper_pipeline/raw/encode_results/files/case/ENCSR516LQO/ENCFF213ELY.fastq.gz,,1,H3K27ac,ENCSR329HFV,1
ENCSR516LQO,/nfs-stor/akshat.mistry/cluster/dbsuper_pipeline/raw/encode_results/files/case/ENCSR516LQO/ENCFF368PGD.fastq.gz,,1,H3K27ac,ENCSR329HFV,1
ENCSR516LQO,/nfs-stor/akshat.mistry/cluster/dbsuper_pipeline/raw/encode_results/files/case/ENCSR516LQO/ENCFF081DAH.fastq.gz,,1,H3K27ac,ENCSR329HFV,1
ENCSR516LQO,/nfs-stor/akshat.mistry/cluster/dbsuper_pipeline/raw/encode_results/files/case/ENCSR516LQO/ENCFF706BWH.fastq.gz,,1,H3K27ac,ENCSR329HFV,1
ENCSR516LQO,/nfs-stor/akshat.mistry/cluster/dbsuper_pipeline/raw/encode_results/files/case/ENCSR516LQO/ENCFF682VVP.fastq.gz,,1,H3K27ac,ENCSR329HFV,1
ENCSR516LQO,/nfs-stor/akshat.mistry/cluster/dbsuper_pipeline/raw/encode_results/files/case/ENCSR516LQO/ENCFF870JOL.fastq.gz,,1,H3K27ac,ENCSR329HFV,1
ENCSR517NSQ,/nfs-stor/akshat.mistry/cluster/dbsuper_pipeline/raw/encode_results/files/case/ENCSR517NSQ/ENCFF389KOP.fastq.gz,,1,H3K27ac,ENCSR696HNV,1
ENCSR517NSQ,/nfs-stor/akshat.mistry/cluster/dbsuper_pipeline/raw/encode_results/files/case/ENCSR517NSQ/ENCFF407JCA.fastq.gz,,1,H3K27ac,ENCSR696HNV,1
ENCSR517NSQ,/nfs-stor/akshat.mistry/cluster/dbsuper_pipeline/raw/encode_results/files/case/ENCSR517NSQ/ENCFF594NQK.fastq.gz,,1,H3K27ac,ENCSR696HNV,1
ENCSR517NSQ,/nfs-stor/akshat.mistry/cluster/dbsuper_pipeline/raw/encode_results/files/case/ENCSR517NSQ/ENCFF890WYU.fastq.gz,,1,H3K27ac,ENCSR696HNV,1
ENCSR517NSQ,/nfs-stor/akshat.mistry/cluster/dbsuper_pipeline/raw/encode_results/files/case/ENCSR517NSQ/ENCFF182PDT.fastq.gz,,1,H3K27ac,ENCSR696HNV,1
ENCSR517NSQ,/nfs-stor/akshat.mistry/cluster/dbsuper_pipeline/raw/encode_results/files/case/ENCSR517NSQ/ENCFF679XFV.fastq.gz,,1,H3K27ac,ENCSR696HNV,1
ENCSR517NSQ,/nfs-stor/akshat.mistry/cluster/dbsuper_pipeline/raw/encode_results/files/case/ENCSR517NSQ/ENCFF783TZB.fastq.gz,,1,H3K27ac,ENCSR696HNV,1
ENCSR517NSQ,/nfs-stor/akshat.mistry/cluster/dbsuper_pipeline/raw/encode_results/files/case/ENCSR517NSQ/ENCFF982RUE.fastq.gz,,1,H3K27ac,ENCSR696HNV,1
ENCSR519CFV,/nfs-stor/akshat.mistry/cluster/dbsuper_pipeline/raw/encode_results/files/case/ENCSR519CFV/ENCFF304OFY.fastq.gz,,1,H3K27ac,ENCSR201KGX,1
ENCSR520BIM,/nfs-stor/akshat.mistry/cluster/dbsuper_pipeline/raw/encode_results/files/case/ENCSR520BIM/ENCFF770ACG.fastq.gz,,1,H3K27ac,ENCSR888RBQ,1
ENCSR520BIM,/nfs-stor/akshat.mistry/cluster/dbsuper_pipeline/raw/encode_results/files/case/ENCSR520BIM/ENCFF479ECJ.fastq.gz,,1,H3K27ac,ENCSR888RBQ,1
ENCSR520BIM,/nfs-stor/akshat.mistry/cluster/dbsuper_pipeline/raw/encode_results/files/case/ENCSR520BIM/ENCFF133UID.fastq.gz,,2,H3K27ac,ENCSR888RBQ,1
ENCSR520KVD,/nfs-stor/akshat.mistry/cluster/dbsuper_pipeline/raw/encode_results/files/case/ENCSR520KVD/ENCFF426ODK.fastq.gz,,1,H3K27ac,ENCSR874WOQ,1
ENCSR520KVD,/nfs-stor/akshat.mistry/cluster/dbsuper_pipeline/raw/encode_results/files/case/ENCSR520KVD/ENCFF626EVU.fastq.gz,,1,H3K27ac,ENCSR874WOQ,1
ENCSR520KVD,/nfs-stor/akshat.mistry/cluster/dbsuper_pipeline/raw/encode_results/files/case/ENCSR520KVD/ENCFF685AHU.fastq.gz,,1,H3K27ac,ENCSR874WOQ,1
ENCSR520KVD,/nfs-stor/akshat.mistry/cluster/dbsuper_pipeline/raw/encode_results/files/case/ENCSR520KVD/ENCFF998PWB.fastq.gz,,1,H3K27ac,ENCSR874WOQ,1
ENCSR520KVD,/nfs-stor/akshat.mistry/cluster/dbsuper_pipeline/raw/encode_results/files/case/ENCSR520KVD/ENCFF135TMO.fastq.gz,,1,H3K27ac,ENCSR874WOQ,1
ENCSR520KVD,/nfs-stor/akshat.mistry/cluster/dbsuper_pipeline/raw/encode_results/files/case/ENCSR520KVD/ENCFF221BJZ.fastq.gz,,1,H3K27ac,ENCSR874WOQ,1
ENCSR520KVD,/nfs-stor/akshat.mistry/cluster/dbsuper_pipeline/raw/encode_results/files/case/ENCSR520KVD/ENCFF267HVH.fastq.gz,,1,H3K27ac,ENCSR874WOQ,1
ENCSR520KVD,/nfs-stor/akshat.mistry/cluster/dbsuper_pipeline/raw/encode_results/files/case/ENCSR520KVD/ENCFF372LKU.fastq.gz,,1,H3K27ac,ENCSR874WOQ,1
ENCSR522MTS,/nfs-stor/akshat.mistry/cluster/dbsuper_pipeline/raw/encode_results/files/case/ENCSR522MTS/ENCFF713DNF.fastq.gz,,1,H3K27ac,ENCSR147KFH,1
ENCSR522MTS,/nfs-stor/akshat.mistry/cluster/dbsuper_pipeline/raw/encode_results/files/case/ENCSR522MTS/ENCFF769EGQ.fastq.gz,,1,H3K27ac,ENCSR147KFH,1
ENCSR522MTS,/nfs-stor/akshat.mistry/cluster/dbsuper_pipeline/raw/encode_results/files/case/ENCSR522MTS/ENCFF267XKE.fastq.gz,,1,H3K27ac,ENCSR147KFH,1
ENCSR522MTS,/nfs-stor/akshat.mistry/cluster/dbsuper_pipeline/raw/encode_results/files/case/ENCSR522MTS/ENCFF396KLB.fastq.gz,,1,H3K27ac,ENCSR147KFH,1
ENCSR524MPL,/nfs-stor/akshat.mistry/cluster/dbsuper_pipeline/raw/encode_results/files/case/ENCSR524MPL/ENCFF677RRL.fastq.gz,,1,H3K27ac,ENCSR613JAK,1
ENCSR524MPL,/nfs-stor/akshat.mistry/cluster/dbsuper_pipeline/raw/encode_results/files/case/ENCSR524MPL/ENCFF783YYZ.fastq.gz,,1,H3K27ac,ENCSR613JAK,1
ENCSR524MPL,/nfs-stor/akshat.mistry/cluster/dbsuper_pipeline/raw/encode_results/files/case/ENCSR524MPL/ENCFF810NXD.fastq.gz,,1,H3K27ac,ENCSR613JAK,1
ENCSR524MPL,/nfs-stor/akshat.mistry/cluster/dbsuper_pipeline/raw/encode_results/files/case/ENCSR524MPL/ENCFF821RSS.fastq.gz,,1,H3K27ac,ENCSR613JAK,1
ENCSR524MPL,/nfs-stor/akshat.mistry/cluster/dbsuper_pipeline/raw/encode_results/files/case/ENCSR524MPL/ENCFF215JOA.fastq.gz,,1,H3K27ac,ENCSR613JAK,1
ENCSR524MPL,/nfs-stor/akshat.mistry/cluster/dbsuper_pipeline/raw/encode_results/files/case/ENCSR524MPL/ENCFF248SFI.fastq.gz,,1,H3K27ac,ENCSR613JAK,1
ENCSR524MPL,/nfs-stor/akshat.mistry/cluster/dbsuper_pipeline/raw/encode_results/files/case/ENCSR524MPL/ENCFF320JEV.fastq.gz,,1,H3K27ac,ENCSR613JAK,1
ENCSR524MPL,/nfs-stor/akshat.mistry/cluster/dbsuper_pipeline/raw/encode_results/files/case/ENCSR524MPL/ENCFF467IAB.fastq.gz,,1,H3K27ac,ENCSR613JAK,1
ENCSR531VWS,/nfs-stor/akshat.mistry/cluster/dbsuper_pipeline/raw/encode_results/files/case/ENCSR531VWS/ENCFF415SDR.fastq.gz,,1,H3K27ac,ENCSR465UAX,1
ENCSR531VWS,/nfs-stor/akshat.mistry/cluster/dbsuper_pipeline/raw/encode_results/files/case/ENCSR531VWS/ENCFF781OUQ.fastq.gz,,1,H3K27ac,ENCSR465UAX,1
ENCSR531VWS,/nfs-stor/akshat.mistry/cluster/dbsuper_pipeline/raw/encode_results/files/case/ENCSR531VWS/ENCFF865TIV.fastq.gz,,1,H3K27ac,ENCSR465UAX,1
ENCSR531VWS,/nfs-stor/akshat.mistry/cluster/dbsuper_pipeline/raw/encode_results/files/case/ENCSR531VWS/ENCFF995LRI.fastq.gz,,1,H3K27ac,ENCSR465UAX,1
ENCSR532SRK,/nfs-stor/akshat.mistry/cluster/dbsuper_pipeline/raw/encode_results/files/case/ENCSR532SRK/ENCFF142GFT.fastq.gz,,1,H3K27ac,ENCSR058XPK,1
ENCSR532SRK,/nfs-stor/akshat.mistry/cluster/dbsuper_pipeline/raw/encode_results/files/case/ENCSR532SRK/ENCFF412EXJ.fastq.gz,,1,H3K27ac,ENCSR058XPK,1
ENCSR532SRK,/nfs-stor/akshat.mistry/cluster/dbsuper_pipeline/raw/encode_results/files/case/ENCSR532SRK/ENCFF413ZDE.fastq.gz,,1,H3K27ac,ENCSR058XPK,1
ENCSR532SRK,/nfs-stor/akshat.mistry/cluster/dbsuper_pipeline/raw/encode_results/files/case/ENCSR532SRK/ENCFF479WXV.fastq.gz,,1,H3K27ac,ENCSR058XPK,1
ENCSR532SRK,/nfs-stor/akshat.mistry/cluster/dbsuper_pipeline/raw/encode_results/files/case/ENCSR532SRK/ENCFF600TXC.fastq.gz,,1,H3K27ac,ENCSR058XPK,1
ENCSR532SRK,/nfs-stor/akshat.mistry/cluster/dbsuper_pipeline/raw/encode_results/files/case/ENCSR532SRK/ENCFF787EFK.fastq.gz,,1,H3K27ac,ENCSR058XPK,1
ENCSR532SRK,/nfs-stor/akshat.mistry/cluster/dbsuper_pipeline/raw/encode_results/files/case/ENCSR532SRK/ENCFF832CEU.fastq.gz,,1,H3K27ac,ENCSR058XPK,1
ENCSR532SRK,/nfs-stor/akshat.mistry/cluster/dbsuper_pipeline/raw/encode_results/files/case/ENCSR532SRK/ENCFF870ZCZ.fastq.gz,,1,H3K27ac,ENCSR058XPK,1
ENCSR532SRK,/nfs-stor/akshat.mistry/cluster/dbsuper_pipeline/raw/encode_results/files/case/ENCSR532SRK/ENCFF036CKB.fastq.gz,,1,H3K27ac,ENCSR058XPK,1
ENCSR532SRK,/nfs-stor/akshat.mistry/cluster/dbsuper_pipeline/raw/encode_results/files/case/ENCSR532SRK/ENCFF436YWS.fastq.gz,,1,H3K27ac,ENCSR058XPK,1
ENCSR532SRK,/nfs-stor/akshat.mistry/cluster/dbsuper_pipeline/raw/encode_results/files/case/ENCSR532SRK/ENCFF490FIG.fastq.gz,,1,H3K27ac,ENCSR058XPK,1
ENCSR532SRK,/nfs-stor/akshat.mistry/cluster/dbsuper_pipeline/raw/encode_results/files/case/ENCSR532SRK/ENCFF651LIC.fastq.gz,,1,H3K27ac,ENCSR058XPK,1
ENCSR535GFO,/nfs-stor/akshat.mistry/cluster/dbsuper_pipeline/raw/encode_results/files/case/ENCSR535GFO/ENCFF482NDH.fastq.gz,,1,H3K27ac,ENCSR819JOI,1
ENCSR535GFO,/nfs-stor/akshat.mistry/cluster/dbsuper_pipeline/raw/encode_results/files/case/ENCSR535GFO/ENCFF489IJG.fastq.gz,,1,H3K27ac,ENCSR819JOI,1
ENCSR535GFO,/nfs-stor/akshat.mistry/cluster/dbsuper_pipeline/raw/encode_results/files/case/ENCSR535GFO/ENCFF068FUW.fastq.gz,,2,H3K27ac,ENCSR819JOI,2
ENCSR535GFO,/nfs-stor/akshat.mistry/cluster/dbsuper_pipeline/raw/encode_results/files/case/ENCSR535GFO/ENCFF147IPQ.fastq.gz,,2,H3K27ac,ENCSR819JOI,2
ENCSR540ADS,/nfs-stor/akshat.mistry/cluster/dbsuper_pipeline/raw/encode_results/files/case/ENCSR540ADS/ENCFF991PYU.fastq.gz,,1,H3K27ac,ENCSR061VJM,1
ENCSR540KQC,/nfs-stor/akshat.mistry/cluster/dbsuper_pipeline/raw/encode_results/files/case/ENCSR540KQC/ENCFF606OQS.fastq.gz,,1,H3K27ac,ENCSR201VAH,1
ENCSR540KQC,/nfs-stor/akshat.mistry/cluster/dbsuper_pipeline/raw/encode_results/files/case/ENCSR540KQC/ENCFF762FYK.fastq.gz,,2,H3K27ac,ENCSR201VAH,1
ENCSR543CPW,/nfs-stor/akshat.mistry/cluster/dbsuper_pipeline/raw/encode_results/files/case/ENCSR543CPW/ENCFF349RCJ.fastq.gz,,1,H3K27ac,ENCSR687YOP,1
ENCSR543CPW,/nfs-stor/akshat.mistry/cluster/dbsuper_pipeline/raw/encode_results/files/case/ENCSR543CPW/ENCFF668PTO.fastq.gz,,1,H3K27ac,ENCSR687YOP,1
ENCSR543CPW,/nfs-stor/akshat.mistry/cluster/dbsuper_pipeline/raw/encode_results/files/case/ENCSR543CPW/ENCFF684LMP.fastq.gz,,1,H3K27ac,ENCSR687YOP,1
ENCSR543ZVZ,/nfs-stor/akshat.mistry/cluster/dbsuper_pipeline/raw/encode_results/files/case/ENCSR543ZVZ/ENCFF898WZH.fastq.gz,,1,H3K27ac,ENCSR872BBM,1
ENCSR543ZVZ,/nfs-stor/akshat.mistry/cluster/dbsuper_pipeline/raw/encode_results/files/case/ENCSR543ZVZ/ENCFF515KIN.fastq.gz,,2,H3K27ac,ENCSR872BBM,2
ENCSR543ZVZ,/nfs-stor/akshat.mistry/cluster/dbsuper_pipeline/raw/encode_results/files/case/ENCSR543ZVZ/ENCFF090HXB.fastq.gz,,3,H3K27ac,ENCSR872BBM,3
ENCSR549ZDH,/nfs-stor/akshat.mistry/cluster/dbsuper_pipeline/raw/encode_results/files/case/ENCSR549ZDH/ENCFF185BVS.fastq.gz,,1,H3K27ac,ENCSR534WQA,1
ENCSR549ZDH,/nfs-stor/akshat.mistry/cluster/dbsuper_pipeline/raw/encode_results/files/case/ENCSR549ZDH/ENCFF437BLJ.fastq.gz,,1,H3K27ac,ENCSR534WQA,1
ENCSR549ZDH,/nfs-stor/akshat.mistry/cluster/dbsuper_pipeline/raw/encode_results/files/case/ENCSR549ZDH/ENCFF449WXH.fastq.gz,,1,H3K27ac,ENCSR534WQA,1
ENCSR549ZDH,/nfs-stor/akshat.mistry/cluster/dbsuper_pipeline/raw/encode_results/files/case/ENCSR549ZDH/ENCFF608HEO.fastq.gz,,1,H3K27ac,ENCSR534WQA,1
ENCSR549ZDH,/nfs-stor/akshat.mistry/cluster/dbsuper_pipeline/raw/encode_results/files/case/ENCSR549ZDH/ENCFF360BGQ.fastq.gz,,1,H3K27ac,ENCSR534WQA,1
ENCSR549ZDH,/nfs-stor/akshat.mistry/cluster/dbsuper_pipeline/raw/encode_results/files/case/ENCSR549ZDH/ENCFF547WBV.fastq.gz,,1,H3K27ac,ENCSR534WQA,1
ENCSR549ZDH,/nfs-stor/akshat.mistry/cluster/dbsuper_pipeline/raw/encode_results/files/case/ENCSR549ZDH/ENCFF760IJT.fastq.gz,,1,H3K27ac,ENCSR534WQA,1
ENCSR549ZDH,/nfs-stor/akshat.mistry/cluster/dbsuper_pipeline/raw/encode_results/files/case/ENCSR549ZDH/ENCFF924WBA.fastq.gz,,1,H3K27ac,ENCSR534WQA,1
ENCSR550WUX,/nfs-stor/akshat.mistry/cluster/dbsuper_pipeline/raw/encode_results/files/case/ENCSR550WUX/ENCFF906WKZ.fastq.gz,,1,H3K27ac,ENCSR577BCL,1
ENCSR554HDT,/nfs-stor/akshat.mistry/cluster/dbsuper_pipeline/raw/encode_results/files/case/ENCSR554HDT/ENCFF173EVP.fastq.gz,,1,H3K27ac,ENCSR535VLV,1
ENCSR554HDT,/nfs-stor/akshat.mistry/cluster/dbsuper_pipeline/raw/encode_results/files/case/ENCSR554HDT/ENCFF268FFA.fastq.gz,,1,H3K27ac,ENCSR535VLV,1
ENCSR554HDT,/nfs-stor/akshat.mistry/cluster/dbsuper_pipeline/raw/encode_results/files/case/ENCSR554HDT/ENCFF519OHO.fastq.gz,,1,H3K27ac,ENCSR535VLV,1
ENCSR554HDT,/nfs-stor/akshat.mistry/cluster/dbsuper_pipeline/raw/encode_results/files/case/ENCSR554HDT/ENCFF922DWE.fastq.gz,,1,H3K27ac,ENCSR535VLV,1
ENCSR554HDT,/nfs-stor/akshat.mistry/cluster/dbsuper_pipeline/raw/encode_results/files/case/ENCSR554HDT/ENCFF623ZQN.fastq.gz,,1,H3K27ac,ENCSR535VLV,1
ENCSR554HDT,/nfs-stor/akshat.mistry/cluster/dbsuper_pipeline/raw/encode_results/files/case/ENCSR554HDT/ENCFF640KJX.fastq.gz,,1,H3K27ac,ENCSR535VLV,1
ENCSR554HDT,/nfs-stor/akshat.mistry/cluster/dbsuper_pipeline/raw/encode_results/files/case/ENCSR554HDT/ENCFF882CDR.fastq.gz,,1,H3K27ac,ENCSR535VLV,1
ENCSR554HDT,/nfs-stor/akshat.mistry/cluster/dbsuper_pipeline/raw/encode_results/files/case/ENCSR554HDT/ENCFF983CAE.fastq.gz,,1,H3K27ac,ENCSR535VLV,1
ENCSR555HJT,/nfs-stor/akshat.mistry/cluster/dbsuper_pipeline/raw/encode_results/files/case/ENCSR555HJT/ENCFF791NGT.fastq.gz,,1,H3K27ac,ENCSR739QEI,1
ENCSR555HJT,/nfs-stor/akshat.mistry/cluster/dbsuper_pipeline/raw/encode_results/files/case/ENCSR555HJT/ENCFF836GXC.fastq.gz,,1,H3K27ac,ENCSR739QEI,1
ENCSR555HJT,/nfs-stor/akshat.mistry/cluster/dbsuper_pipeline/raw/encode_results/files/case/ENCSR555HJT/ENCFF884CXC.fastq.gz,,1,H3K27ac,ENCSR739QEI,1
ENCSR555HJT,/nfs-stor/akshat.mistry/cluster/dbsuper_pipeline/raw/encode_results/files/case/ENCSR555HJT/ENCFF911MDY.fastq.gz,,1,H3K27ac,ENCSR739QEI,1
ENCSR555HJT,/nfs-stor/akshat.mistry/cluster/dbsuper_pipeline/raw/encode_results/files/case/ENCSR555HJT/ENCFF065CVA.fastq.gz,,1,H3K27ac,ENCSR739QEI,1
ENCSR555HJT,/nfs-stor/akshat.mistry/cluster/dbsuper_pipeline/raw/encode_results/files/case/ENCSR555HJT/ENCFF514HWS.fastq.gz,,1,H3K27ac,ENCSR739QEI,1
ENCSR555HJT,/nfs-stor/akshat.mistry/cluster/dbsuper_pipeline/raw/encode_results/files/case/ENCSR555HJT/ENCFF865ZYN.fastq.gz,,1,H3K27ac,ENCSR739QEI,1
ENCSR555HJT,/nfs-stor/akshat.mistry/cluster/dbsuper_pipeline/raw/encode_results/files/case/ENCSR555HJT/ENCFF901NND.fastq.gz,,1,H3K27ac,ENCSR739QEI,1
ENCSR557DFM,/nfs-stor/akshat.mistry/cluster/dbsuper_pipeline/raw/encode_results/files/case/ENCSR557DFM/ENCFF050SFL.fastq.gz,,1,H3K27ac,ENCSR694AEQ,1
ENCSR560BEL,/nfs-stor/akshat.mistry/cluster/dbsuper_pipeline/raw/encode_results/files/case/ENCSR560BEL/ENCFF243AKT.fastq.gz,,1,H3K27ac,ENCSR111ZAD,1
ENCSR560BEL,/nfs-stor/akshat.mistry/cluster/dbsuper_pipeline/raw/encode_results/files/case/ENCSR560BEL/ENCFF340OUS.fastq.gz,,1,H3K27ac,ENCSR111ZAD,1
ENCSR560BEL,/nfs-stor/akshat.mistry/cluster/dbsuper_pipeline/raw/encode_results/files/case/ENCSR560BEL/ENCFF369XDE.fastq.gz,,1,H3K27ac,ENCSR111ZAD,1
ENCSR560BEL,/nfs-stor/akshat.mistry/cluster/dbsuper_pipeline/raw/encode_results/files/case/ENCSR560BEL/ENCFF861MFF.fastq.gz,,1,H3K27ac,ENCSR111ZAD,1
ENCSR561KOM,/nfs-stor/akshat.mistry/cluster/dbsuper_pipeline/raw/encode_results/files/case/ENCSR561KOM/ENCFF017MGJ.fastq.gz,,1,H3K27ac,ENCSR074WNF,1
ENCSR561KOM,/nfs-stor/akshat.mistry/cluster/dbsuper_pipeline/raw/encode_results/files/case/ENCSR561KOM/ENCFF416ZFL.fastq.gz,,1,H3K27ac,ENCSR074WNF,1
ENCSR561VNL,/nfs-stor/akshat.mistry/cluster/dbsuper_pipeline/raw/encode_results/files/case/ENCSR561VNL/ENCFF084ATK.fastq.gz,,1,H3K27ac,ENCSR261PLD,1
ENCSR561VNL,/nfs-stor/akshat.mistry/cluster/dbsuper_pipeline/raw/encode_results/files/case/ENCSR561VNL/ENCFF322FIO.fastq.gz,,1,H3K27ac,ENCSR261PLD,1
ENCSR561VNL,/nfs-stor/akshat.mistry/cluster/dbsuper_pipeline/raw/encode_results/files/case/ENCSR561VNL/ENCFF779EVG.fastq.gz,,1,H3K27ac,ENCSR261PLD,1
ENCSR561VNL,/nfs-stor/akshat.mistry/cluster/dbsuper_pipeline/raw/encode_results/files/case/ENCSR561VNL/ENCFF941MIA.fastq.gz,,1,H3K27ac,ENCSR261PLD,1
ENCSR561VNL,/nfs-stor/akshat.mistry/cluster/dbsuper_pipeline/raw/encode_results/files/case/ENCSR561VNL/ENCFF223NSQ.fastq.gz,,1,H3K27ac,ENCSR261PLD,1
ENCSR561VNL,/nfs-stor/akshat.mistry/cluster/dbsuper_pipeline/raw/encode_results/files/case/ENCSR561VNL/ENCFF450GIA.fastq.gz,,1,H3K27ac,ENCSR261PLD,1
ENCSR561VNL,/nfs-stor/akshat.mistry/cluster/dbsuper_pipeline/raw/encode_results/files/case/ENCSR561VNL/ENCFF773CIV.fastq.gz,,1,H3K27ac,ENCSR261PLD,1
ENCSR561VNL,/nfs-stor/akshat.mistry/cluster/dbsuper_pipeline/raw/encode_results/files/case/ENCSR561VNL/ENCFF776JFF.fastq.gz,,1,H3K27ac,ENCSR261PLD,1
ENCSR561YSH,/nfs-stor/akshat.mistry/cluster/dbsuper_pipeline/raw/encode_results/files/case/ENCSR561YSH/ENCFF375GAE.fastq.gz,,1,H3K27ac,ENCSR574WQE,1
ENCSR564IGJ,/nfs-stor/akshat.mistry/cluster/dbsuper_pipeline/raw/encode_results/files/case/ENCSR564IGJ/ENCFF058ORR.fastq.gz,,1,H3K27ac,ENCSR185OHN,1
ENCSR564IGJ,/nfs-stor/akshat.mistry/cluster/dbsuper_pipeline/raw/encode_results/files/case/ENCSR564IGJ/ENCFF979ZVI.fastq.gz,,2,H3K27ac,ENCSR185OHN,2
ENCSR564WJA,/nfs-stor/akshat.mistry/cluster/dbsuper_pipeline/raw/encode_results/files/case/ENCSR564WJA/ENCFF121CDZ.fastq.gz,,1,H3K27ac,ENCSR955OYW,1
ENCSR564WJA,/nfs-stor/akshat.mistry/cluster/dbsuper_pipeline/raw/encode_results/files/case/ENCSR564WJA/ENCFF235AXZ.fastq.gz,,1,H3K27ac,ENCSR955OYW,1
ENCSR564WJA,/nfs-stor/akshat.mistry/cluster/dbsuper_pipeline/raw/encode_results/files/case/ENCSR564WJA/ENCFF808LUK.fastq.gz,,1,H3K27ac,ENCSR955OYW,1
ENCSR564WJA,/nfs-stor/akshat.mistry/cluster/dbsuper_pipeline/raw/encode_results/files/case/ENCSR564WJA/ENCFF879ZCL.fastq.gz,,1,H3K27ac,ENCSR955OYW,1
ENCSR564WJA,/nfs-stor/akshat.mistry/cluster/dbsuper_pipeline/raw/encode_results/files/case/ENCSR564WJA/ENCFF453JRN.fastq.gz,,1,H3K27ac,ENCSR955OYW,1
ENCSR564WJA,/nfs-stor/akshat.mistry/cluster/dbsuper_pipeline/raw/encode_results/files/case/ENCSR564WJA/ENCFF519TMX.fastq.gz,,1,H3K27ac,ENCSR955OYW,1
ENCSR564WJA,/nfs-stor/akshat.mistry/cluster/dbsuper_pipeline/raw/encode_results/files/case/ENCSR564WJA/ENCFF740RUL.fastq.gz,,1,H3K27ac,ENCSR955OYW,1
ENCSR564WJA,/nfs-stor/akshat.mistry/cluster/dbsuper_pipeline/raw/encode_results/files/case/ENCSR564WJA/ENCFF805XNT.fastq.gz,,1,H3K27ac,ENCSR955OYW,1
ENCSR569IBY,/nfs-stor/akshat.mistry/cluster/dbsuper_pipeline/raw/encode_results/files/case/ENCSR569IBY/ENCFF767ZJC.fastq.gz,,1,H3K27ac,ENCSR317VER,1
ENCSR569IBY,/nfs-stor/akshat.mistry/cluster/dbsuper_pipeline/raw/encode_results/files/case/ENCSR569IBY/ENCFF491HHW.fastq.gz,,2,H3K27ac,ENCSR317VER,2
ENCSR569IBY,/nfs-stor/akshat.mistry/cluster/dbsuper_pipeline/raw/encode_results/files/case/ENCSR569IBY/ENCFF945TBK.fastq.gz,,3,H3K27ac,ENCSR317VER,3
ENCSR581KPP,/nfs-stor/akshat.mistry/cluster/dbsuper_pipeline/raw/encode_results/files/case/ENCSR581KPP/ENCFF382WOO.fastq.gz,,1,H3K27ac,ENCSR772LYM,1
ENCSR581KPP,/nfs-stor/akshat.mistry/cluster/dbsuper_pipeline/raw/encode_results/files/case/ENCSR581KPP/ENCFF790DUR.fastq.gz,,1,H3K27ac,ENCSR772LYM,1
ENCSR581KPP,/nfs-stor/akshat.mistry/cluster/dbsuper_pipeline/raw/encode_results/files/case/ENCSR581KPP/ENCFF861OPA.fastq.gz,,1,H3K27ac,ENCSR772LYM,1
ENCSR581KPP,/nfs-stor/akshat.mistry/cluster/dbsuper_pipeline/raw/encode_results/files/case/ENCSR581KPP/ENCFF882LAK.fastq.gz,,1,H3K27ac,ENCSR772LYM,1
ENCSR581KPP,/nfs-stor/akshat.mistry/cluster/dbsuper_pipeline/raw/encode_results/files/case/ENCSR581KPP/ENCFF280EIY.fastq.gz,,1,H3K27ac,ENCSR772LYM,1
ENCSR581KPP,/nfs-stor/akshat.mistry/cluster/dbsuper_pipeline/raw/encode_results/files/case/ENCSR581KPP/ENCFF422YFJ.fastq.gz,,1,H3K27ac,ENCSR772LYM,1
ENCSR581KPP,/nfs-stor/akshat.mistry/cluster/dbsuper_pipeline/raw/encode_results/files/case/ENCSR581KPP/ENCFF494SYJ.fastq.gz,,1,H3K27ac,ENCSR772LYM,1
ENCSR581KPP,/nfs-stor/akshat.mistry/cluster/dbsuper_pipeline/raw/encode_results/files/case/ENCSR581KPP/ENCFF513ZDU.fastq.gz,,1,H3K27ac,ENCSR772LYM,1
ENCSR582UTE,/nfs-stor/akshat.mistry/cluster/dbsuper_pipeline/raw/encode_results/files/case/ENCSR582UTE/ENCFF282DOJ.fastq.gz,,1,H3K27ac,ENCSR975PED,1
ENCSR593INW,/nfs-stor/akshat.mistry/cluster/dbsuper_pipeline/raw/encode_results/files/case/ENCSR593INW/ENCFF182FPX.fastq.gz,,1,H3K27ac,ENCSR803JPO,1
ENCSR593INW,/nfs-stor/akshat.mistry/cluster/dbsuper_pipeline/raw/encode_results/files/case/ENCSR593INW/ENCFF472SZN.fastq.gz,,1,H3K27ac,ENCSR803JPO,1
ENCSR593INW,/nfs-stor/akshat.mistry/cluster/dbsuper_pipeline/raw/encode_results/files/case/ENCSR593INW/ENCFF707OJX.fastq.gz,,1,H3K27ac,ENCSR803JPO,1
ENCSR593INW,/nfs-stor/akshat.mistry/cluster/dbsuper_pipeline/raw/encode_results/files/case/ENCSR593INW/ENCFF986ZAV.fastq.gz,,1,H3K27ac,ENCSR803JPO,1
ENCSR593INW,/nfs-stor/akshat.mistry/cluster/dbsuper_pipeline/raw/encode_results/files/case/ENCSR593INW/ENCFF217IJW.fastq.gz,,1,H3K27ac,ENCSR803JPO,1
ENCSR593INW,/nfs-stor/akshat.mistry/cluster/dbsuper_pipeline/raw/encode_results/files/case/ENCSR593INW/ENCFF869PEP.fastq.gz,,1,H3K27ac,ENCSR803JPO,1
ENCSR593INW,/nfs-stor/akshat.mistry/cluster/dbsuper_pipeline/raw/encode_results/files/case/ENCSR593INW/ENCFF118GIP.fastq.gz,,2,H3K27ac,ENCSR803JPO,2
ENCSR593INW,/nfs-stor/akshat.mistry/cluster/dbsuper_pipeline/raw/encode_results/files/case/ENCSR593INW/ENCFF133JDR.fastq.gz,,2,H3K27ac,ENCSR803JPO,2
ENCSR593INW,/nfs-stor/akshat.mistry/cluster/dbsuper_pipeline/raw/encode_results/files/case/ENCSR593INW/ENCFF753OIX.fastq.gz,,2,H3K27ac,ENCSR803JPO,2
ENCSR593INW,/nfs-stor/akshat.mistry/cluster/dbsuper_pipeline/raw/encode_results/files/case/ENCSR593INW/ENCFF800EUJ.fastq.gz,,2,H3K27ac,ENCSR803JPO,2
ENCSR593INW,/nfs-stor/akshat.mistry/cluster/dbsuper_pipeline/raw/encode_results/files/case/ENCSR593INW/ENCFF038GOC.fastq.gz,,2,H3K27ac,ENCSR803JPO,2
ENCSR593INW,/nfs-stor/akshat.mistry/cluster/dbsuper_pipeline/raw/encode_results/files/case/ENCSR593INW/ENCFF420QFH.fastq.gz,,2,H3K27ac,ENCSR803JPO,2
ENCSR593INW,/nfs-stor/akshat.mistry/cluster/dbsuper_pipeline/raw/encode_results/files/case/ENCSR593INW/ENCFF440LEQ.fastq.gz,,2,H3K27ac,ENCSR803JPO,2
ENCSR593INW,/nfs-stor/akshat.mistry/cluster/dbsuper_pipeline/raw/encode_results/files/case/ENCSR593INW/ENCFF758QZC.fastq.gz,,2,H3K27ac,ENCSR803JPO,2
ENCSR593KDJ,/nfs-stor/akshat.mistry/cluster/dbsuper_pipeline/raw/encode_results/files/case/ENCSR593KDJ/ENCFF231NGE.fastq.gz,,1,H3K27ac,ENCSR195BZZ,1
ENCSR593KDJ,/nfs-stor/akshat.mistry/cluster/dbsuper_pipeline/raw/encode_results/files/case/ENCSR593KDJ/ENCFF996SHZ.fastq.gz,,1,H3K27ac,ENCSR195BZZ,1
ENCSR596PFU,/nfs-stor/akshat.mistry/cluster/dbsuper_pipeline/raw/encode_results/files/case/ENCSR596PFU/ENCFF015KLH.fastq.gz,,1,H3K27ac,ENCSR099LGH,1
ENCSR597BWL,/nfs-stor/akshat.mistry/cluster/dbsuper_pipeline/raw/encode_results/files/case/ENCSR597BWL/ENCFF570KZO.fastq.gz,,1,H3K27ac,ENCSR777VQP,1
ENCSR597BWL,/nfs-stor/akshat.mistry/cluster/dbsuper_pipeline/raw/encode_results/files/case/ENCSR597BWL/ENCFF176GZS.fastq.gz,,2,H3K27ac,ENCSR777VQP,1
ENCSR597RXN,/nfs-stor/akshat.mistry/cluster/dbsuper_pipeline/raw/encode_results/files/case/ENCSR597RXN/ENCFF002QXP.fastq.gz,,1,H3K27ac,ENCSR770XRC,1
ENCSR597RXN,/nfs-stor/akshat.mistry/cluster/dbsuper_pipeline/raw/encode_results/files/case/ENCSR597RXN/ENCFF083MEO.fastq.gz,,1,H3K27ac,ENCSR770XRC,1
ENCSR597RXN,/nfs-stor/akshat.mistry/cluster/dbsuper_pipeline/raw/encode_results/files/case/ENCSR597RXN/ENCFF308JUI.fastq.gz,,1,H3K27ac,ENCSR770XRC,1
ENCSR597RXN,/nfs-stor/akshat.mistry/cluster/dbsuper_pipeline/raw/encode_results/files/case/ENCSR597RXN/ENCFF636NDQ.fastq.gz,,1,H3K27ac,ENCSR770XRC,1
ENCSR597RXN,/nfs-stor/akshat.mistry/cluster/dbsuper_pipeline/raw/encode_results/files/case/ENCSR597RXN/ENCFF246KCJ.fastq.gz,,1,H3K27ac,ENCSR770XRC,1
ENCSR597RXN,/nfs-stor/akshat.mistry/cluster/dbsuper_pipeline/raw/encode_results/files/case/ENCSR597RXN/ENCFF501CPG.fastq.gz,,1,H3K27ac,ENCSR770XRC,1
ENCSR597RXN,/nfs-stor/akshat.mistry/cluster/dbsuper_pipeline/raw/encode_results/files/case/ENCSR597RXN/ENCFF750UUN.fastq.gz,,1,H3K27ac,ENCSR770XRC,1
ENCSR597RXN,/nfs-stor/akshat.mistry/cluster/dbsuper_pipeline/raw/encode_results/files/case/ENCSR597RXN/ENCFF882LDN.fastq.gz,,1,H3K27ac,ENCSR770XRC,1
ENCSR597RXN,/nfs-stor/akshat.mistry/cluster/dbsuper_pipeline/raw/encode_results/files/case/ENCSR597RXN/ENCFF245OPZ.fastq.gz,,1,H3K27ac,ENCSR770XRC,1
ENCSR597RXN,/nfs-stor/akshat.mistry/cluster/dbsuper_pipeline/raw/encode_results/files/case/ENCSR597RXN/ENCFF276HPX.fastq.gz,,1,H3K27ac,ENCSR770XRC,1
ENCSR597RXN,/nfs-stor/akshat.mistry/cluster/dbsuper_pipeline/raw/encode_results/files/case/ENCSR597RXN/ENCFF379IXP.fastq.gz,,1,H3K27ac,ENCSR770XRC,1
ENCSR597RXN,/nfs-stor/akshat.mistry/cluster/dbsuper_pipeline/raw/encode_results/files/case/ENCSR597RXN/ENCFF516CUI.fastq.gz,,1,H3K27ac,ENCSR770XRC,1
ENCSR597UDW,/nfs-stor/akshat.mistry/cluster/dbsuper_pipeline/raw/encode_results/files/case/ENCSR597UDW/ENCFF590TMQ.fastq.gz,,1,H3K27ac,ENCSR569IIN,1
ENCSR597UDW,/nfs-stor/akshat.mistry/cluster/dbsuper_pipeline/raw/encode_results/files/case/ENCSR597UDW/ENCFF606DIN.fastq.gz,,1,H3K27ac,ENCSR569IIN,1
ENCSR597UDW,/nfs-stor/akshat.mistry/cluster/dbsuper_pipeline/raw/encode_results/files/case/ENCSR597UDW/ENCFF002AUX.fastq.gz,,2,H3K27ac,ENCSR569IIN,2
ENCSR597ULV,/nfs-stor/akshat.mistry/cluster/dbsuper_pipeline/raw/encode_results/files/case/ENCSR597ULV/ENCFF704XKC.fastq.gz,,1,H3K27ac,ENCSR716BTZ,1
ENCSR597ULV,/nfs-stor/akshat.mistry/cluster/dbsuper_pipeline/raw/encode_results/files/case/ENCSR597ULV/ENCFF437EXK.fastq.gz,,2,H3K27ac,ENCSR716BTZ,2
ENCSR600TOW,/nfs-stor/akshat.mistry/cluster/dbsuper_pipeline/raw/encode_results/files/case/ENCSR600TOW/ENCFF471AGX.fastq.gz,,1,H3K27ac,ENCSR343GIV,1
ENCSR600TOW,/nfs-stor/akshat.mistry/cluster/dbsuper_pipeline/raw/encode_results/files/case/ENCSR600TOW/ENCFF900HAH.fastq.gz,,1,H3K27ac,ENCSR343GIV,1
ENCSR600TOW,/nfs-stor/akshat.mistry/cluster/dbsuper_pipeline/raw/encode_results/files/case/ENCSR600TOW/ENCFF492SQJ.fastq.gz,,1,H3K27ac,ENCSR343GIV,1
ENCSR600TOW,/nfs-stor/akshat.mistry/cluster/dbsuper_pipeline/raw/encode_results/files/case/ENCSR600TOW/ENCFF716IXG.fastq.gz,,1,H3K27ac,ENCSR343GIV,1
ENCSR601VHO,/nfs-stor/akshat.mistry/cluster/dbsuper_pipeline/raw/encode_results/files/case/ENCSR601VHO/ENCFF623DCA.fastq.gz,,1,H3K27ac,ENCSR138WRC,1
ENCSR601VHO,/nfs-stor/akshat.mistry/cluster/dbsuper_pipeline/raw/encode_results/files/case/ENCSR601VHO/ENCFF916IPS.fastq.gz,,1,H3K27ac,ENCSR138WRC,1
ENCSR601VHO,/nfs-stor/akshat.mistry/cluster/dbsuper_pipeline/raw/encode_results/files/case/ENCSR601VHO/ENCFF345URU.fastq.gz,,1,H3K27ac,ENCSR138WRC,1
ENCSR601VHO,/nfs-stor/akshat.mistry/cluster/dbsuper_pipeline/raw/encode_results/files/case/ENCSR601VHO/ENCFF459NWR.fastq.gz,,1,H3K27ac,ENCSR138WRC,1
ENCSR607IHY,/nfs-stor/akshat.mistry/cluster/dbsuper_pipeline/raw/encode_results/files/case/ENCSR607IHY/ENCFF066DXR.fastq.gz,,1,H3K27ac,ENCSR243LHN,1
ENCSR607IHY,/nfs-stor/akshat.mistry/cluster/dbsuper_pipeline/raw/encode_results/files/case/ENCSR607IHY/ENCFF083BWZ.fastq.gz,,1,H3K27ac,ENCSR243LHN,1
ENCSR607IHY,/nfs-stor/akshat.mistry/cluster/dbsuper_pipeline/raw/encode_results/files/case/ENCSR607IHY/ENCFF102YSG.fastq.gz,,1,H3K27ac,ENCSR243LHN,1
ENCSR607IHY,/nfs-stor/akshat.mistry/cluster/dbsuper_pipeline/raw/encode_results/files/case/ENCSR607IHY/ENCFF717PZO.fastq.gz,,1,H3K27ac,ENCSR243LHN,1
ENCSR607IHY,/nfs-stor/akshat.mistry/cluster/dbsuper_pipeline/raw/encode_results/files/case/ENCSR607IHY/ENCFF407RUP.fastq.gz,,1,H3K27ac,ENCSR243LHN,1
ENCSR607IHY,/nfs-stor/akshat.mistry/cluster/dbsuper_pipeline/raw/encode_results/files/case/ENCSR607IHY/ENCFF488HLS.fastq.gz,,1,H3K27ac,ENCSR243LHN,1
ENCSR607IHY,/nfs-stor/akshat.mistry/cluster/dbsuper_pipeline/raw/encode_results/files/case/ENCSR607IHY/ENCFF569WFP.fastq.gz,,1,H3K27ac,ENCSR243LHN,1
ENCSR607IHY,/nfs-stor/akshat.mistry/cluster/dbsuper_pipeline/raw/encode_results/files/case/ENCSR607IHY/ENCFF583MTN.fastq.gz,,1,H3K27ac,ENCSR243LHN,1
ENCSR612BWE,/nfs-stor/akshat.mistry/cluster/dbsuper_pipeline/raw/encode_results/files/case/ENCSR612BWE/ENCFF546HNU.fastq.gz,,1,H3K27ac,ENCSR503BIB,1
ENCSR614NPG,/nfs-stor/akshat.mistry/cluster/dbsuper_pipeline/raw/encode_results/files/case/ENCSR614NPG/ENCFF019ZWS.fastq.gz,,1,H3K27ac,ENCSR344ERJ,1
ENCSR614NPG,/nfs-stor/akshat.mistry/cluster/dbsuper_pipeline/raw/encode_results/files/case/ENCSR614NPG/ENCFF416COP.fastq.gz,,2,H3K27ac,ENCSR344ERJ,2
ENCSR614NPG,/nfs-stor/akshat.mistry/cluster/dbsuper_pipeline/raw/encode_results/files/case/ENCSR614NPG/ENCFF419LDG.fastq.gz,,3,H3K27ac,ENCSR344ERJ,3
ENCSR619TOU,/nfs-stor/akshat.mistry/cluster/dbsuper_pipeline/raw/encode_results/files/case/ENCSR619TOU/ENCFF744GRZ.fastq.gz,,1,H3K27ac,ENCSR018KWK,1
ENCSR619TOU,/nfs-stor/akshat.mistry/cluster/dbsuper_pipeline/raw/encode_results/files/case/ENCSR619TOU/ENCFF974ABD.fastq.gz,,1,H3K27ac,ENCSR018KWK,1
ENCSR619TOU,/nfs-stor/akshat.mistry/cluster/dbsuper_pipeline/raw/encode_results/files/case/ENCSR619TOU/ENCFF983MBU.fastq.gz,,1,H3K27ac,ENCSR018KWK,1
ENCSR619TOU,/nfs-stor/akshat.mistry/cluster/dbsuper_pipeline/raw/encode_results/files/case/ENCSR619TOU/ENCFF995IPN.fastq.gz,,1,H3K27ac,ENCSR018KWK,1
ENCSR619TOU,/nfs-stor/akshat.mistry/cluster/dbsuper_pipeline/raw/encode_results/files/case/ENCSR619TOU/ENCFF103RYA.fastq.gz,,1,H3K27ac,ENCSR018KWK,1
ENCSR619TOU,/nfs-stor/akshat.mistry/cluster/dbsuper_pipeline/raw/encode_results/files/case/ENCSR619TOU/ENCFF161DMB.fastq.gz,,1,H3K27ac,ENCSR018KWK,1
ENCSR619TOU,/nfs-stor/akshat.mistry/cluster/dbsuper_pipeline/raw/encode_results/files/case/ENCSR619TOU/ENCFF204SGM.fastq.gz,,1,H3K27ac,ENCSR018KWK,1
ENCSR619TOU,/nfs-stor/akshat.mistry/cluster/dbsuper_pipeline/raw/encode_results/files/case/ENCSR619TOU/ENCFF239XPD.fastq.gz,,1,H3K27ac,ENCSR018KWK,1
ENCSR620AZM,/nfs-stor/akshat.mistry/cluster/dbsuper_pipeline/raw/encode_results/files/case/ENCSR620AZM/ENCFF141DLE.fastq.gz,,1,H3K27ac,ENCSR714CKG,1
ENCSR620AZM,/nfs-stor/akshat.mistry/cluster/dbsuper_pipeline/raw/encode_results/files/case/ENCSR620AZM/ENCFF882ANN.fastq.gz,,1,H3K27ac,ENCSR714CKG,1
ENCSR620AZM,/nfs-stor/akshat.mistry/cluster/dbsuper_pipeline/raw/encode_results/files/case/ENCSR620AZM/ENCFF913EAO.fastq.gz,,1,H3K27ac,ENCSR714CKG,1
ENCSR637ISS,/nfs-stor/akshat.mistry/cluster/dbsuper_pipeline/raw/encode_results/files/case/ENCSR637ISS/ENCFF362ZJK.fastq.gz,,1,H3K27ac,ENCSR528SMB,1
ENCSR637ISS,/nfs-stor/akshat.mistry/cluster/dbsuper_pipeline/raw/encode_results/files/case/ENCSR637ISS/ENCFF413FML.fastq.gz,,2,H3K27ac,ENCSR528SMB,2
ENCSR640XRV,/nfs-stor/akshat.mistry/cluster/dbsuper_pipeline/raw/encode_results/files/case/ENCSR640XRV/ENCFF189BBG.fastq.gz,,1,H3K27ac,ENCSR479HSY,1
ENCSR640XRV,/nfs-stor/akshat.mistry/cluster/dbsuper_pipeline/raw/encode_results/files/case/ENCSR640XRV/ENCFF805LTN.fastq.gz,,1,H3K27ac,ENCSR479HSY,1
ENCSR640XRV,/nfs-stor/akshat.mistry/cluster/dbsuper_pipeline/raw/encode_results/files/case/ENCSR640XRV/ENCFF953WUQ.fastq.gz,,1,H3K27ac,ENCSR479HSY,1
ENCSR640XRV,/nfs-stor/akshat.mistry/cluster/dbsuper_pipeline/raw/encode_results/files/case/ENCSR640XRV/ENCFF977TRY.fastq.gz,,1,H3K27ac,ENCSR479HSY,1
ENCSR640XRV,/nfs-stor/akshat.mistry/cluster/dbsuper_pipeline/raw/encode_results/files/case/ENCSR640XRV/ENCFF297OWJ.fastq.gz,,2,H3K27ac,ENCSR479HSY,2
ENCSR640XRV,/nfs-stor/akshat.mistry/cluster/dbsuper_pipeline/raw/encode_results/files/case/ENCSR640XRV/ENCFF369HGQ.fastq.gz,,2,H3K27ac,ENCSR479HSY,2
ENCSR640XRV,/nfs-stor/akshat.mistry/cluster/dbsuper_pipeline/raw/encode_results/files/case/ENCSR640XRV/ENCFF391LOH.fastq.gz,,2,H3K27ac,ENCSR479HSY,2
ENCSR640XRV,/nfs-stor/akshat.mistry/cluster/dbsuper_pipeline/raw/encode_results/files/case/ENCSR640XRV/ENCFF478NRM.fastq.gz,,2,H3K27ac,ENCSR479HSY,2
ENCSR640XRV,/nfs-stor/akshat.mistry/cluster/dbsuper_pipeline/raw/encode_results/files/case/ENCSR640XRV/ENCFF615BYM.fastq.gz,,2,H3K27ac,ENCSR479HSY,2
ENCSR640XRV,/nfs-stor/akshat.mistry/cluster/dbsuper_pipeline/raw/encode_results/files/case/ENCSR640XRV/ENCFF924TJF.fastq.gz,,2,H3K27ac,ENCSR479HSY,2
ENCSR640XRV,/nfs-stor/akshat.mistry/cluster/dbsuper_pipeline/raw/encode_results/files/case/ENCSR640XRV/ENCFF150WJQ.fastq.gz,,2,H3K27ac,ENCSR479HSY,2
ENCSR640XRV,/nfs-stor/akshat.mistry/cluster/dbsuper_pipeline/raw/encode_results/files/case/ENCSR640XRV/ENCFF262VEL.fastq.gz,,2,H3K27ac,ENCSR479HSY,2
ENCSR640XRV,/nfs-stor/akshat.mistry/cluster/dbsuper_pipeline/raw/encode_results/files/case/ENCSR640XRV/ENCFF368BYS.fastq.gz,,2,H3K27ac,ENCSR479HSY,2
ENCSR640XRV,/nfs-stor/akshat.mistry/cluster/dbsuper_pipeline/raw/encode_results/files/case/ENCSR640XRV/ENCFF371YTC.fastq.gz,,2,H3K27ac,ENCSR479HSY,2
ENCSR641QPH,/nfs-stor/akshat.mistry/cluster/dbsuper_pipeline/raw/encode_results/files/case/ENCSR641QPH/ENCFF367XJN.fastq.gz,,1,H3K27ac,ENCSR347KLR,1
ENCSR641QPH,/nfs-stor/akshat.mistry/cluster/dbsuper_pipeline/raw/encode_results/files/case/ENCSR641QPH/ENCFF619OMV.fastq.gz,,1,H3K27ac,ENCSR347KLR,1
ENCSR641QPH,/nfs-stor/akshat.mistry/cluster/dbsuper_pipeline/raw/encode_results/files/case/ENCSR641QPH/ENCFF738YYY.fastq.gz,,1,H3K27ac,ENCSR347KLR,1
ENCSR641QPH,/nfs-stor/akshat.mistry/cluster/dbsuper_pipeline/raw/encode_results/files/case/ENCSR641QPH/ENCFF970YQD.fastq.gz,,1,H3K27ac,ENCSR347KLR,1
ENCSR641QPH,/nfs-stor/akshat.mistry/cluster/dbsuper_pipeline/raw/encode_results/files/case/ENCSR641QPH/ENCFF309SQP.fastq.gz,,1,H3K27ac,ENCSR347KLR,1
ENCSR641QPH,/nfs-stor/akshat.mistry/cluster/dbsuper_pipeline/raw/encode_results/files/case/ENCSR641QPH/ENCFF332TYO.fastq.gz,,1,H3K27ac,ENCSR347KLR,1
ENCSR641QPH,/nfs-stor/akshat.mistry/cluster/dbsuper_pipeline/raw/encode_results/files/case/ENCSR641QPH/ENCFF593TAY.fastq.gz,,1,H3K27ac,ENCSR347KLR,1
ENCSR641QPH,/nfs-stor/akshat.mistry/cluster/dbsuper_pipeline/raw/encode_results/files/case/ENCSR641QPH/ENCFF740JPK.fastq.gz,,1,H3K27ac,ENCSR347KLR,1
ENCSR641SDI,/nfs-stor/akshat.mistry/cluster/dbsuper_pipeline/raw/encode_results/files/case/ENCSR641SDI/ENCFF367MUX.fastq.gz,,1,H3K27ac,ENCSR316ZPQ,1
ENCSR641SDI,/nfs-stor/akshat.mistry/cluster/dbsuper_pipeline/raw/encode_results/files/case/ENCSR641SDI/ENCFF745ARE.fastq.gz,,1,H3K27ac,ENCSR316ZPQ,1
ENCSR641SDI,/nfs-stor/akshat.mistry/cluster/dbsuper_pipeline/raw/encode_results/files/case/ENCSR641SDI/ENCFF043DMW.fastq.gz,,1,H3K27ac,ENCSR316ZPQ,1
ENCSR641SDI,/nfs-stor/akshat.mistry/cluster/dbsuper_pipeline/raw/encode_results/files/case/ENCSR641SDI/ENCFF568BUS.fastq.gz,,1,H3K27ac,ENCSR316ZPQ,1
ENCSR641YLG,/nfs-stor/akshat.mistry/cluster/dbsuper_pipeline/raw/encode_results/files/case/ENCSR641YLG/ENCFF459AOD.fastq.gz,,1,H3K27ac,ENCSR247FUH,1
ENCSR641YLG,/nfs-stor/akshat.mistry/cluster/dbsuper_pipeline/raw/encode_results/files/case/ENCSR641YLG/ENCFF557YTN.fastq.gz,,1,H3K27ac,ENCSR247FUH,1
ENCSR641YLG,/nfs-stor/akshat.mistry/cluster/dbsuper_pipeline/raw/encode_results/files/case/ENCSR641YLG/ENCFF596VJM.fastq.gz,,1,H3K27ac,ENCSR247FUH,1
ENCSR641YLG,/nfs-stor/akshat.mistry/cluster/dbsuper_pipeline/raw/encode_results/files/case/ENCSR641YLG/ENCFF619HJL.fastq.gz,,1,H3K27ac,ENCSR247FUH,1
ENCSR642HHF,/nfs-stor/akshat.mistry/cluster/dbsuper_pipeline/raw/encode_results/files/case/ENCSR642HHF/ENCFF471EQE.fastq.gz,,1,H3K27ac,ENCSR799TWV,1
ENCSR645MXO,/nfs-stor/akshat.mistry/cluster/dbsuper_pipeline/raw/encode_results/files/case/ENCSR645MXO/ENCFF486OZD.fastq.gz,,1,H3K27ac,ENCSR898WPF,1
ENCSR645MXO,/nfs-stor/akshat.mistry/cluster/dbsuper_pipeline/raw/encode_results/files/case/ENCSR645MXO/ENCFF529NYA.fastq.gz,,1,H3K27ac,ENCSR898WPF,1
ENCSR645MXO,/nfs-stor/akshat.mistry/cluster/dbsuper_pipeline/raw/encode_results/files/case/ENCSR645MXO/ENCFF602CZG.fastq.gz,,1,H3K27ac,ENCSR898WPF,1
ENCSR645MXO,/nfs-stor/akshat.mistry/cluster/dbsuper_pipeline/raw/encode_results/files/case/ENCSR645MXO/ENCFF893VNH.fastq.gz,,1,H3K27ac,ENCSR898WPF,1
ENCSR645MXO,/nfs-stor/akshat.mistry/cluster/dbsuper_pipeline/raw/encode_results/files/case/ENCSR645MXO/ENCFF149SQP.fastq.gz,,1,H3K27ac,ENCSR898WPF,1
ENCSR645MXO,/nfs-stor/akshat.mistry/cluster/dbsuper_pipeline/raw/encode_results/files/case/ENCSR645MXO/ENCFF288PGE.fastq.gz,,1,H3K27ac,ENCSR898WPF,1
ENCSR645MXO,/nfs-stor/akshat.mistry/cluster/dbsuper_pipeline/raw/encode_results/files/case/ENCSR645MXO/ENCFF733KGV.fastq.gz,,1,H3K27ac,ENCSR898WPF,1
ENCSR645MXO,/nfs-stor/akshat.mistry/cluster/dbsuper_pipeline/raw/encode_results/files/case/ENCSR645MXO/ENCFF973KSO.fastq.gz,,1,H3K27ac,ENCSR898WPF,1
ENCSR645SYH,/nfs-stor/akshat.mistry/cluster/dbsuper_pipeline/raw/encode_results/files/case/ENCSR645SYH/ENCFF972UCE.fastq.gz,,1,H3K27ac,ENCSR858ROP,1
ENCSR655XLM,/nfs-stor/akshat.mistry/cluster/dbsuper_pipeline/raw/encode_results/files/case/ENCSR655XLM/ENCFF308MVS.fastq.gz,,1,H3K27ac,ENCSR461VPV,1
ENCSR659RHV,/nfs-stor/akshat.mistry/cluster/dbsuper_pipeline/raw/encode_results/files/case/ENCSR659RHV/ENCFF489OZL.fastq.gz,,1,H3K27ac,ENCSR107RQX,1
ENCSR659RHV,/nfs-stor/akshat.mistry/cluster/dbsuper_pipeline/raw/encode_results/files/case/ENCSR659RHV/ENCFF836QYL.fastq.gz,,1,H3K27ac,ENCSR107RQX,1
ENCSR660IQS,/nfs-stor/akshat.mistry/cluster/dbsuper_pipeline/raw/encode_results/files/case/ENCSR660IQS/ENCFF002BES.fastq.gz,,1,H3K27ac,ENCSR367UDO,1
ENCSR660IQS,/nfs-stor/akshat.mistry/cluster/dbsuper_pipeline/raw/encode_results/files/case/ENCSR660IQS/ENCFF033EKA.fastq.gz,,2,H3K27ac,ENCSR367UDO,2
ENCSR661KMA,/nfs-stor/akshat.mistry/cluster/dbsuper_pipeline/raw/encode_results/files/case/ENCSR661KMA/ENCFF623IJZ.fastq.gz,,1,H3K27ac,ENCSR198WIH,1
ENCSR661KMA,/nfs-stor/akshat.mistry/cluster/dbsuper_pipeline/raw/encode_results/files/case/ENCSR661KMA/ENCFF176BXC.fastq.gz,,2,H3K27ac,ENCSR198WIH,2
ENCSR668DIS,/nfs-stor/akshat.mistry/cluster/dbsuper_pipeline/raw/encode_results/files/case/ENCSR668DIS/ENCFF092HIM.fastq.gz,,1,H3K27ac,ENCSR638CSE,1
ENCSR668DIS,/nfs-stor/akshat.mistry/cluster/dbsuper_pipeline/raw/encode_results/files/case/ENCSR668DIS/ENCFF677TZW.fastq.gz,,1,H3K27ac,ENCSR638CSE,1
ENCSR668DIS,/nfs-stor/akshat.mistry/cluster/dbsuper_pipeline/raw/encode_results/files/case/ENCSR668DIS/ENCFF884CRK.fastq.gz,,1,H3K27ac,ENCSR638CSE,1
ENCSR668DIS,/nfs-stor/akshat.mistry/cluster/dbsuper_pipeline/raw/encode_results/files/case/ENCSR668DIS/ENCFF956JSX.fastq.gz,,1,H3K27ac,ENCSR638CSE,1
ENCSR668DIS,/nfs-stor/akshat.mistry/cluster/dbsuper_pipeline/raw/encode_results/files/case/ENCSR668DIS/ENCFF394ZPT.fastq.gz,,1,H3K27ac,ENCSR638CSE,1
ENCSR668DIS,/nfs-stor/akshat.mistry/cluster/dbsuper_pipeline/raw/encode_results/files/case/ENCSR668DIS/ENCFF451JJE.fastq.gz,,1,H3K27ac,ENCSR638CSE,1
ENCSR668DIS,/nfs-stor/akshat.mistry/cluster/dbsuper_pipeline/raw/encode_results/files/case/ENCSR668DIS/ENCFF459KJU.fastq.gz,,1,H3K27ac,ENCSR638CSE,1
ENCSR668DIS,/nfs-stor/akshat.mistry/cluster/dbsuper_pipeline/raw/encode_results/files/case/ENCSR668DIS/ENCFF801GPS.fastq.gz,,1,H3K27ac,ENCSR638CSE,1
ENCSR668EVA,/nfs-stor/akshat.mistry/cluster/dbsuper_pipeline/raw/encode_results/files/case/ENCSR668EVA/ENCFF512TUH.fastq.gz,,1,H3K27ac,ENCSR368NLE,1
ENCSR668EVA,/nfs-stor/akshat.mistry/cluster/dbsuper_pipeline/raw/encode_results/files/case/ENCSR668EVA/ENCFF559UXT.fastq.gz,,1,H3K27ac,ENCSR368NLE,1
ENCSR668EVA,/nfs-stor/akshat.mistry/cluster/dbsuper_pipeline/raw/encode_results/files/case/ENCSR668EVA/ENCFF580EXF.fastq.gz,,1,H3K27ac,ENCSR368NLE,1
ENCSR668EVA,/nfs-stor/akshat.mistry/cluster/dbsuper_pipeline/raw/encode_results/files/case/ENCSR668EVA/ENCFF968SEM.fastq.gz,,1,H3K27ac,ENCSR368NLE,1
ENCSR668EVA,/nfs-stor/akshat.mistry/cluster/dbsuper_pipeline/raw/encode_results/files/case/ENCSR668EVA/ENCFF205SMX.fastq.gz,,2,H3K27ac,ENCSR368NLE,2
ENCSR668EVA,/nfs-stor/akshat.mistry/cluster/dbsuper_pipeline/raw/encode_results/files/case/ENCSR668EVA/ENCFF326GSU.fastq.gz,,2,H3K27ac,ENCSR368NLE,2
ENCSR668EVA,/nfs-stor/akshat.mistry/cluster/dbsuper_pipeline/raw/encode_results/files/case/ENCSR668EVA/ENCFF466WHK.fastq.gz,,2,H3K27ac,ENCSR368NLE,2
ENCSR668EVA,/nfs-stor/akshat.mistry/cluster/dbsuper_pipeline/raw/encode_results/files/case/ENCSR668EVA/ENCFF661NBM.fastq.gz,,2,H3K27ac,ENCSR368NLE,2
ENCSR668GBL,/nfs-stor/akshat.mistry/cluster/dbsuper_pipeline/raw/encode_results/files/case/ENCSR668GBL/ENCFF152NQY.fastq.gz,,1,H3K27ac,ENCSR711URW,1
ENCSR668GBL,/nfs-stor/akshat.mistry/cluster/dbsuper_pipeline/raw/encode_results/files/case/ENCSR668GBL/ENCFF885LFQ.fastq.gz,,1,H3K27ac,ENCSR711URW,1
ENCSR668GBL,/nfs-stor/akshat.mistry/cluster/dbsuper_pipeline/raw/encode_results/files/case/ENCSR668GBL/ENCFF105TJR.fastq.gz,,1,H3K27ac,ENCSR711URW,1
ENCSR668GBL,/nfs-stor/akshat.mistry/cluster/dbsuper_pipeline/raw/encode_results/files/case/ENCSR668GBL/ENCFF625CBF.fastq.gz,,1,H3K27ac,ENCSR711URW,1
ENCSR668GBL,/nfs-stor/akshat.mistry/cluster/dbsuper_pipeline/raw/encode_results/files/case/ENCSR668GBL/ENCFF203TIC.fastq.gz,,2,H3K27ac,ENCSR711URW,2
ENCSR668GBL,/nfs-stor/akshat.mistry/cluster/dbsuper_pipeline/raw/encode_results/files/case/ENCSR668GBL/ENCFF305JXR.fastq.gz,,2,H3K27ac,ENCSR711URW,2
ENCSR668GBL,/nfs-stor/akshat.mistry/cluster/dbsuper_pipeline/raw/encode_results/files/case/ENCSR668GBL/ENCFF387OOU.fastq.gz,,2,H3K27ac,ENCSR711URW,2
ENCSR668GBL,/nfs-stor/akshat.mistry/cluster/dbsuper_pipeline/raw/encode_results/files/case/ENCSR668GBL/ENCFF515TGH.fastq.gz,,2,H3K27ac,ENCSR711URW,2
ENCSR668GBL,/nfs-stor/akshat.mistry/cluster/dbsuper_pipeline/raw/encode_results/files/case/ENCSR668GBL/ENCFF600SAV.fastq.gz,,2,H3K27ac,ENCSR711URW,2
ENCSR668GBL,/nfs-stor/akshat.mistry/cluster/dbsuper_pipeline/raw/encode_results/files/case/ENCSR668GBL/ENCFF814AUB.fastq.gz,,2,H3K27ac,ENCSR711URW,2
ENCSR668GBL,/nfs-stor/akshat.mistry/cluster/dbsuper_pipeline/raw/encode_results/files/case/ENCSR668GBL/ENCFF086PRM.fastq.gz,,2,H3K27ac,ENCSR711URW,2
ENCSR668GBL,/nfs-stor/akshat.mistry/cluster/dbsuper_pipeline/raw/encode_results/files/case/ENCSR668GBL/ENCFF526WQQ.fastq.gz,,2,H3K27ac,ENCSR711URW,2
ENCSR668GBL,/nfs-stor/akshat.mistry/cluster/dbsuper_pipeline/raw/encode_results/files/case/ENCSR668GBL/ENCFF538TWV.fastq.gz,,2,H3K27ac,ENCSR711URW,2
ENCSR668GBL,/nfs-stor/akshat.mistry/cluster/dbsuper_pipeline/raw/encode_results/files/case/ENCSR668GBL/ENCFF540HTQ.fastq.gz,,2,H3K27ac,ENCSR711URW,2
ENCSR668GBL,/nfs-stor/akshat.mistry/cluster/dbsuper_pipeline/raw/encode_results/files/case/ENCSR668GBL/ENCFF577ADA.fastq.gz,,2,H3K27ac,ENCSR711URW,2
ENCSR668GBL,/nfs-stor/akshat.mistry/cluster/dbsuper_pipeline/raw/encode_results/files/case/ENCSR668GBL/ENCFF998RTI.fastq.gz,,2,H3K27ac,ENCSR711URW,2
ENCSR674VPA,/nfs-stor/akshat.mistry/cluster/dbsuper_pipeline/raw/encode_results/files/case/ENCSR674VPA/ENCFF023FHK.fastq.gz,,1,H3K27ac,ENCSR355RJN,1
ENCSR674VPA,/nfs-stor/akshat.mistry/cluster/dbsuper_pipeline/raw/encode_results/files/case/ENCSR674VPA/ENCFF191VZN.fastq.gz,,1,H3K27ac,ENCSR355RJN,1
ENCSR674VPA,/nfs-stor/akshat.mistry/cluster/dbsuper_pipeline/raw/encode_results/files/case/ENCSR674VPA/ENCFF459SDQ.fastq.gz,,1,H3K27ac,ENCSR355RJN,1
ENCSR674VPA,/nfs-stor/akshat.mistry/cluster/dbsuper_pipeline/raw/encode_results/files/case/ENCSR674VPA/ENCFF543XTQ.fastq.gz,,1,H3K27ac,ENCSR355RJN,1
ENCSR677LBH,/nfs-stor/akshat.mistry/cluster/dbsuper_pipeline/raw/encode_results/files/case/ENCSR677LBH/ENCFF144BTL.fastq.gz,,1,H3K27ac,ENCSR178MWD,1
ENCSR677LBH,/nfs-stor/akshat.mistry/cluster/dbsuper_pipeline/raw/encode_results/files/case/ENCSR677LBH/ENCFF220NMY.fastq.gz,,1,H3K27ac,ENCSR178MWD,1
ENCSR677LBH,/nfs-stor/akshat.mistry/cluster/dbsuper_pipeline/raw/encode_results/files/case/ENCSR677LBH/ENCFF488BKS.fastq.gz,,1,H3K27ac,ENCSR178MWD,1
ENCSR677LBH,/nfs-stor/akshat.mistry/cluster/dbsuper_pipeline/raw/encode_results/files/case/ENCSR677LBH/ENCFF864UBH.fastq.gz,,1,H3K27ac,ENCSR178MWD,1
ENCSR679OVD,/nfs-stor/akshat.mistry/cluster/dbsuper_pipeline/raw/encode_results/files/case/ENCSR679OVD/ENCFF469SVP.fastq.gz,,1,H3K27ac,ENCSR161JTT,1
ENCSR680IWU,/nfs-stor/akshat.mistry/cluster/dbsuper_pipeline/raw/encode_results/files/case/ENCSR680IWU/ENCFF325OTE.fastq.gz,,1,H3K27ac,ENCSR255MIG,1
ENCSR680IWU,/nfs-stor/akshat.mistry/cluster/dbsuper_pipeline/raw/encode_results/files/case/ENCSR680IWU/ENCFF397VEX.fastq.gz,,2,H3K27ac,ENCSR255MIG,1
ENCSR681ELN,/nfs-stor/akshat.mistry/cluster/dbsuper_pipeline/raw/encode_results/files/case/ENCSR681ELN/ENCFF081KIC.fastq.gz,,1,H3K27ac,ENCSR295FXG,1
ENCSR681ELN,/nfs-stor/akshat.mistry/cluster/dbsuper_pipeline/raw/encode_results/files/case/ENCSR681ELN/ENCFF258NTU.fastq.gz,,1,H3K27ac,ENCSR295FXG,1
ENCSR681ELN,/nfs-stor/akshat.mistry/cluster/dbsuper_pipeline/raw/encode_results/files/case/ENCSR681ELN/ENCFF267QRE.fastq.gz,,1,H3K27ac,ENCSR295FXG,1
ENCSR681ELN,/nfs-stor/akshat.mistry/cluster/dbsuper_pipeline/raw/encode_results/files/case/ENCSR681ELN/ENCFF809GGD.fastq.gz,,1,H3K27ac,ENCSR295FXG,1
ENCSR681ELN,/nfs-stor/akshat.mistry/cluster/dbsuper_pipeline/raw/encode_results/files/case/ENCSR681ELN/ENCFF057DJW.fastq.gz,,1,H3K27ac,ENCSR295FXG,1
ENCSR681ELN,/nfs-stor/akshat.mistry/cluster/dbsuper_pipeline/raw/encode_results/files/case/ENCSR681ELN/ENCFF318DFQ.fastq.gz,,1,H3K27ac,ENCSR295FXG,1
ENCSR681ELN,/nfs-stor/akshat.mistry/cluster/dbsuper_pipeline/raw/encode_results/files/case/ENCSR681ELN/ENCFF492AHD.fastq.gz,,1,H3K27ac,ENCSR295FXG,1
ENCSR681ELN,/nfs-stor/akshat.mistry/cluster/dbsuper_pipeline/raw/encode_results/files/case/ENCSR681ELN/ENCFF515KWE.fastq.gz,,1,H3K27ac,ENCSR295FXG,1
ENCSR681RQP,/nfs-stor/akshat.mistry/cluster/dbsuper_pipeline/raw/encode_results/files/case/ENCSR681RQP/ENCFF073CJZ.fastq.gz,,1,H3K27ac,ENCSR889ZOH,1
ENCSR681RQP,/nfs-stor/akshat.mistry/cluster/dbsuper_pipeline/raw/encode_results/files/case/ENCSR681RQP/ENCFF244ECY.fastq.gz,,1,H3K27ac,ENCSR889ZOH,1
ENCSR681RQP,/nfs-stor/akshat.mistry/cluster/dbsuper_pipeline/raw/encode_results/files/case/ENCSR681RQP/ENCFF711ZIZ.fastq.gz,,1,H3K27ac,ENCSR889ZOH,1
ENCSR681RQP,/nfs-stor/akshat.mistry/cluster/dbsuper_pipeline/raw/encode_results/files/case/ENCSR681RQP/ENCFF784WMT.fastq.gz,,1,H3K27ac,ENCSR889ZOH,1
ENCSR681RQP,/nfs-stor/akshat.mistry/cluster/dbsuper_pipeline/raw/encode_results/files/case/ENCSR681RQP/ENCFF512KII.fastq.gz,,1,H3K27ac,ENCSR889ZOH,1
ENCSR681RQP,/nfs-stor/akshat.mistry/cluster/dbsuper_pipeline/raw/encode_results/files/case/ENCSR681RQP/ENCFF591ZJV.fastq.gz,,1,H3K27ac,ENCSR889ZOH,1
ENCSR681RQP,/nfs-stor/akshat.mistry/cluster/dbsuper_pipeline/raw/encode_results/files/case/ENCSR681RQP/ENCFF786NVI.fastq.gz,,1,H3K27ac,ENCSR889ZOH,1
ENCSR681RQP,/nfs-stor/akshat.mistry/cluster/dbsuper_pipeline/raw/encode_results/files/case/ENCSR681RQP/ENCFF792VMV.fastq.gz,,1,H3K27ac,ENCSR889ZOH,1
ENCSR683RXF,/nfs-stor/akshat.mistry/cluster/dbsuper_pipeline/raw/encode_results/files/case/ENCSR683RXF/ENCFF572QXU.fastq.gz,,1,H3K27ac,ENCSR306YLG,1
ENCSR683RXF,/nfs-stor/akshat.mistry/cluster/dbsuper_pipeline/raw/encode_results/files/case/ENCSR683RXF/ENCFF632JQG.fastq.gz,,1,H3K27ac,ENCSR306YLG,1
ENCSR683RXF,/nfs-stor/akshat.mistry/cluster/dbsuper_pipeline/raw/encode_results/files/case/ENCSR683RXF/ENCFF802NTR.fastq.gz,,1,H3K27ac,ENCSR306YLG,1
ENCSR683RXF,/nfs-stor/akshat.mistry/cluster/dbsuper_pipeline/raw/encode_results/files/case/ENCSR683RXF/ENCFF866KEZ.fastq.gz,,1,H3K27ac,ENCSR306YLG,1
ENCSR685XVI,/nfs-stor/akshat.mistry/cluster/dbsuper_pipeline/raw/encode_results/files/case/ENCSR685XVI/ENCFF544AOC.fastq.gz,,1,H3K27ac,ENCSR360NJD,1
ENCSR685XVI,/nfs-stor/akshat.mistry/cluster/dbsuper_pipeline/raw/encode_results/files/case/ENCSR685XVI/ENCFF745MSA.fastq.gz,,1,H3K27ac,ENCSR360NJD,1
ENCSR685XVI,/nfs-stor/akshat.mistry/cluster/dbsuper_pipeline/raw/encode_results/files/case/ENCSR685XVI/ENCFF838RFV.fastq.gz,,1,H3K27ac,ENCSR360NJD,1
ENCSR685XVI,/nfs-stor/akshat.mistry/cluster/dbsuper_pipeline/raw/encode_results/files/case/ENCSR685XVI/ENCFF937WIA.fastq.gz,,1,H3K27ac,ENCSR360NJD,1
ENCSR687ZCM,/nfs-stor/akshat.mistry/cluster/dbsuper_pipeline/raw/encode_results/files/case/ENCSR687ZCM/ENCFF051WCS.fastq.gz,,1,H3K27ac,ENCSR449RSE,1
ENCSR687ZCM,/nfs-stor/akshat.mistry/cluster/dbsuper_pipeline/raw/encode_results/files/case/ENCSR687ZCM/ENCFF661ZQK.fastq.gz,,1,H3K27ac,ENCSR449RSE,1
ENCSR697MUJ,/nfs-stor/akshat.mistry/cluster/dbsuper_pipeline/raw/encode_results/files/case/ENCSR697MUJ/ENCFF751PYE.fastq.gz,,1,H3K27ac,ENCSR932WVK,1
ENCSR697MUJ,/nfs-stor/akshat.mistry/cluster/dbsuper_pipeline/raw/encode_results/files/case/ENCSR697MUJ/ENCFF763QMB.fastq.gz,,1,H3K27ac,ENCSR932WVK,1
ENCSR700LWI,/nfs-stor/akshat.mistry/cluster/dbsuper_pipeline/raw/encode_results/files/case/ENCSR700LWI/ENCFF040UMQ.fastq.gz,,1,H3K27ac,ENCSR906OSH,1
ENCSR700LWI,/nfs-stor/akshat.mistry/cluster/dbsuper_pipeline/raw/encode_results/files/case/ENCSR700LWI/ENCFF895NXT.fastq.gz,,1,H3K27ac,ENCSR906OSH,1
ENCSR702OVJ,/nfs-stor/akshat.mistry/cluster/dbsuper_pipeline/raw/encode_results/files/case/ENCSR702OVJ/ENCFF880QFR.fastq.gz,,1,H3K27ac,ENCSR178FVP,1
ENCSR702OVJ,/nfs-stor/akshat.mistry/cluster/dbsuper_pipeline/raw/encode_results/files/case/ENCSR702OVJ/ENCFF980DPM.fastq.gz,,1,H3K27ac,ENCSR178FVP,1
ENCSR702OVJ,/nfs-stor/akshat.mistry/cluster/dbsuper_pipeline/raw/encode_results/files/case/ENCSR702OVJ/ENCFF305XKI.fastq.gz,,1,H3K27ac,ENCSR178FVP,1
ENCSR702OVJ,/nfs-stor/akshat.mistry/cluster/dbsuper_pipeline/raw/encode_results/files/case/ENCSR702OVJ/ENCFF766BQI.fastq.gz,,1,H3K27ac,ENCSR178FVP,1
ENCSR705BTW,/nfs-stor/akshat.mistry/cluster/dbsuper_pipeline/raw/encode_results/files/case/ENCSR705BTW/ENCFF143RAP.fastq.gz,,1,H3K27ac,ENCSR777AJC,1
ENCSR705BTW,/nfs-stor/akshat.mistry/cluster/dbsuper_pipeline/raw/encode_results/files/case/ENCSR705BTW/ENCFF285VFL.fastq.gz,,1,H3K27ac,ENCSR777AJC,1
ENCSR705BTW,/nfs-stor/akshat.mistry/cluster/dbsuper_pipeline/raw/encode_results/files/case/ENCSR705BTW/ENCFF171AFH.fastq.gz,,1,H3K27ac,ENCSR777AJC,1
ENCSR705BTW,/nfs-stor/akshat.mistry/cluster/dbsuper_pipeline/raw/encode_results/files/case/ENCSR705BTW/ENCFF354CHD.fastq.gz,,1,H3K27ac,ENCSR777AJC,1
ENCSR709ABP,/nfs-stor/akshat.mistry/cluster/dbsuper_pipeline/raw/encode_results/files/case/ENCSR709ABP/ENCFF426MBY.fastq.gz,,1,H3K27ac,ENCSR113CMI,1
ENCSR709ABP,/nfs-stor/akshat.mistry/cluster/dbsuper_pipeline/raw/encode_results/files/case/ENCSR709ABP/ENCFF068PYY.fastq.gz,,2,H3K27ac,ENCSR113CMI,2
ENCSR714TJD,/nfs-stor/akshat.mistry/cluster/dbsuper_pipeline/raw/encode_results/files/case/ENCSR714TJD/ENCFF246GBE.fastq.gz,,1,H3K27ac,ENCSR196CXJ,1
ENCSR714TJD,/nfs-stor/akshat.mistry/cluster/dbsuper_pipeline/raw/encode_results/files/case/ENCSR714TJD/ENCFF350YIV.fastq.gz,,2,H3K27ac,ENCSR196CXJ,2
ENCSR716FUH,/nfs-stor/akshat.mistry/cluster/dbsuper_pipeline/raw/encode_results/files/case/ENCSR716FUH/ENCFF339ODV.fastq.gz,,1,H3K27ac,ENCSR475NOQ,1
ENCSR716FUH,/nfs-stor/akshat.mistry/cluster/dbsuper_pipeline/raw/encode_results/files/case/ENCSR716FUH/ENCFF870TZH.fastq.gz,,1,H3K27ac,ENCSR475NOQ,1
ENCSR716XDB,/nfs-stor/akshat.mistry/cluster/dbsuper_pipeline/raw/encode_results/files/case/ENCSR716XDB/ENCFF077CPX.fastq.gz,,1,H3K27ac,ENCSR627RBH,1
ENCSR716XDB,/nfs-stor/akshat.mistry/cluster/dbsuper_pipeline/raw/encode_results/files/case/ENCSR716XDB/ENCFF160TGH.fastq.gz,,2,H3K27ac,ENCSR627RBH,2
ENCSR716XDB,/nfs-stor/akshat.mistry/cluster/dbsuper_pipeline/raw/encode_results/files/case/ENCSR716XDB/ENCFF468QOE.fastq.gz,,3,H3K27ac,ENCSR627RBH,3
ENCSR718BTD,/nfs-stor/akshat.mistry/cluster/dbsuper_pipeline/raw/encode_results/files/case/ENCSR718BTD/ENCFF095LCX.fastq.gz,,1,H3K27ac,ENCSR620XWM,1
ENCSR718BTD,/nfs-stor/akshat.mistry/cluster/dbsuper_pipeline/raw/encode_results/files/case/ENCSR718BTD/ENCFF178BTN.fastq.gz,,1,H3K27ac,ENCSR620XWM,1
ENCSR718BTD,/nfs-stor/akshat.mistry/cluster/dbsuper_pipeline/raw/encode_results/files/case/ENCSR718BTD/ENCFF340HVH.fastq.gz,,2,H3K27ac,ENCSR620XWM,1
ENCSR718BTD,/nfs-stor/akshat.mistry/cluster/dbsuper_pipeline/raw/encode_results/files/case/ENCSR718BTD/ENCFF618JJH.fastq.gz,,2,H3K27ac,ENCSR620XWM,1
ENCSR719FEJ,/nfs-stor/akshat.mistry/cluster/dbsuper_pipeline/raw/encode_results/files/case/ENCSR719FEJ/ENCFF046DDT.fastq.gz,,1,H3K27ac,ENCSR255BOF,1
ENCSR719FEJ,/nfs-stor/akshat.mistry/cluster/dbsuper_pipeline/raw/encode_results/files/case/ENCSR719FEJ/ENCFF243FEQ.fastq.gz,,2,H3K27ac,ENCSR255BOF,2
ENCSR723RUM,/nfs-stor/akshat.mistry/cluster/dbsuper_pipeline/raw/encode_results/files/case/ENCSR723RUM/ENCFF342VVO.fastq.gz,,1,H3K27ac,ENCSR237ZMF,1
ENCSR723RUM,/nfs-stor/akshat.mistry/cluster/dbsuper_pipeline/raw/encode_results/files/case/ENCSR723RUM/ENCFF672GFF.fastq.gz,,1,H3K27ac,ENCSR237ZMF,1
ENCSR723RUM,/nfs-stor/akshat.mistry/cluster/dbsuper_pipeline/raw/encode_results/files/case/ENCSR723RUM/ENCFF801BZM.fastq.gz,,1,H3K27ac,ENCSR237ZMF,1
ENCSR723RUM,/nfs-stor/akshat.mistry/cluster/dbsuper_pipeline/raw/encode_results/files/case/ENCSR723RUM/ENCFF884FGS.fastq.gz,,1,H3K27ac,ENCSR237ZMF,1
ENCSR723RUM,/nfs-stor/akshat.mistry/cluster/dbsuper_pipeline/raw/encode_results/files/case/ENCSR723RUM/ENCFF308CJL.fastq.gz,,1,H3K27ac,ENCSR237ZMF,1
ENCSR723RUM,/nfs-stor/akshat.mistry/cluster/dbsuper_pipeline/raw/encode_results/files/case/ENCSR723RUM/ENCFF320ZWM.fastq.gz,,1,H3K27ac,ENCSR237ZMF,1
ENCSR723RUM,/nfs-stor/akshat.mistry/cluster/dbsuper_pipeline/raw/encode_results/files/case/ENCSR723RUM/ENCFF618SKF.fastq.gz,,1,H3K27ac,ENCSR237ZMF,1
ENCSR723RUM,/nfs-stor/akshat.mistry/cluster/dbsuper_pipeline/raw/encode_results/files/case/ENCSR723RUM/ENCFF656MCY.fastq.gz,,1,H3K27ac,ENCSR237ZMF,1
ENCSR726HTS,/nfs-stor/akshat.mistry/cluster/dbsuper_pipeline/raw/encode_results/files/case/ENCSR726HTS/ENCFF234GKO.fastq.gz,,1,H3K27ac,ENCSR189UPU,1
ENCSR726HTS,/nfs-stor/akshat.mistry/cluster/dbsuper_pipeline/raw/encode_results/files/case/ENCSR726HTS/ENCFF451NBT.fastq.gz,,1,H3K27ac,ENCSR189UPU,1
ENCSR726HTS,/nfs-stor/akshat.mistry/cluster/dbsuper_pipeline/raw/encode_results/files/case/ENCSR726HTS/ENCFF007TBV.fastq.gz,,1,H3K27ac,ENCSR189UPU,1
ENCSR726HTS,/nfs-stor/akshat.mistry/cluster/dbsuper_pipeline/raw/encode_results/files/case/ENCSR726HTS/ENCFF547YCY.fastq.gz,,1,H3K27ac,ENCSR189UPU,1
ENCSR726HTS,/nfs-stor/akshat.mistry/cluster/dbsuper_pipeline/raw/encode_results/files/case/ENCSR726HTS/ENCFF574KIM.fastq.gz,,1,H3K27ac,ENCSR189UPU,1
ENCSR726HTS,/nfs-stor/akshat.mistry/cluster/dbsuper_pipeline/raw/encode_results/files/case/ENCSR726HTS/ENCFF954CEB.fastq.gz,,1,H3K27ac,ENCSR189UPU,1
ENCSR726HTS,/nfs-stor/akshat.mistry/cluster/dbsuper_pipeline/raw/encode_results/files/case/ENCSR726HTS/ENCFF030XCQ.fastq.gz,,2,H3K27ac,ENCSR189UPU,2
ENCSR726HTS,/nfs-stor/akshat.mistry/cluster/dbsuper_pipeline/raw/encode_results/files/case/ENCSR726HTS/ENCFF132QCA.fastq.gz,,2,H3K27ac,ENCSR189UPU,2
ENCSR726HTS,/nfs-stor/akshat.mistry/cluster/dbsuper_pipeline/raw/encode_results/files/case/ENCSR726HTS/ENCFF674BQL.fastq.gz,,2,H3K27ac,ENCSR189UPU,2
ENCSR726HTS,/nfs-stor/akshat.mistry/cluster/dbsuper_pipeline/raw/encode_results/files/case/ENCSR726HTS/ENCFF894ZNZ.fastq.gz,,2,H3K27ac,ENCSR189UPU,2
ENCSR726HTS,/nfs-stor/akshat.mistry/cluster/dbsuper_pipeline/raw/encode_results/files/case/ENCSR726HTS/ENCFF023RKK.fastq.gz,,2,H3K27ac,ENCSR189UPU,2
ENCSR726HTS,/nfs-stor/akshat.mistry/cluster/dbsuper_pipeline/raw/encode_results/files/case/ENCSR726HTS/ENCFF069LYC.fastq.gz,,2,H3K27ac,ENCSR189UPU,2
ENCSR726HTS,/nfs-stor/akshat.mistry/cluster/dbsuper_pipeline/raw/encode_results/files/case/ENCSR726HTS/ENCFF793WPL.fastq.gz,,2,H3K27ac,ENCSR189UPU,2
ENCSR726HTS,/nfs-stor/akshat.mistry/cluster/dbsuper_pipeline/raw/encode_results/files/case/ENCSR726HTS/ENCFF824EOS.fastq.gz,,2,H3K27ac,ENCSR189UPU,2
ENCSR729ENO,/nfs-stor/akshat.mistry/cluster/dbsuper_pipeline/raw/encode_results/files/case/ENCSR729ENO/ENCFF649LQY.fastq.gz,,1,H3K27ac,ENCSR773IYZ,1
ENCSR729ENO,/nfs-stor/akshat.mistry/cluster/dbsuper_pipeline/raw/encode_results/files/case/ENCSR729ENO/ENCFF877QYT.fastq.gz,,2,H3K27ac,ENCSR773IYZ,2
ENCSR729GQT,/nfs-stor/akshat.mistry/cluster/dbsuper_pipeline/raw/encode_results/files/case/ENCSR729GQT/ENCFF044NZG.fastq.gz,,1,H3K27ac,ENCSR895CJW,1
ENCSR729GQT,/nfs-stor/akshat.mistry/cluster/dbsuper_pipeline/raw/encode_results/files/case/ENCSR729GQT/ENCFF308RQQ.fastq.gz,,1,H3K27ac,ENCSR895CJW,1
ENCSR729GQT,/nfs-stor/akshat.mistry/cluster/dbsuper_pipeline/raw/encode_results/files/case/ENCSR729GQT/ENCFF645NQX.fastq.gz,,1,H3K27ac,ENCSR895CJW,1
ENCSR729GQT,/nfs-stor/akshat.mistry/cluster/dbsuper_pipeline/raw/encode_results/files/case/ENCSR729GQT/ENCFF950QNY.fastq.gz,,1,H3K27ac,ENCSR895CJW,1
ENCSR734FLK,/nfs-stor/akshat.mistry/cluster/dbsuper_pipeline/raw/encode_results/files/case/ENCSR734FLK/ENCFF017IRN.fastq.gz,,1,H3K27ac,ENCSR085WWL,1
ENCSR734FLK,/nfs-stor/akshat.mistry/cluster/dbsuper_pipeline/raw/encode_results/files/case/ENCSR734FLK/ENCFF670FKA.fastq.gz,,2,H3K27ac,ENCSR085WWL,2
ENCSR734FLK,/nfs-stor/akshat.mistry/cluster/dbsuper_pipeline/raw/encode_results/files/case/ENCSR734FLK/ENCFF178RUH.fastq.gz,,3,H3K27ac,ENCSR085WWL,3
ENCSR736ALU,/nfs-stor/akshat.mistry/cluster/dbsuper_pipeline/raw/encode_results/files/case/ENCSR736ALU/ENCFF184LPK.fastq.gz,,1,H3K27ac,ENCSR001UFN,1
ENCSR736ALU,/nfs-stor/akshat.mistry/cluster/dbsuper_pipeline/raw/encode_results/files/case/ENCSR736ALU/ENCFF789APL.fastq.gz,,1,H3K27ac,ENCSR001UFN,1
ENCSR736ALU,/nfs-stor/akshat.mistry/cluster/dbsuper_pipeline/raw/encode_results/files/case/ENCSR736ALU/ENCFF298AKE.fastq.gz,,2,H3K27ac,ENCSR001UFN,1
ENCSR736ALU,/nfs-stor/akshat.mistry/cluster/dbsuper_pipeline/raw/encode_results/files/case/ENCSR736ALU/ENCFF707VEV.fastq.gz,,2,H3K27ac,ENCSR001UFN,1
ENCSR736ZEG,/nfs-stor/akshat.mistry/cluster/dbsuper_pipeline/raw/encode_results/files/case/ENCSR736ZEG/ENCFF995BBI.fastq.gz,,1,H3K27ac,ENCSR982AYN,1
ENCSR736ZEG,/nfs-stor/akshat.mistry/cluster/dbsuper_pipeline/raw/encode_results/files/case/ENCSR736ZEG/ENCFF918BDP.fastq.gz,,2,H3K27ac,ENCSR982AYN,2
ENCSR738SXD,/nfs-stor/akshat.mistry/cluster/dbsuper_pipeline/raw/encode_results/files/case/ENCSR738SXD/ENCFF459LBY.fastq.gz,,1,H3K27ac,ENCSR422TGJ,1
ENCSR738SXD,/nfs-stor/akshat.mistry/cluster/dbsuper_pipeline/raw/encode_results/files/case/ENCSR738SXD/ENCFF949SUD.fastq.gz,,1,H3K27ac,ENCSR422TGJ,1
ENCSR741HEF,/nfs-stor/akshat.mistry/cluster/dbsuper_pipeline/raw/encode_results/files/case/ENCSR741HEF/ENCFF051KSE.fastq.gz,,1,H3K27ac,ENCSR891YGO,1
ENCSR741HEF,/nfs-stor/akshat.mistry/cluster/dbsuper_pipeline/raw/encode_results/files/case/ENCSR741HEF/ENCFF096NFW.fastq.gz,,1,H3K27ac,ENCSR891YGO,1
ENCSR741HEF,/nfs-stor/akshat.mistry/cluster/dbsuper_pipeline/raw/encode_results/files/case/ENCSR741HEF/ENCFF170UGT.fastq.gz,,1,H3K27ac,ENCSR891YGO,1
ENCSR741HEF,/nfs-stor/akshat.mistry/cluster/dbsuper_pipeline/raw/encode_results/files/case/ENCSR741HEF/ENCFF361WZY.fastq.gz,,1,H3K27ac,ENCSR891YGO,1
ENCSR741HEF,/nfs-stor/akshat.mistry/cluster/dbsuper_pipeline/raw/encode_results/files/case/ENCSR741HEF/ENCFF072UMX.fastq.gz,,1,H3K27ac,ENCSR891YGO,1
ENCSR741HEF,/nfs-stor/akshat.mistry/cluster/dbsuper_pipeline/raw/encode_results/files/case/ENCSR741HEF/ENCFF138MPW.fastq.gz,,1,H3K27ac,ENCSR891YGO,1
ENCSR741HEF,/nfs-stor/akshat.mistry/cluster/dbsuper_pipeline/raw/encode_results/files/case/ENCSR741HEF/ENCFF358GGV.fastq.gz,,1,H3K27ac,ENCSR891YGO,1
ENCSR741HEF,/nfs-stor/akshat.mistry/cluster/dbsuper_pipeline/raw/encode_results/files/case/ENCSR741HEF/ENCFF383MWC.fastq.gz,,1,H3K27ac,ENCSR891YGO,1
ENCSR741HEF,/nfs-stor/akshat.mistry/cluster/dbsuper_pipeline/raw/encode_results/files/case/ENCSR741HEF/ENCFF567DEJ.fastq.gz,,1,H3K27ac,ENCSR891YGO,1
ENCSR741HEF,/nfs-stor/akshat.mistry/cluster/dbsuper_pipeline/raw/encode_results/files/case/ENCSR741HEF/ENCFF572MZK.fastq.gz,,1,H3K27ac,ENCSR891YGO,1
ENCSR741HEF,/nfs-stor/akshat.mistry/cluster/dbsuper_pipeline/raw/encode_results/files/case/ENCSR741HEF/ENCFF730YJV.fastq.gz,,1,H3K27ac,ENCSR891YGO,1
ENCSR741HEF,/nfs-stor/akshat.mistry/cluster/dbsuper_pipeline/raw/encode_results/files/case/ENCSR741HEF/ENCFF776OYR.fastq.gz,,1,H3K27ac,ENCSR891YGO,1
ENCSR741STU,/nfs-stor/akshat.mistry/cluster/dbsuper_pipeline/raw/encode_results/files/case/ENCSR741STU/ENCFF002BAM.fastq.gz,,1,H3K27ac,ENCSR742WWB,1
ENCSR741STU,/nfs-stor/akshat.mistry/cluster/dbsuper_pipeline/raw/encode_results/files/case/ENCSR741STU/ENCFF538SFE.fastq.gz,,2,H3K27ac,ENCSR742WWB,2
ENCSR743DDX,/nfs-stor/akshat.mistry/cluster/dbsuper_pipeline/raw/encode_results/files/case/ENCSR743DDX/ENCFF061QOM.fastq.gz,,1,H3K27ac,ENCSR927MXE,1
ENCSR743DDX,/nfs-stor/akshat.mistry/cluster/dbsuper_pipeline/raw/encode_results/files/case/ENCSR743DDX/ENCFF358COO.fastq.gz,,1,H3K27ac,ENCSR927MXE,1
ENCSR748OJA,/nfs-stor/akshat.mistry/cluster/dbsuper_pipeline/raw/encode_results/files/case/ENCSR748OJA/ENCFF275VIV.fastq.gz,,1,H3K27ac,ENCSR632MPN,1
ENCSR748OJA,/nfs-stor/akshat.mistry/cluster/dbsuper_pipeline/raw/encode_results/files/case/ENCSR748OJA/ENCFF294ONB.fastq.gz,,1,H3K27ac,ENCSR632MPN,1
ENCSR748OJA,/nfs-stor/akshat.mistry/cluster/dbsuper_pipeline/raw/encode_results/files/case/ENCSR748OJA/ENCFF542GQV.fastq.gz,,1,H3K27ac,ENCSR632MPN,1
ENCSR748OJA,/nfs-stor/akshat.mistry/cluster/dbsuper_pipeline/raw/encode_results/files/case/ENCSR748OJA/ENCFF807AEJ.fastq.gz,,1,H3K27ac,ENCSR632MPN,1
ENCSR748OJA,/nfs-stor/akshat.mistry/cluster/dbsuper_pipeline/raw/encode_results/files/case/ENCSR748OJA/ENCFF196IZI.fastq.gz,,1,H3K27ac,ENCSR632MPN,1
ENCSR748OJA,/nfs-stor/akshat.mistry/cluster/dbsuper_pipeline/raw/encode_results/files/case/ENCSR748OJA/ENCFF690WRD.fastq.gz,,1,H3K27ac,ENCSR632MPN,1
ENCSR748OJA,/nfs-stor/akshat.mistry/cluster/dbsuper_pipeline/raw/encode_results/files/case/ENCSR748OJA/ENCFF713CMY.fastq.gz,,1,H3K27ac,ENCSR632MPN,1
ENCSR748OJA,/nfs-stor/akshat.mistry/cluster/dbsuper_pipeline/raw/encode_results/files/case/ENCSR748OJA/ENCFF808MET.fastq.gz,,1,H3K27ac,ENCSR632MPN,1
ENCSR748TFF,/nfs-stor/akshat.mistry/cluster/dbsuper_pipeline/raw/encode_results/files/case/ENCSR748TFF/ENCFF517EHH.fastq.gz,,1,H3K27ac,ENCSR833HBT,1
ENCSR748TFF,/nfs-stor/akshat.mistry/cluster/dbsuper_pipeline/raw/encode_results/files/case/ENCSR748TFF/ENCFF579QWM.fastq.gz,,1,H3K27ac,ENCSR833HBT,1
ENCSR751BHO,/nfs-stor/akshat.mistry/cluster/dbsuper_pipeline/raw/encode_results/files/case/ENCSR751BHO/ENCFF539VAQ.fastq.gz,,1,H3K27ac,ENCSR948DNK,1
ENCSR751BHO,/nfs-stor/akshat.mistry/cluster/dbsuper_pipeline/raw/encode_results/files/case/ENCSR751BHO/ENCFF608CMJ.fastq.gz,,1,H3K27ac,ENCSR948DNK,1
ENCSR751BHO,/nfs-stor/akshat.mistry/cluster/dbsuper_pipeline/raw/encode_results/files/case/ENCSR751BHO/ENCFF746EJK.fastq.gz,,1,H3K27ac,ENCSR948DNK,1
ENCSR751BHO,/nfs-stor/akshat.mistry/cluster/dbsuper_pipeline/raw/encode_results/files/case/ENCSR751BHO/ENCFF862SNF.fastq.gz,,1,H3K27ac,ENCSR948DNK,1
ENCSR752UOD,/nfs-stor/akshat.mistry/cluster/dbsuper_pipeline/raw/encode_results/files/case/ENCSR752UOD/ENCFF303DDV.fastq.gz,,1,H3K27ac,ENCSR768LHG,1
ENCSR752UOD,/nfs-stor/akshat.mistry/cluster/dbsuper_pipeline/raw/encode_results/files/case/ENCSR752UOD/ENCFF337CJH.fastq.gz,,1,H3K27ac,ENCSR768LHG,1
ENCSR752UOD,/nfs-stor/akshat.mistry/cluster/dbsuper_pipeline/raw/encode_results/files/case/ENCSR752UOD/ENCFF787RSQ.fastq.gz,,2,H3K27ac,ENCSR768LHG,2
ENCSR754DRC,/nfs-stor/akshat.mistry/cluster/dbsuper_pipeline/raw/encode_results/files/case/ENCSR754DRC/ENCFF843HDE.fastq.gz,,1,H3K27ac,ENCSR124KQG,1
ENCSR754DRC,/nfs-stor/akshat.mistry/cluster/dbsuper_pipeline/raw/encode_results/files/case/ENCSR754DRC/ENCFF010CHD.fastq.gz,,2,H3K27ac,ENCSR124KQG,1
ENCSR758KRK,/nfs-stor/akshat.mistry/cluster/dbsuper_pipeline/raw/encode_results/files/case/ENCSR758KRK/ENCFF096DGK.fastq.gz,,1,H3K27ac,ENCSR118FQN,1
ENCSR758KRK,/nfs-stor/akshat.mistry/cluster/dbsuper_pipeline/raw/encode_results/files/case/ENCSR758KRK/ENCFF871OUX.fastq.gz,,1,H3K27ac,ENCSR118FQN,1
ENCSR758KRK,/nfs-stor/akshat.mistry/cluster/dbsuper_pipeline/raw/encode_results/files/case/ENCSR758KRK/ENCFF400HWQ.fastq.gz,,1,H3K27ac,ENCSR118FQN,1
ENCSR758KRK,/nfs-stor/akshat.mistry/cluster/dbsuper_pipeline/raw/encode_results/files/case/ENCSR758KRK/ENCFF733MLR.fastq.gz,,1,H3K27ac,ENCSR118FQN,1
ENCSR758OEC,/nfs-stor/akshat.mistry/cluster/dbsuper_pipeline/raw/encode_results/files/case/ENCSR758OEC/ENCFF630ZFU.fastq.gz,,1,H3K27ac,ENCSR264HOB,1
ENCSR758OEC,/nfs-stor/akshat.mistry/cluster/dbsuper_pipeline/raw/encode_results/files/case/ENCSR758OEC/ENCFF783XFU.fastq.gz,,2,H3K27ac,ENCSR264HOB,2
ENCSR763IDK,/nfs-stor/akshat.mistry/cluster/dbsuper_pipeline/raw/encode_results/files/case/ENCSR763IDK/ENCFF032TSP.fastq.gz,,1,H3K27ac,ENCSR113QDZ,1
ENCSR763IDK,/nfs-stor/akshat.mistry/cluster/dbsuper_pipeline/raw/encode_results/files/case/ENCSR763IDK/ENCFF111ZHX.fastq.gz,,1,H3K27ac,ENCSR113QDZ,1
ENCSR763IDK,/nfs-stor/akshat.mistry/cluster/dbsuper_pipeline/raw/encode_results/files/case/ENCSR763IDK/ENCFF423DAR.fastq.gz,,1,H3K27ac,ENCSR113QDZ,1
ENCSR763IDK,/nfs-stor/akshat.mistry/cluster/dbsuper_pipeline/raw/encode_results/files/case/ENCSR763IDK/ENCFF652GCZ.fastq.gz,,1,H3K27ac,ENCSR113QDZ,1
ENCSR763IDK,/nfs-stor/akshat.mistry/cluster/dbsuper_pipeline/raw/encode_results/files/case/ENCSR763IDK/ENCFF698USZ.fastq.gz,,1,H3K27ac,ENCSR113QDZ,1
ENCSR763IDK,/nfs-stor/akshat.mistry/cluster/dbsuper_pipeline/raw/encode_results/files/case/ENCSR763IDK/ENCFF951QTZ.fastq.gz,,1,H3K27ac,ENCSR113QDZ,1
ENCSR763IDK,/nfs-stor/akshat.mistry/cluster/dbsuper_pipeline/raw/encode_results/files/case/ENCSR763IDK/ENCFF503OSZ.fastq.gz,,2,H3K27ac,ENCSR113QDZ,2
ENCSR763IDK,/nfs-stor/akshat.mistry/cluster/dbsuper_pipeline/raw/encode_results/files/case/ENCSR763IDK/ENCFF885CXC.fastq.gz,,2,H3K27ac,ENCSR113QDZ,2
ENCSR764HZU,/nfs-stor/akshat.mistry/cluster/dbsuper_pipeline/raw/encode_results/files/case/ENCSR764HZU/ENCFF388AKB.fastq.gz,,1,H3K27ac,ENCSR723FET,1
ENCSR764HZU,/nfs-stor/akshat.mistry/cluster/dbsuper_pipeline/raw/encode_results/files/case/ENCSR764HZU/ENCFF311IBB.fastq.gz,,2,H3K27ac,ENCSR723FET,1
ENCSR769CSE,/nfs-stor/akshat.mistry/cluster/dbsuper_pipeline/raw/encode_results/files/case/ENCSR769CSE/ENCFF583RHP.fastq.gz,,1,H3K27ac,ENCSR672UXO,1
ENCSR769CSE,/nfs-stor/akshat.mistry/cluster/dbsuper_pipeline/raw/encode_results/files/case/ENCSR769CSE/ENCFF218SED.fastq.gz,,2,H3K27ac,ENCSR672UXO,1
ENCSR769FOC,/nfs-stor/akshat.mistry/cluster/dbsuper_pipeline/raw/encode_results/files/case/ENCSR769FOC/ENCFF763WUN.fastq.gz,,1,H3K27ac,ENCSR011GWK,1
ENCSR769FOC,/nfs-stor/akshat.mistry/cluster/dbsuper_pipeline/raw/encode_results/files/case/ENCSR769FOC/ENCFF443IWZ.fastq.gz,,2,H3K27ac,ENCSR011GWK,2
ENCSR771YJT,/nfs-stor/akshat.mistry/cluster/dbsuper_pipeline/raw/encode_results/files/case/ENCSR771YJT/ENCFF075RQB.fastq.gz,,1,H3K27ac,ENCSR154SJE,1
ENCSR771YJT,/nfs-stor/akshat.mistry/cluster/dbsuper_pipeline/raw/encode_results/files/case/ENCSR771YJT/ENCFF699EFW.fastq.gz,,1,H3K27ac,ENCSR154SJE,1
ENCSR772ABL,/nfs-stor/akshat.mistry/cluster/dbsuper_pipeline/raw/encode_results/files/case/ENCSR772ABL/ENCFF112SNY.fastq.gz,,1,H3K27ac,ENCSR049JKQ,1
ENCSR772ABL,/nfs-stor/akshat.mistry/cluster/dbsuper_pipeline/raw/encode_results/files/case/ENCSR772ABL/ENCFF756BHY.fastq.gz,,1,H3K27ac,ENCSR049JKQ,1
ENCSR772ABL,/nfs-stor/akshat.mistry/cluster/dbsuper_pipeline/raw/encode_results/files/case/ENCSR772ABL/ENCFF784BAY.fastq.gz,,1,H3K27ac,ENCSR049JKQ,1
ENCSR772ABL,/nfs-stor/akshat.mistry/cluster/dbsuper_pipeline/raw/encode_results/files/case/ENCSR772ABL/ENCFF849RPS.fastq.gz,,1,H3K27ac,ENCSR049JKQ,1
ENCSR772ABL,/nfs-stor/akshat.mistry/cluster/dbsuper_pipeline/raw/encode_results/files/case/ENCSR772ABL/ENCFF281JID.fastq.gz,,1,H3K27ac,ENCSR049JKQ,1
ENCSR772ABL,/nfs-stor/akshat.mistry/cluster/dbsuper_pipeline/raw/encode_results/files/case/ENCSR772ABL/ENCFF535IXP.fastq.gz,,1,H3K27ac,ENCSR049JKQ,1
ENCSR772ABL,/nfs-stor/akshat.mistry/cluster/dbsuper_pipeline/raw/encode_results/files/case/ENCSR772ABL/ENCFF836NON.fastq.gz,,1,H3K27ac,ENCSR049JKQ,1
ENCSR772ABL,/nfs-stor/akshat.mistry/cluster/dbsuper_pipeline/raw/encode_results/files/case/ENCSR772ABL/ENCFF863LOI.fastq.gz,,1,H3K27ac,ENCSR049JKQ,1
ENCSR775FTU,/nfs-stor/akshat.mistry/cluster/dbsuper_pipeline/raw/encode_results/files/case/ENCSR775FTU/ENCFF125KNQ.fastq.gz,,1,H3K27ac,ENCSR639HUV,1
ENCSR775FTU,/nfs-stor/akshat.mistry/cluster/dbsuper_pipeline/raw/encode_results/files/case/ENCSR775FTU/ENCFF394NCY.fastq.gz,,1,H3K27ac,ENCSR639HUV,1
ENCSR776KLS,/nfs-stor/akshat.mistry/cluster/dbsuper_pipeline/raw/encode_results/files/case/ENCSR776KLS/ENCFF427ZIM.fastq.gz,,1,H3K27ac,ENCSR064RLF,1
ENCSR776KLS,/nfs-stor/akshat.mistry/cluster/dbsuper_pipeline/raw/encode_results/files/case/ENCSR776KLS/ENCFF445EHN.fastq.gz,,1,H3K27ac,ENCSR064RLF,1
ENCSR776TJT,/nfs-stor/akshat.mistry/cluster/dbsuper_pipeline/raw/encode_results/files/case/ENCSR776TJT/ENCFF229DOX.fastq.gz,,1,H3K27ac,ENCSR437DCH,1
ENCSR776TJT,/nfs-stor/akshat.mistry/cluster/dbsuper_pipeline/raw/encode_results/files/case/ENCSR776TJT/ENCFF350SPG.fastq.gz,,1,H3K27ac,ENCSR437DCH,1
ENCSR776TJT,/nfs-stor/akshat.mistry/cluster/dbsuper_pipeline/raw/encode_results/files/case/ENCSR776TJT/ENCFF498DAE.fastq.gz,,1,H3K27ac,ENCSR437DCH,1
ENCSR776TJT,/nfs-stor/akshat.mistry/cluster/dbsuper_pipeline/raw/encode_results/files/case/ENCSR776TJT/ENCFF624LRO.fastq.gz,,1,H3K27ac,ENCSR437DCH,1
ENCSR776TJT,/nfs-stor/akshat.mistry/cluster/dbsuper_pipeline/raw/encode_results/files/case/ENCSR776TJT/ENCFF360MFW.fastq.gz,,1,H3K27ac,ENCSR437DCH,1
ENCSR776TJT,/nfs-stor/akshat.mistry/cluster/dbsuper_pipeline/raw/encode_results/files/case/ENCSR776TJT/ENCFF371UOR.fastq.gz,,1,H3K27ac,ENCSR437DCH,1
ENCSR776TJT,/nfs-stor/akshat.mistry/cluster/dbsuper_pipeline/raw/encode_results/files/case/ENCSR776TJT/ENCFF735UQS.fastq.gz,,1,H3K27ac,ENCSR437DCH,1
ENCSR776TJT,/nfs-stor/akshat.mistry/cluster/dbsuper_pipeline/raw/encode_results/files/case/ENCSR776TJT/ENCFF982ZQZ.fastq.gz,,1,H3K27ac,ENCSR437DCH,1
ENCSR777CQW,/nfs-stor/akshat.mistry/cluster/dbsuper_pipeline/raw/encode_results/files/case/ENCSR777CQW/ENCFF289XSZ.fastq.gz,,1,H3K27ac,ENCSR933UGQ,1
ENCSR777CQW,/nfs-stor/akshat.mistry/cluster/dbsuper_pipeline/raw/encode_results/files/case/ENCSR777CQW/ENCFF724WMY.fastq.gz,,2,H3K27ac,ENCSR933UGQ,2
ENCSR778NQS,/nfs-stor/akshat.mistry/cluster/dbsuper_pipeline/raw/encode_results/files/case/ENCSR778NQS/ENCFF561LMW.fastq.gz,,1,H3K27ac,ENCSR814XCZ,1
ENCSR778NQS,/nfs-stor/akshat.mistry/cluster/dbsuper_pipeline/raw/encode_results/files/case/ENCSR778NQS/ENCFF648QLO.fastq.gz,,2,H3K27ac,ENCSR814XCZ,2
ENCSR778NQS,/nfs-stor/akshat.mistry/cluster/dbsuper_pipeline/raw/encode_results/files/case/ENCSR778NQS/ENCFF141ICG.fastq.gz,,3,H3K27ac,ENCSR814XCZ,3
ENCSR778QHG,/nfs-stor/akshat.mistry/cluster/dbsuper_pipeline/raw/encode_results/files/case/ENCSR778QHG/ENCFF494BBS.fastq.gz,,1,H3K27ac,ENCSR059VTG,1
ENCSR778QHG,/nfs-stor/akshat.mistry/cluster/dbsuper_pipeline/raw/encode_results/files/case/ENCSR778QHG/ENCFF992XKE.fastq.gz,,1,H3K27ac,ENCSR059VTG,1
ENCSR778QHG,/nfs-stor/akshat.mistry/cluster/dbsuper_pipeline/raw/encode_results/files/case/ENCSR778QHG/ENCFF334EZW.fastq.gz,,1,H3K27ac,ENCSR059VTG,1
ENCSR778QHG,/nfs-stor/akshat.mistry/cluster/dbsuper_pipeline/raw/encode_results/files/case/ENCSR778QHG/ENCFF549LCU.fastq.gz,,1,H3K27ac,ENCSR059VTG,1
ENCSR779ISJ,/nfs-stor/akshat.mistry/cluster/dbsuper_pipeline/raw/encode_results/files/case/ENCSR779ISJ/ENCFF008XUT.fastq.gz,,1,H3K27ac,ENCSR886ATT,1
ENCSR779ISJ,/nfs-stor/akshat.mistry/cluster/dbsuper_pipeline/raw/encode_results/files/case/ENCSR779ISJ/ENCFF101JNN.fastq.gz,,1,H3K27ac,ENCSR886ATT,1
ENCSR779ISJ,/nfs-stor/akshat.mistry/cluster/dbsuper_pipeline/raw/encode_results/files/case/ENCSR779ISJ/ENCFF857XCM.fastq.gz,,1,H3K27ac,ENCSR886ATT,1
ENCSR779ISJ,/nfs-stor/akshat.mistry/cluster/dbsuper_pipeline/raw/encode_results/files/case/ENCSR779ISJ/ENCFF971RXA.fastq.gz,,1,H3K27ac,ENCSR886ATT,1
ENCSR779ISJ,/nfs-stor/akshat.mistry/cluster/dbsuper_pipeline/raw/encode_results/files/case/ENCSR779ISJ/ENCFF147ZHZ.fastq.gz,,1,H3K27ac,ENCSR886ATT,1
ENCSR779ISJ,/nfs-stor/akshat.mistry/cluster/dbsuper_pipeline/raw/encode_results/files/case/ENCSR779ISJ/ENCFF278SKM.fastq.gz,,1,H3K27ac,ENCSR886ATT,1
ENCSR779ISJ,/nfs-stor/akshat.mistry/cluster/dbsuper_pipeline/raw/encode_results/files/case/ENCSR779ISJ/ENCFF761WRE.fastq.gz,,1,H3K27ac,ENCSR886ATT,1
ENCSR779ISJ,/nfs-stor/akshat.mistry/cluster/dbsuper_pipeline/raw/encode_results/files/case/ENCSR779ISJ/ENCFF857KUW.fastq.gz,,1,H3K27ac,ENCSR886ATT,1
ENCSR783SNV,/nfs-stor/akshat.mistry/cluster/dbsuper_pipeline/raw/encode_results/files/case/ENCSR783SNV/ENCFF823YGI.fastq.gz,,1,H3K27ac,ENCSR838ZAU,1
ENCSR783SNV,/nfs-stor/akshat.mistry/cluster/dbsuper_pipeline/raw/encode_results/files/case/ENCSR783SNV/ENCFF187VER.fastq.gz,,2,H3K27ac,ENCSR838ZAU,2
ENCSR783SNV,/nfs-stor/akshat.mistry/cluster/dbsuper_pipeline/raw/encode_results/files/case/ENCSR783SNV/ENCFF573OYR.fastq.gz,,3,H3K27ac,ENCSR838ZAU,3
ENCSR786VUJ,/nfs-stor/akshat.mistry/cluster/dbsuper_pipeline/raw/encode_results/files/case/ENCSR786VUJ/ENCFF231CZU.fastq.gz,,1,H3K27ac,ENCSR822YWX,1
ENCSR786VUJ,/nfs-stor/akshat.mistry/cluster/dbsuper_pipeline/raw/encode_results/files/case/ENCSR786VUJ/ENCFF519VRM.fastq.gz,,1,H3K27ac,ENCSR822YWX,1
ENCSR786VUJ,/nfs-stor/akshat.mistry/cluster/dbsuper_pipeline/raw/encode_results/files/case/ENCSR786VUJ/ENCFF889BDC.fastq.gz,,1,H3K27ac,ENCSR822YWX,1
ENCSR786VUJ,/nfs-stor/akshat.mistry/cluster/dbsuper_pipeline/raw/encode_results/files/case/ENCSR786VUJ/ENCFF941NKC.fastq.gz,,1,H3K27ac,ENCSR822YWX,1
ENCSR786VUJ,/nfs-stor/akshat.mistry/cluster/dbsuper_pipeline/raw/encode_results/files/case/ENCSR786VUJ/ENCFF345RUK.fastq.gz,,1,H3K27ac,ENCSR822YWX,1
ENCSR786VUJ,/nfs-stor/akshat.mistry/cluster/dbsuper_pipeline/raw/encode_results/files/case/ENCSR786VUJ/ENCFF395PCG.fastq.gz,,1,H3K27ac,ENCSR822YWX,1
ENCSR786VUJ,/nfs-stor/akshat.mistry/cluster/dbsuper_pipeline/raw/encode_results/files/case/ENCSR786VUJ/ENCFF420ZGF.fastq.gz,,1,H3K27ac,ENCSR822YWX,1
ENCSR786VUJ,/nfs-stor/akshat.mistry/cluster/dbsuper_pipeline/raw/encode_results/files/case/ENCSR786VUJ/ENCFF618NHC.fastq.gz,,1,H3K27ac,ENCSR822YWX,1
ENCSR791ISZ,/nfs-stor/akshat.mistry/cluster/dbsuper_pipeline/raw/encode_results/files/case/ENCSR791ISZ/ENCFF453FYW.fastq.gz,,1,H3K27ac,ENCSR688CIB,1
ENCSR792VLP,/nfs-stor/akshat.mistry/cluster/dbsuper_pipeline/raw/encode_results/files/case/ENCSR792VLP/ENCFF377RRF.fastq.gz,,1,H3K27ac,ENCSR384KIB,1
ENCSR792VLP,/nfs-stor/akshat.mistry/cluster/dbsuper_pipeline/raw/encode_results/files/case/ENCSR792VLP/ENCFF792AEJ.fastq.gz,,1,H3K27ac,ENCSR384KIB,1
ENCSR792VLP,/nfs-stor/akshat.mistry/cluster/dbsuper_pipeline/raw/encode_results/files/case/ENCSR792VLP/ENCFF355XNV.fastq.gz,,1,H3K27ac,ENCSR384KIB,1
ENCSR792VLP,/nfs-stor/akshat.mistry/cluster/dbsuper_pipeline/raw/encode_results/files/case/ENCSR792VLP/ENCFF767RRK.fastq.gz,,1,H3K27ac,ENCSR384KIB,1
ENCSR792VLP,/nfs-stor/akshat.mistry/cluster/dbsuper_pipeline/raw/encode_results/files/case/ENCSR792VLP/ENCFF113KRD.fastq.gz,,2,H3K27ac,ENCSR384KIB,2
ENCSR792VLP,/nfs-stor/akshat.mistry/cluster/dbsuper_pipeline/raw/encode_results/files/case/ENCSR792VLP/ENCFF428QLZ.fastq.gz,,2,H3K27ac,ENCSR384KIB,2
ENCSR792VLP,/nfs-stor/akshat.mistry/cluster/dbsuper_pipeline/raw/encode_results/files/case/ENCSR792VLP/ENCFF673MQC.fastq.gz,,2,H3K27ac,ENCSR384KIB,2
ENCSR792VLP,/nfs-stor/akshat.mistry/cluster/dbsuper_pipeline/raw/encode_results/files/case/ENCSR792VLP/ENCFF688YVM.fastq.gz,,2,H3K27ac,ENCSR384KIB,2
ENCSR792VLP,/nfs-stor/akshat.mistry/cluster/dbsuper_pipeline/raw/encode_results/files/case/ENCSR792VLP/ENCFF206EUG.fastq.gz,,2,H3K27ac,ENCSR384KIB,2
ENCSR792VLP,/nfs-stor/akshat.mistry/cluster/dbsuper_pipeline/raw/encode_results/files/case/ENCSR792VLP/ENCFF653KLY.fastq.gz,,2,H3K27ac,ENCSR384KIB,2
ENCSR792VLP,/nfs-stor/akshat.mistry/cluster/dbsuper_pipeline/raw/encode_results/files/case/ENCSR792VLP/ENCFF916DUF.fastq.gz,,2,H3K27ac,ENCSR384KIB,2
ENCSR792VLP,/nfs-stor/akshat.mistry/cluster/dbsuper_pipeline/raw/encode_results/files/case/ENCSR792VLP/ENCFF987WIQ.fastq.gz,,2,H3K27ac,ENCSR384KIB,2
ENCSR799SRL,/nfs-stor/akshat.mistry/cluster/dbsuper_pipeline/raw/encode_results/files/case/ENCSR799SRL/ENCFF314JAW.fastq.gz,,1,H3K27ac,ENCSR339WBT,1
ENCSR799SRL,/nfs-stor/akshat.mistry/cluster/dbsuper_pipeline/raw/encode_results/files/case/ENCSR799SRL/ENCFF277BER.fastq.gz,,2,H3K27ac,ENCSR339WBT,1
ENCSR799SRL,/nfs-stor/akshat.mistry/cluster/dbsuper_pipeline/raw/encode_results/files/case/ENCSR799SRL/ENCFF279KNT.fastq.gz,,3,H3K27ac,ENCSR339WBT,1
ENCSR801IPH,/nfs-stor/akshat.mistry/cluster/dbsuper_pipeline/raw/encode_results/files/case/ENCSR801IPH/ENCFF391EOT.fastq.gz,,1,H3K27ac,ENCSR775IMI,1
ENCSR801IPH,/nfs-stor/akshat.mistry/cluster/dbsuper_pipeline/raw/encode_results/files/case/ENCSR801IPH/ENCFF404QLW.fastq.gz,,1,H3K27ac,ENCSR775IMI,1
ENCSR801IPH,/nfs-stor/akshat.mistry/cluster/dbsuper_pipeline/raw/encode_results/files/case/ENCSR801IPH/ENCFF898WVK.fastq.gz,,1,H3K27ac,ENCSR775IMI,1
ENCSR801IPH,/nfs-stor/akshat.mistry/cluster/dbsuper_pipeline/raw/encode_results/files/case/ENCSR801IPH/ENCFF596HQA.fastq.gz,,1,H3K27ac,ENCSR775IMI,1
ENCSR801IPH,/nfs-stor/akshat.mistry/cluster/dbsuper_pipeline/raw/encode_results/files/case/ENCSR801IPH/ENCFF777GCN.fastq.gz,,2,H3K27ac,ENCSR775IMI,1
ENCSR801IPH,/nfs-stor/akshat.mistry/cluster/dbsuper_pipeline/raw/encode_results/files/case/ENCSR801IPH/ENCFF175LIK.fastq.gz,,2,H3K27ac,ENCSR775IMI,1
ENCSR807TBS,/nfs-stor/akshat.mistry/cluster/dbsuper_pipeline/raw/encode_results/files/case/ENCSR807TBS/ENCFF463WBZ.fastq.gz,,1,H3K27ac,ENCSR394ZWY,1
ENCSR807TBS,/nfs-stor/akshat.mistry/cluster/dbsuper_pipeline/raw/encode_results/files/case/ENCSR807TBS/ENCFF521JII.fastq.gz,,1,H3K27ac,ENCSR394ZWY,1
ENCSR807TBS,/nfs-stor/akshat.mistry/cluster/dbsuper_pipeline/raw/encode_results/files/case/ENCSR807TBS/ENCFF865HGJ.fastq.gz,,1,H3K27ac,ENCSR394ZWY,1
ENCSR807TBS,/nfs-stor/akshat.mistry/cluster/dbsuper_pipeline/raw/encode_results/files/case/ENCSR807TBS/ENCFF869DHH.fastq.gz,,1,H3K27ac,ENCSR394ZWY,1
ENCSR807TBS,/nfs-stor/akshat.mistry/cluster/dbsuper_pipeline/raw/encode_results/files/case/ENCSR807TBS/ENCFF534BQA.fastq.gz,,1,H3K27ac,ENCSR394ZWY,1
ENCSR807TBS,/nfs-stor/akshat.mistry/cluster/dbsuper_pipeline/raw/encode_results/files/case/ENCSR807TBS/ENCFF560XSN.fastq.gz,,1,H3K27ac,ENCSR394ZWY,1
ENCSR807TBS,/nfs-stor/akshat.mistry/cluster/dbsuper_pipeline/raw/encode_results/files/case/ENCSR807TBS/ENCFF772FIS.fastq.gz,,1,H3K27ac,ENCSR394ZWY,1
ENCSR807TBS,/nfs-stor/akshat.mistry/cluster/dbsuper_pipeline/raw/encode_results/files/case/ENCSR807TBS/ENCFF922JEM.fastq.gz,,1,H3K27ac,ENCSR394ZWY,1
ENCSR807XUB,/nfs-stor/akshat.mistry/cluster/dbsuper_pipeline/raw/encode_results/files/case/ENCSR807XUB/ENCFF783TMM.fastq.gz,,1,H3K27ac,ENCSR099RQB,1
ENCSR807XUB,/nfs-stor/akshat.mistry/cluster/dbsuper_pipeline/raw/encode_results/files/case/ENCSR807XUB/ENCFF789DVP.fastq.gz,,1,H3K27ac,ENCSR099RQB,1
ENCSR807XUB,/nfs-stor/akshat.mistry/cluster/dbsuper_pipeline/raw/encode_results/files/case/ENCSR807XUB/ENCFF201GTD.fastq.gz,,1,H3K27ac,ENCSR099RQB,1
ENCSR807XUB,/nfs-stor/akshat.mistry/cluster/dbsuper_pipeline/raw/encode_results/files/case/ENCSR807XUB/ENCFF594TCX.fastq.gz,,1,H3K27ac,ENCSR099RQB,1
ENCSR814KSK,/nfs-stor/akshat.mistry/cluster/dbsuper_pipeline/raw/encode_results/files/case/ENCSR814KSK/ENCFF168CWR.fastq.gz,,1,H3K27ac,ENCSR745AVM,1
ENCSR814KSK,/nfs-stor/akshat.mistry/cluster/dbsuper_pipeline/raw/encode_results/files/case/ENCSR814KSK/ENCFF482TQU.fastq.gz,,1,H3K27ac,ENCSR745AVM,1
ENCSR814KSK,/nfs-stor/akshat.mistry/cluster/dbsuper_pipeline/raw/encode_results/files/case/ENCSR814KSK/ENCFF522RSK.fastq.gz,,1,H3K27ac,ENCSR745AVM,1
ENCSR814KSK,/nfs-stor/akshat.mistry/cluster/dbsuper_pipeline/raw/encode_results/files/case/ENCSR814KSK/ENCFF621GLL.fastq.gz,,1,H3K27ac,ENCSR745AVM,1
ENCSR814KSK,/nfs-stor/akshat.mistry/cluster/dbsuper_pipeline/raw/encode_results/files/case/ENCSR814KSK/ENCFF399FKX.fastq.gz,,1,H3K27ac,ENCSR745AVM,1
ENCSR814KSK,/nfs-stor/akshat.mistry/cluster/dbsuper_pipeline/raw/encode_results/files/case/ENCSR814KSK/ENCFF428EKH.fastq.gz,,1,H3K27ac,ENCSR745AVM,1
ENCSR814KSK,/nfs-stor/akshat.mistry/cluster/dbsuper_pipeline/raw/encode_results/files/case/ENCSR814KSK/ENCFF707PJC.fastq.gz,,1,H3K27ac,ENCSR745AVM,1
ENCSR814KSK,/nfs-stor/akshat.mistry/cluster/dbsuper_pipeline/raw/encode_results/files/case/ENCSR814KSK/ENCFF746HHH.fastq.gz,,1,H3K27ac,ENCSR745AVM,1
ENCSR814QIV,/nfs-stor/akshat.mistry/cluster/dbsuper_pipeline/raw/encode_results/files/case/ENCSR814QIV/ENCFF201PSR.fastq.gz,,1,H3K27ac,ENCSR572GRM,1
ENCSR814QIV,/nfs-stor/akshat.mistry/cluster/dbsuper_pipeline/raw/encode_results/files/case/ENCSR814QIV/ENCFF253EMG.fastq.gz,,1,H3K27ac,ENCSR572GRM,1
ENCSR814QIV,/nfs-stor/akshat.mistry/cluster/dbsuper_pipeline/raw/encode_results/files/case/ENCSR814QIV/ENCFF875MIN.fastq.gz,,1,H3K27ac,ENCSR572GRM,1
ENCSR814QIV,/nfs-stor/akshat.mistry/cluster/dbsuper_pipeline/raw/encode_results/files/case/ENCSR814QIV/ENCFF888ZHL.fastq.gz,,1,H3K27ac,ENCSR572GRM,1
ENCSR814QIV,/nfs-stor/akshat.mistry/cluster/dbsuper_pipeline/raw/encode_results/files/case/ENCSR814QIV/ENCFF026EAX.fastq.gz,,1,H3K27ac,ENCSR572GRM,1
ENCSR814QIV,/nfs-stor/akshat.mistry/cluster/dbsuper_pipeline/raw/encode_results/files/case/ENCSR814QIV/ENCFF068PTJ.fastq.gz,,1,H3K27ac,ENCSR572GRM,1
ENCSR814QIV,/nfs-stor/akshat.mistry/cluster/dbsuper_pipeline/raw/encode_results/files/case/ENCSR814QIV/ENCFF434QXO.fastq.gz,,1,H3K27ac,ENCSR572GRM,1
ENCSR814QIV,/nfs-stor/akshat.mistry/cluster/dbsuper_pipeline/raw/encode_results/files/case/ENCSR814QIV/ENCFF617PTA.fastq.gz,,1,H3K27ac,ENCSR572GRM,1
ENCSR814QIV,/nfs-stor/akshat.mistry/cluster/dbsuper_pipeline/raw/encode_results/files/case/ENCSR814QIV/ENCFF047BRO.fastq.gz,,2,H3K27ac,ENCSR572GRM,2
ENCSR814QIV,/nfs-stor/akshat.mistry/cluster/dbsuper_pipeline/raw/encode_results/files/case/ENCSR814QIV/ENCFF084XXZ.fastq.gz,,2,H3K27ac,ENCSR572GRM,2
ENCSR814QIV,/nfs-stor/akshat.mistry/cluster/dbsuper_pipeline/raw/encode_results/files/case/ENCSR814QIV/ENCFF141QPL.fastq.gz,,2,H3K27ac,ENCSR572GRM,2
ENCSR814QIV,/nfs-stor/akshat.mistry/cluster/dbsuper_pipeline/raw/encode_results/files/case/ENCSR814QIV/ENCFF220HFN.fastq.gz,,2,H3K27ac,ENCSR572GRM,2
ENCSR814QIV,/nfs-stor/akshat.mistry/cluster/dbsuper_pipeline/raw/encode_results/files/case/ENCSR814QIV/ENCFF368UFL.fastq.gz,,2,H3K27ac,ENCSR572GRM,2
ENCSR814QIV,/nfs-stor/akshat.mistry/cluster/dbsuper_pipeline/raw/encode_results/files/case/ENCSR814QIV/ENCFF605JPD.fastq.gz,,2,H3K27ac,ENCSR572GRM,2
ENCSR814QIV,/nfs-stor/akshat.mistry/cluster/dbsuper_pipeline/raw/encode_results/files/case/ENCSR814QIV/ENCFF740DSN.fastq.gz,,2,H3K27ac,ENCSR572GRM,2
ENCSR814QIV,/nfs-stor/akshat.mistry/cluster/dbsuper_pipeline/raw/encode_results/files/case/ENCSR814QIV/ENCFF945SKW.fastq.gz,,2,H3K27ac,ENCSR572GRM,2
ENCSR814QIV,/nfs-stor/akshat.mistry/cluster/dbsuper_pipeline/raw/encode_results/files/case/ENCSR814QIV/ENCFF129XIH.fastq.gz,,2,H3K27ac,ENCSR572GRM,2
ENCSR814QIV,/nfs-stor/akshat.mistry/cluster/dbsuper_pipeline/raw/encode_results/files/case/ENCSR814QIV/ENCFF198ICD.fastq.gz,,2,H3K27ac,ENCSR572GRM,2
ENCSR814QIV,/nfs-stor/akshat.mistry/cluster/dbsuper_pipeline/raw/encode_results/files/case/ENCSR814QIV/ENCFF240SRO.fastq.gz,,2,H3K27ac,ENCSR572GRM,2
ENCSR814QIV,/nfs-stor/akshat.mistry/cluster/dbsuper_pipeline/raw/encode_results/files/case/ENCSR814QIV/ENCFF391BWP.fastq.gz,,2,H3K27ac,ENCSR572GRM,2
ENCSR814QIV,/nfs-stor/akshat.mistry/cluster/dbsuper_pipeline/raw/encode_results/files/case/ENCSR814QIV/ENCFF487NEI.fastq.gz,,2,H3K27ac,ENCSR572GRM,2
ENCSR814QIV,/nfs-stor/akshat.mistry/cluster/dbsuper_pipeline/raw/encode_results/files/case/ENCSR814QIV/ENCFF528DAZ.fastq.gz,,2,H3K27ac,ENCSR572GRM,2
ENCSR814QIV,/nfs-stor/akshat.mistry/cluster/dbsuper_pipeline/raw/encode_results/files/case/ENCSR814QIV/ENCFF752NCM.fastq.gz,,2,H3K27ac,ENCSR572GRM,2
ENCSR814QIV,/nfs-stor/akshat.mistry/cluster/dbsuper_pipeline/raw/encode_results/files/case/ENCSR814QIV/ENCFF985PGJ.fastq.gz,,2,H3K27ac,ENCSR572GRM,2
ENCSR820DOR,/nfs-stor/akshat.mistry/cluster/dbsuper_pipeline/raw/encode_results/files/case/ENCSR820DOR/ENCFF836HOQ.fastq.gz,,1,H3K27ac,ENCSR452GUC,1
ENCSR820DOR,/nfs-stor/akshat.mistry/cluster/dbsuper_pipeline/raw/encode_results/files/case/ENCSR820DOR/ENCFF167NPJ.fastq.gz,,2,H3K27ac,ENCSR452GUC,2
ENCSR820DOR,/nfs-stor/akshat.mistry/cluster/dbsuper_pipeline/raw/encode_results/files/case/ENCSR820DOR/ENCFF604RFX.fastq.gz,,2,H3K27ac,ENCSR452GUC,2
ENCSR821DYI,/nfs-stor/akshat.mistry/cluster/dbsuper_pipeline/raw/encode_results/files/case/ENCSR821DYI/ENCFF012PIL.fastq.gz,,1,H3K27ac,ENCSR278ACD,1
ENCSR821DYI,/nfs-stor/akshat.mistry/cluster/dbsuper_pipeline/raw/encode_results/files/case/ENCSR821DYI/ENCFF046IQK.fastq.gz,,1,H3K27ac,ENCSR278ACD,1
ENCSR821DYI,/nfs-stor/akshat.mistry/cluster/dbsuper_pipeline/raw/encode_results/files/case/ENCSR821DYI/ENCFF129LWS.fastq.gz,,1,H3K27ac,ENCSR278ACD,1
ENCSR821DYI,/nfs-stor/akshat.mistry/cluster/dbsuper_pipeline/raw/encode_results/files/case/ENCSR821DYI/ENCFF483BBC.fastq.gz,,1,H3K27ac,ENCSR278ACD,1
ENCSR821DYI,/nfs-stor/akshat.mistry/cluster/dbsuper_pipeline/raw/encode_results/files/case/ENCSR821DYI/ENCFF346SUB.fastq.gz,,1,H3K27ac,ENCSR278ACD,1
ENCSR821DYI,/nfs-stor/akshat.mistry/cluster/dbsuper_pipeline/raw/encode_results/files/case/ENCSR821DYI/ENCFF427MRK.fastq.gz,,1,H3K27ac,ENCSR278ACD,1
ENCSR821DYI,/nfs-stor/akshat.mistry/cluster/dbsuper_pipeline/raw/encode_results/files/case/ENCSR821DYI/ENCFF540MAY.fastq.gz,,1,H3K27ac,ENCSR278ACD,1
ENCSR821DYI,/nfs-stor/akshat.mistry/cluster/dbsuper_pipeline/raw/encode_results/files/case/ENCSR821DYI/ENCFF712TRU.fastq.gz,,1,H3K27ac,ENCSR278ACD,1
ENCSR826UTD,/nfs-stor/akshat.mistry/cluster/dbsuper_pipeline/raw/encode_results/files/case/ENCSR826UTD/ENCFF794NKI.fastq.gz,,1,H3K27ac,ENCSR328AHC,1
ENCSR826UTD,/nfs-stor/akshat.mistry/cluster/dbsuper_pipeline/raw/encode_results/files/case/ENCSR826UTD/ENCFF468EBP.fastq.gz,,2,H3K27ac,ENCSR328AHC,2
ENCSR830EXC,/nfs-stor/akshat.mistry/cluster/dbsuper_pipeline/raw/encode_results/files/case/ENCSR830EXC/ENCFF174ARR.fastq.gz,,1,H3K27ac,ENCSR698YQL,1
ENCSR830EXC,/nfs-stor/akshat.mistry/cluster/dbsuper_pipeline/raw/encode_results/files/case/ENCSR830EXC/ENCFF569WGW.fastq.gz,,1,H3K27ac,ENCSR698YQL,1
ENCSR830EXC,/nfs-stor/akshat.mistry/cluster/dbsuper_pipeline/raw/encode_results/files/case/ENCSR830EXC/ENCFF585YBB.fastq.gz,,1,H3K27ac,ENCSR698YQL,1
ENCSR830EXC,/nfs-stor/akshat.mistry/cluster/dbsuper_pipeline/raw/encode_results/files/case/ENCSR830EXC/ENCFF868PXG.fastq.gz,,1,H3K27ac,ENCSR698YQL,1
ENCSR830EXC,/nfs-stor/akshat.mistry/cluster/dbsuper_pipeline/raw/encode_results/files/case/ENCSR830EXC/ENCFF084PZW.fastq.gz,,1,H3K27ac,ENCSR698YQL,1
ENCSR830EXC,/nfs-stor/akshat.mistry/cluster/dbsuper_pipeline/raw/encode_results/files/case/ENCSR830EXC/ENCFF256ZAT.fastq.gz,,1,H3K27ac,ENCSR698YQL,1
ENCSR830EXC,/nfs-stor/akshat.mistry/cluster/dbsuper_pipeline/raw/encode_results/files/case/ENCSR830EXC/ENCFF456UPI.fastq.gz,,1,H3K27ac,ENCSR698YQL,1
ENCSR830EXC,/nfs-stor/akshat.mistry/cluster/dbsuper_pipeline/raw/encode_results/files/case/ENCSR830EXC/ENCFF923QAB.fastq.gz,,1,H3K27ac,ENCSR698YQL,1
ENCSR835MMN,/nfs-stor/akshat.mistry/cluster/dbsuper_pipeline/raw/encode_results/files/case/ENCSR835MMN/ENCFF066HPX.fastq.gz,,1,H3K27ac,ENCSR899XXQ,1
ENCSR835MMN,/nfs-stor/akshat.mistry/cluster/dbsuper_pipeline/raw/encode_results/files/case/ENCSR835MMN/ENCFF936KFD.fastq.gz,,2,H3K27ac,ENCSR899XXQ,1
ENCSR837CSL,/nfs-stor/akshat.mistry/cluster/dbsuper_pipeline/raw/encode_results/files/case/ENCSR837CSL/ENCFF400MCY.fastq.gz,,1,H3K27ac,ENCSR071ILJ,1
ENCSR837CSL,/nfs-stor/akshat.mistry/cluster/dbsuper_pipeline/raw/encode_results/files/case/ENCSR837CSL/ENCFF444HNM.fastq.gz,,1,H3K27ac,ENCSR071ILJ,1
ENCSR837CSL,/nfs-stor/akshat.mistry/cluster/dbsuper_pipeline/raw/encode_results/files/case/ENCSR837CSL/ENCFF554AFB.fastq.gz,,1,H3K27ac,ENCSR071ILJ,1
ENCSR837CSL,/nfs-stor/akshat.mistry/cluster/dbsuper_pipeline/raw/encode_results/files/case/ENCSR837CSL/ENCFF922JPR.fastq.gz,,1,H3K27ac,ENCSR071ILJ,1
ENCSR837CSL,/nfs-stor/akshat.mistry/cluster/dbsuper_pipeline/raw/encode_results/files/case/ENCSR837CSL/ENCFF083GKM.fastq.gz,,1,H3K27ac,ENCSR071ILJ,1
ENCSR837CSL,/nfs-stor/akshat.mistry/cluster/dbsuper_pipeline/raw/encode_results/files/case/ENCSR837CSL/ENCFF440EZS.fastq.gz,,1,H3K27ac,ENCSR071ILJ,1
ENCSR837CSL,/nfs-stor/akshat.mistry/cluster/dbsuper_pipeline/raw/encode_results/files/case/ENCSR837CSL/ENCFF583SXR.fastq.gz,,1,H3K27ac,ENCSR071ILJ,1
ENCSR837CSL,/nfs-stor/akshat.mistry/cluster/dbsuper_pipeline/raw/encode_results/files/case/ENCSR837CSL/ENCFF685JEZ.fastq.gz,,1,H3K27ac,ENCSR071ILJ,1
ENCSR837CSL,/nfs-stor/akshat.mistry/cluster/dbsuper_pipeline/raw/encode_results/files/case/ENCSR837CSL/ENCFF363IMT.fastq.gz,,2,H3K27ac,ENCSR071ILJ,2
ENCSR837CSL,/nfs-stor/akshat.mistry/cluster/dbsuper_pipeline/raw/encode_results/files/case/ENCSR837CSL/ENCFF439FLE.fastq.gz,,2,H3K27ac,ENCSR071ILJ,2
ENCSR837CSL,/nfs-stor/akshat.mistry/cluster/dbsuper_pipeline/raw/encode_results/files/case/ENCSR837CSL/ENCFF900TBK.fastq.gz,,2,H3K27ac,ENCSR071ILJ,2
ENCSR837CSL,/nfs-stor/akshat.mistry/cluster/dbsuper_pipeline/raw/encode_results/files/case/ENCSR837CSL/ENCFF924IWQ.fastq.gz,,2,H3K27ac,ENCSR071ILJ,2
ENCSR837CSL,/nfs-stor/akshat.mistry/cluster/dbsuper_pipeline/raw/encode_results/files/case/ENCSR837CSL/ENCFF038VKQ.fastq.gz,,2,H3K27ac,ENCSR071ILJ,2
ENCSR837CSL,/nfs-stor/akshat.mistry/cluster/dbsuper_pipeline/raw/encode_results/files/case/ENCSR837CSL/ENCFF256RCH.fastq.gz,,2,H3K27ac,ENCSR071ILJ,2
ENCSR837CSL,/nfs-stor/akshat.mistry/cluster/dbsuper_pipeline/raw/encode_results/files/case/ENCSR837CSL/ENCFF446QGP.fastq.gz,,2,H3K27ac,ENCSR071ILJ,2
ENCSR837CSL,/nfs-stor/akshat.mistry/cluster/dbsuper_pipeline/raw/encode_results/files/case/ENCSR837CSL/ENCFF865ZGI.fastq.gz,,2,H3K27ac,ENCSR071ILJ,2
ENCSR837DVF,/nfs-stor/akshat.mistry/cluster/dbsuper_pipeline/raw/encode_results/files/case/ENCSR837DVF/ENCFF250KXV.fastq.gz,,1,H3K27ac,ENCSR454FJM,1
ENCSR837DVF,/nfs-stor/akshat.mistry/cluster/dbsuper_pipeline/raw/encode_results/files/case/ENCSR837DVF/ENCFF411QFU.fastq.gz,,1,H3K27ac,ENCSR454FJM,1
ENCSR837DVF,/nfs-stor/akshat.mistry/cluster/dbsuper_pipeline/raw/encode_results/files/case/ENCSR837DVF/ENCFF416QLG.fastq.gz,,1,H3K27ac,ENCSR454FJM,1
ENCSR837DVF,/nfs-stor/akshat.mistry/cluster/dbsuper_pipeline/raw/encode_results/files/case/ENCSR837DVF/ENCFF686CQM.fastq.gz,,1,H3K27ac,ENCSR454FJM,1
ENCSR837DVF,/nfs-stor/akshat.mistry/cluster/dbsuper_pipeline/raw/encode_results/files/case/ENCSR837DVF/ENCFF066EOM.fastq.gz,,1,H3K27ac,ENCSR454FJM,1
ENCSR837DVF,/nfs-stor/akshat.mistry/cluster/dbsuper_pipeline/raw/encode_results/files/case/ENCSR837DVF/ENCFF158PJX.fastq.gz,,1,H3K27ac,ENCSR454FJM,1
ENCSR837DVF,/nfs-stor/akshat.mistry/cluster/dbsuper_pipeline/raw/encode_results/files/case/ENCSR837DVF/ENCFF582WJX.fastq.gz,,1,H3K27ac,ENCSR454FJM,1
ENCSR837DVF,/nfs-stor/akshat.mistry/cluster/dbsuper_pipeline/raw/encode_results/files/case/ENCSR837DVF/ENCFF776BHB.fastq.gz,,1,H3K27ac,ENCSR454FJM,1
ENCSR837SGJ,/nfs-stor/akshat.mistry/cluster/dbsuper_pipeline/raw/encode_results/files/case/ENCSR837SGJ/ENCFF082JPG.fastq.gz,,1,H3K27ac,ENCSR124GAS,1
ENCSR837SGJ,/nfs-stor/akshat.mistry/cluster/dbsuper_pipeline/raw/encode_results/files/case/ENCSR837SGJ/ENCFF453DCW.fastq.gz,,1,H3K27ac,ENCSR124GAS,1
ENCSR839GXY,/nfs-stor/akshat.mistry/cluster/dbsuper_pipeline/raw/encode_results/files/case/ENCSR839GXY/ENCFF208TTE.fastq.gz,,1,H3K27ac,ENCSR145RXI,1
ENCSR839GXY,/nfs-stor/akshat.mistry/cluster/dbsuper_pipeline/raw/encode_results/files/case/ENCSR839GXY/ENCFF572HNZ.fastq.gz,,1,H3K27ac,ENCSR145RXI,1
ENCSR839GXY,/nfs-stor/akshat.mistry/cluster/dbsuper_pipeline/raw/encode_results/files/case/ENCSR839GXY/ENCFF853ZCX.fastq.gz,,1,H3K27ac,ENCSR145RXI,1
ENCSR839GXY,/nfs-stor/akshat.mistry/cluster/dbsuper_pipeline/raw/encode_results/files/case/ENCSR839GXY/ENCFF911BAS.fastq.gz,,1,H3K27ac,ENCSR145RXI,1
ENCSR839GXY,/nfs-stor/akshat.mistry/cluster/dbsuper_pipeline/raw/encode_results/files/case/ENCSR839GXY/ENCFF306ZRF.fastq.gz,,1,H3K27ac,ENCSR145RXI,1
ENCSR839GXY,/nfs-stor/akshat.mistry/cluster/dbsuper_pipeline/raw/encode_results/files/case/ENCSR839GXY/ENCFF438JOX.fastq.gz,,1,H3K27ac,ENCSR145RXI,1
ENCSR839GXY,/nfs-stor/akshat.mistry/cluster/dbsuper_pipeline/raw/encode_results/files/case/ENCSR839GXY/ENCFF578HQS.fastq.gz,,1,H3K27ac,ENCSR145RXI,1
ENCSR839GXY,/nfs-stor/akshat.mistry/cluster/dbsuper_pipeline/raw/encode_results/files/case/ENCSR839GXY/ENCFF615EQG.fastq.gz,,1,H3K27ac,ENCSR145RXI,1
ENCSR840FCT,/nfs-stor/akshat.mistry/cluster/dbsuper_pipeline/raw/encode_results/files/case/ENCSR840FCT/ENCFF168YQH.fastq.gz,,1,H3K27ac,ENCSR918ESG,1
ENCSR840FCT,/nfs-stor/akshat.mistry/cluster/dbsuper_pipeline/raw/encode_results/files/case/ENCSR840FCT/ENCFF534MEH.fastq.gz,,1,H3K27ac,ENCSR918ESG,1
ENCSR840FCT,/nfs-stor/akshat.mistry/cluster/dbsuper_pipeline/raw/encode_results/files/case/ENCSR840FCT/ENCFF598CJK.fastq.gz,,1,H3K27ac,ENCSR918ESG,1
ENCSR840FCT,/nfs-stor/akshat.mistry/cluster/dbsuper_pipeline/raw/encode_results/files/case/ENCSR840FCT/ENCFF956RIM.fastq.gz,,1,H3K27ac,ENCSR918ESG,1
ENCSR840FCT,/nfs-stor/akshat.mistry/cluster/dbsuper_pipeline/raw/encode_results/files/case/ENCSR840FCT/ENCFF025WRH.fastq.gz,,1,H3K27ac,ENCSR918ESG,1
ENCSR840FCT,/nfs-stor/akshat.mistry/cluster/dbsuper_pipeline/raw/encode_results/files/case/ENCSR840FCT/ENCFF447PXX.fastq.gz,,1,H3K27ac,ENCSR918ESG,1
ENCSR840FCT,/nfs-stor/akshat.mistry/cluster/dbsuper_pipeline/raw/encode_results/files/case/ENCSR840FCT/ENCFF501RLS.fastq.gz,,1,H3K27ac,ENCSR918ESG,1
ENCSR840FCT,/nfs-stor/akshat.mistry/cluster/dbsuper_pipeline/raw/encode_results/files/case/ENCSR840FCT/ENCFF772PQX.fastq.gz,,1,H3K27ac,ENCSR918ESG,1
ENCSR841AJO,/nfs-stor/akshat.mistry/cluster/dbsuper_pipeline/raw/encode_results/files/case/ENCSR841AJO/ENCFF286IJZ.fastq.gz,,1,H3K27ac,ENCSR559IPI,1
ENCSR841AJO,/nfs-stor/akshat.mistry/cluster/dbsuper_pipeline/raw/encode_results/files/case/ENCSR841AJO/ENCFF793WTW.fastq.gz,,1,H3K27ac,ENCSR559IPI,1
ENCSR841AJO,/nfs-stor/akshat.mistry/cluster/dbsuper_pipeline/raw/encode_results/files/case/ENCSR841AJO/ENCFF320BTU.fastq.gz,,1,H3K27ac,ENCSR559IPI,1
ENCSR841AJO,/nfs-stor/akshat.mistry/cluster/dbsuper_pipeline/raw/encode_results/files/case/ENCSR841AJO/ENCFF963CTM.fastq.gz,,1,H3K27ac,ENCSR559IPI,1
ENCSR841AJO,/nfs-stor/akshat.mistry/cluster/dbsuper_pipeline/raw/encode_results/files/case/ENCSR841AJO/ENCFF844ZQH.fastq.gz,,2,H3K27ac,ENCSR559IPI,2
ENCSR841AJO,/nfs-stor/akshat.mistry/cluster/dbsuper_pipeline/raw/encode_results/files/case/ENCSR841AJO/ENCFF964VMI.fastq.gz,,2,H3K27ac,ENCSR559IPI,2
ENCSR841AJO,/nfs-stor/akshat.mistry/cluster/dbsuper_pipeline/raw/encode_results/files/case/ENCSR841AJO/ENCFF014AKE.fastq.gz,,2,H3K27ac,ENCSR559IPI,2
ENCSR841AJO,/nfs-stor/akshat.mistry/cluster/dbsuper_pipeline/raw/encode_results/files/case/ENCSR841AJO/ENCFF277BPN.fastq.gz,,2,H3K27ac,ENCSR559IPI,2
ENCSR842NGQ,/nfs-stor/akshat.mistry/cluster/dbsuper_pipeline/raw/encode_results/files/case/ENCSR842NGQ/ENCFF069PVZ.fastq.gz,,1,H3K27ac,ENCSR803UDX,1
ENCSR842NGQ,/nfs-stor/akshat.mistry/cluster/dbsuper_pipeline/raw/encode_results/files/case/ENCSR842NGQ/ENCFF465TFC.fastq.gz,,2,H3K27ac,ENCSR803UDX,2
ENCSR842TXG,/nfs-stor/akshat.mistry/cluster/dbsuper_pipeline/raw/encode_results/files/case/ENCSR842TXG/ENCFF414LSV.fastq.gz,,1,H3K27ac,ENCSR937OPV,1
ENCSR842TXG,/nfs-stor/akshat.mistry/cluster/dbsuper_pipeline/raw/encode_results/files/case/ENCSR842TXG/ENCFF570RUY.fastq.gz,,1,H3K27ac,ENCSR937OPV,1
ENCSR842TXG,/nfs-stor/akshat.mistry/cluster/dbsuper_pipeline/raw/encode_results/files/case/ENCSR842TXG/ENCFF885DZV.fastq.gz,,1,H3K27ac,ENCSR937OPV,1
ENCSR842TXG,/nfs-stor/akshat.mistry/cluster/dbsuper_pipeline/raw/encode_results/files/case/ENCSR842TXG/ENCFF961IWU.fastq.gz,,1,H3K27ac,ENCSR937OPV,1
ENCSR842TXG,/nfs-stor/akshat.mistry/cluster/dbsuper_pipeline/raw/encode_results/files/case/ENCSR842TXG/ENCFF003LOB.fastq.gz,,1,H3K27ac,ENCSR937OPV,1
ENCSR842TXG,/nfs-stor/akshat.mistry/cluster/dbsuper_pipeline/raw/encode_results/files/case/ENCSR842TXG/ENCFF013OUY.fastq.gz,,1,H3K27ac,ENCSR937OPV,1
ENCSR842TXG,/nfs-stor/akshat.mistry/cluster/dbsuper_pipeline/raw/encode_results/files/case/ENCSR842TXG/ENCFF528PBD.fastq.gz,,1,H3K27ac,ENCSR937OPV,1
ENCSR842TXG,/nfs-stor/akshat.mistry/cluster/dbsuper_pipeline/raw/encode_results/files/case/ENCSR842TXG/ENCFF563RQH.fastq.gz,,1,H3K27ac,ENCSR937OPV,1
ENCSR847AIA,/nfs-stor/akshat.mistry/cluster/dbsuper_pipeline/raw/encode_results/files/case/ENCSR847AIA/ENCFF317HYD.fastq.gz,,1,H3K27ac,ENCSR960VLF,1
ENCSR847AIA,/nfs-stor/akshat.mistry/cluster/dbsuper_pipeline/raw/encode_results/files/case/ENCSR847AIA/ENCFF429NJG.fastq.gz,,1,H3K27ac,ENCSR960VLF,1
ENCSR854OXF,/nfs-stor/akshat.mistry/cluster/dbsuper_pipeline/raw/encode_results/files/case/ENCSR854OXF/ENCFF762NSE.fastq.gz,,1,H3K27ac,ENCSR526EXI,1
ENCSR854OXF,/nfs-stor/akshat.mistry/cluster/dbsuper_pipeline/raw/encode_results/files/case/ENCSR854OXF/ENCFF978HHN.fastq.gz,,1,H3K27ac,ENCSR526EXI,1
ENCSR855NCG,/nfs-stor/akshat.mistry/cluster/dbsuper_pipeline/raw/encode_results/files/case/ENCSR855NCG/ENCFF223LZK.fastq.gz,,1,H3K27ac,ENCSR799VTP,1
ENCSR855NCG,/nfs-stor/akshat.mistry/cluster/dbsuper_pipeline/raw/encode_results/files/case/ENCSR855NCG/ENCFF360APZ.fastq.gz,,1,H3K27ac,ENCSR799VTP,1
ENCSR855NCG,/nfs-stor/akshat.mistry/cluster/dbsuper_pipeline/raw/encode_results/files/case/ENCSR855NCG/ENCFF364QUP.fastq.gz,,1,H3K27ac,ENCSR799VTP,1
ENCSR855NCG,/nfs-stor/akshat.mistry/cluster/dbsuper_pipeline/raw/encode_results/files/case/ENCSR855NCG/ENCFF814TTD.fastq.gz,,1,H3K27ac,ENCSR799VTP,1
ENCSR855NCG,/nfs-stor/akshat.mistry/cluster/dbsuper_pipeline/raw/encode_results/files/case/ENCSR855NCG/ENCFF019BHE.fastq.gz,,1,H3K27ac,ENCSR799VTP,1
ENCSR855NCG,/nfs-stor/akshat.mistry/cluster/dbsuper_pipeline/raw/encode_results/files/case/ENCSR855NCG/ENCFF166TUA.fastq.gz,,1,H3K27ac,ENCSR799VTP,1
ENCSR855NCG,/nfs-stor/akshat.mistry/cluster/dbsuper_pipeline/raw/encode_results/files/case/ENCSR855NCG/ENCFF439NNM.fastq.gz,,1,H3K27ac,ENCSR799VTP,1
ENCSR855NCG,/nfs-stor/akshat.mistry/cluster/dbsuper_pipeline/raw/encode_results/files/case/ENCSR855NCG/ENCFF795MAB.fastq.gz,,1,H3K27ac,ENCSR799VTP,1
ENCSR857GMX,/nfs-stor/akshat.mistry/cluster/dbsuper_pipeline/raw/encode_results/files/case/ENCSR857GMX/ENCFF002BCD.fastq.gz,,1,H3K27ac,ENCSR361GKY,1
ENCSR857GMX,/nfs-stor/akshat.mistry/cluster/dbsuper_pipeline/raw/encode_results/files/case/ENCSR857GMX/ENCFF145ANA.fastq.gz,,1,H3K27ac,ENCSR361GKY,1
ENCSR857GMX,/nfs-stor/akshat.mistry/cluster/dbsuper_pipeline/raw/encode_results/files/case/ENCSR857GMX/ENCFF466ICJ.fastq.gz,,1,H3K27ac,ENCSR361GKY,1
ENCSR857GMX,/nfs-stor/akshat.mistry/cluster/dbsuper_pipeline/raw/encode_results/files/case/ENCSR857GMX/ENCFF002AUE.fastq.gz,,2,H3K27ac,ENCSR361GKY,2
ENCSR857GMX,/nfs-stor/akshat.mistry/cluster/dbsuper_pipeline/raw/encode_results/files/case/ENCSR857GMX/ENCFF539JCY.fastq.gz,,2,H3K27ac,ENCSR361GKY,2
ENCSR857GMX,/nfs-stor/akshat.mistry/cluster/dbsuper_pipeline/raw/encode_results/files/case/ENCSR857GMX/ENCFF810ZTW.fastq.gz,,2,H3K27ac,ENCSR361GKY,2
ENCSR860TEJ,/nfs-stor/akshat.mistry/cluster/dbsuper_pipeline/raw/encode_results/files/case/ENCSR860TEJ/ENCFF598UPD.fastq.gz,,1,H3K27ac,ENCSR836KPL,1
ENCSR860TEJ,/nfs-stor/akshat.mistry/cluster/dbsuper_pipeline/raw/encode_results/files/case/ENCSR860TEJ/ENCFF764IOS.fastq.gz,,1,H3K27ac,ENCSR836KPL,1
ENCSR860TEJ,/nfs-stor/akshat.mistry/cluster/dbsuper_pipeline/raw/encode_results/files/case/ENCSR860TEJ/ENCFF885PPV.fastq.gz,,1,H3K27ac,ENCSR836KPL,1
ENCSR860TEJ,/nfs-stor/akshat.mistry/cluster/dbsuper_pipeline/raw/encode_results/files/case/ENCSR860TEJ/ENCFF989WYZ.fastq.gz,,1,H3K27ac,ENCSR836KPL,1
ENCSR860TEJ,/nfs-stor/akshat.mistry/cluster/dbsuper_pipeline/raw/encode_results/files/case/ENCSR860TEJ/ENCFF329QEX.fastq.gz,,1,H3K27ac,ENCSR836KPL,1
ENCSR860TEJ,/nfs-stor/akshat.mistry/cluster/dbsuper_pipeline/raw/encode_results/files/case/ENCSR860TEJ/ENCFF415UYH.fastq.gz,,1,H3K27ac,ENCSR836KPL,1
ENCSR860TEJ,/nfs-stor/akshat.mistry/cluster/dbsuper_pipeline/raw/encode_results/files/case/ENCSR860TEJ/ENCFF696AAI.fastq.gz,,1,H3K27ac,ENCSR836KPL,1
ENCSR860TEJ,/nfs-stor/akshat.mistry/cluster/dbsuper_pipeline/raw/encode_results/files/case/ENCSR860TEJ/ENCFF897PNZ.fastq.gz,,1,H3K27ac,ENCSR836KPL,1
ENCSR863BVD,/nfs-stor/akshat.mistry/cluster/dbsuper_pipeline/raw/encode_results/files/case/ENCSR863BVD/ENCFF056DUB.fastq.gz,,1,H3K27ac,ENCSR403VPZ,1
ENCSR863BVD,/nfs-stor/akshat.mistry/cluster/dbsuper_pipeline/raw/encode_results/files/case/ENCSR863BVD/ENCFF340HPT.fastq.gz,,1,H3K27ac,ENCSR403VPZ,1
ENCSR863BVD,/nfs-stor/akshat.mistry/cluster/dbsuper_pipeline/raw/encode_results/files/case/ENCSR863BVD/ENCFF643VKY.fastq.gz,,1,H3K27ac,ENCSR403VPZ,1
ENCSR863BVD,/nfs-stor/akshat.mistry/cluster/dbsuper_pipeline/raw/encode_results/files/case/ENCSR863BVD/ENCFF839JEI.fastq.gz,,1,H3K27ac,ENCSR403VPZ,1
ENCSR863BVD,/nfs-stor/akshat.mistry/cluster/dbsuper_pipeline/raw/encode_results/files/case/ENCSR863BVD/ENCFF795IHF.fastq.gz,,1,H3K27ac,ENCSR403VPZ,1
ENCSR863BVD,/nfs-stor/akshat.mistry/cluster/dbsuper_pipeline/raw/encode_results/files/case/ENCSR863BVD/ENCFF972IUC.fastq.gz,,1,H3K27ac,ENCSR403VPZ,1
ENCSR863BVD,/nfs-stor/akshat.mistry/cluster/dbsuper_pipeline/raw/encode_results/files/case/ENCSR863BVD/ENCFF974EPL.fastq.gz,,1,H3K27ac,ENCSR403VPZ,1
ENCSR863BVD,/nfs-stor/akshat.mistry/cluster/dbsuper_pipeline/raw/encode_results/files/case/ENCSR863BVD/ENCFF979KRW.fastq.gz,,1,H3K27ac,ENCSR403VPZ,1
ENCSR864KVZ,/nfs-stor/akshat.mistry/cluster/dbsuper_pipeline/raw/encode_results/files/case/ENCSR864KVZ/ENCFF195ZFO.fastq.gz,,1,H3K27ac,ENCSR324VMZ,1
ENCSR864KVZ,/nfs-stor/akshat.mistry/cluster/dbsuper_pipeline/raw/encode_results/files/case/ENCSR864KVZ/ENCFF734JYK.fastq.gz,,2,H3K27ac,ENCSR324VMZ,2
ENCSR864KVZ,/nfs-stor/akshat.mistry/cluster/dbsuper_pipeline/raw/encode_results/files/case/ENCSR864KVZ/ENCFF573COX.fastq.gz,,3,H3K27ac,ENCSR324VMZ,3
ENCSR864OOO,/nfs-stor/akshat.mistry/cluster/dbsuper_pipeline/raw/encode_results/files/case/ENCSR864OOO/ENCFF289EPV.fastq.gz,,1,H3K27ac,ENCSR309LQG,1
ENCSR864OOO,/nfs-stor/akshat.mistry/cluster/dbsuper_pipeline/raw/encode_results/files/case/ENCSR864OOO/ENCFF545LYP.fastq.gz,,1,H3K27ac,ENCSR309LQG,1
ENCSR864OOO,/nfs-stor/akshat.mistry/cluster/dbsuper_pipeline/raw/encode_results/files/case/ENCSR864OOO/ENCFF767NLT.fastq.gz,,1,H3K27ac,ENCSR309LQG,1
ENCSR864OOO,/nfs-stor/akshat.mistry/cluster/dbsuper_pipeline/raw/encode_results/files/case/ENCSR864OOO/ENCFF904HAT.fastq.gz,,1,H3K27ac,ENCSR309LQG,1
ENCSR864OOO,/nfs-stor/akshat.mistry/cluster/dbsuper_pipeline/raw/encode_results/files/case/ENCSR864OOO/ENCFF042WUZ.fastq.gz,,1,H3K27ac,ENCSR309LQG,1
ENCSR864OOO,/nfs-stor/akshat.mistry/cluster/dbsuper_pipeline/raw/encode_results/files/case/ENCSR864OOO/ENCFF065PGS.fastq.gz,,1,H3K27ac,ENCSR309LQG,1
ENCSR864OOO,/nfs-stor/akshat.mistry/cluster/dbsuper_pipeline/raw/encode_results/files/case/ENCSR864OOO/ENCFF150ULZ.fastq.gz,,1,H3K27ac,ENCSR309LQG,1
ENCSR864OOO,/nfs-stor/akshat.mistry/cluster/dbsuper_pipeline/raw/encode_results/files/case/ENCSR864OOO/ENCFF745TQU.fastq.gz,,1,H3K27ac,ENCSR309LQG,1
ENCSR868ZOR,/nfs-stor/akshat.mistry/cluster/dbsuper_pipeline/raw/encode_results/files/case/ENCSR868ZOR/ENCFF024BLF.fastq.gz,,1,H3K27ac,ENCSR490NCK,1
ENCSR868ZOR,/nfs-stor/akshat.mistry/cluster/dbsuper_pipeline/raw/encode_results/files/case/ENCSR868ZOR/ENCFF316OVZ.fastq.gz,,1,H3K27ac,ENCSR490NCK,1
ENCSR868ZOR,/nfs-stor/akshat.mistry/cluster/dbsuper_pipeline/raw/encode_results/files/case/ENCSR868ZOR/ENCFF528LEL.fastq.gz,,1,H3K27ac,ENCSR490NCK,1
ENCSR868ZOR,/nfs-stor/akshat.mistry/cluster/dbsuper_pipeline/raw/encode_results/files/case/ENCSR868ZOR/ENCFF709MXA.fastq.gz,,1,H3K27ac,ENCSR490NCK,1
ENCSR868ZOR,/nfs-stor/akshat.mistry/cluster/dbsuper_pipeline/raw/encode_results/files/case/ENCSR868ZOR/ENCFF096LCM.fastq.gz,,1,H3K27ac,ENCSR490NCK,1
ENCSR868ZOR,/nfs-stor/akshat.mistry/cluster/dbsuper_pipeline/raw/encode_results/files/case/ENCSR868ZOR/ENCFF178RIO.fastq.gz,,1,H3K27ac,ENCSR490NCK,1
ENCSR868ZOR,/nfs-stor/akshat.mistry/cluster/dbsuper_pipeline/raw/encode_results/files/case/ENCSR868ZOR/ENCFF425WSX.fastq.gz,,1,H3K27ac,ENCSR490NCK,1
ENCSR868ZOR,/nfs-stor/akshat.mistry/cluster/dbsuper_pipeline/raw/encode_results/files/case/ENCSR868ZOR/ENCFF908IVY.fastq.gz,,1,H3K27ac,ENCSR490NCK,1
ENCSR869TDT,/nfs-stor/akshat.mistry/cluster/dbsuper_pipeline/raw/encode_results/files/case/ENCSR869TDT/ENCFF625IRD.fastq.gz,,1,H3K27ac,ENCSR966IGL,1
ENCSR869TDT,/nfs-stor/akshat.mistry/cluster/dbsuper_pipeline/raw/encode_results/files/case/ENCSR869TDT/ENCFF953PJO.fastq.gz,,1,H3K27ac,ENCSR966IGL,1
ENCSR872YGQ,/nfs-stor/akshat.mistry/cluster/dbsuper_pipeline/raw/encode_results/files/case/ENCSR872YGQ/ENCFF164QOO.fastq.gz,,1,H3K27ac,ENCSR846OTK,1
ENCSR872YGQ,/nfs-stor/akshat.mistry/cluster/dbsuper_pipeline/raw/encode_results/files/case/ENCSR872YGQ/ENCFF594AZG.fastq.gz,,1,H3K27ac,ENCSR846OTK,1
ENCSR872YGQ,/nfs-stor/akshat.mistry/cluster/dbsuper_pipeline/raw/encode_results/files/case/ENCSR872YGQ/ENCFF938FSC.fastq.gz,,1,H3K27ac,ENCSR846OTK,1
ENCSR872YGQ,/nfs-stor/akshat.mistry/cluster/dbsuper_pipeline/raw/encode_results/files/case/ENCSR872YGQ/ENCFF963BEM.fastq.gz,,1,H3K27ac,ENCSR846OTK,1
ENCSR872YGQ,/nfs-stor/akshat.mistry/cluster/dbsuper_pipeline/raw/encode_results/files/case/ENCSR872YGQ/ENCFF263SEB.fastq.gz,,1,H3K27ac,ENCSR846OTK,1
ENCSR872YGQ,/nfs-stor/akshat.mistry/cluster/dbsuper_pipeline/raw/encode_results/files/case/ENCSR872YGQ/ENCFF780VJG.fastq.gz,,1,H3K27ac,ENCSR846OTK,1
ENCSR872YGQ,/nfs-stor/akshat.mistry/cluster/dbsuper_pipeline/raw/encode_results/files/case/ENCSR872YGQ/ENCFF819ITW.fastq.gz,,1,H3K27ac,ENCSR846OTK,1
ENCSR872YGQ,/nfs-stor/akshat.mistry/cluster/dbsuper_pipeline/raw/encode_results/files/case/ENCSR872YGQ/ENCFF848YSQ.fastq.gz,,1,H3K27ac,ENCSR846OTK,1
ENCSR875OQJ,/nfs-stor/akshat.mistry/cluster/dbsuper_pipeline/raw/encode_results/files/case/ENCSR875OQJ/ENCFF374PRT.fastq.gz,,1,H3K27ac,ENCSR089ZLR,1
ENCSR875OQJ,/nfs-stor/akshat.mistry/cluster/dbsuper_pipeline/raw/encode_results/files/case/ENCSR875OQJ/ENCFF433KFH.fastq.gz,,1,H3K27ac,ENCSR089ZLR,1
ENCSR875OQJ,/nfs-stor/akshat.mistry/cluster/dbsuper_pipeline/raw/encode_results/files/case/ENCSR875OQJ/ENCFF482VKC.fastq.gz,,1,H3K27ac,ENCSR089ZLR,1
ENCSR875OQJ,/nfs-stor/akshat.mistry/cluster/dbsuper_pipeline/raw/encode_results/files/case/ENCSR875OQJ/ENCFF809VHL.fastq.gz,,1,H3K27ac,ENCSR089ZLR,1
ENCSR875OQJ,/nfs-stor/akshat.mistry/cluster/dbsuper_pipeline/raw/encode_results/files/case/ENCSR875OQJ/ENCFF328TBI.fastq.gz,,1,H3K27ac,ENCSR089ZLR,1
ENCSR875OQJ,/nfs-stor/akshat.mistry/cluster/dbsuper_pipeline/raw/encode_results/files/case/ENCSR875OQJ/ENCFF328WAD.fastq.gz,,1,H3K27ac,ENCSR089ZLR,1
ENCSR875OQJ,/nfs-stor/akshat.mistry/cluster/dbsuper_pipeline/raw/encode_results/files/case/ENCSR875OQJ/ENCFF532WUE.fastq.gz,,1,H3K27ac,ENCSR089ZLR,1
ENCSR875OQJ,/nfs-stor/akshat.mistry/cluster/dbsuper_pipeline/raw/encode_results/files/case/ENCSR875OQJ/ENCFF665DNA.fastq.gz,,1,H3K27ac,ENCSR089ZLR,1
ENCSR875QDS,/nfs-stor/akshat.mistry/cluster/dbsuper_pipeline/raw/encode_results/files/case/ENCSR875QDS/ENCFF112GPM.fastq.gz,,1,H3K27ac,ENCSR212SJH,1
ENCSR876RGF,/nfs-stor/akshat.mistry/cluster/dbsuper_pipeline/raw/encode_results/files/case/ENCSR876RGF/ENCFF081KCW.fastq.gz,,1,H3K27ac,ENCSR214MNL,1
ENCSR876RGF,/nfs-stor/akshat.mistry/cluster/dbsuper_pipeline/raw/encode_results/files/case/ENCSR876RGF/ENCFF087HNU.fastq.gz,,2,H3K27ac,ENCSR214MNL,1
ENCSR876RGF,/nfs-stor/akshat.mistry/cluster/dbsuper_pipeline/raw/encode_results/files/case/ENCSR876RGF/ENCFF185DRU.fastq.gz,,2,H3K27ac,ENCSR214MNL,1
ENCSR880SUY,/nfs-stor/akshat.mistry/cluster/dbsuper_pipeline/raw/encode_results/files/case/ENCSR880SUY/ENCFF692HWE.fastq.gz,,1,H3K27ac,ENCSR985CHJ,1
ENCSR880SUY,/nfs-stor/akshat.mistry/cluster/dbsuper_pipeline/raw/encode_results/files/case/ENCSR880SUY/ENCFF308XJC.fastq.gz,,2,H3K27ac,ENCSR985CHJ,1
ENCSR880SUY,/nfs-stor/akshat.mistry/cluster/dbsuper_pipeline/raw/encode_results/files/case/ENCSR880SUY/ENCFF481YKF.fastq.gz,,2,H3K27ac,ENCSR985CHJ,1
ENCSR884SIF,/nfs-stor/akshat.mistry/cluster/dbsuper_pipeline/raw/encode_results/files/case/ENCSR884SIF/ENCFF368DXT.fastq.gz,,1,H3K27ac,ENCSR120ITZ,1
ENCSR884SIF,/nfs-stor/akshat.mistry/cluster/dbsuper_pipeline/raw/encode_results/files/case/ENCSR884SIF/ENCFF410PZI.fastq.gz,,1,H3K27ac,ENCSR120ITZ,1
ENCSR884SIF,/nfs-stor/akshat.mistry/cluster/dbsuper_pipeline/raw/encode_results/files/case/ENCSR884SIF/ENCFF439MID.fastq.gz,,1,H3K27ac,ENCSR120ITZ,1
ENCSR884SIF,/nfs-stor/akshat.mistry/cluster/dbsuper_pipeline/raw/encode_results/files/case/ENCSR884SIF/ENCFF655XIN.fastq.gz,,1,H3K27ac,ENCSR120ITZ,1
ENCSR884SIF,/nfs-stor/akshat.mistry/cluster/dbsuper_pipeline/raw/encode_results/files/case/ENCSR884SIF/ENCFF036MWD.fastq.gz,,1,H3K27ac,ENCSR120ITZ,1
ENCSR884SIF,/nfs-stor/akshat.mistry/cluster/dbsuper_pipeline/raw/encode_results/files/case/ENCSR884SIF/ENCFF151JLQ.fastq.gz,,1,H3K27ac,ENCSR120ITZ,1
ENCSR884SIF,/nfs-stor/akshat.mistry/cluster/dbsuper_pipeline/raw/encode_results/files/case/ENCSR884SIF/ENCFF510CTX.fastq.gz,,1,H3K27ac,ENCSR120ITZ,1
ENCSR884SIF,/nfs-stor/akshat.mistry/cluster/dbsuper_pipeline/raw/encode_results/files/case/ENCSR884SIF/ENCFF615RJZ.fastq.gz,,1,H3K27ac,ENCSR120ITZ,1
ENCSR889TEU,/nfs-stor/akshat.mistry/cluster/dbsuper_pipeline/raw/encode_results/files/case/ENCSR889TEU/ENCFF229MTF.fastq.gz,,1,H3K27ac,ENCSR376YUP,1
ENCSR889TEU,/nfs-stor/akshat.mistry/cluster/dbsuper_pipeline/raw/encode_results/files/case/ENCSR889TEU/ENCFF376IYD.fastq.gz,,1,H3K27ac,ENCSR376YUP,1
ENCSR889TEU,/nfs-stor/akshat.mistry/cluster/dbsuper_pipeline/raw/encode_results/files/case/ENCSR889TEU/ENCFF684PNA.fastq.gz,,1,H3K27ac,ENCSR376YUP,1
ENCSR889TEU,/nfs-stor/akshat.mistry/cluster/dbsuper_pipeline/raw/encode_results/files/case/ENCSR889TEU/ENCFF805OUA.fastq.gz,,1,H3K27ac,ENCSR376YUP,1
ENCSR889TEU,/nfs-stor/akshat.mistry/cluster/dbsuper_pipeline/raw/encode_results/files/case/ENCSR889TEU/ENCFF267FMN.fastq.gz,,1,H3K27ac,ENCSR376YUP,1
ENCSR889TEU,/nfs-stor/akshat.mistry/cluster/dbsuper_pipeline/raw/encode_results/files/case/ENCSR889TEU/ENCFF373NBV.fastq.gz,,1,H3K27ac,ENCSR376YUP,1
ENCSR889TEU,/nfs-stor/akshat.mistry/cluster/dbsuper_pipeline/raw/encode_results/files/case/ENCSR889TEU/ENCFF965HXP.fastq.gz,,1,H3K27ac,ENCSR376YUP,1
ENCSR889TEU,/nfs-stor/akshat.mistry/cluster/dbsuper_pipeline/raw/encode_results/files/case/ENCSR889TEU/ENCFF983VWH.fastq.gz,,1,H3K27ac,ENCSR376YUP,1
ENCSR891BTJ,/nfs-stor/akshat.mistry/cluster/dbsuper_pipeline/raw/encode_results/files/case/ENCSR891BTJ/ENCFF092JSR.fastq.gz,,1,H3K27ac,ENCSR807FIZ,1
ENCSR891BTJ,/nfs-stor/akshat.mistry/cluster/dbsuper_pipeline/raw/encode_results/files/case/ENCSR891BTJ/ENCFF519ETK.fastq.gz,,1,H3K27ac,ENCSR807FIZ,1
ENCSR891BTJ,/nfs-stor/akshat.mistry/cluster/dbsuper_pipeline/raw/encode_results/files/case/ENCSR891BTJ/ENCFF420HES.fastq.gz,,1,H3K27ac,ENCSR807FIZ,1
ENCSR891BTJ,/nfs-stor/akshat.mistry/cluster/dbsuper_pipeline/raw/encode_results/files/case/ENCSR891BTJ/ENCFF437TKR.fastq.gz,,1,H3K27ac,ENCSR807FIZ,1
ENCSR891KSP,/nfs-stor/akshat.mistry/cluster/dbsuper_pipeline/raw/encode_results/files/case/ENCSR891KSP/ENCFF641LUF.fastq.gz,,1,H3K27ac,ENCSR707TMM,1
ENCSR891KSP,/nfs-stor/akshat.mistry/cluster/dbsuper_pipeline/raw/encode_results/files/case/ENCSR891KSP/ENCFF668OEU.fastq.gz,,1,H3K27ac,ENCSR707TMM,1
ENCSR891KSP,/nfs-stor/akshat.mistry/cluster/dbsuper_pipeline/raw/encode_results/files/case/ENCSR891KSP/ENCFF904CSC.fastq.gz,,1,H3K27ac,ENCSR707TMM,1
ENCSR891KSP,/nfs-stor/akshat.mistry/cluster/dbsuper_pipeline/raw/encode_results/files/case/ENCSR891KSP/ENCFF730JFU.fastq.gz,,2,H3K27ac,ENCSR707TMM,1
ENCSR891KSP,/nfs-stor/akshat.mistry/cluster/dbsuper_pipeline/raw/encode_results/files/case/ENCSR891KSP/ENCFF790KKL.fastq.gz,,2,H3K27ac,ENCSR707TMM,1
ENCSR891KSP,/nfs-stor/akshat.mistry/cluster/dbsuper_pipeline/raw/encode_results/files/case/ENCSR891KSP/ENCFF931MHO.fastq.gz,,2,H3K27ac,ENCSR707TMM,1
ENCSR892HPQ,/nfs-stor/akshat.mistry/cluster/dbsuper_pipeline/raw/encode_results/files/case/ENCSR892HPQ/ENCFF662VCH.fastq.gz,,1,H3K27ac,ENCSR563SVE,1
ENCSR892HPQ,/nfs-stor/akshat.mistry/cluster/dbsuper_pipeline/raw/encode_results/files/case/ENCSR892HPQ/ENCFF677EGP.fastq.gz,,1,H3K27ac,ENCSR563SVE,1
ENCSR892HPQ,/nfs-stor/akshat.mistry/cluster/dbsuper_pipeline/raw/encode_results/files/case/ENCSR892HPQ/ENCFF748HJO.fastq.gz,,1,H3K27ac,ENCSR563SVE,1
ENCSR892XFG,/nfs-stor/akshat.mistry/cluster/dbsuper_pipeline/raw/encode_results/files/case/ENCSR892XFG/ENCFF313OLS.fastq.gz,,1,H3K27ac,ENCSR541DBO,1
ENCSR892XFG,/nfs-stor/akshat.mistry/cluster/dbsuper_pipeline/raw/encode_results/files/case/ENCSR892XFG/ENCFF355KRT.fastq.gz,,1,H3K27ac,ENCSR541DBO,1
ENCSR894MOX,/nfs-stor/akshat.mistry/cluster/dbsuper_pipeline/raw/encode_results/files/case/ENCSR894MOX/ENCFF149LPB.fastq.gz,,1,H3K27ac,ENCSR545WFH,1
ENCSR894MOX,/nfs-stor/akshat.mistry/cluster/dbsuper_pipeline/raw/encode_results/files/case/ENCSR894MOX/ENCFF195EZZ.fastq.gz,,1,H3K27ac,ENCSR545WFH,1
ENCSR894MOX,/nfs-stor/akshat.mistry/cluster/dbsuper_pipeline/raw/encode_results/files/case/ENCSR894MOX/ENCFF376UAD.fastq.gz,,1,H3K27ac,ENCSR545WFH,1
ENCSR894MOX,/nfs-stor/akshat.mistry/cluster/dbsuper_pipeline/raw/encode_results/files/case/ENCSR894MOX/ENCFF405ZBR.fastq.gz,,1,H3K27ac,ENCSR545WFH,1
ENCSR894MOX,/nfs-stor/akshat.mistry/cluster/dbsuper_pipeline/raw/encode_results/files/case/ENCSR894MOX/ENCFF103LRC.fastq.gz,,2,H3K27ac,ENCSR545WFH,2
ENCSR894MOX,/nfs-stor/akshat.mistry/cluster/dbsuper_pipeline/raw/encode_results/files/case/ENCSR894MOX/ENCFF179QOO.fastq.gz,,2,H3K27ac,ENCSR545WFH,2
ENCSR894MOX,/nfs-stor/akshat.mistry/cluster/dbsuper_pipeline/raw/encode_results/files/case/ENCSR894MOX/ENCFF225NHL.fastq.gz,,2,H3K27ac,ENCSR545WFH,2
ENCSR894MOX,/nfs-stor/akshat.mistry/cluster/dbsuper_pipeline/raw/encode_results/files/case/ENCSR894MOX/ENCFF773AMW.fastq.gz,,2,H3K27ac,ENCSR545WFH,2
ENCSR905TYC,/nfs-stor/akshat.mistry/cluster/dbsuper_pipeline/raw/encode_results/files/case/ENCSR905TYC/ENCFF483TMB.fastq.gz,,1,H3K27ac,ENCSR001KCX,1
ENCSR905TYC,/nfs-stor/akshat.mistry/cluster/dbsuper_pipeline/raw/encode_results/files/case/ENCSR905TYC/ENCFF294ZNS.fastq.gz,,2,H3K27ac,ENCSR001KCX,2
ENCSR909UAG,/nfs-stor/akshat.mistry/cluster/dbsuper_pipeline/raw/encode_results/files/case/ENCSR909UAG/ENCFF143SOY.fastq.gz,,1,H3K27ac,ENCSR652EPR,1
ENCSR909UAG,/nfs-stor/akshat.mistry/cluster/dbsuper_pipeline/raw/encode_results/files/case/ENCSR909UAG/ENCFF244ISL.fastq.gz,,1,H3K27ac,ENCSR652EPR,1
ENCSR909UAG,/nfs-stor/akshat.mistry/cluster/dbsuper_pipeline/raw/encode_results/files/case/ENCSR909UAG/ENCFF804MSF.fastq.gz,,1,H3K27ac,ENCSR652EPR,1
ENCSR909UAG,/nfs-stor/akshat.mistry/cluster/dbsuper_pipeline/raw/encode_results/files/case/ENCSR909UAG/ENCFF976BRQ.fastq.gz,,1,H3K27ac,ENCSR652EPR,1
ENCSR910PDW,/nfs-stor/akshat.mistry/cluster/dbsuper_pipeline/raw/encode_results/files/case/ENCSR910PDW/ENCFF851FQK.fastq.gz,,1,H3K27ac,ENCSR131SEB,1
ENCSR910PDW,/nfs-stor/akshat.mistry/cluster/dbsuper_pipeline/raw/encode_results/files/case/ENCSR910PDW/ENCFF036JGO.fastq.gz,,2,H3K27ac,ENCSR131SEB,2
ENCSR919BBI,/nfs-stor/akshat.mistry/cluster/dbsuper_pipeline/raw/encode_results/files/case/ENCSR919BBI/ENCFF271JVN.fastq.gz,,1,H3K27ac,ENCSR327PYZ,1
ENCSR919BBI,/nfs-stor/akshat.mistry/cluster/dbsuper_pipeline/raw/encode_results/files/case/ENCSR919BBI/ENCFF593KIL.fastq.gz,,1,H3K27ac,ENCSR327PYZ,1
ENCSR919BBI,/nfs-stor/akshat.mistry/cluster/dbsuper_pipeline/raw/encode_results/files/case/ENCSR919BBI/ENCFF764CUN.fastq.gz,,1,H3K27ac,ENCSR327PYZ,1
ENCSR919BBI,/nfs-stor/akshat.mistry/cluster/dbsuper_pipeline/raw/encode_results/files/case/ENCSR919BBI/ENCFF848KXN.fastq.gz,,1,H3K27ac,ENCSR327PYZ,1
ENCSR919WLM,/nfs-stor/akshat.mistry/cluster/dbsuper_pipeline/raw/encode_results/files/case/ENCSR919WLM/ENCFF458UYN.fastq.gz,,1,H3K27ac,ENCSR309MYO,1
ENCSR919WLM,/nfs-stor/akshat.mistry/cluster/dbsuper_pipeline/raw/encode_results/files/case/ENCSR919WLM/ENCFF005AMN.fastq.gz,,2,H3K27ac,ENCSR309MYO,1
ENCSR927IOS,/nfs-stor/akshat.mistry/cluster/dbsuper_pipeline/raw/encode_results/files/case/ENCSR927IOS/ENCFF271GKQ.fastq.gz,,1,H3K27ac,ENCSR917XOL,1
ENCSR927IOS,/nfs-stor/akshat.mistry/cluster/dbsuper_pipeline/raw/encode_results/files/case/ENCSR927IOS/ENCFF575CEV.fastq.gz,,1,H3K27ac,ENCSR917XOL,1
ENCSR927IOS,/nfs-stor/akshat.mistry/cluster/dbsuper_pipeline/raw/encode_results/files/case/ENCSR927IOS/ENCFF796BIF.fastq.gz,,1,H3K27ac,ENCSR917XOL,1
ENCSR927IOS,/nfs-stor/akshat.mistry/cluster/dbsuper_pipeline/raw/encode_results/files/case/ENCSR927IOS/ENCFF962OYD.fastq.gz,,1,H3K27ac,ENCSR917XOL,1
ENCSR927IOS,/nfs-stor/akshat.mistry/cluster/dbsuper_pipeline/raw/encode_results/files/case/ENCSR927IOS/ENCFF049FOW.fastq.gz,,1,H3K27ac,ENCSR917XOL,1
ENCSR927IOS,/nfs-stor/akshat.mistry/cluster/dbsuper_pipeline/raw/encode_results/files/case/ENCSR927IOS/ENCFF691WNO.fastq.gz,,1,H3K27ac,ENCSR917XOL,1
ENCSR927IOS,/nfs-stor/akshat.mistry/cluster/dbsuper_pipeline/raw/encode_results/files/case/ENCSR927IOS/ENCFF711ZXL.fastq.gz,,1,H3K27ac,ENCSR917XOL,1
ENCSR927IOS,/nfs-stor/akshat.mistry/cluster/dbsuper_pipeline/raw/encode_results/files/case/ENCSR927IOS/ENCFF814XUQ.fastq.gz,,1,H3K27ac,ENCSR917XOL,1
ENCSR928HSI,/nfs-stor/akshat.mistry/cluster/dbsuper_pipeline/raw/encode_results/files/case/ENCSR928HSI/ENCFF004BQX.fastq.gz,,1,H3K27ac,ENCSR049LCN,1
ENCSR932QRC,/nfs-stor/akshat.mistry/cluster/dbsuper_pipeline/raw/encode_results/files/case/ENCSR932QRC/ENCFF221WYW.fastq.gz,,1,H3K27ac,ENCSR109IWL,1
ENCSR932QRC,/nfs-stor/akshat.mistry/cluster/dbsuper_pipeline/raw/encode_results/files/case/ENCSR932QRC/ENCFF547VII.fastq.gz,,1,H3K27ac,ENCSR109IWL,1
ENCSR932QRC,/nfs-stor/akshat.mistry/cluster/dbsuper_pipeline/raw/encode_results/files/case/ENCSR932QRC/ENCFF880GTY.fastq.gz,,1,H3K27ac,ENCSR109IWL,1
ENCSR932QRC,/nfs-stor/akshat.mistry/cluster/dbsuper_pipeline/raw/encode_results/files/case/ENCSR932QRC/ENCFF927BTX.fastq.gz,,1,H3K27ac,ENCSR109IWL,1
ENCSR932QRC,/nfs-stor/akshat.mistry/cluster/dbsuper_pipeline/raw/encode_results/files/case/ENCSR932QRC/ENCFF349JAP.fastq.gz,,1,H3K27ac,ENCSR109IWL,1
ENCSR932QRC,/nfs-stor/akshat.mistry/cluster/dbsuper_pipeline/raw/encode_results/files/case/ENCSR932QRC/ENCFF488CHP.fastq.gz,,1,H3K27ac,ENCSR109IWL,1
ENCSR932QRC,/nfs-stor/akshat.mistry/cluster/dbsuper_pipeline/raw/encode_results/files/case/ENCSR932QRC/ENCFF638KYD.fastq.gz,,1,H3K27ac,ENCSR109IWL,1
ENCSR932QRC,/nfs-stor/akshat.mistry/cluster/dbsuper_pipeline/raw/encode_results/files/case/ENCSR932QRC/ENCFF759DPO.fastq.gz,,1,H3K27ac,ENCSR109IWL,1
ENCSR937EVN,/nfs-stor/akshat.mistry/cluster/dbsuper_pipeline/raw/encode_results/files/case/ENCSR937EVN/ENCFF226YFN.fastq.gz,,1,H3K27ac,ENCSR524NCH,1
ENCSR937EVN,/nfs-stor/akshat.mistry/cluster/dbsuper_pipeline/raw/encode_results/files/case/ENCSR937EVN/ENCFF235IVE.fastq.gz,,1,H3K27ac,ENCSR524NCH,1
ENCSR937EVN,/nfs-stor/akshat.mistry/cluster/dbsuper_pipeline/raw/encode_results/files/case/ENCSR937EVN/ENCFF653PKW.fastq.gz,,1,H3K27ac,ENCSR524NCH,1
ENCSR937EVN,/nfs-stor/akshat.mistry/cluster/dbsuper_pipeline/raw/encode_results/files/case/ENCSR937EVN/ENCFF935UTO.fastq.gz,,1,H3K27ac,ENCSR524NCH,1
ENCSR938FQG,/nfs-stor/akshat.mistry/cluster/dbsuper_pipeline/raw/encode_results/files/case/ENCSR938FQG/ENCFF476ARH.fastq.gz,,1,H3K27ac,ENCSR958BKG,1
ENCSR938FQG,/nfs-stor/akshat.mistry/cluster/dbsuper_pipeline/raw/encode_results/files/case/ENCSR938FQG/ENCFF381TVY.fastq.gz,,2,H3K27ac,ENCSR958BKG,2
ENCSR944KAZ,/nfs-stor/akshat.mistry/cluster/dbsuper_pipeline/raw/encode_results/files/case/ENCSR944KAZ/ENCFF003HGP.fastq.gz,,1,H3K27ac,ENCSR538MSN,1
ENCSR944KAZ,/nfs-stor/akshat.mistry/cluster/dbsuper_pipeline/raw/encode_results/files/case/ENCSR944KAZ/ENCFF753SNQ.fastq.gz,,1,H3K27ac,ENCSR538MSN,1
ENCSR944KAZ,/nfs-stor/akshat.mistry/cluster/dbsuper_pipeline/raw/encode_results/files/case/ENCSR944KAZ/ENCFF260PYL.fastq.gz,,1,H3K27ac,ENCSR538MSN,1
ENCSR944KAZ,/nfs-stor/akshat.mistry/cluster/dbsuper_pipeline/raw/encode_results/files/case/ENCSR944KAZ/ENCFF718MGE.fastq.gz,,1,H3K27ac,ENCSR538MSN,1
ENCSR946LTR,/nfs-stor/akshat.mistry/cluster/dbsuper_pipeline/raw/encode_results/files/case/ENCSR946LTR/ENCFF118EUG.fastq.gz,,1,H3K27ac,ENCSR993YSN,1
ENCSR946LTR,/nfs-stor/akshat.mistry/cluster/dbsuper_pipeline/raw/encode_results/files/case/ENCSR946LTR/ENCFF318TTK.fastq.gz,,1,H3K27ac,ENCSR993YSN,1
ENCSR946LTR,/nfs-stor/akshat.mistry/cluster/dbsuper_pipeline/raw/encode_results/files/case/ENCSR946LTR/ENCFF561VHA.fastq.gz,,1,H3K27ac,ENCSR993YSN,1
ENCSR946LTR,/nfs-stor/akshat.mistry/cluster/dbsuper_pipeline/raw/encode_results/files/case/ENCSR946LTR/ENCFF613HQY.fastq.gz,,1,H3K27ac,ENCSR993YSN,1
ENCSR946LTR,/nfs-stor/akshat.mistry/cluster/dbsuper_pipeline/raw/encode_results/files/case/ENCSR946LTR/ENCFF024YQA.fastq.gz,,1,H3K27ac,ENCSR993YSN,1
ENCSR946LTR,/nfs-stor/akshat.mistry/cluster/dbsuper_pipeline/raw/encode_results/files/case/ENCSR946LTR/ENCFF558WXJ.fastq.gz,,1,H3K27ac,ENCSR993YSN,1
ENCSR946LTR,/nfs-stor/akshat.mistry/cluster/dbsuper_pipeline/raw/encode_results/files/case/ENCSR946LTR/ENCFF904FBS.fastq.gz,,1,H3K27ac,ENCSR993YSN,1
ENCSR946LTR,/nfs-stor/akshat.mistry/cluster/dbsuper_pipeline/raw/encode_results/files/case/ENCSR946LTR/ENCFF943KFY.fastq.gz,,1,H3K27ac,ENCSR993YSN,1
ENCSR948TOS,/nfs-stor/akshat.mistry/cluster/dbsuper_pipeline/raw/encode_results/files/case/ENCSR948TOS/ENCFF818UZF.fastq.gz,,1,H3K27ac,ENCSR774MLK,1
ENCSR948TOS,/nfs-stor/akshat.mistry/cluster/dbsuper_pipeline/raw/encode_results/files/case/ENCSR948TOS/ENCFF950HVG.fastq.gz,,1,H3K27ac,ENCSR774MLK,1
ENCSR948TOS,/nfs-stor/akshat.mistry/cluster/dbsuper_pipeline/raw/encode_results/files/case/ENCSR948TOS/ENCFF212BML.fastq.gz,,1,H3K27ac,ENCSR774MLK,1
ENCSR948TOS,/nfs-stor/akshat.mistry/cluster/dbsuper_pipeline/raw/encode_results/files/case/ENCSR948TOS/ENCFF580BZW.fastq.gz,,1,H3K27ac,ENCSR774MLK,1
ENCSR948YYZ,/nfs-stor/akshat.mistry/cluster/dbsuper_pipeline/raw/encode_results/files/case/ENCSR948YYZ/ENCFF454TGL.fastq.gz,,1,H3K27ac,ENCSR897RRA,1
ENCSR948YYZ,/nfs-stor/akshat.mistry/cluster/dbsuper_pipeline/raw/encode_results/files/case/ENCSR948YYZ/ENCFF325UXV.fastq.gz,,2,H3K27ac,ENCSR897RRA,2
ENCSR954IGQ,/nfs-stor/akshat.mistry/cluster/dbsuper_pipeline/raw/encode_results/files/case/ENCSR954IGQ/ENCFF675XLX.fastq.gz,,1,H3K27ac,ENCSR385ODY,1
ENCSR954IGQ,/nfs-stor/akshat.mistry/cluster/dbsuper_pipeline/raw/encode_results/files/case/ENCSR954IGQ/ENCFF691WTS.fastq.gz,,1,H3K27ac,ENCSR385ODY,1
ENCSR954IGQ,/nfs-stor/akshat.mistry/cluster/dbsuper_pipeline/raw/encode_results/files/case/ENCSR954IGQ/ENCFF123RXQ.fastq.gz,,1,H3K27ac,ENCSR385ODY,1
ENCSR954IGQ,/nfs-stor/akshat.mistry/cluster/dbsuper_pipeline/raw/encode_results/files/case/ENCSR954IGQ/ENCFF659PFZ.fastq.gz,,1,H3K27ac,ENCSR385ODY,1
ENCSR954JMZ,/nfs-stor/akshat.mistry/cluster/dbsuper_pipeline/raw/encode_results/files/case/ENCSR954JMZ/ENCFF145RDC.fastq.gz,,1,H3K27ac,ENCSR750BQT,1
ENCSR954JMZ,/nfs-stor/akshat.mistry/cluster/dbsuper_pipeline/raw/encode_results/files/case/ENCSR954JMZ/ENCFF652YCL.fastq.gz,,1,H3K27ac,ENCSR750BQT,1
ENCSR954JMZ,/nfs-stor/akshat.mistry/cluster/dbsuper_pipeline/raw/encode_results/files/case/ENCSR954JMZ/ENCFF805WUH.fastq.gz,,1,H3K27ac,ENCSR750BQT,1
ENCSR954JMZ,/nfs-stor/akshat.mistry/cluster/dbsuper_pipeline/raw/encode_results/files/case/ENCSR954JMZ/ENCFF948DWM.fastq.gz,,1,H3K27ac,ENCSR750BQT,1
ENCSR954JMZ,/nfs-stor/akshat.mistry/cluster/dbsuper_pipeline/raw/encode_results/files/case/ENCSR954JMZ/ENCFF057DCP.fastq.gz,,1,H3K27ac,ENCSR750BQT,1
ENCSR954JMZ,/nfs-stor/akshat.mistry/cluster/dbsuper_pipeline/raw/encode_results/files/case/ENCSR954JMZ/ENCFF098KUK.fastq.gz,,1,H3K27ac,ENCSR750BQT,1
ENCSR954JMZ,/nfs-stor/akshat.mistry/cluster/dbsuper_pipeline/raw/encode_results/files/case/ENCSR954JMZ/ENCFF173TGR.fastq.gz,,1,H3K27ac,ENCSR750BQT,1
ENCSR954JMZ,/nfs-stor/akshat.mistry/cluster/dbsuper_pipeline/raw/encode_results/files/case/ENCSR954JMZ/ENCFF711JFN.fastq.gz,,1,H3K27ac,ENCSR750BQT,1
ENCSR955IXZ,/nfs-stor/akshat.mistry/cluster/dbsuper_pipeline/raw/encode_results/files/case/ENCSR955IXZ/ENCFF551ZSP.fastq.gz,,1,H3K27ac,ENCSR720GSE,1
ENCSR955IXZ,/nfs-stor/akshat.mistry/cluster/dbsuper_pipeline/raw/encode_results/files/case/ENCSR955IXZ/ENCFF631XET.fastq.gz,,1,H3K27ac,ENCSR720GSE,1
ENCSR955IXZ,/nfs-stor/akshat.mistry/cluster/dbsuper_pipeline/raw/encode_results/files/case/ENCSR955IXZ/ENCFF931NFG.fastq.gz,,2,H3K27ac,ENCSR720GSE,2
ENCSR958CPV,/nfs-stor/akshat.mistry/cluster/dbsuper_pipeline/raw/encode_results/files/case/ENCSR958CPV/ENCFF213NVO.fastq.gz,,1,H3K27ac,ENCSR583XAM,1
ENCSR958CPV,/nfs-stor/akshat.mistry/cluster/dbsuper_pipeline/raw/encode_results/files/case/ENCSR958CPV/ENCFF322HBG.fastq.gz,,1,H3K27ac,ENCSR583XAM,1
ENCSR958CPV,/nfs-stor/akshat.mistry/cluster/dbsuper_pipeline/raw/encode_results/files/case/ENCSR958CPV/ENCFF573HNS.fastq.gz,,1,H3K27ac,ENCSR583XAM,1
ENCSR958CPV,/nfs-stor/akshat.mistry/cluster/dbsuper_pipeline/raw/encode_results/files/case/ENCSR958CPV/ENCFF751XBI.fastq.gz,,1,H3K27ac,ENCSR583XAM,1
ENCSR966RWA,/nfs-stor/akshat.mistry/cluster/dbsuper_pipeline/raw/encode_results/files/case/ENCSR966RWA/ENCFF115SCG.fastq.gz,,1,H3K27ac,ENCSR732BRB,1
ENCSR966RWA,/nfs-stor/akshat.mistry/cluster/dbsuper_pipeline/raw/encode_results/files/case/ENCSR966RWA/ENCFF227ZGL.fastq.gz,,1,H3K27ac,ENCSR732BRB,1
ENCSR966RWA,/nfs-stor/akshat.mistry/cluster/dbsuper_pipeline/raw/encode_results/files/case/ENCSR966RWA/ENCFF435SRV.fastq.gz,,1,H3K27ac,ENCSR732BRB,1
ENCSR966RWA,/nfs-stor/akshat.mistry/cluster/dbsuper_pipeline/raw/encode_results/files/case/ENCSR966RWA/ENCFF448YVM.fastq.gz,,1,H3K27ac,ENCSR732BRB,1
ENCSR966RWA,/nfs-stor/akshat.mistry/cluster/dbsuper_pipeline/raw/encode_results/files/case/ENCSR966RWA/ENCFF087BHR.fastq.gz,,1,H3K27ac,ENCSR732BRB,1
ENCSR966RWA,/nfs-stor/akshat.mistry/cluster/dbsuper_pipeline/raw/encode_results/files/case/ENCSR966RWA/ENCFF141MLL.fastq.gz,,1,H3K27ac,ENCSR732BRB,1
ENCSR966RWA,/nfs-stor/akshat.mistry/cluster/dbsuper_pipeline/raw/encode_results/files/case/ENCSR966RWA/ENCFF303TJX.fastq.gz,,1,H3K27ac,ENCSR732BRB,1
ENCSR966RWA,/nfs-stor/akshat.mistry/cluster/dbsuper_pipeline/raw/encode_results/files/case/ENCSR966RWA/ENCFF306PAM.fastq.gz,,1,H3K27ac,ENCSR732BRB,1
ENCSR969HBF,/nfs-stor/akshat.mistry/cluster/dbsuper_pipeline/raw/encode_results/files/case/ENCSR969HBF/ENCFF824FLQ.fastq.gz,,1,H3K27ac,ENCSR914HOJ,1
ENCSR969HBF,/nfs-stor/akshat.mistry/cluster/dbsuper_pipeline/raw/encode_results/files/case/ENCSR969HBF/ENCFF926JTR.fastq.gz,,1,H3K27ac,ENCSR914HOJ,1
ENCSR972GGW,/nfs-stor/akshat.mistry/cluster/dbsuper_pipeline/raw/encode_results/files/case/ENCSR972GGW/ENCFF019BGF.fastq.gz,,1,H3K27ac,ENCSR399JUL,1
ENCSR972GGW,/nfs-stor/akshat.mistry/cluster/dbsuper_pipeline/raw/encode_results/files/case/ENCSR972GGW/ENCFF005KVD.fastq.gz,,2,H3K27ac,ENCSR399JUL,2
ENCSR981UJA,/nfs-stor/akshat.mistry/cluster/dbsuper_pipeline/raw/encode_results/files/case/ENCSR981UJA/ENCFF740NTK.fastq.gz,,1,H3K27ac,ENCSR276SJT,1
ENCSR981UJA,/nfs-stor/akshat.mistry/cluster/dbsuper_pipeline/raw/encode_results/files/case/ENCSR981UJA/ENCFF931EZZ.fastq.gz,,1,H3K27ac,ENCSR276SJT,1
ENCSR981UJA,/nfs-stor/akshat.mistry/cluster/dbsuper_pipeline/raw/encode_results/files/case/ENCSR981UJA/ENCFF020LUU.fastq.gz,,2,H3K27ac,ENCSR276SJT,1
ENCSR981UJA,/nfs-stor/akshat.mistry/cluster/dbsuper_pipeline/raw/encode_results/files/case/ENCSR981UJA/ENCFF135NRF.fastq.gz,,2,H3K27ac,ENCSR276SJT,1
ENCSR982QIF,/nfs-stor/akshat.mistry/cluster/dbsuper_pipeline/raw/encode_results/files/case/ENCSR982QIF/ENCFF342QSI.fastq.gz,,1,H3K27ac,ENCSR494YJW,1
ENCSR982QIF,/nfs-stor/akshat.mistry/cluster/dbsuper_pipeline/raw/encode_results/files/case/ENCSR982QIF/ENCFF599EFX.fastq.gz,,1,H3K27ac,ENCSR494YJW,1
ENCSR987FAM,/nfs-stor/akshat.mistry/cluster/dbsuper_pipeline/raw/encode_results/files/case/ENCSR987FAM/ENCFF140RTQ.fastq.gz,,1,H3K27ac,ENCSR405BDN,1
ENCSR987FAM,/nfs-stor/akshat.mistry/cluster/dbsuper_pipeline/raw/encode_results/files/case/ENCSR987FAM/ENCFF169VZP.fastq.gz,,1,H3K27ac,ENCSR405BDN,1
ENCSR987FAM,/nfs-stor/akshat.mistry/cluster/dbsuper_pipeline/raw/encode_results/files/case/ENCSR987FAM/ENCFF467JRC.fastq.gz,,1,H3K27ac,ENCSR405BDN,1
ENCSR987FAM,/nfs-stor/akshat.mistry/cluster/dbsuper_pipeline/raw/encode_results/files/case/ENCSR987FAM/ENCFF684JRN.fastq.gz,,1,H3K27ac,ENCSR405BDN,1
ENCSR987FAM,/nfs-stor/akshat.mistry/cluster/dbsuper_pipeline/raw/encode_results/files/case/ENCSR987FAM/ENCFF260PZW.fastq.gz,,1,H3K27ac,ENCSR405BDN,1
ENCSR987FAM,/nfs-stor/akshat.mistry/cluster/dbsuper_pipeline/raw/encode_results/files/case/ENCSR987FAM/ENCFF738NIC.fastq.gz,,1,H3K27ac,ENCSR405BDN,1
ENCSR987FAM,/nfs-stor/akshat.mistry/cluster/dbsuper_pipeline/raw/encode_results/files/case/ENCSR987FAM/ENCFF771QKY.fastq.gz,,1,H3K27ac,ENCSR405BDN,1
ENCSR987FAM,/nfs-stor/akshat.mistry/cluster/dbsuper_pipeline/raw/encode_results/files/case/ENCSR987FAM/ENCFF948LME.fastq.gz,,1,H3K27ac,ENCSR405BDN,1
ENCSR987PNT,/nfs-stor/akshat.mistry/cluster/dbsuper_pipeline/raw/encode_results/files/case/ENCSR987PNT/ENCFF504UZA.fastq.gz,,1,H3K27ac,ENCSR394DWD,1
ENCSR987PNT,/nfs-stor/akshat.mistry/cluster/dbsuper_pipeline/raw/encode_results/files/case/ENCSR987PNT/ENCFF685WRF.fastq.gz,,1,H3K27ac,ENCSR394DWD,1
ENCSR987PNT,/nfs-stor/akshat.mistry/cluster/dbsuper_pipeline/raw/encode_results/files/case/ENCSR987PNT/ENCFF326ROP.fastq.gz,,2,H3K27ac,ENCSR394DWD,2
ENCSR989PTS,/nfs-stor/akshat.mistry/cluster/dbsuper_pipeline/raw/encode_results/files/case/ENCSR989PTS/ENCFF049UBE.fastq.gz,,1,H3K27ac,ENCSR945LPX,1
ENCSR989PTS,/nfs-stor/akshat.mistry/cluster/dbsuper_pipeline/raw/encode_results/files/case/ENCSR989PTS/ENCFF549LPD.fastq.gz,,1,H3K27ac,ENCSR945LPX,1
ENCSR989PTS,/nfs-stor/akshat.mistry/cluster/dbsuper_pipeline/raw/encode_results/files/case/ENCSR989PTS/ENCFF604XXK.fastq.gz,,1,H3K27ac,ENCSR945LPX,1
ENCSR989PTS,/nfs-stor/akshat.mistry/cluster/dbsuper_pipeline/raw/encode_results/files/case/ENCSR989PTS/ENCFF642EUF.fastq.gz,,1,H3K27ac,ENCSR945LPX,1
ENCSR989PTS,/nfs-stor/akshat.mistry/cluster/dbsuper_pipeline/raw/encode_results/files/case/ENCSR989PTS/ENCFF098PQS.fastq.gz,,1,H3K27ac,ENCSR945LPX,1
ENCSR989PTS,/nfs-stor/akshat.mistry/cluster/dbsuper_pipeline/raw/encode_results/files/case/ENCSR989PTS/ENCFF272YHL.fastq.gz,,1,H3K27ac,ENCSR945LPX,1
ENCSR989PTS,/nfs-stor/akshat.mistry/cluster/dbsuper_pipeline/raw/encode_results/files/case/ENCSR989PTS/ENCFF498DIY.fastq.gz,,1,H3K27ac,ENCSR945LPX,1
ENCSR989PTS,/nfs-stor/akshat.mistry/cluster/dbsuper_pipeline/raw/encode_results/files/case/ENCSR989PTS/ENCFF809MGN.fastq.gz,,1,H3K27ac,ENCSR945LPX,1
ENCSR000AKJ,/nfs-stor/akshat.mistry/cluster/dbsuper_pipeline/raw/encode_results/files/control/ENCSR000AKJ/ENCFF000ARK.fastq.gz,,1,,,
ENCSR000AKJ,/nfs-stor/akshat.mistry/cluster/dbsuper_pipeline/raw/encode_results/files/control/ENCSR000AKJ/ENCFF000ARO.fastq.gz,,2,,,
ENCSR000AKY,/nfs-stor/akshat.mistry/cluster/dbsuper_pipeline/raw/encode_results/files/control/ENCSR000AKY/ENCFF000BWK.fastq.gz,,1,,,
ENCSR000AKY,/nfs-stor/akshat.mistry/cluster/dbsuper_pipeline/raw/encode_results/files/control/ENCSR000AKY/ENCFF283HQV.fastq.gz,,2,,,
ENCSR000AKY,/nfs-stor/akshat.mistry/cluster/dbsuper_pipeline/raw/encode_results/files/control/ENCSR000AKY/ENCFF994FIB.fastq.gz,,2,,,
ENCSR000AKY,/nfs-stor/akshat.mistry/cluster/dbsuper_pipeline/raw/encode_results/files/control/ENCSR000AKY/ENCFF156ECZ.fastq.gz,,3,,,
ENCSR000AKY,/nfs-stor/akshat.mistry/cluster/dbsuper_pipeline/raw/encode_results/files/control/ENCSR000AKY/ENCFF561WFK.fastq.gz,,3,,,
ENCSR000ALG,/nfs-stor/akshat.mistry/cluster/dbsuper_pipeline/raw/encode_results/files/control/ENCSR000ALG/ENCFF000BQV.fastq.gz,,1,,,
ENCSR000ALG,/nfs-stor/akshat.mistry/cluster/dbsuper_pipeline/raw/encode_results/files/control/ENCSR000ALG/ENCFF000BQW.fastq.gz,,1,,,
ENCSR000ALG,/nfs-stor/akshat.mistry/cluster/dbsuper_pipeline/raw/encode_results/files/control/ENCSR000ALG/ENCFF000BQS.fastq.gz,,1,,,
ENCSR000ALS,/nfs-stor/akshat.mistry/cluster/dbsuper_pipeline/raw/encode_results/files/control/ENCSR000ALS/ENCFF000CMD.fastq.gz,,1,,,
ENCSR000ALS,/nfs-stor/akshat.mistry/cluster/dbsuper_pipeline/raw/encode_results/files/control/ENCSR000ALS/ENCFF000CMJ.fastq.gz,,2,,,
ENCSR000AMI,/nfs-stor/akshat.mistry/cluster/dbsuper_pipeline/raw/encode_results/files/control/ENCSR000AMI/ENCFF036EGF.fastq.gz,,1,,,
ENCSR000AMI,/nfs-stor/akshat.mistry/cluster/dbsuper_pipeline/raw/encode_results/files/control/ENCSR000AMI/ENCFF191QXK.fastq.gz,,1,,,
ENCSR000AMI,/nfs-stor/akshat.mistry/cluster/dbsuper_pipeline/raw/encode_results/files/control/ENCSR000AMI/ENCFF303YPV.fastq.gz,,2,,,
ENCSR000AMI,/nfs-stor/akshat.mistry/cluster/dbsuper_pipeline/raw/encode_results/files/control/ENCSR000AMI/ENCFF659UFR.fastq.gz,,2,,,
ENCSR000AMI,/nfs-stor/akshat.mistry/cluster/dbsuper_pipeline/raw/encode_results/files/control/ENCSR000AMI/ENCFF763DAQ.fastq.gz,,2,,,
ENCSR000AMI,/nfs-stor/akshat.mistry/cluster/dbsuper_pipeline/raw/encode_results/files/control/ENCSR000AMI/ENCFF145GCJ.fastq.gz,,2,,,
ENCSR000AMI,/nfs-stor/akshat.mistry/cluster/dbsuper_pipeline/raw/encode_results/files/control/ENCSR000AMI/ENCFF508ZFI.fastq.gz,,2,,,
ENCSR000AMI,/nfs-stor/akshat.mistry/cluster/dbsuper_pipeline/raw/encode_results/files/control/ENCSR000AMI/ENCFF472QMD.fastq.gz,,2,,,
ENCSR000AMI,/nfs-stor/akshat.mistry/cluster/dbsuper_pipeline/raw/encode_results/files/control/ENCSR000AMI/ENCFF635VQA.fastq.gz,,2,,,
ENCSR000AMI,/nfs-stor/akshat.mistry/cluster/dbsuper_pipeline/raw/encode_results/files/control/ENCSR000AMI/ENCFF138KKQ.fastq.gz,,2,,,
ENCSR000AMI,/nfs-stor/akshat.mistry/cluster/dbsuper_pipeline/raw/encode_results/files/control/ENCSR000AMI/ENCFF368CYL.fastq.gz,,2,,,
ENCSR000AMI,/nfs-stor/akshat.mistry/cluster/dbsuper_pipeline/raw/encode_results/files/control/ENCSR000AMI/ENCFF064XIS.fastq.gz,,2,,,
ENCSR000AMI,/nfs-stor/akshat.mistry/cluster/dbsuper_pipeline/raw/encode_results/files/control/ENCSR000AMI/ENCFF393KUX.fastq.gz,,2,,,
ENCSR000AMI,/nfs-stor/akshat.mistry/cluster/dbsuper_pipeline/raw/encode_results/files/control/ENCSR000AMI/ENCFF164ZWM.fastq.gz,,3,,,
ENCSR000AMI,/nfs-stor/akshat.mistry/cluster/dbsuper_pipeline/raw/encode_results/files/control/ENCSR000AMI/ENCFF809ZPN.fastq.gz,,3,,,
ENCSR000AMI,/nfs-stor/akshat.mistry/cluster/dbsuper_pipeline/raw/encode_results/files/control/ENCSR000AMI/ENCFF740ECI.fastq.gz,,3,,,
ENCSR000AMI,/nfs-stor/akshat.mistry/cluster/dbsuper_pipeline/raw/encode_results/files/control/ENCSR000AMI/ENCFF805KPU.fastq.gz,,3,,,
ENCSR000AMI,/nfs-stor/akshat.mistry/cluster/dbsuper_pipeline/raw/encode_results/files/control/ENCSR000AMI/ENCFF663FLW.fastq.gz,,4,,,
ENCSR000AMI,/nfs-stor/akshat.mistry/cluster/dbsuper_pipeline/raw/encode_results/files/control/ENCSR000AMI/ENCFF689EIT.fastq.gz,,4,,,
ENCSR000AMN,/nfs-stor/akshat.mistry/cluster/dbsuper_pipeline/raw/encode_results/files/control/ENCSR000AMN/ENCFF000BHE.fastq.gz,,1,,,
ENCSR000AMN,/nfs-stor/akshat.mistry/cluster/dbsuper_pipeline/raw/encode_results/files/control/ENCSR000AMN/ENCFF556RIX.fastq.gz,,1,,,
ENCSR000AMN,/nfs-stor/akshat.mistry/cluster/dbsuper_pipeline/raw/encode_results/files/control/ENCSR000AMN/ENCFF749GHL.fastq.gz,,1,,,
ENCSR000AMN,/nfs-stor/akshat.mistry/cluster/dbsuper_pipeline/raw/encode_results/files/control/ENCSR000AMN/ENCFF788YKS.fastq.gz,,1,,,
ENCSR000AMN,/nfs-stor/akshat.mistry/cluster/dbsuper_pipeline/raw/encode_results/files/control/ENCSR000AMN/ENCFF913IHA.fastq.gz,,1,,,
ENCSR000AMN,/nfs-stor/akshat.mistry/cluster/dbsuper_pipeline/raw/encode_results/files/control/ENCSR000AMN/ENCFF000BHF.fastq.gz,,2,,,
ENCSR000AMN,/nfs-stor/akshat.mistry/cluster/dbsuper_pipeline/raw/encode_results/files/control/ENCSR000AMN/ENCFF152UJF.fastq.gz,,2,,,
ENCSR000AMN,/nfs-stor/akshat.mistry/cluster/dbsuper_pipeline/raw/encode_results/files/control/ENCSR000AMN/ENCFF702WJD.fastq.gz,,2,,,
ENCSR000AMZ,/nfs-stor/akshat.mistry/cluster/dbsuper_pipeline/raw/encode_results/files/control/ENCSR000AMZ/ENCFF000CQP.fastq.gz,,1,,,
ENCSR000AMZ,/nfs-stor/akshat.mistry/cluster/dbsuper_pipeline/raw/encode_results/files/control/ENCSR000AMZ/ENCFF000CQO.fastq.gz,,2,,,
ENCSR000ANN,/nfs-stor/akshat.mistry/cluster/dbsuper_pipeline/raw/encode_results/files/control/ENCSR000ANN/ENCFF000BKK.fastq.gz,,1,,,
ENCSR000ANN,/nfs-stor/akshat.mistry/cluster/dbsuper_pipeline/raw/encode_results/files/control/ENCSR000ANN/ENCFF000BKI.fastq.gz,,2,,,
ENCSR000ANT,/nfs-stor/akshat.mistry/cluster/dbsuper_pipeline/raw/encode_results/files/control/ENCSR000ANT/ENCFF000BNR.fastq.gz,,1,,,
ENCSR000ANT,/nfs-stor/akshat.mistry/cluster/dbsuper_pipeline/raw/encode_results/files/control/ENCSR000ANT/ENCFF000BNO.fastq.gz,,2,,,
ENCSR000AOB,/nfs-stor/akshat.mistry/cluster/dbsuper_pipeline/raw/encode_results/files/control/ENCSR000AOB/ENCFF000BAU.fastq.gz,,1,,,
ENCSR000AOB,/nfs-stor/akshat.mistry/cluster/dbsuper_pipeline/raw/encode_results/files/control/ENCSR000AOB/ENCFF000BAO.fastq.gz,,2,,,
ENCSR000AOP,/nfs-stor/akshat.mistry/cluster/dbsuper_pipeline/raw/encode_results/files/control/ENCSR000AOP/ENCFF000CFY.fastq.gz,,1,,,
ENCSR000AOP,/nfs-stor/akshat.mistry/cluster/dbsuper_pipeline/raw/encode_results/files/control/ENCSR000AOP/ENCFF563PNW.fastq.gz,,1,,,
ENCSR000AOP,/nfs-stor/akshat.mistry/cluster/dbsuper_pipeline/raw/encode_results/files/control/ENCSR000AOP/ENCFF631QCD.fastq.gz,,1,,,
ENCSR000AOP,/nfs-stor/akshat.mistry/cluster/dbsuper_pipeline/raw/encode_results/files/control/ENCSR000AOP/ENCFF000CFR.fastq.gz,,2,,,
ENCSR000AOP,/nfs-stor/akshat.mistry/cluster/dbsuper_pipeline/raw/encode_results/files/control/ENCSR000AOP/ENCFF615VUA.fastq.gz,,2,,,
ENCSR000AOP,/nfs-stor/akshat.mistry/cluster/dbsuper_pipeline/raw/encode_results/files/control/ENCSR000AOP/ENCFF765DJW.fastq.gz,,2,,,
ENCSR000APT,/nfs-stor/akshat.mistry/cluster/dbsuper_pipeline/raw/encode_results/files/control/ENCSR000APT/ENCFF000CIW.fastq.gz,,1,,,
ENCSR000APT,/nfs-stor/akshat.mistry/cluster/dbsuper_pipeline/raw/encode_results/files/control/ENCSR000APT/ENCFF000CIU.fastq.gz,,2,,,
ENCSR000APT,/nfs-stor/akshat.mistry/cluster/dbsuper_pipeline/raw/encode_results/files/control/ENCSR000APT/ENCFF860HKY.fastq.gz,,2,,,
ENCSR000APT,/nfs-stor/akshat.mistry/cluster/dbsuper_pipeline/raw/encode_results/files/control/ENCSR000APT/ENCFF955HWE.fastq.gz,,2,,,
ENCSR000APT,/nfs-stor/akshat.mistry/cluster/dbsuper_pipeline/raw/encode_results/files/control/ENCSR000APT/ENCFF412GJA.fastq.gz,,3,,,
ENCSR000APT,/nfs-stor/akshat.mistry/cluster/dbsuper_pipeline/raw/encode_results/files/control/ENCSR000APT/ENCFF859VNG.fastq.gz,,3,,,
ENCSR000APU,/nfs-stor/akshat.mistry/cluster/dbsuper_pipeline/raw/encode_results/files/control/ENCSR000APU/ENCFF000CUZ.fastq.gz,,1,,,
ENCSR000APU,/nfs-stor/akshat.mistry/cluster/dbsuper_pipeline/raw/encode_results/files/control/ENCSR000APU/ENCFF000CVB.fastq.gz,,2,,,
ENCSR000ASA,/nfs-stor/akshat.mistry/cluster/dbsuper_pipeline/raw/encode_results/files/control/ENCSR000ASA/ENCFF000AOG.fastq.gz,,1,,,
ENCSR000ASA,/nfs-stor/akshat.mistry/cluster/dbsuper_pipeline/raw/encode_results/files/control/ENCSR000ASA/ENCFF000AOF.fastq.gz,,2,,,
ENCSR000ASR,/nfs-stor/akshat.mistry/cluster/dbsuper_pipeline/raw/encode_results/files/control/ENCSR000ASR/ENCFF000AHJ.fastq.gz,,1,,,
ENCSR000ASR,/nfs-stor/akshat.mistry/cluster/dbsuper_pipeline/raw/encode_results/files/control/ENCSR000ASR/ENCFF000AHE.fastq.gz,,2,,,
ENCSR000ASS,/nfs-stor/akshat.mistry/cluster/dbsuper_pipeline/raw/encode_results/files/control/ENCSR000ASS/ENCFF000AHV.fastq.gz,,1,,,
ENCSR000ASS,/nfs-stor/akshat.mistry/cluster/dbsuper_pipeline/raw/encode_results/files/control/ENCSR000ASS/ENCFF000AHM.fastq.gz,,2,,,
ENCSR000ASS,/nfs-stor/akshat.mistry/cluster/dbsuper_pipeline/raw/encode_results/files/control/ENCSR000ASS/ENCFF550UKJ.fastq.gz,,3,,,
ENCSR000ASS,/nfs-stor/akshat.mistry/cluster/dbsuper_pipeline/raw/encode_results/files/control/ENCSR000ASS/ENCFF719NBM.fastq.gz,,3,,,
ENCSR000ASS,/nfs-stor/akshat.mistry/cluster/dbsuper_pipeline/raw/encode_results/files/control/ENCSR000ASS/ENCFF122PEM.fastq.gz,,4,,,
ENCSR000ASS,/nfs-stor/akshat.mistry/cluster/dbsuper_pipeline/raw/encode_results/files/control/ENCSR000ASS/ENCFF824LNT.fastq.gz,,4,,,
ENCSR000AUU,/nfs-stor/akshat.mistry/cluster/dbsuper_pipeline/raw/encode_results/files/control/ENCSR000AUU/ENCFF000CCW.fastq.gz,,1,,,
ENCSR000AUU,/nfs-stor/akshat.mistry/cluster/dbsuper_pipeline/raw/encode_results/files/control/ENCSR000AUU/ENCFF000CCQ.fastq.gz,,2,,,
ENCSR000AUU,/nfs-stor/akshat.mistry/cluster/dbsuper_pipeline/raw/encode_results/files/control/ENCSR000AUU/ENCFF244XQF.fastq.gz,,3,,,
ENCSR000AUU,/nfs-stor/akshat.mistry/cluster/dbsuper_pipeline/raw/encode_results/files/control/ENCSR000AUU/ENCFF692GVG.fastq.gz,,3,,,
ENCSR000AUW,/nfs-stor/akshat.mistry/cluster/dbsuper_pipeline/raw/encode_results/files/control/ENCSR000AUW/ENCFF000AMM.fastq.gz,,1,,,
ENCSR000DPN,/nfs-stor/akshat.mistry/cluster/dbsuper_pipeline/raw/encode_results/files/control/ENCSR000DPN/ENCFF001GXE.fastq.gz,,1,,,
ENCSR000EUX,/nfs-stor/akshat.mistry/cluster/dbsuper_pipeline/raw/encode_results/files/control/ENCSR000EUX/ENCFF000VCW.fastq.gz,,1,,,
ENCSR000EUX,/nfs-stor/akshat.mistry/cluster/dbsuper_pipeline/raw/encode_results/files/control/ENCSR000EUX/ENCFF000VCY.fastq.gz,,1,,,
ENCSR000EVA,/nfs-stor/akshat.mistry/cluster/dbsuper_pipeline/raw/encode_results/files/control/ENCSR000EVA/ENCFF000WXY.fastq.gz,,1,,,
ENCSR000EWW,/nfs-stor/akshat.mistry/cluster/dbsuper_pipeline/raw/encode_results/files/control/ENCSR000EWW/ENCFF000VHL.fastq.gz,,1,,,
ENCSR000EWW,/nfs-stor/akshat.mistry/cluster/dbsuper_pipeline/raw/encode_results/files/control/ENCSR000EWW/ENCFF000VHM.fastq.gz,,2,,,
ENCSR000EXM,/nfs-stor/akshat.mistry/cluster/dbsuper_pipeline/raw/encode_results/files/control/ENCSR000EXM/ENCFF000VJK.fastq.gz,,1,,,
ENCSR000FDA,/nfs-stor/akshat.mistry/cluster/dbsuper_pipeline/raw/encode_results/files/control/ENCSR000FDA/ENCFF002ABO.fastq.gz,,1,,,
ENCSR000FDA,/nfs-stor/akshat.mistry/cluster/dbsuper_pipeline/raw/encode_results/files/control/ENCSR000FDA/ENCFF002ABM.fastq.gz,,1,,,
ENCSR000JGO,/nfs-stor/akshat.mistry/cluster/dbsuper_pipeline/raw/encode_results/files/control/ENCSR000JGO/ENCFF700OYN.fastq.gz,,1,,,
ENCSR001BSB,/nfs-stor/akshat.mistry/cluster/dbsuper_pipeline/raw/encode_results/files/control/ENCSR001BSB/ENCFF855STX.fastq.gz,,1,,,
ENCSR001BSB,/nfs-stor/akshat.mistry/cluster/dbsuper_pipeline/raw/encode_results/files/control/ENCSR001BSB/ENCFF272HWA.fastq.gz,,1,,,
ENCSR001BSB,/nfs-stor/akshat.mistry/cluster/dbsuper_pipeline/raw/encode_results/files/control/ENCSR001BSB/ENCFF740CFC.fastq.gz,,1,,,
ENCSR001BSB,/nfs-stor/akshat.mistry/cluster/dbsuper_pipeline/raw/encode_results/files/control/ENCSR001BSB/ENCFF956KYS.fastq.gz,,1,,,
ENCSR001KCX,/nfs-stor/akshat.mistry/cluster/dbsuper_pipeline/raw/encode_results/files/control/ENCSR001KCX/ENCFF126GOB.fastq.gz,,1,,,
ENCSR001KCX,/nfs-stor/akshat.mistry/cluster/dbsuper_pipeline/raw/encode_results/files/control/ENCSR001KCX/ENCFF869EIB.fastq.gz,,1,,,
ENCSR001KCX,/nfs-stor/akshat.mistry/cluster/dbsuper_pipeline/raw/encode_results/files/control/ENCSR001KCX/ENCFF116RUN.fastq.gz,,2,,,
ENCSR001KCX,/nfs-stor/akshat.mistry/cluster/dbsuper_pipeline/raw/encode_results/files/control/ENCSR001KCX/ENCFF641CIT.fastq.gz,,2,,,
ENCSR001UFN,/nfs-stor/akshat.mistry/cluster/dbsuper_pipeline/raw/encode_results/files/control/ENCSR001UFN/ENCFF249UEG.fastq.gz,,1,,,
ENCSR001UFN,/nfs-stor/akshat.mistry/cluster/dbsuper_pipeline/raw/encode_results/files/control/ENCSR001UFN/ENCFF598YFV.fastq.gz,,1,,,
ENCSR001UFN,/nfs-stor/akshat.mistry/cluster/dbsuper_pipeline/raw/encode_results/files/control/ENCSR001UFN/ENCFF691QIG.fastq.gz,,1,,,
ENCSR001UFN,/nfs-stor/akshat.mistry/cluster/dbsuper_pipeline/raw/encode_results/files/control/ENCSR001UFN/ENCFF865BLC.fastq.gz,,1,,,
ENCSR007WYC,/nfs-stor/akshat.mistry/cluster/dbsuper_pipeline/raw/encode_results/files/control/ENCSR007WYC/ENCFF334CJI.fastq.gz,,1,,,
ENCSR007WYC,/nfs-stor/akshat.mistry/cluster/dbsuper_pipeline/raw/encode_results/files/control/ENCSR007WYC/ENCFF547GCK.fastq.gz,,1,,,
ENCSR007WYC,/nfs-stor/akshat.mistry/cluster/dbsuper_pipeline/raw/encode_results/files/control/ENCSR007WYC/ENCFF127SEC.fastq.gz,,1,,,
ENCSR007WYC,/nfs-stor/akshat.mistry/cluster/dbsuper_pipeline/raw/encode_results/files/control/ENCSR007WYC/ENCFF379SQR.fastq.gz,,1,,,
ENCSR011GWK,/nfs-stor/akshat.mistry/cluster/dbsuper_pipeline/raw/encode_results/files/control/ENCSR011GWK/ENCFF163PYU.fastq.gz,,1,,,
ENCSR011GWK,/nfs-stor/akshat.mistry/cluster/dbsuper_pipeline/raw/encode_results/files/control/ENCSR011GWK/ENCFF522PVI.fastq.gz,,1,,,
ENCSR011GWK,/nfs-stor/akshat.mistry/cluster/dbsuper_pipeline/raw/encode_results/files/control/ENCSR011GWK/ENCFF639RMG.fastq.gz,,1,,,
ENCSR011GWK,/nfs-stor/akshat.mistry/cluster/dbsuper_pipeline/raw/encode_results/files/control/ENCSR011GWK/ENCFF716YLE.fastq.gz,,1,,,
ENCSR011GWK,/nfs-stor/akshat.mistry/cluster/dbsuper_pipeline/raw/encode_results/files/control/ENCSR011GWK/ENCFF057DOL.fastq.gz,,2,,,
ENCSR011GWK,/nfs-stor/akshat.mistry/cluster/dbsuper_pipeline/raw/encode_results/files/control/ENCSR011GWK/ENCFF243MZN.fastq.gz,,2,,,
ENCSR011GWK,/nfs-stor/akshat.mistry/cluster/dbsuper_pipeline/raw/encode_results/files/control/ENCSR011GWK/ENCFF452ROQ.fastq.gz,,2,,,
ENCSR011GWK,/nfs-stor/akshat.mistry/cluster/dbsuper_pipeline/raw/encode_results/files/control/ENCSR011GWK/ENCFF527WMD.fastq.gz,,2,,,
ENCSR011GWK,/nfs-stor/akshat.mistry/cluster/dbsuper_pipeline/raw/encode_results/files/control/ENCSR011GWK/ENCFF584YEG.fastq.gz,,2,,,
ENCSR018KWK,/nfs-stor/akshat.mistry/cluster/dbsuper_pipeline/raw/encode_results/files/control/ENCSR018KWK/ENCFF671EWZ.fastq.gz,,1,,,
ENCSR018KWK,/nfs-stor/akshat.mistry/cluster/dbsuper_pipeline/raw/encode_results/files/control/ENCSR018KWK/ENCFF681XFW.fastq.gz,,1,,,
ENCSR018KWK,/nfs-stor/akshat.mistry/cluster/dbsuper_pipeline/raw/encode_results/files/control/ENCSR018KWK/ENCFF717KOA.fastq.gz,,1,,,
ENCSR018KWK,/nfs-stor/akshat.mistry/cluster/dbsuper_pipeline/raw/encode_results/files/control/ENCSR018KWK/ENCFF925SFD.fastq.gz,,1,,,
ENCSR018KWK,/nfs-stor/akshat.mistry/cluster/dbsuper_pipeline/raw/encode_results/files/control/ENCSR018KWK/ENCFF010DDI.fastq.gz,,1,,,
ENCSR018KWK,/nfs-stor/akshat.mistry/cluster/dbsuper_pipeline/raw/encode_results/files/control/ENCSR018KWK/ENCFF162QHF.fastq.gz,,1,,,
ENCSR018KWK,/nfs-stor/akshat.mistry/cluster/dbsuper_pipeline/raw/encode_results/files/control/ENCSR018KWK/ENCFF339GSY.fastq.gz,,1,,,
ENCSR018KWK,/nfs-stor/akshat.mistry/cluster/dbsuper_pipeline/raw/encode_results/files/control/ENCSR018KWK/ENCFF340VTT.fastq.gz,,1,,,
ENCSR033XKQ,/nfs-stor/akshat.mistry/cluster/dbsuper_pipeline/raw/encode_results/files/control/ENCSR033XKQ/ENCFF097KQX.fastq.gz,,1,,,
ENCSR033XKQ,/nfs-stor/akshat.mistry/cluster/dbsuper_pipeline/raw/encode_results/files/control/ENCSR033XKQ/ENCFF152PEL.fastq.gz,,1,,,
ENCSR033XKQ,/nfs-stor/akshat.mistry/cluster/dbsuper_pipeline/raw/encode_results/files/control/ENCSR033XKQ/ENCFF498KFC.fastq.gz,,1,,,
ENCSR033XKQ,/nfs-stor/akshat.mistry/cluster/dbsuper_pipeline/raw/encode_results/files/control/ENCSR033XKQ/ENCFF950WTJ.fastq.gz,,1,,,
ENCSR043UWF,/nfs-stor/akshat.mistry/cluster/dbsuper_pipeline/raw/encode_results/files/control/ENCSR043UWF/ENCFF202XJD.fastq.gz,,1,,,
ENCSR043UWF,/nfs-stor/akshat.mistry/cluster/dbsuper_pipeline/raw/encode_results/files/control/ENCSR043UWF/ENCFF294RSN.fastq.gz,,1,,,
ENCSR043UWF,/nfs-stor/akshat.mistry/cluster/dbsuper_pipeline/raw/encode_results/files/control/ENCSR043UWF/ENCFF415NBZ.fastq.gz,,1,,,
ENCSR043UWF,/nfs-stor/akshat.mistry/cluster/dbsuper_pipeline/raw/encode_results/files/control/ENCSR043UWF/ENCFF914QDH.fastq.gz,,1,,,
ENCSR049JKQ,/nfs-stor/akshat.mistry/cluster/dbsuper_pipeline/raw/encode_results/files/control/ENCSR049JKQ/ENCFF036WFI.fastq.gz,,1,,,
ENCSR049JKQ,/nfs-stor/akshat.mistry/cluster/dbsuper_pipeline/raw/encode_results/files/control/ENCSR049JKQ/ENCFF279QFA.fastq.gz,,1,,,
ENCSR049JKQ,/nfs-stor/akshat.mistry/cluster/dbsuper_pipeline/raw/encode_results/files/control/ENCSR049JKQ/ENCFF710EHO.fastq.gz,,1,,,
ENCSR049JKQ,/nfs-stor/akshat.mistry/cluster/dbsuper_pipeline/raw/encode_results/files/control/ENCSR049JKQ/ENCFF764XAO.fastq.gz,,1,,,
ENCSR049JKQ,/nfs-stor/akshat.mistry/cluster/dbsuper_pipeline/raw/encode_results/files/control/ENCSR049JKQ/ENCFF646LBW.fastq.gz,,1,,,
ENCSR049JKQ,/nfs-stor/akshat.mistry/cluster/dbsuper_pipeline/raw/encode_results/files/control/ENCSR049JKQ/ENCFF739MKG.fastq.gz,,1,,,
ENCSR049JKQ,/nfs-stor/akshat.mistry/cluster/dbsuper_pipeline/raw/encode_results/files/control/ENCSR049JKQ/ENCFF784OHC.fastq.gz,,1,,,
ENCSR049JKQ,/nfs-stor/akshat.mistry/cluster/dbsuper_pipeline/raw/encode_results/files/control/ENCSR049JKQ/ENCFF997MYB.fastq.gz,,1,,,
ENCSR049JKQ,/nfs-stor/akshat.mistry/cluster/dbsuper_pipeline/raw/encode_results/files/control/ENCSR049JKQ/ENCFF124WWR.fastq.gz,,1,,,
ENCSR049JKQ,/nfs-stor/akshat.mistry/cluster/dbsuper_pipeline/raw/encode_results/files/control/ENCSR049JKQ/ENCFF140HNP.fastq.gz,,1,,,
ENCSR049JKQ,/nfs-stor/akshat.mistry/cluster/dbsuper_pipeline/raw/encode_results/files/control/ENCSR049JKQ/ENCFF182CTB.fastq.gz,,1,,,
ENCSR049JKQ,/nfs-stor/akshat.mistry/cluster/dbsuper_pipeline/raw/encode_results/files/control/ENCSR049JKQ/ENCFF816PNO.fastq.gz,,1,,,
ENCSR049LCN,/nfs-stor/akshat.mistry/cluster/dbsuper_pipeline/raw/encode_results/files/control/ENCSR049LCN/ENCFF108OEG.fastq.gz,,1,,,
ENCSR055XHN,/nfs-stor/akshat.mistry/cluster/dbsuper_pipeline/raw/encode_results/files/control/ENCSR055XHN/ENCFF066LYG.fastq.gz,,1,,,
ENCSR055XHN,/nfs-stor/akshat.mistry/cluster/dbsuper_pipeline/raw/encode_results/files/control/ENCSR055XHN/ENCFF162ADN.fastq.gz,,1,,,
ENCSR055XHN,/nfs-stor/akshat.mistry/cluster/dbsuper_pipeline/raw/encode_results/files/control/ENCSR055XHN/ENCFF474ZPM.fastq.gz,,1,,,
ENCSR055XHN,/nfs-stor/akshat.mistry/cluster/dbsuper_pipeline/raw/encode_results/files/control/ENCSR055XHN/ENCFF642ZJC.fastq.gz,,1,,,
ENCSR055XHN,/nfs-stor/akshat.mistry/cluster/dbsuper_pipeline/raw/encode_results/files/control/ENCSR055XHN/ENCFF356QYZ.fastq.gz,,2,,,
ENCSR055XHN,/nfs-stor/akshat.mistry/cluster/dbsuper_pipeline/raw/encode_results/files/control/ENCSR055XHN/ENCFF369RYY.fastq.gz,,2,,,
ENCSR055XHN,/nfs-stor/akshat.mistry/cluster/dbsuper_pipeline/raw/encode_results/files/control/ENCSR055XHN/ENCFF608CWZ.fastq.gz,,2,,,
ENCSR055XHN,/nfs-stor/akshat.mistry/cluster/dbsuper_pipeline/raw/encode_results/files/control/ENCSR055XHN/ENCFF653JWL.fastq.gz,,2,,,
ENCSR055XHN,/nfs-stor/akshat.mistry/cluster/dbsuper_pipeline/raw/encode_results/files/control/ENCSR055XHN/ENCFF854ELY.fastq.gz,,2,,,
ENCSR055XHN,/nfs-stor/akshat.mistry/cluster/dbsuper_pipeline/raw/encode_results/files/control/ENCSR055XHN/ENCFF881CNC.fastq.gz,,2,,,
ENCSR055XHN,/nfs-stor/akshat.mistry/cluster/dbsuper_pipeline/raw/encode_results/files/control/ENCSR055XHN/ENCFF463RRE.fastq.gz,,3,,,
ENCSR055XHN,/nfs-stor/akshat.mistry/cluster/dbsuper_pipeline/raw/encode_results/files/control/ENCSR055XHN/ENCFF574VLI.fastq.gz,,3,,,
ENCSR058XPK,/nfs-stor/akshat.mistry/cluster/dbsuper_pipeline/raw/encode_results/files/control/ENCSR058XPK/ENCFF019JID.fastq.gz,,1,,,
ENCSR058XPK,/nfs-stor/akshat.mistry/cluster/dbsuper_pipeline/raw/encode_results/files/control/ENCSR058XPK/ENCFF038DAU.fastq.gz,,1,,,
ENCSR058XPK,/nfs-stor/akshat.mistry/cluster/dbsuper_pipeline/raw/encode_results/files/control/ENCSR058XPK/ENCFF545JHM.fastq.gz,,1,,,
ENCSR058XPK,/nfs-stor/akshat.mistry/cluster/dbsuper_pipeline/raw/encode_results/files/control/ENCSR058XPK/ENCFF663NVF.fastq.gz,,1,,,
ENCSR058XPK,/nfs-stor/akshat.mistry/cluster/dbsuper_pipeline/raw/encode_results/files/control/ENCSR058XPK/ENCFF682HPF.fastq.gz,,1,,,
ENCSR058XPK,/nfs-stor/akshat.mistry/cluster/dbsuper_pipeline/raw/encode_results/files/control/ENCSR058XPK/ENCFF759RAE.fastq.gz,,1,,,
ENCSR058XPK,/nfs-stor/akshat.mistry/cluster/dbsuper_pipeline/raw/encode_results/files/control/ENCSR058XPK/ENCFF790UYR.fastq.gz,,1,,,
ENCSR058XPK,/nfs-stor/akshat.mistry/cluster/dbsuper_pipeline/raw/encode_results/files/control/ENCSR058XPK/ENCFF831PEE.fastq.gz,,1,,,
ENCSR058XPK,/nfs-stor/akshat.mistry/cluster/dbsuper_pipeline/raw/encode_results/files/control/ENCSR058XPK/ENCFF186XEW.fastq.gz,,1,,,
ENCSR058XPK,/nfs-stor/akshat.mistry/cluster/dbsuper_pipeline/raw/encode_results/files/control/ENCSR058XPK/ENCFF265VAM.fastq.gz,,1,,,
ENCSR058XPK,/nfs-stor/akshat.mistry/cluster/dbsuper_pipeline/raw/encode_results/files/control/ENCSR058XPK/ENCFF308GHB.fastq.gz,,1,,,
ENCSR058XPK,/nfs-stor/akshat.mistry/cluster/dbsuper_pipeline/raw/encode_results/files/control/ENCSR058XPK/ENCFF833UDW.fastq.gz,,1,,,
ENCSR059QYS,/nfs-stor/akshat.mistry/cluster/dbsuper_pipeline/raw/encode_results/files/control/ENCSR059QYS/ENCFF758OHN.fastq.gz,,1,,,
ENCSR059VTG,/nfs-stor/akshat.mistry/cluster/dbsuper_pipeline/raw/encode_results/files/control/ENCSR059VTG/ENCFF229XSI.fastq.gz,,1,,,
ENCSR059VTG,/nfs-stor/akshat.mistry/cluster/dbsuper_pipeline/raw/encode_results/files/control/ENCSR059VTG/ENCFF805XXX.fastq.gz,,1,,,
ENCSR059VTG,/nfs-stor/akshat.mistry/cluster/dbsuper_pipeline/raw/encode_results/files/control/ENCSR059VTG/ENCFF431WSO.fastq.gz,,1,,,
ENCSR059VTG,/nfs-stor/akshat.mistry/cluster/dbsuper_pipeline/raw/encode_results/files/control/ENCSR059VTG/ENCFF620GLC.fastq.gz,,1,,,
ENCSR061EXX,/nfs-stor/akshat.mistry/cluster/dbsuper_pipeline/raw/encode_results/files/control/ENCSR061EXX/ENCFF420TOD.fastq.gz,,1,,,
ENCSR061EXX,/nfs-stor/akshat.mistry/cluster/dbsuper_pipeline/raw/encode_results/files/control/ENCSR061EXX/ENCFF434JQK.fastq.gz,,1,,,
ENCSR061EXX,/nfs-stor/akshat.mistry/cluster/dbsuper_pipeline/raw/encode_results/files/control/ENCSR061EXX/ENCFF798AFZ.fastq.gz,,1,,,
ENCSR061EXX,/nfs-stor/akshat.mistry/cluster/dbsuper_pipeline/raw/encode_results/files/control/ENCSR061EXX/ENCFF998IRH.fastq.gz,,1,,,
ENCSR061EXX,/nfs-stor/akshat.mistry/cluster/dbsuper_pipeline/raw/encode_results/files/control/ENCSR061EXX/ENCFF122XKL.fastq.gz,,1,,,
ENCSR061EXX,/nfs-stor/akshat.mistry/cluster/dbsuper_pipeline/raw/encode_results/files/control/ENCSR061EXX/ENCFF295LFN.fastq.gz,,1,,,
ENCSR061EXX,/nfs-stor/akshat.mistry/cluster/dbsuper_pipeline/raw/encode_results/files/control/ENCSR061EXX/ENCFF780DJN.fastq.gz,,1,,,
ENCSR061EXX,/nfs-stor/akshat.mistry/cluster/dbsuper_pipeline/raw/encode_results/files/control/ENCSR061EXX/ENCFF805DKX.fastq.gz,,1,,,
ENCSR061VJM,/nfs-stor/akshat.mistry/cluster/dbsuper_pipeline/raw/encode_results/files/control/ENCSR061VJM/ENCFF415KFB.fastq.gz,,1,,,
ENCSR061VJM,/nfs-stor/akshat.mistry/cluster/dbsuper_pipeline/raw/encode_results/files/control/ENCSR061VJM/ENCFF879XFU.fastq.gz,,2,,,
ENCSR063AUO,/nfs-stor/akshat.mistry/cluster/dbsuper_pipeline/raw/encode_results/files/control/ENCSR063AUO/ENCFF002AVJ.fastq.gz,,1,,,
ENCSR063AUO,/nfs-stor/akshat.mistry/cluster/dbsuper_pipeline/raw/encode_results/files/control/ENCSR063AUO/ENCFF002BAA.fastq.gz,,1,,,
ENCSR063AUO,/nfs-stor/akshat.mistry/cluster/dbsuper_pipeline/raw/encode_results/files/control/ENCSR063AUO/ENCFF002BCA.fastq.gz,,2,,,
ENCSR063AUO,/nfs-stor/akshat.mistry/cluster/dbsuper_pipeline/raw/encode_results/files/control/ENCSR063AUO/ENCFF002AYG.fastq.gz,,2,,,
ENCSR064RLF,/nfs-stor/akshat.mistry/cluster/dbsuper_pipeline/raw/encode_results/files/control/ENCSR064RLF/ENCFF116PQT.fastq.gz,,1,,,
ENCSR064RLF,/nfs-stor/akshat.mistry/cluster/dbsuper_pipeline/raw/encode_results/files/control/ENCSR064RLF/ENCFF245PQL.fastq.gz,,1,,,
ENCSR067CHO,/nfs-stor/akshat.mistry/cluster/dbsuper_pipeline/raw/encode_results/files/control/ENCSR067CHO/ENCFF194KGB.fastq.gz,,1,,,
ENCSR067CHO,/nfs-stor/akshat.mistry/cluster/dbsuper_pipeline/raw/encode_results/files/control/ENCSR067CHO/ENCFF232TNP.fastq.gz,,1,,,
ENCSR067CHO,/nfs-stor/akshat.mistry/cluster/dbsuper_pipeline/raw/encode_results/files/control/ENCSR067CHO/ENCFF725CDP.fastq.gz,,1,,,
ENCSR067CHO,/nfs-stor/akshat.mistry/cluster/dbsuper_pipeline/raw/encode_results/files/control/ENCSR067CHO/ENCFF904UAN.fastq.gz,,1,,,
ENCSR067CHO,/nfs-stor/akshat.mistry/cluster/dbsuper_pipeline/raw/encode_results/files/control/ENCSR067CHO/ENCFF447JKH.fastq.gz,,1,,,
ENCSR067CHO,/nfs-stor/akshat.mistry/cluster/dbsuper_pipeline/raw/encode_results/files/control/ENCSR067CHO/ENCFF555QNZ.fastq.gz,,1,,,
ENCSR067CHO,/nfs-stor/akshat.mistry/cluster/dbsuper_pipeline/raw/encode_results/files/control/ENCSR067CHO/ENCFF748ABB.fastq.gz,,1,,,
ENCSR067CHO,/nfs-stor/akshat.mistry/cluster/dbsuper_pipeline/raw/encode_results/files/control/ENCSR067CHO/ENCFF967VDK.fastq.gz,,1,,,
ENCSR071DPR,/nfs-stor/akshat.mistry/cluster/dbsuper_pipeline/raw/encode_results/files/control/ENCSR071DPR/ENCFF097PPT.fastq.gz,,1,,,
ENCSR071DPR,/nfs-stor/akshat.mistry/cluster/dbsuper_pipeline/raw/encode_results/files/control/ENCSR071DPR/ENCFF601AGP.fastq.gz,,1,,,
ENCSR071ILJ,/nfs-stor/akshat.mistry/cluster/dbsuper_pipeline/raw/encode_results/files/control/ENCSR071ILJ/ENCFF054PAD.fastq.gz,,1,,,
ENCSR071ILJ,/nfs-stor/akshat.mistry/cluster/dbsuper_pipeline/raw/encode_results/files/control/ENCSR071ILJ/ENCFF238DAN.fastq.gz,,1,,,
ENCSR071ILJ,/nfs-stor/akshat.mistry/cluster/dbsuper_pipeline/raw/encode_results/files/control/ENCSR071ILJ/ENCFF606VOZ.fastq.gz,,1,,,
ENCSR071ILJ,/nfs-stor/akshat.mistry/cluster/dbsuper_pipeline/raw/encode_results/files/control/ENCSR071ILJ/ENCFF786QWW.fastq.gz,,1,,,
ENCSR071ILJ,/nfs-stor/akshat.mistry/cluster/dbsuper_pipeline/raw/encode_results/files/control/ENCSR071ILJ/ENCFF313MUH.fastq.gz,,1,,,
ENCSR071ILJ,/nfs-stor/akshat.mistry/cluster/dbsuper_pipeline/raw/encode_results/files/control/ENCSR071ILJ/ENCFF348DIW.fastq.gz,,1,,,
ENCSR071ILJ,/nfs-stor/akshat.mistry/cluster/dbsuper_pipeline/raw/encode_results/files/control/ENCSR071ILJ/ENCFF705RBF.fastq.gz,,1,,,
ENCSR071ILJ,/nfs-stor/akshat.mistry/cluster/dbsuper_pipeline/raw/encode_results/files/control/ENCSR071ILJ/ENCFF813ZFD.fastq.gz,,1,,,
ENCSR071ILJ,/nfs-stor/akshat.mistry/cluster/dbsuper_pipeline/raw/encode_results/files/control/ENCSR071ILJ/ENCFF099XKT.fastq.gz,,2,,,
ENCSR071ILJ,/nfs-stor/akshat.mistry/cluster/dbsuper_pipeline/raw/encode_results/files/control/ENCSR071ILJ/ENCFF289WIE.fastq.gz,,2,,,
ENCSR071ILJ,/nfs-stor/akshat.mistry/cluster/dbsuper_pipeline/raw/encode_results/files/control/ENCSR071ILJ/ENCFF418GRZ.fastq.gz,,2,,,
ENCSR071ILJ,/nfs-stor/akshat.mistry/cluster/dbsuper_pipeline/raw/encode_results/files/control/ENCSR071ILJ/ENCFF721VDE.fastq.gz,,2,,,
ENCSR071ILJ,/nfs-stor/akshat.mistry/cluster/dbsuper_pipeline/raw/encode_results/files/control/ENCSR071ILJ/ENCFF283JAC.fastq.gz,,2,,,
ENCSR071ILJ,/nfs-stor/akshat.mistry/cluster/dbsuper_pipeline/raw/encode_results/files/control/ENCSR071ILJ/ENCFF867BPN.fastq.gz,,2,,,
ENCSR071ILJ,/nfs-stor/akshat.mistry/cluster/dbsuper_pipeline/raw/encode_results/files/control/ENCSR071ILJ/ENCFF924QKT.fastq.gz,,2,,,
ENCSR071ILJ,/nfs-stor/akshat.mistry/cluster/dbsuper_pipeline/raw/encode_results/files/control/ENCSR071ILJ/ENCFF947YGT.fastq.gz,,2,,,
ENCSR074WNF,/nfs-stor/akshat.mistry/cluster/dbsuper_pipeline/raw/encode_results/files/control/ENCSR074WNF/ENCFF630OOC.fastq.gz,,1,,,
ENCSR074WNF,/nfs-stor/akshat.mistry/cluster/dbsuper_pipeline/raw/encode_results/files/control/ENCSR074WNF/ENCFF874IPA.fastq.gz,,1,,,
ENCSR085WWL,/nfs-stor/akshat.mistry/cluster/dbsuper_pipeline/raw/encode_results/files/control/ENCSR085WWL/ENCFF272DGG.fastq.gz,,1,,,
ENCSR085WWL,/nfs-stor/akshat.mistry/cluster/dbsuper_pipeline/raw/encode_results/files/control/ENCSR085WWL/ENCFF220JJE.fastq.gz,,2,,,
ENCSR085WWL,/nfs-stor/akshat.mistry/cluster/dbsuper_pipeline/raw/encode_results/files/control/ENCSR085WWL/ENCFF871AWA.fastq.gz,,3,,,
ENCSR086BNR,/nfs-stor/akshat.mistry/cluster/dbsuper_pipeline/raw/encode_results/files/control/ENCSR086BNR/ENCFF438KWM.fastq.gz,,1,,,
ENCSR086BNR,/nfs-stor/akshat.mistry/cluster/dbsuper_pipeline/raw/encode_results/files/control/ENCSR086BNR/ENCFF720RFR.fastq.gz,,1,,,
ENCSR086BNR,/nfs-stor/akshat.mistry/cluster/dbsuper_pipeline/raw/encode_results/files/control/ENCSR086BNR/ENCFF782CVZ.fastq.gz,,1,,,
ENCSR086BNR,/nfs-stor/akshat.mistry/cluster/dbsuper_pipeline/raw/encode_results/files/control/ENCSR086BNR/ENCFF844WFU.fastq.gz,,1,,,
ENCSR086BNR,/nfs-stor/akshat.mistry/cluster/dbsuper_pipeline/raw/encode_results/files/control/ENCSR086BNR/ENCFF672DAN.fastq.gz,,1,,,
ENCSR086BNR,/nfs-stor/akshat.mistry/cluster/dbsuper_pipeline/raw/encode_results/files/control/ENCSR086BNR/ENCFF820TED.fastq.gz,,1,,,
ENCSR086BNR,/nfs-stor/akshat.mistry/cluster/dbsuper_pipeline/raw/encode_results/files/control/ENCSR086BNR/ENCFF863KPP.fastq.gz,,1,,,
ENCSR086BNR,/nfs-stor/akshat.mistry/cluster/dbsuper_pipeline/raw/encode_results/files/control/ENCSR086BNR/ENCFF953PMZ.fastq.gz,,1,,,
ENCSR086NVH,/nfs-stor/akshat.mistry/cluster/dbsuper_pipeline/raw/encode_results/files/control/ENCSR086NVH/ENCFF631YST.fastq.gz,,1,,,
ENCSR089ZLR,/nfs-stor/akshat.mistry/cluster/dbsuper_pipeline/raw/encode_results/files/control/ENCSR089ZLR/ENCFF111YAB.fastq.gz,,1,,,
ENCSR089ZLR,/nfs-stor/akshat.mistry/cluster/dbsuper_pipeline/raw/encode_results/files/control/ENCSR089ZLR/ENCFF699DGZ.fastq.gz,,1,,,
ENCSR089ZLR,/nfs-stor/akshat.mistry/cluster/dbsuper_pipeline/raw/encode_results/files/control/ENCSR089ZLR/ENCFF878OMO.fastq.gz,,1,,,
ENCSR089ZLR,/nfs-stor/akshat.mistry/cluster/dbsuper_pipeline/raw/encode_results/files/control/ENCSR089ZLR/ENCFF904CYK.fastq.gz,,1,,,
ENCSR089ZLR,/nfs-stor/akshat.mistry/cluster/dbsuper_pipeline/raw/encode_results/files/control/ENCSR089ZLR/ENCFF053KWV.fastq.gz,,1,,,
ENCSR089ZLR,/nfs-stor/akshat.mistry/cluster/dbsuper_pipeline/raw/encode_results/files/control/ENCSR089ZLR/ENCFF167PXI.fastq.gz,,1,,,
ENCSR089ZLR,/nfs-stor/akshat.mistry/cluster/dbsuper_pipeline/raw/encode_results/files/control/ENCSR089ZLR/ENCFF554UER.fastq.gz,,1,,,
ENCSR089ZLR,/nfs-stor/akshat.mistry/cluster/dbsuper_pipeline/raw/encode_results/files/control/ENCSR089ZLR/ENCFF939DWK.fastq.gz,,1,,,
ENCSR096QCF,/nfs-stor/akshat.mistry/cluster/dbsuper_pipeline/raw/encode_results/files/control/ENCSR096QCF/ENCFF626YEL.fastq.gz,,1,,,
ENCSR096QCF,/nfs-stor/akshat.mistry/cluster/dbsuper_pipeline/raw/encode_results/files/control/ENCSR096QCF/ENCFF716RMF.fastq.gz,,1,,,
ENCSR096QCF,/nfs-stor/akshat.mistry/cluster/dbsuper_pipeline/raw/encode_results/files/control/ENCSR096QCF/ENCFF808IWW.fastq.gz,,1,,,
ENCSR096QCF,/nfs-stor/akshat.mistry/cluster/dbsuper_pipeline/raw/encode_results/files/control/ENCSR096QCF/ENCFF947UTC.fastq.gz,,1,,,
ENCSR096QCF,/nfs-stor/akshat.mistry/cluster/dbsuper_pipeline/raw/encode_results/files/control/ENCSR096QCF/ENCFF284PRM.fastq.gz,,1,,,
ENCSR096QCF,/nfs-stor/akshat.mistry/cluster/dbsuper_pipeline/raw/encode_results/files/control/ENCSR096QCF/ENCFF493QDH.fastq.gz,,1,,,
ENCSR096QCF,/nfs-stor/akshat.mistry/cluster/dbsuper_pipeline/raw/encode_results/files/control/ENCSR096QCF/ENCFF660MNU.fastq.gz,,1,,,
ENCSR096QCF,/nfs-stor/akshat.mistry/cluster/dbsuper_pipeline/raw/encode_results/files/control/ENCSR096QCF/ENCFF739CBW.fastq.gz,,1,,,
ENCSR099LGH,/nfs-stor/akshat.mistry/cluster/dbsuper_pipeline/raw/encode_results/files/control/ENCSR099LGH/ENCFF198OWI.fastq.gz,,1,,,
ENCSR099LGH,/nfs-stor/akshat.mistry/cluster/dbsuper_pipeline/raw/encode_results/files/control/ENCSR099LGH/ENCFF636HAV.fastq.gz,,1,,,
ENCSR099LGH,/nfs-stor/akshat.mistry/cluster/dbsuper_pipeline/raw/encode_results/files/control/ENCSR099LGH/ENCFF839TPC.fastq.gz,,1,,,
ENCSR099LGH,/nfs-stor/akshat.mistry/cluster/dbsuper_pipeline/raw/encode_results/files/control/ENCSR099LGH/ENCFF947ZSK.fastq.gz,,1,,,
ENCSR099LGH,/nfs-stor/akshat.mistry/cluster/dbsuper_pipeline/raw/encode_results/files/control/ENCSR099LGH/ENCFF953XTR.fastq.gz,,1,,,
ENCSR099RQB,/nfs-stor/akshat.mistry/cluster/dbsuper_pipeline/raw/encode_results/files/control/ENCSR099RQB/ENCFF334KPD.fastq.gz,,1,,,
ENCSR099RQB,/nfs-stor/akshat.mistry/cluster/dbsuper_pipeline/raw/encode_results/files/control/ENCSR099RQB/ENCFF574COQ.fastq.gz,,1,,,
ENCSR099RQB,/nfs-stor/akshat.mistry/cluster/dbsuper_pipeline/raw/encode_results/files/control/ENCSR099RQB/ENCFF490IKJ.fastq.gz,,1,,,
ENCSR099RQB,/nfs-stor/akshat.mistry/cluster/dbsuper_pipeline/raw/encode_results/files/control/ENCSR099RQB/ENCFF954WEZ.fastq.gz,,1,,,
ENCSR099RQB,/nfs-stor/akshat.mistry/cluster/dbsuper_pipeline/raw/encode_results/files/control/ENCSR099RQB/ENCFF165CDX.fastq.gz,,1,,,
ENCSR099RQB,/nfs-stor/akshat.mistry/cluster/dbsuper_pipeline/raw/encode_results/files/control/ENCSR099RQB/ENCFF827GVR.fastq.gz,,1,,,
ENCSR099RQB,/nfs-stor/akshat.mistry/cluster/dbsuper_pipeline/raw/encode_results/files/control/ENCSR099RQB/ENCFF378LLW.fastq.gz,,1,,,
ENCSR099RQB,/nfs-stor/akshat.mistry/cluster/dbsuper_pipeline/raw/encode_results/files/control/ENCSR099RQB/ENCFF927HID.fastq.gz,,1,,,
ENCSR103IXF,/nfs-stor/akshat.mistry/cluster/dbsuper_pipeline/raw/encode_results/files/control/ENCSR103IXF/ENCFF050DJW.fastq.gz,,1,,,
ENCSR103IXF,/nfs-stor/akshat.mistry/cluster/dbsuper_pipeline/raw/encode_results/files/control/ENCSR103IXF/ENCFF513LCJ.fastq.gz,,1,,,
ENCSR103IXF,/nfs-stor/akshat.mistry/cluster/dbsuper_pipeline/raw/encode_results/files/control/ENCSR103IXF/ENCFF670HQU.fastq.gz,,1,,,
ENCSR103IXF,/nfs-stor/akshat.mistry/cluster/dbsuper_pipeline/raw/encode_results/files/control/ENCSR103IXF/ENCFF971BXA.fastq.gz,,1,,,
ENCSR103IXF,/nfs-stor/akshat.mistry/cluster/dbsuper_pipeline/raw/encode_results/files/control/ENCSR103IXF/ENCFF050KHX.fastq.gz,,1,,,
ENCSR103IXF,/nfs-stor/akshat.mistry/cluster/dbsuper_pipeline/raw/encode_results/files/control/ENCSR103IXF/ENCFF217EHY.fastq.gz,,1,,,
ENCSR103IXF,/nfs-stor/akshat.mistry/cluster/dbsuper_pipeline/raw/encode_results/files/control/ENCSR103IXF/ENCFF344YUO.fastq.gz,,1,,,
ENCSR103IXF,/nfs-stor/akshat.mistry/cluster/dbsuper_pipeline/raw/encode_results/files/control/ENCSR103IXF/ENCFF363CLN.fastq.gz,,1,,,
ENCSR103IXF,/nfs-stor/akshat.mistry/cluster/dbsuper_pipeline/raw/encode_results/files/control/ENCSR103IXF/ENCFF595QJP.fastq.gz,,1,,,
ENCSR103IXF,/nfs-stor/akshat.mistry/cluster/dbsuper_pipeline/raw/encode_results/files/control/ENCSR103IXF/ENCFF639AKB.fastq.gz,,1,,,
ENCSR103IXF,/nfs-stor/akshat.mistry/cluster/dbsuper_pipeline/raw/encode_results/files/control/ENCSR103IXF/ENCFF835DKU.fastq.gz,,1,,,
ENCSR103IXF,/nfs-stor/akshat.mistry/cluster/dbsuper_pipeline/raw/encode_results/files/control/ENCSR103IXF/ENCFF837NTF.fastq.gz,,1,,,
ENCSR103IXF,/nfs-stor/akshat.mistry/cluster/dbsuper_pipeline/raw/encode_results/files/control/ENCSR103IXF/ENCFF910UDQ.fastq.gz,,1,,,
ENCSR103IXF,/nfs-stor/akshat.mistry/cluster/dbsuper_pipeline/raw/encode_results/files/control/ENCSR103IXF/ENCFF941SUL.fastq.gz,,1,,,
ENCSR103IXF,/nfs-stor/akshat.mistry/cluster/dbsuper_pipeline/raw/encode_results/files/control/ENCSR103IXF/ENCFF963KWR.fastq.gz,,1,,,
ENCSR103IXF,/nfs-stor/akshat.mistry/cluster/dbsuper_pipeline/raw/encode_results/files/control/ENCSR103IXF/ENCFF968NIJ.fastq.gz,,1,,,
ENCSR103IXF,/nfs-stor/akshat.mistry/cluster/dbsuper_pipeline/raw/encode_results/files/control/ENCSR103IXF/ENCFF066PJG.fastq.gz,,2,,,
ENCSR103IXF,/nfs-stor/akshat.mistry/cluster/dbsuper_pipeline/raw/encode_results/files/control/ENCSR103IXF/ENCFF137WPZ.fastq.gz,,2,,,
ENCSR103IXF,/nfs-stor/akshat.mistry/cluster/dbsuper_pipeline/raw/encode_results/files/control/ENCSR103IXF/ENCFF348DRP.fastq.gz,,2,,,
ENCSR103IXF,/nfs-stor/akshat.mistry/cluster/dbsuper_pipeline/raw/encode_results/files/control/ENCSR103IXF/ENCFF435HZZ.fastq.gz,,2,,,
ENCSR103IXF,/nfs-stor/akshat.mistry/cluster/dbsuper_pipeline/raw/encode_results/files/control/ENCSR103IXF/ENCFF127QWG.fastq.gz,,2,,,
ENCSR103IXF,/nfs-stor/akshat.mistry/cluster/dbsuper_pipeline/raw/encode_results/files/control/ENCSR103IXF/ENCFF162NJV.fastq.gz,,2,,,
ENCSR103IXF,/nfs-stor/akshat.mistry/cluster/dbsuper_pipeline/raw/encode_results/files/control/ENCSR103IXF/ENCFF176SSZ.fastq.gz,,2,,,
ENCSR103IXF,/nfs-stor/akshat.mistry/cluster/dbsuper_pipeline/raw/encode_results/files/control/ENCSR103IXF/ENCFF438RDH.fastq.gz,,2,,,
ENCSR103IXF,/nfs-stor/akshat.mistry/cluster/dbsuper_pipeline/raw/encode_results/files/control/ENCSR103IXF/ENCFF607YTS.fastq.gz,,2,,,
ENCSR103IXF,/nfs-stor/akshat.mistry/cluster/dbsuper_pipeline/raw/encode_results/files/control/ENCSR103IXF/ENCFF617PXU.fastq.gz,,2,,,
ENCSR103IXF,/nfs-stor/akshat.mistry/cluster/dbsuper_pipeline/raw/encode_results/files/control/ENCSR103IXF/ENCFF859PTD.fastq.gz,,2,,,
ENCSR103IXF,/nfs-stor/akshat.mistry/cluster/dbsuper_pipeline/raw/encode_results/files/control/ENCSR103IXF/ENCFF860IEG.fastq.gz,,2,,,
ENCSR105CRB,/nfs-stor/akshat.mistry/cluster/dbsuper_pipeline/raw/encode_results/files/control/ENCSR105CRB/ENCFF329LDM.fastq.gz,,1,,,
ENCSR105CRB,/nfs-stor/akshat.mistry/cluster/dbsuper_pipeline/raw/encode_results/files/control/ENCSR105CRB/ENCFF425WHV.fastq.gz,,1,,,
ENCSR105CRB,/nfs-stor/akshat.mistry/cluster/dbsuper_pipeline/raw/encode_results/files/control/ENCSR105CRB/ENCFF576GAE.fastq.gz,,1,,,
ENCSR105CRB,/nfs-stor/akshat.mistry/cluster/dbsuper_pipeline/raw/encode_results/files/control/ENCSR105CRB/ENCFF736ZHF.fastq.gz,,1,,,
ENCSR105CRB,/nfs-stor/akshat.mistry/cluster/dbsuper_pipeline/raw/encode_results/files/control/ENCSR105CRB/ENCFF236BUQ.fastq.gz,,1,,,
ENCSR105CRB,/nfs-stor/akshat.mistry/cluster/dbsuper_pipeline/raw/encode_results/files/control/ENCSR105CRB/ENCFF342HXJ.fastq.gz,,1,,,
ENCSR105CRB,/nfs-stor/akshat.mistry/cluster/dbsuper_pipeline/raw/encode_results/files/control/ENCSR105CRB/ENCFF652KPP.fastq.gz,,1,,,
ENCSR105CRB,/nfs-stor/akshat.mistry/cluster/dbsuper_pipeline/raw/encode_results/files/control/ENCSR105CRB/ENCFF865ALI.fastq.gz,,1,,,
ENCSR107PGG,/nfs-stor/akshat.mistry/cluster/dbsuper_pipeline/raw/encode_results/files/control/ENCSR107PGG/ENCFF280YFB.fastq.gz,,1,,,
ENCSR107PGG,/nfs-stor/akshat.mistry/cluster/dbsuper_pipeline/raw/encode_results/files/control/ENCSR107PGG/ENCFF600AGN.fastq.gz,,1,,,
ENCSR107PGG,/nfs-stor/akshat.mistry/cluster/dbsuper_pipeline/raw/encode_results/files/control/ENCSR107PGG/ENCFF207NLW.fastq.gz,,2,,,
ENCSR107PGG,/nfs-stor/akshat.mistry/cluster/dbsuper_pipeline/raw/encode_results/files/control/ENCSR107PGG/ENCFF253BJA.fastq.gz,,2,,,
ENCSR107PGG,/nfs-stor/akshat.mistry/cluster/dbsuper_pipeline/raw/encode_results/files/control/ENCSR107PGG/ENCFF549ALF.fastq.gz,,2,,,
ENCSR107RQX,/nfs-stor/akshat.mistry/cluster/dbsuper_pipeline/raw/encode_results/files/control/ENCSR107RQX/ENCFF335YMI.fastq.gz,,1,,,
ENCSR107RQX,/nfs-stor/akshat.mistry/cluster/dbsuper_pipeline/raw/encode_results/files/control/ENCSR107RQX/ENCFF595NUI.fastq.gz,,1,,,
ENCSR109IWL,/nfs-stor/akshat.mistry/cluster/dbsuper_pipeline/raw/encode_results/files/control/ENCSR109IWL/ENCFF118ZDD.fastq.gz,,1,,,
ENCSR109IWL,/nfs-stor/akshat.mistry/cluster/dbsuper_pipeline/raw/encode_results/files/control/ENCSR109IWL/ENCFF441UVH.fastq.gz,,1,,,
ENCSR109IWL,/nfs-stor/akshat.mistry/cluster/dbsuper_pipeline/raw/encode_results/files/control/ENCSR109IWL/ENCFF687GDG.fastq.gz,,1,,,
ENCSR109IWL,/nfs-stor/akshat.mistry/cluster/dbsuper_pipeline/raw/encode_results/files/control/ENCSR109IWL/ENCFF927UVF.fastq.gz,,1,,,
ENCSR109IWL,/nfs-stor/akshat.mistry/cluster/dbsuper_pipeline/raw/encode_results/files/control/ENCSR109IWL/ENCFF145DUX.fastq.gz,,1,,,
ENCSR109IWL,/nfs-stor/akshat.mistry/cluster/dbsuper_pipeline/raw/encode_results/files/control/ENCSR109IWL/ENCFF173OWT.fastq.gz,,1,,,
ENCSR109IWL,/nfs-stor/akshat.mistry/cluster/dbsuper_pipeline/raw/encode_results/files/control/ENCSR109IWL/ENCFF719TKU.fastq.gz,,1,,,
ENCSR109IWL,/nfs-stor/akshat.mistry/cluster/dbsuper_pipeline/raw/encode_results/files/control/ENCSR109IWL/ENCFF870SQA.fastq.gz,,1,,,
ENCSR111ZAD,/nfs-stor/akshat.mistry/cluster/dbsuper_pipeline/raw/encode_results/files/control/ENCSR111ZAD/ENCFF228IDC.fastq.gz,,1,,,
ENCSR111ZAD,/nfs-stor/akshat.mistry/cluster/dbsuper_pipeline/raw/encode_results/files/control/ENCSR111ZAD/ENCFF252LYU.fastq.gz,,1,,,
ENCSR111ZAD,/nfs-stor/akshat.mistry/cluster/dbsuper_pipeline/raw/encode_results/files/control/ENCSR111ZAD/ENCFF703GXR.fastq.gz,,1,,,
ENCSR111ZAD,/nfs-stor/akshat.mistry/cluster/dbsuper_pipeline/raw/encode_results/files/control/ENCSR111ZAD/ENCFF863EBS.fastq.gz,,1,,,
ENCSR113CMI,/nfs-stor/akshat.mistry/cluster/dbsuper_pipeline/raw/encode_results/files/control/ENCSR113CMI/ENCFF576RZA.fastq.gz,,1,,,
ENCSR113CMI,/nfs-stor/akshat.mistry/cluster/dbsuper_pipeline/raw/encode_results/files/control/ENCSR113CMI/ENCFF417XKK.fastq.gz,,2,,,
ENCSR113QDZ,/nfs-stor/akshat.mistry/cluster/dbsuper_pipeline/raw/encode_results/files/control/ENCSR113QDZ/ENCFF460NPB.fastq.gz,,1,,,
ENCSR113QDZ,/nfs-stor/akshat.mistry/cluster/dbsuper_pipeline/raw/encode_results/files/control/ENCSR113QDZ/ENCFF742PUR.fastq.gz,,1,,,
ENCSR113QDZ,/nfs-stor/akshat.mistry/cluster/dbsuper_pipeline/raw/encode_results/files/control/ENCSR113QDZ/ENCFF402MBE.fastq.gz,,2,,,
ENCSR113QDZ,/nfs-stor/akshat.mistry/cluster/dbsuper_pipeline/raw/encode_results/files/control/ENCSR113QDZ/ENCFF735HAI.fastq.gz,,2,,,
ENCSR113XPE,/nfs-stor/akshat.mistry/cluster/dbsuper_pipeline/raw/encode_results/files/control/ENCSR113XPE/ENCFF088JGL.fastq.gz,,1,,,
ENCSR113XPE,/nfs-stor/akshat.mistry/cluster/dbsuper_pipeline/raw/encode_results/files/control/ENCSR113XPE/ENCFF628NJR.fastq.gz,,1,,,
ENCSR116QUS,/nfs-stor/akshat.mistry/cluster/dbsuper_pipeline/raw/encode_results/files/control/ENCSR116QUS/ENCFF781GHE.fastq.gz,,1,,,
ENCSR116QUS,/nfs-stor/akshat.mistry/cluster/dbsuper_pipeline/raw/encode_results/files/control/ENCSR116QUS/ENCFF159MTI.fastq.gz,,1,,,
ENCSR118FQN,/nfs-stor/akshat.mistry/cluster/dbsuper_pipeline/raw/encode_results/files/control/ENCSR118FQN/ENCFF489APN.fastq.gz,,1,,,
ENCSR118FQN,/nfs-stor/akshat.mistry/cluster/dbsuper_pipeline/raw/encode_results/files/control/ENCSR118FQN/ENCFF901KCC.fastq.gz,,1,,,
ENCSR118FQN,/nfs-stor/akshat.mistry/cluster/dbsuper_pipeline/raw/encode_results/files/control/ENCSR118FQN/ENCFF329DNO.fastq.gz,,1,,,
ENCSR118FQN,/nfs-stor/akshat.mistry/cluster/dbsuper_pipeline/raw/encode_results/files/control/ENCSR118FQN/ENCFF733QWE.fastq.gz,,1,,,
ENCSR119AVG,/nfs-stor/akshat.mistry/cluster/dbsuper_pipeline/raw/encode_results/files/control/ENCSR119AVG/ENCFF169NSD.fastq.gz,,1,,,
ENCSR119AVG,/nfs-stor/akshat.mistry/cluster/dbsuper_pipeline/raw/encode_results/files/control/ENCSR119AVG/ENCFF643FSG.fastq.gz,,1,,,
ENCSR119AVG,/nfs-stor/akshat.mistry/cluster/dbsuper_pipeline/raw/encode_results/files/control/ENCSR119AVG/ENCFF650MAG.fastq.gz,,1,,,
ENCSR119AVG,/nfs-stor/akshat.mistry/cluster/dbsuper_pipeline/raw/encode_results/files/control/ENCSR119AVG/ENCFF979RAP.fastq.gz,,1,,,
ENCSR119AVG,/nfs-stor/akshat.mistry/cluster/dbsuper_pipeline/raw/encode_results/files/control/ENCSR119AVG/ENCFF029ZXI.fastq.gz,,1,,,
ENCSR119AVG,/nfs-stor/akshat.mistry/cluster/dbsuper_pipeline/raw/encode_results/files/control/ENCSR119AVG/ENCFF284AIQ.fastq.gz,,1,,,
ENCSR119AVG,/nfs-stor/akshat.mistry/cluster/dbsuper_pipeline/raw/encode_results/files/control/ENCSR119AVG/ENCFF504BQS.fastq.gz,,1,,,
ENCSR119AVG,/nfs-stor/akshat.mistry/cluster/dbsuper_pipeline/raw/encode_results/files/control/ENCSR119AVG/ENCFF771DTY.fastq.gz,,1,,,
ENCSR120ITZ,/nfs-stor/akshat.mistry/cluster/dbsuper_pipeline/raw/encode_results/files/control/ENCSR120ITZ/ENCFF289SKU.fastq.gz,,1,,,
ENCSR120ITZ,/nfs-stor/akshat.mistry/cluster/dbsuper_pipeline/raw/encode_results/files/control/ENCSR120ITZ/ENCFF582WRY.fastq.gz,,1,,,
ENCSR120ITZ,/nfs-stor/akshat.mistry/cluster/dbsuper_pipeline/raw/encode_results/files/control/ENCSR120ITZ/ENCFF691TZU.fastq.gz,,1,,,
ENCSR120ITZ,/nfs-stor/akshat.mistry/cluster/dbsuper_pipeline/raw/encode_results/files/control/ENCSR120ITZ/ENCFF924OJH.fastq.gz,,1,,,
ENCSR120ITZ,/nfs-stor/akshat.mistry/cluster/dbsuper_pipeline/raw/encode_results/files/control/ENCSR120ITZ/ENCFF060TXE.fastq.gz,,1,,,
ENCSR120ITZ,/nfs-stor/akshat.mistry/cluster/dbsuper_pipeline/raw/encode_results/files/control/ENCSR120ITZ/ENCFF268OKN.fastq.gz,,1,,,
ENCSR120ITZ,/nfs-stor/akshat.mistry/cluster/dbsuper_pipeline/raw/encode_results/files/control/ENCSR120ITZ/ENCFF507HSJ.fastq.gz,,1,,,
ENCSR120ITZ,/nfs-stor/akshat.mistry/cluster/dbsuper_pipeline/raw/encode_results/files/control/ENCSR120ITZ/ENCFF615HVT.fastq.gz,,1,,,
ENCSR122GIL,/nfs-stor/akshat.mistry/cluster/dbsuper_pipeline/raw/encode_results/files/control/ENCSR122GIL/ENCFF461CWB.fastq.gz,,1,,,
ENCSR122GIL,/nfs-stor/akshat.mistry/cluster/dbsuper_pipeline/raw/encode_results/files/control/ENCSR122GIL/ENCFF986FNA.fastq.gz,,1,,,
ENCSR124GAS,/nfs-stor/akshat.mistry/cluster/dbsuper_pipeline/raw/encode_results/files/control/ENCSR124GAS/ENCFF183TQF.fastq.gz,,1,,,
ENCSR124GAS,/nfs-stor/akshat.mistry/cluster/dbsuper_pipeline/raw/encode_results/files/control/ENCSR124GAS/ENCFF544FLC.fastq.gz,,1,,,
ENCSR124KQG,/nfs-stor/akshat.mistry/cluster/dbsuper_pipeline/raw/encode_results/files/control/ENCSR124KQG/ENCFF473OUC.fastq.gz,,1,,,
ENCSR126UEY,/nfs-stor/akshat.mistry/cluster/dbsuper_pipeline/raw/encode_results/files/control/ENCSR126UEY/ENCFF284KSR.fastq.gz,,1,,,
ENCSR126UEY,/nfs-stor/akshat.mistry/cluster/dbsuper_pipeline/raw/encode_results/files/control/ENCSR126UEY/ENCFF901XVW.fastq.gz,,1,,,
ENCSR130HAG,/nfs-stor/akshat.mistry/cluster/dbsuper_pipeline/raw/encode_results/files/control/ENCSR130HAG/ENCFF405VJZ.fastq.gz,,1,,,
ENCSR130HAG,/nfs-stor/akshat.mistry/cluster/dbsuper_pipeline/raw/encode_results/files/control/ENCSR130HAG/ENCFF426YVT.fastq.gz,,1,,,
ENCSR130HAG,/nfs-stor/akshat.mistry/cluster/dbsuper_pipeline/raw/encode_results/files/control/ENCSR130HAG/ENCFF559LVR.fastq.gz,,1,,,
ENCSR130HAG,/nfs-stor/akshat.mistry/cluster/dbsuper_pipeline/raw/encode_results/files/control/ENCSR130HAG/ENCFF627WBE.fastq.gz,,1,,,
ENCSR130HAG,/nfs-stor/akshat.mistry/cluster/dbsuper_pipeline/raw/encode_results/files/control/ENCSR130HAG/ENCFF153KJJ.fastq.gz,,1,,,
ENCSR130HAG,/nfs-stor/akshat.mistry/cluster/dbsuper_pipeline/raw/encode_results/files/control/ENCSR130HAG/ENCFF611JUR.fastq.gz,,1,,,
ENCSR130HAG,/nfs-stor/akshat.mistry/cluster/dbsuper_pipeline/raw/encode_results/files/control/ENCSR130HAG/ENCFF960ZJE.fastq.gz,,1,,,
ENCSR130HAG,/nfs-stor/akshat.mistry/cluster/dbsuper_pipeline/raw/encode_results/files/control/ENCSR130HAG/ENCFF987AZV.fastq.gz,,1,,,
ENCSR131SEB,/nfs-stor/akshat.mistry/cluster/dbsuper_pipeline/raw/encode_results/files/control/ENCSR131SEB/ENCFF837GYP.fastq.gz,,1,,,
ENCSR131SEB,/nfs-stor/akshat.mistry/cluster/dbsuper_pipeline/raw/encode_results/files/control/ENCSR131SEB/ENCFF842AAT.fastq.gz,,2,,,
ENCSR138WRC,/nfs-stor/akshat.mistry/cluster/dbsuper_pipeline/raw/encode_results/files/control/ENCSR138WRC/ENCFF752PET.fastq.gz,,1,,,
ENCSR138WRC,/nfs-stor/akshat.mistry/cluster/dbsuper_pipeline/raw/encode_results/files/control/ENCSR138WRC/ENCFF974QQK.fastq.gz,,1,,,
ENCSR138WRC,/nfs-stor/akshat.mistry/cluster/dbsuper_pipeline/raw/encode_results/files/control/ENCSR138WRC/ENCFF374FIN.fastq.gz,,1,,,
ENCSR138WRC,/nfs-stor/akshat.mistry/cluster/dbsuper_pipeline/raw/encode_results/files/control/ENCSR138WRC/ENCFF393NUI.fastq.gz,,1,,,
ENCSR138WRC,/nfs-stor/akshat.mistry/cluster/dbsuper_pipeline/raw/encode_results/files/control/ENCSR138WRC/ENCFF448UCS.fastq.gz,,1,,,
ENCSR138WRC,/nfs-stor/akshat.mistry/cluster/dbsuper_pipeline/raw/encode_results/files/control/ENCSR138WRC/ENCFF512MZN.fastq.gz,,1,,,
ENCSR138WRC,/nfs-stor/akshat.mistry/cluster/dbsuper_pipeline/raw/encode_results/files/control/ENCSR138WRC/ENCFF588BEN.fastq.gz,,1,,,
ENCSR138WRC,/nfs-stor/akshat.mistry/cluster/dbsuper_pipeline/raw/encode_results/files/control/ENCSR138WRC/ENCFF723KNH.fastq.gz,,1,,,
ENCSR138WRC,/nfs-stor/akshat.mistry/cluster/dbsuper_pipeline/raw/encode_results/files/control/ENCSR138WRC/ENCFF021SLS.fastq.gz,,2,,,
ENCSR138WRC,/nfs-stor/akshat.mistry/cluster/dbsuper_pipeline/raw/encode_results/files/control/ENCSR138WRC/ENCFF111UHL.fastq.gz,,2,,,
ENCSR138WRC,/nfs-stor/akshat.mistry/cluster/dbsuper_pipeline/raw/encode_results/files/control/ENCSR138WRC/ENCFF125DXM.fastq.gz,,2,,,
ENCSR138WRC,/nfs-stor/akshat.mistry/cluster/dbsuper_pipeline/raw/encode_results/files/control/ENCSR138WRC/ENCFF389QBW.fastq.gz,,2,,,
ENCSR138WRC,/nfs-stor/akshat.mistry/cluster/dbsuper_pipeline/raw/encode_results/files/control/ENCSR138WRC/ENCFF597DVC.fastq.gz,,2,,,
ENCSR138WRC,/nfs-stor/akshat.mistry/cluster/dbsuper_pipeline/raw/encode_results/files/control/ENCSR138WRC/ENCFF616JED.fastq.gz,,2,,,
ENCSR138WRC,/nfs-stor/akshat.mistry/cluster/dbsuper_pipeline/raw/encode_results/files/control/ENCSR138WRC/ENCFF714WPP.fastq.gz,,2,,,
ENCSR138WRC,/nfs-stor/akshat.mistry/cluster/dbsuper_pipeline/raw/encode_results/files/control/ENCSR138WRC/ENCFF848UPU.fastq.gz,,2,,,
ENCSR139WMA,/nfs-stor/akshat.mistry/cluster/dbsuper_pipeline/raw/encode_results/files/control/ENCSR139WMA/ENCFF411YQM.fastq.gz,,1,,,
ENCSR145RXI,/nfs-stor/akshat.mistry/cluster/dbsuper_pipeline/raw/encode_results/files/control/ENCSR145RXI/ENCFF045BOM.fastq.gz,,1,,,
ENCSR145RXI,/nfs-stor/akshat.mistry/cluster/dbsuper_pipeline/raw/encode_results/files/control/ENCSR145RXI/ENCFF081RFP.fastq.gz,,1,,,
ENCSR145RXI,/nfs-stor/akshat.mistry/cluster/dbsuper_pipeline/raw/encode_results/files/control/ENCSR145RXI/ENCFF164NQF.fastq.gz,,1,,,
ENCSR145RXI,/nfs-stor/akshat.mistry/cluster/dbsuper_pipeline/raw/encode_results/files/control/ENCSR145RXI/ENCFF417EFL.fastq.gz,,1,,,
ENCSR145RXI,/nfs-stor/akshat.mistry/cluster/dbsuper_pipeline/raw/encode_results/files/control/ENCSR145RXI/ENCFF055JNN.fastq.gz,,1,,,
ENCSR145RXI,/nfs-stor/akshat.mistry/cluster/dbsuper_pipeline/raw/encode_results/files/control/ENCSR145RXI/ENCFF631RLM.fastq.gz,,1,,,
ENCSR145RXI,/nfs-stor/akshat.mistry/cluster/dbsuper_pipeline/raw/encode_results/files/control/ENCSR145RXI/ENCFF770PZK.fastq.gz,,1,,,
ENCSR145RXI,/nfs-stor/akshat.mistry/cluster/dbsuper_pipeline/raw/encode_results/files/control/ENCSR145RXI/ENCFF856YKR.fastq.gz,,1,,,
ENCSR147KFH,/nfs-stor/akshat.mistry/cluster/dbsuper_pipeline/raw/encode_results/files/control/ENCSR147KFH/ENCFF049MVV.fastq.gz,,1,,,
ENCSR147KFH,/nfs-stor/akshat.mistry/cluster/dbsuper_pipeline/raw/encode_results/files/control/ENCSR147KFH/ENCFF388CLI.fastq.gz,,1,,,
ENCSR147KFH,/nfs-stor/akshat.mistry/cluster/dbsuper_pipeline/raw/encode_results/files/control/ENCSR147KFH/ENCFF404QDL.fastq.gz,,1,,,
ENCSR147KFH,/nfs-stor/akshat.mistry/cluster/dbsuper_pipeline/raw/encode_results/files/control/ENCSR147KFH/ENCFF446AHP.fastq.gz,,1,,,
ENCSR149EOW,/nfs-stor/akshat.mistry/cluster/dbsuper_pipeline/raw/encode_results/files/control/ENCSR149EOW/ENCFF634JMR.fastq.gz,,1,,,
ENCSR149EOW,/nfs-stor/akshat.mistry/cluster/dbsuper_pipeline/raw/encode_results/files/control/ENCSR149EOW/ENCFF997BAS.fastq.gz,,1,,,
ENCSR151NEZ,/nfs-stor/akshat.mistry/cluster/dbsuper_pipeline/raw/encode_results/files/control/ENCSR151NEZ/ENCFF177MUO.fastq.gz,,1,,,
ENCSR151NEZ,/nfs-stor/akshat.mistry/cluster/dbsuper_pipeline/raw/encode_results/files/control/ENCSR151NEZ/ENCFF192KSU.fastq.gz,,1,,,
ENCSR151NEZ,/nfs-stor/akshat.mistry/cluster/dbsuper_pipeline/raw/encode_results/files/control/ENCSR151NEZ/ENCFF259TQS.fastq.gz,,1,,,
ENCSR151NEZ,/nfs-stor/akshat.mistry/cluster/dbsuper_pipeline/raw/encode_results/files/control/ENCSR151NEZ/ENCFF296YPA.fastq.gz,,1,,,
ENCSR151NEZ,/nfs-stor/akshat.mistry/cluster/dbsuper_pipeline/raw/encode_results/files/control/ENCSR151NEZ/ENCFF306SPX.fastq.gz,,1,,,
ENCSR151NEZ,/nfs-stor/akshat.mistry/cluster/dbsuper_pipeline/raw/encode_results/files/control/ENCSR151NEZ/ENCFF503MWS.fastq.gz,,1,,,
ENCSR151NEZ,/nfs-stor/akshat.mistry/cluster/dbsuper_pipeline/raw/encode_results/files/control/ENCSR151NEZ/ENCFF728XIW.fastq.gz,,1,,,
ENCSR151NEZ,/nfs-stor/akshat.mistry/cluster/dbsuper_pipeline/raw/encode_results/files/control/ENCSR151NEZ/ENCFF812VOG.fastq.gz,,1,,,
ENCSR151NEZ,/nfs-stor/akshat.mistry/cluster/dbsuper_pipeline/raw/encode_results/files/control/ENCSR151NEZ/ENCFF363TFA.fastq.gz,,1,,,
ENCSR151NEZ,/nfs-stor/akshat.mistry/cluster/dbsuper_pipeline/raw/encode_results/files/control/ENCSR151NEZ/ENCFF689KMB.fastq.gz,,1,,,
ENCSR151NEZ,/nfs-stor/akshat.mistry/cluster/dbsuper_pipeline/raw/encode_results/files/control/ENCSR151NEZ/ENCFF878IDJ.fastq.gz,,1,,,
ENCSR151NEZ,/nfs-stor/akshat.mistry/cluster/dbsuper_pipeline/raw/encode_results/files/control/ENCSR151NEZ/ENCFF983VSZ.fastq.gz,,1,,,
ENCSR152HLZ,/nfs-stor/akshat.mistry/cluster/dbsuper_pipeline/raw/encode_results/files/control/ENCSR152HLZ/ENCFF200EQN.fastq.gz,,1,,,
ENCSR152HLZ,/nfs-stor/akshat.mistry/cluster/dbsuper_pipeline/raw/encode_results/files/control/ENCSR152HLZ/ENCFF237MJB.fastq.gz,,1,,,
ENCSR152HLZ,/nfs-stor/akshat.mistry/cluster/dbsuper_pipeline/raw/encode_results/files/control/ENCSR152HLZ/ENCFF541UOQ.fastq.gz,,1,,,
ENCSR152HLZ,/nfs-stor/akshat.mistry/cluster/dbsuper_pipeline/raw/encode_results/files/control/ENCSR152HLZ/ENCFF770AVI.fastq.gz,,1,,,
ENCSR152HLZ,/nfs-stor/akshat.mistry/cluster/dbsuper_pipeline/raw/encode_results/files/control/ENCSR152HLZ/ENCFF004XGN.fastq.gz,,1,,,
ENCSR152HLZ,/nfs-stor/akshat.mistry/cluster/dbsuper_pipeline/raw/encode_results/files/control/ENCSR152HLZ/ENCFF212KZA.fastq.gz,,1,,,
ENCSR152HLZ,/nfs-stor/akshat.mistry/cluster/dbsuper_pipeline/raw/encode_results/files/control/ENCSR152HLZ/ENCFF222BGC.fastq.gz,,1,,,
ENCSR152HLZ,/nfs-stor/akshat.mistry/cluster/dbsuper_pipeline/raw/encode_results/files/control/ENCSR152HLZ/ENCFF886TBQ.fastq.gz,,1,,,
ENCSR153LYY,/nfs-stor/akshat.mistry/cluster/dbsuper_pipeline/raw/encode_results/files/control/ENCSR153LYY/ENCFF109LMF.fastq.gz,,1,,,
ENCSR153LYY,/nfs-stor/akshat.mistry/cluster/dbsuper_pipeline/raw/encode_results/files/control/ENCSR153LYY/ENCFF243VXE.fastq.gz,,1,,,
ENCSR153LYY,/nfs-stor/akshat.mistry/cluster/dbsuper_pipeline/raw/encode_results/files/control/ENCSR153LYY/ENCFF607DMU.fastq.gz,,1,,,
ENCSR153LYY,/nfs-stor/akshat.mistry/cluster/dbsuper_pipeline/raw/encode_results/files/control/ENCSR153LYY/ENCFF755ZJW.fastq.gz,,1,,,
ENCSR153LYY,/nfs-stor/akshat.mistry/cluster/dbsuper_pipeline/raw/encode_results/files/control/ENCSR153LYY/ENCFF040BUZ.fastq.gz,,1,,,
ENCSR153LYY,/nfs-stor/akshat.mistry/cluster/dbsuper_pipeline/raw/encode_results/files/control/ENCSR153LYY/ENCFF066YNI.fastq.gz,,1,,,
ENCSR153LYY,/nfs-stor/akshat.mistry/cluster/dbsuper_pipeline/raw/encode_results/files/control/ENCSR153LYY/ENCFF818QGE.fastq.gz,,1,,,
ENCSR153LYY,/nfs-stor/akshat.mistry/cluster/dbsuper_pipeline/raw/encode_results/files/control/ENCSR153LYY/ENCFF835KRD.fastq.gz,,1,,,
ENCSR154SJE,/nfs-stor/akshat.mistry/cluster/dbsuper_pipeline/raw/encode_results/files/control/ENCSR154SJE/ENCFF352JIF.fastq.gz,,1,,,
ENCSR154SJE,/nfs-stor/akshat.mistry/cluster/dbsuper_pipeline/raw/encode_results/files/control/ENCSR154SJE/ENCFF476AQS.fastq.gz,,1,,,
ENCSR156WTZ,/nfs-stor/akshat.mistry/cluster/dbsuper_pipeline/raw/encode_results/files/control/ENCSR156WTZ/ENCFF106ANG.fastq.gz,,1,,,
ENCSR156WTZ,/nfs-stor/akshat.mistry/cluster/dbsuper_pipeline/raw/encode_results/files/control/ENCSR156WTZ/ENCFF432KCC.fastq.gz,,1,,,
ENCSR156WTZ,/nfs-stor/akshat.mistry/cluster/dbsuper_pipeline/raw/encode_results/files/control/ENCSR156WTZ/ENCFF060ABF.fastq.gz,,1,,,
ENCSR156WTZ,/nfs-stor/akshat.mistry/cluster/dbsuper_pipeline/raw/encode_results/files/control/ENCSR156WTZ/ENCFF187NRN.fastq.gz,,1,,,
ENCSR158PLZ,/nfs-stor/akshat.mistry/cluster/dbsuper_pipeline/raw/encode_results/files/control/ENCSR158PLZ/ENCFF351AFB.fastq.gz,,1,,,
ENCSR158PLZ,/nfs-stor/akshat.mistry/cluster/dbsuper_pipeline/raw/encode_results/files/control/ENCSR158PLZ/ENCFF512OCG.fastq.gz,,1,,,
ENCSR158PLZ,/nfs-stor/akshat.mistry/cluster/dbsuper_pipeline/raw/encode_results/files/control/ENCSR158PLZ/ENCFF842VLR.fastq.gz,,1,,,
ENCSR158PLZ,/nfs-stor/akshat.mistry/cluster/dbsuper_pipeline/raw/encode_results/files/control/ENCSR158PLZ/ENCFF029CBI.fastq.gz,,2,,,
ENCSR158PLZ,/nfs-stor/akshat.mistry/cluster/dbsuper_pipeline/raw/encode_results/files/control/ENCSR158PLZ/ENCFF483YDA.fastq.gz,,2,,,
ENCSR158PLZ,/nfs-stor/akshat.mistry/cluster/dbsuper_pipeline/raw/encode_results/files/control/ENCSR158PLZ/ENCFF549OKT.fastq.gz,,2,,,
ENCSR161JTT,/nfs-stor/akshat.mistry/cluster/dbsuper_pipeline/raw/encode_results/files/control/ENCSR161JTT/ENCFF342BNF.fastq.gz,,1,,,
ENCSR163UEW,/nfs-stor/akshat.mistry/cluster/dbsuper_pipeline/raw/encode_results/files/control/ENCSR163UEW/ENCFF216BKY.fastq.gz,,1,,,
ENCSR163UEW,/nfs-stor/akshat.mistry/cluster/dbsuper_pipeline/raw/encode_results/files/control/ENCSR163UEW/ENCFF059KCL.fastq.gz,,1,,,
ENCSR163VJS,/nfs-stor/akshat.mistry/cluster/dbsuper_pipeline/raw/encode_results/files/control/ENCSR163VJS/ENCFF902FOR.fastq.gz,,1,,,
ENCSR163XFK,/nfs-stor/akshat.mistry/cluster/dbsuper_pipeline/raw/encode_results/files/control/ENCSR163XFK/ENCFF114MIS.fastq.gz,,1,,,
ENCSR163XFK,/nfs-stor/akshat.mistry/cluster/dbsuper_pipeline/raw/encode_results/files/control/ENCSR163XFK/ENCFF156IBT.fastq.gz,,1,,,
ENCSR163XFK,/nfs-stor/akshat.mistry/cluster/dbsuper_pipeline/raw/encode_results/files/control/ENCSR163XFK/ENCFF396CYM.fastq.gz,,1,,,
ENCSR163XFK,/nfs-stor/akshat.mistry/cluster/dbsuper_pipeline/raw/encode_results/files/control/ENCSR163XFK/ENCFF731ORG.fastq.gz,,1,,,
ENCSR163XFK,/nfs-stor/akshat.mistry/cluster/dbsuper_pipeline/raw/encode_results/files/control/ENCSR163XFK/ENCFF926KJW.fastq.gz,,1,,,
ENCSR163XFK,/nfs-stor/akshat.mistry/cluster/dbsuper_pipeline/raw/encode_results/files/control/ENCSR163XFK/ENCFF960ILC.fastq.gz,,1,,,
ENCSR164POT,/nfs-stor/akshat.mistry/cluster/dbsuper_pipeline/raw/encode_results/files/control/ENCSR164POT/ENCFF174BWY.fastq.gz,,1,,,
ENCSR170MJE,/nfs-stor/akshat.mistry/cluster/dbsuper_pipeline/raw/encode_results/files/control/ENCSR170MJE/ENCFF088FTE.fastq.gz,,1,,,
ENCSR170MJE,/nfs-stor/akshat.mistry/cluster/dbsuper_pipeline/raw/encode_results/files/control/ENCSR170MJE/ENCFF137AUQ.fastq.gz,,1,,,
ENCSR170MJE,/nfs-stor/akshat.mistry/cluster/dbsuper_pipeline/raw/encode_results/files/control/ENCSR170MJE/ENCFF577XKF.fastq.gz,,1,,,
ENCSR170MJE,/nfs-stor/akshat.mistry/cluster/dbsuper_pipeline/raw/encode_results/files/control/ENCSR170MJE/ENCFF841XQR.fastq.gz,,1,,,
ENCSR170MJE,/nfs-stor/akshat.mistry/cluster/dbsuper_pipeline/raw/encode_results/files/control/ENCSR170MJE/ENCFF197JQK.fastq.gz,,1,,,
ENCSR170MJE,/nfs-stor/akshat.mistry/cluster/dbsuper_pipeline/raw/encode_results/files/control/ENCSR170MJE/ENCFF341HAI.fastq.gz,,1,,,
ENCSR170MJE,/nfs-stor/akshat.mistry/cluster/dbsuper_pipeline/raw/encode_results/files/control/ENCSR170MJE/ENCFF821NPI.fastq.gz,,1,,,
ENCSR170MJE,/nfs-stor/akshat.mistry/cluster/dbsuper_pipeline/raw/encode_results/files/control/ENCSR170MJE/ENCFF975XIG.fastq.gz,,1,,,
ENCSR175HRD,/nfs-stor/akshat.mistry/cluster/dbsuper_pipeline/raw/encode_results/files/control/ENCSR175HRD/ENCFF289ZTY.fastq.gz,,1,,,
ENCSR178FVP,/nfs-stor/akshat.mistry/cluster/dbsuper_pipeline/raw/encode_results/files/control/ENCSR178FVP/ENCFF321JZQ.fastq.gz,,1,,,
ENCSR178FVP,/nfs-stor/akshat.mistry/cluster/dbsuper_pipeline/raw/encode_results/files/control/ENCSR178FVP/ENCFF406UXV.fastq.gz,,1,,,
ENCSR178FVP,/nfs-stor/akshat.mistry/cluster/dbsuper_pipeline/raw/encode_results/files/control/ENCSR178FVP/ENCFF620HNN.fastq.gz,,1,,,
ENCSR178FVP,/nfs-stor/akshat.mistry/cluster/dbsuper_pipeline/raw/encode_results/files/control/ENCSR178FVP/ENCFF980YLI.fastq.gz,,1,,,
ENCSR178MWD,/nfs-stor/akshat.mistry/cluster/dbsuper_pipeline/raw/encode_results/files/control/ENCSR178MWD/ENCFF260HFH.fastq.gz,,1,,,
ENCSR178MWD,/nfs-stor/akshat.mistry/cluster/dbsuper_pipeline/raw/encode_results/files/control/ENCSR178MWD/ENCFF364CZV.fastq.gz,,1,,,
ENCSR178MWD,/nfs-stor/akshat.mistry/cluster/dbsuper_pipeline/raw/encode_results/files/control/ENCSR178MWD/ENCFF384OED.fastq.gz,,1,,,
ENCSR178MWD,/nfs-stor/akshat.mistry/cluster/dbsuper_pipeline/raw/encode_results/files/control/ENCSR178MWD/ENCFF985SAX.fastq.gz,,1,,,
ENCSR179YLS,/nfs-stor/akshat.mistry/cluster/dbsuper_pipeline/raw/encode_results/files/control/ENCSR179YLS/ENCFF002AVH.fastq.gz,,1,,,
ENCSR179YLS,/nfs-stor/akshat.mistry/cluster/dbsuper_pipeline/raw/encode_results/files/control/ENCSR179YLS/ENCFF244WIG.fastq.gz,,1,,,
ENCSR179YLS,/nfs-stor/akshat.mistry/cluster/dbsuper_pipeline/raw/encode_results/files/control/ENCSR179YLS/ENCFF651VMP.fastq.gz,,1,,,
ENCSR179YLS,/nfs-stor/akshat.mistry/cluster/dbsuper_pipeline/raw/encode_results/files/control/ENCSR179YLS/ENCFF355DMM.fastq.gz,,2,,,
ENCSR179YLS,/nfs-stor/akshat.mistry/cluster/dbsuper_pipeline/raw/encode_results/files/control/ENCSR179YLS/ENCFF812ISD.fastq.gz,,2,,,
ENCSR179YLS,/nfs-stor/akshat.mistry/cluster/dbsuper_pipeline/raw/encode_results/files/control/ENCSR179YLS/ENCFF935ETD.fastq.gz,,2,,,
ENCSR179YLS,/nfs-stor/akshat.mistry/cluster/dbsuper_pipeline/raw/encode_results/files/control/ENCSR179YLS/ENCFF982FDH.fastq.gz,,2,,,
ENCSR185OHN,/nfs-stor/akshat.mistry/cluster/dbsuper_pipeline/raw/encode_results/files/control/ENCSR185OHN/ENCFF458ASE.fastq.gz,,1,,,
ENCSR185OHN,/nfs-stor/akshat.mistry/cluster/dbsuper_pipeline/raw/encode_results/files/control/ENCSR185OHN/ENCFF615LEB.fastq.gz,,1,,,
ENCSR185OHN,/nfs-stor/akshat.mistry/cluster/dbsuper_pipeline/raw/encode_results/files/control/ENCSR185OHN/ENCFF625FBR.fastq.gz,,2,,,
ENCSR185OHN,/nfs-stor/akshat.mistry/cluster/dbsuper_pipeline/raw/encode_results/files/control/ENCSR185OHN/ENCFF878ZLP.fastq.gz,,2,,,
ENCSR189UPU,/nfs-stor/akshat.mistry/cluster/dbsuper_pipeline/raw/encode_results/files/control/ENCSR189UPU/ENCFF131OEZ.fastq.gz,,1,,,
ENCSR189UPU,/nfs-stor/akshat.mistry/cluster/dbsuper_pipeline/raw/encode_results/files/control/ENCSR189UPU/ENCFF935YMD.fastq.gz,,1,,,
ENCSR189UPU,/nfs-stor/akshat.mistry/cluster/dbsuper_pipeline/raw/encode_results/files/control/ENCSR189UPU/ENCFF063EWB.fastq.gz,,1,,,
ENCSR189UPU,/nfs-stor/akshat.mistry/cluster/dbsuper_pipeline/raw/encode_results/files/control/ENCSR189UPU/ENCFF943CXW.fastq.gz,,1,,,
ENCSR189UPU,/nfs-stor/akshat.mistry/cluster/dbsuper_pipeline/raw/encode_results/files/control/ENCSR189UPU/ENCFF074BLL.fastq.gz,,2,,,
ENCSR189UPU,/nfs-stor/akshat.mistry/cluster/dbsuper_pipeline/raw/encode_results/files/control/ENCSR189UPU/ENCFF190XYQ.fastq.gz,,2,,,
ENCSR189UPU,/nfs-stor/akshat.mistry/cluster/dbsuper_pipeline/raw/encode_results/files/control/ENCSR189UPU/ENCFF535QWD.fastq.gz,,2,,,
ENCSR189UPU,/nfs-stor/akshat.mistry/cluster/dbsuper_pipeline/raw/encode_results/files/control/ENCSR189UPU/ENCFF574FYF.fastq.gz,,2,,,
ENCSR189UPU,/nfs-stor/akshat.mistry/cluster/dbsuper_pipeline/raw/encode_results/files/control/ENCSR189UPU/ENCFF790CKH.fastq.gz,,2,,,
ENCSR189UPU,/nfs-stor/akshat.mistry/cluster/dbsuper_pipeline/raw/encode_results/files/control/ENCSR189UPU/ENCFF809SOJ.fastq.gz,,2,,,
ENCSR189UPU,/nfs-stor/akshat.mistry/cluster/dbsuper_pipeline/raw/encode_results/files/control/ENCSR189UPU/ENCFF043BJZ.fastq.gz,,2,,,
ENCSR189UPU,/nfs-stor/akshat.mistry/cluster/dbsuper_pipeline/raw/encode_results/files/control/ENCSR189UPU/ENCFF080UEO.fastq.gz,,2,,,
ENCSR189UPU,/nfs-stor/akshat.mistry/cluster/dbsuper_pipeline/raw/encode_results/files/control/ENCSR189UPU/ENCFF428AYZ.fastq.gz,,2,,,
ENCSR189UPU,/nfs-stor/akshat.mistry/cluster/dbsuper_pipeline/raw/encode_results/files/control/ENCSR189UPU/ENCFF639OOV.fastq.gz,,2,,,
ENCSR195BZZ,/nfs-stor/akshat.mistry/cluster/dbsuper_pipeline/raw/encode_results/files/control/ENCSR195BZZ/ENCFF151MTF.fastq.gz,,1,,,
ENCSR195BZZ,/nfs-stor/akshat.mistry/cluster/dbsuper_pipeline/raw/encode_results/files/control/ENCSR195BZZ/ENCFF483LFU.fastq.gz,,1,,,
ENCSR195BZZ,/nfs-stor/akshat.mistry/cluster/dbsuper_pipeline/raw/encode_results/files/control/ENCSR195BZZ/ENCFF208SWF.fastq.gz,,1,,,
ENCSR195BZZ,/nfs-stor/akshat.mistry/cluster/dbsuper_pipeline/raw/encode_results/files/control/ENCSR195BZZ/ENCFF503AXB.fastq.gz,,1,,,
ENCSR196CXJ,/nfs-stor/akshat.mistry/cluster/dbsuper_pipeline/raw/encode_results/files/control/ENCSR196CXJ/ENCFF885SBP.fastq.gz,,1,,,
ENCSR196CXJ,/nfs-stor/akshat.mistry/cluster/dbsuper_pipeline/raw/encode_results/files/control/ENCSR196CXJ/ENCFF061PAW.fastq.gz,,1,,,
ENCSR196CXJ,/nfs-stor/akshat.mistry/cluster/dbsuper_pipeline/raw/encode_results/files/control/ENCSR196CXJ/ENCFF398JCG.fastq.gz,,2,,,
ENCSR198WIH,/nfs-stor/akshat.mistry/cluster/dbsuper_pipeline/raw/encode_results/files/control/ENCSR198WIH/ENCFF413RQG.fastq.gz,,1,,,
ENCSR198WIH,/nfs-stor/akshat.mistry/cluster/dbsuper_pipeline/raw/encode_results/files/control/ENCSR198WIH/ENCFF048ZOQ.fastq.gz,,2,,,
ENCSR198WIH,/nfs-stor/akshat.mistry/cluster/dbsuper_pipeline/raw/encode_results/files/control/ENCSR198WIH/ENCFF796ERZ.fastq.gz,,2,,,
ENCSR198WIH,/nfs-stor/akshat.mistry/cluster/dbsuper_pipeline/raw/encode_results/files/control/ENCSR198WIH/ENCFF957PGR.fastq.gz,,2,,,
ENCSR200QAA,/nfs-stor/akshat.mistry/cluster/dbsuper_pipeline/raw/encode_results/files/control/ENCSR200QAA/ENCFF041RFD.fastq.gz,,1,,,
ENCSR200QAA,/nfs-stor/akshat.mistry/cluster/dbsuper_pipeline/raw/encode_results/files/control/ENCSR200QAA/ENCFF201BTE.fastq.gz,,1,,,
ENCSR200QAA,/nfs-stor/akshat.mistry/cluster/dbsuper_pipeline/raw/encode_results/files/control/ENCSR200QAA/ENCFF504FPW.fastq.gz,,1,,,
ENCSR200QAA,/nfs-stor/akshat.mistry/cluster/dbsuper_pipeline/raw/encode_results/files/control/ENCSR200QAA/ENCFF759AKF.fastq.gz,,1,,,
ENCSR201KGX,/nfs-stor/akshat.mistry/cluster/dbsuper_pipeline/raw/encode_results/files/control/ENCSR201KGX/ENCFF883ZYF.fastq.gz,,1,,,
ENCSR201VAH,/nfs-stor/akshat.mistry/cluster/dbsuper_pipeline/raw/encode_results/files/control/ENCSR201VAH/ENCFF003OYR.fastq.gz,,1,,,
ENCSR204GMP,/nfs-stor/akshat.mistry/cluster/dbsuper_pipeline/raw/encode_results/files/control/ENCSR204GMP/ENCFF961IHR.fastq.gz,,1,,,
ENCSR204GMP,/nfs-stor/akshat.mistry/cluster/dbsuper_pipeline/raw/encode_results/files/control/ENCSR204GMP/ENCFF600HSN.fastq.gz,,2,,,
ENCSR204GMP,/nfs-stor/akshat.mistry/cluster/dbsuper_pipeline/raw/encode_results/files/control/ENCSR204GMP/ENCFF360EKK.fastq.gz,,3,,,
ENCSR212FST,/nfs-stor/akshat.mistry/cluster/dbsuper_pipeline/raw/encode_results/files/control/ENCSR212FST/ENCFF754IDJ.fastq.gz,,1,,,
ENCSR212FST,/nfs-stor/akshat.mistry/cluster/dbsuper_pipeline/raw/encode_results/files/control/ENCSR212FST/ENCFF851QPA.fastq.gz,,2,,,
ENCSR212FST,/nfs-stor/akshat.mistry/cluster/dbsuper_pipeline/raw/encode_results/files/control/ENCSR212FST/ENCFF412LGW.fastq.gz,,3,,,
ENCSR212SJH,/nfs-stor/akshat.mistry/cluster/dbsuper_pipeline/raw/encode_results/files/control/ENCSR212SJH/ENCFF217MRH.fastq.gz,,1,,,
ENCSR214MNL,/nfs-stor/akshat.mistry/cluster/dbsuper_pipeline/raw/encode_results/files/control/ENCSR214MNL/ENCFF416GCS.fastq.gz,,1,,,
ENCSR215WNN,/nfs-stor/akshat.mistry/cluster/dbsuper_pipeline/raw/encode_results/files/control/ENCSR215WNN/ENCFF318KEV.fastq.gz,,1,,,
ENCSR215WNN,/nfs-stor/akshat.mistry/cluster/dbsuper_pipeline/raw/encode_results/files/control/ENCSR215WNN/ENCFF582UYY.fastq.gz,,1,,,
ENCSR215WNN,/nfs-stor/akshat.mistry/cluster/dbsuper_pipeline/raw/encode_results/files/control/ENCSR215WNN/ENCFF481CEK.fastq.gz,,1,,,
ENCSR215WNN,/nfs-stor/akshat.mistry/cluster/dbsuper_pipeline/raw/encode_results/files/control/ENCSR215WNN/ENCFF724IXC.fastq.gz,,1,,,
ENCSR234FYG,/nfs-stor/akshat.mistry/cluster/dbsuper_pipeline/raw/encode_results/files/control/ENCSR234FYG/ENCFF076AOX.fastq.gz,,1,,,
ENCSR234FYG,/nfs-stor/akshat.mistry/cluster/dbsuper_pipeline/raw/encode_results/files/control/ENCSR234FYG/ENCFF331ATS.fastq.gz,,1,,,
ENCSR234FYG,/nfs-stor/akshat.mistry/cluster/dbsuper_pipeline/raw/encode_results/files/control/ENCSR234FYG/ENCFF662WVV.fastq.gz,,1,,,
ENCSR234FYG,/nfs-stor/akshat.mistry/cluster/dbsuper_pipeline/raw/encode_results/files/control/ENCSR234FYG/ENCFF833ZZD.fastq.gz,,1,,,
ENCSR237ZMF,/nfs-stor/akshat.mistry/cluster/dbsuper_pipeline/raw/encode_results/files/control/ENCSR237ZMF/ENCFF195DUA.fastq.gz,,1,,,
ENCSR237ZMF,/nfs-stor/akshat.mistry/cluster/dbsuper_pipeline/raw/encode_results/files/control/ENCSR237ZMF/ENCFF473UAC.fastq.gz,,1,,,
ENCSR237ZMF,/nfs-stor/akshat.mistry/cluster/dbsuper_pipeline/raw/encode_results/files/control/ENCSR237ZMF/ENCFF782BEG.fastq.gz,,1,,,
ENCSR237ZMF,/nfs-stor/akshat.mistry/cluster/dbsuper_pipeline/raw/encode_results/files/control/ENCSR237ZMF/ENCFF797WDQ.fastq.gz,,1,,,
ENCSR237ZMF,/nfs-stor/akshat.mistry/cluster/dbsuper_pipeline/raw/encode_results/files/control/ENCSR237ZMF/ENCFF729QOO.fastq.gz,,1,,,
ENCSR237ZMF,/nfs-stor/akshat.mistry/cluster/dbsuper_pipeline/raw/encode_results/files/control/ENCSR237ZMF/ENCFF849HZS.fastq.gz,,1,,,
ENCSR237ZMF,/nfs-stor/akshat.mistry/cluster/dbsuper_pipeline/raw/encode_results/files/control/ENCSR237ZMF/ENCFF903CDZ.fastq.gz,,1,,,
ENCSR237ZMF,/nfs-stor/akshat.mistry/cluster/dbsuper_pipeline/raw/encode_results/files/control/ENCSR237ZMF/ENCFF976TBF.fastq.gz,,1,,,
ENCSR239LAP,/nfs-stor/akshat.mistry/cluster/dbsuper_pipeline/raw/encode_results/files/control/ENCSR239LAP/ENCFF916HOD.fastq.gz,,1,,,
ENCSR243LHN,/nfs-stor/akshat.mistry/cluster/dbsuper_pipeline/raw/encode_results/files/control/ENCSR243LHN/ENCFF022ARB.fastq.gz,,1,,,
ENCSR243LHN,/nfs-stor/akshat.mistry/cluster/dbsuper_pipeline/raw/encode_results/files/control/ENCSR243LHN/ENCFF532YOA.fastq.gz,,1,,,
ENCSR243LHN,/nfs-stor/akshat.mistry/cluster/dbsuper_pipeline/raw/encode_results/files/control/ENCSR243LHN/ENCFF698DLA.fastq.gz,,1,,,
ENCSR243LHN,/nfs-stor/akshat.mistry/cluster/dbsuper_pipeline/raw/encode_results/files/control/ENCSR243LHN/ENCFF925NZX.fastq.gz,,1,,,
ENCSR243LHN,/nfs-stor/akshat.mistry/cluster/dbsuper_pipeline/raw/encode_results/files/control/ENCSR243LHN/ENCFF080YPF.fastq.gz,,1,,,
ENCSR243LHN,/nfs-stor/akshat.mistry/cluster/dbsuper_pipeline/raw/encode_results/files/control/ENCSR243LHN/ENCFF448JQH.fastq.gz,,1,,,
ENCSR243LHN,/nfs-stor/akshat.mistry/cluster/dbsuper_pipeline/raw/encode_results/files/control/ENCSR243LHN/ENCFF746LVC.fastq.gz,,1,,,
ENCSR243LHN,/nfs-stor/akshat.mistry/cluster/dbsuper_pipeline/raw/encode_results/files/control/ENCSR243LHN/ENCFF998DJA.fastq.gz,,1,,,
ENCSR247BVB,/nfs-stor/akshat.mistry/cluster/dbsuper_pipeline/raw/encode_results/files/control/ENCSR247BVB/ENCFF186NYZ.fastq.gz,,1,,,
ENCSR247BVB,/nfs-stor/akshat.mistry/cluster/dbsuper_pipeline/raw/encode_results/files/control/ENCSR247BVB/ENCFF618IFR.fastq.gz,,1,,,
ENCSR247BVB,/nfs-stor/akshat.mistry/cluster/dbsuper_pipeline/raw/encode_results/files/control/ENCSR247BVB/ENCFF647ACK.fastq.gz,,1,,,
ENCSR247FUH,/nfs-stor/akshat.mistry/cluster/dbsuper_pipeline/raw/encode_results/files/control/ENCSR247FUH/ENCFF039GUB.fastq.gz,,1,,,
ENCSR247FUH,/nfs-stor/akshat.mistry/cluster/dbsuper_pipeline/raw/encode_results/files/control/ENCSR247FUH/ENCFF371ZWV.fastq.gz,,1,,,
ENCSR247FUH,/nfs-stor/akshat.mistry/cluster/dbsuper_pipeline/raw/encode_results/files/control/ENCSR247FUH/ENCFF777KGX.fastq.gz,,1,,,
ENCSR247FUH,/nfs-stor/akshat.mistry/cluster/dbsuper_pipeline/raw/encode_results/files/control/ENCSR247FUH/ENCFF946IKE.fastq.gz,,1,,,
ENCSR247XFQ,/nfs-stor/akshat.mistry/cluster/dbsuper_pipeline/raw/encode_results/files/control/ENCSR247XFQ/ENCFF148HHK.fastq.gz,,1,,,
ENCSR247XFQ,/nfs-stor/akshat.mistry/cluster/dbsuper_pipeline/raw/encode_results/files/control/ENCSR247XFQ/ENCFF245VNV.fastq.gz,,1,,,
ENCSR248IFK,/nfs-stor/akshat.mistry/cluster/dbsuper_pipeline/raw/encode_results/files/control/ENCSR248IFK/ENCFF716RVD.fastq.gz,,1,,,
ENCSR248IFK,/nfs-stor/akshat.mistry/cluster/dbsuper_pipeline/raw/encode_results/files/control/ENCSR248IFK/ENCFF300ZLE.fastq.gz,,2,,,
ENCSR255BOF,/nfs-stor/akshat.mistry/cluster/dbsuper_pipeline/raw/encode_results/files/control/ENCSR255BOF/ENCFF054IRC.fastq.gz,,1,,,
ENCSR255BOF,/nfs-stor/akshat.mistry/cluster/dbsuper_pipeline/raw/encode_results/files/control/ENCSR255BOF/ENCFF364BTA.fastq.gz,,1,,,
ENCSR255BOF,/nfs-stor/akshat.mistry/cluster/dbsuper_pipeline/raw/encode_results/files/control/ENCSR255BOF/ENCFF368OCV.fastq.gz,,1,,,
ENCSR255BOF,/nfs-stor/akshat.mistry/cluster/dbsuper_pipeline/raw/encode_results/files/control/ENCSR255BOF/ENCFF454MGO.fastq.gz,,2,,,
ENCSR255BOF,/nfs-stor/akshat.mistry/cluster/dbsuper_pipeline/raw/encode_results/files/control/ENCSR255BOF/ENCFF095YNS.fastq.gz,,2,,,
ENCSR255MIG,/nfs-stor/akshat.mistry/cluster/dbsuper_pipeline/raw/encode_results/files/control/ENCSR255MIG/ENCFF388YCF.fastq.gz,,1,,,
ENCSR255SDP,/nfs-stor/akshat.mistry/cluster/dbsuper_pipeline/raw/encode_results/files/control/ENCSR255SDP/ENCFF005UFN.fastq.gz,,1,,,
ENCSR255SDP,/nfs-stor/akshat.mistry/cluster/dbsuper_pipeline/raw/encode_results/files/control/ENCSR255SDP/ENCFF577HSJ.fastq.gz,,2,,,
ENCSR258GSA,/nfs-stor/akshat.mistry/cluster/dbsuper_pipeline/raw/encode_results/files/control/ENCSR258GSA/ENCFF108JRZ.fastq.gz,,1,,,
ENCSR258GSA,/nfs-stor/akshat.mistry/cluster/dbsuper_pipeline/raw/encode_results/files/control/ENCSR258GSA/ENCFF383HHN.fastq.gz,,1,,,
ENCSR258GSA,/nfs-stor/akshat.mistry/cluster/dbsuper_pipeline/raw/encode_results/files/control/ENCSR258GSA/ENCFF497UCA.fastq.gz,,1,,,
ENCSR258GSA,/nfs-stor/akshat.mistry/cluster/dbsuper_pipeline/raw/encode_results/files/control/ENCSR258GSA/ENCFF614GBX.fastq.gz,,1,,,
ENCSR258GSA,/nfs-stor/akshat.mistry/cluster/dbsuper_pipeline/raw/encode_results/files/control/ENCSR258GSA/ENCFF500AKN.fastq.gz,,1,,,
ENCSR258GSA,/nfs-stor/akshat.mistry/cluster/dbsuper_pipeline/raw/encode_results/files/control/ENCSR258GSA/ENCFF724DXA.fastq.gz,,1,,,
ENCSR258GSA,/nfs-stor/akshat.mistry/cluster/dbsuper_pipeline/raw/encode_results/files/control/ENCSR258GSA/ENCFF845FOM.fastq.gz,,1,,,
ENCSR258GSA,/nfs-stor/akshat.mistry/cluster/dbsuper_pipeline/raw/encode_results/files/control/ENCSR258GSA/ENCFF994STX.fastq.gz,,1,,,
ENCSR261PLD,/nfs-stor/akshat.mistry/cluster/dbsuper_pipeline/raw/encode_results/files/control/ENCSR261PLD/ENCFF136VRK.fastq.gz,,1,,,
ENCSR261PLD,/nfs-stor/akshat.mistry/cluster/dbsuper_pipeline/raw/encode_results/files/control/ENCSR261PLD/ENCFF175JOK.fastq.gz,,1,,,
ENCSR261PLD,/nfs-stor/akshat.mistry/cluster/dbsuper_pipeline/raw/encode_results/files/control/ENCSR261PLD/ENCFF564EFI.fastq.gz,,1,,,
ENCSR261PLD,/nfs-stor/akshat.mistry/cluster/dbsuper_pipeline/raw/encode_results/files/control/ENCSR261PLD/ENCFF745ZPV.fastq.gz,,1,,,
ENCSR261PLD,/nfs-stor/akshat.mistry/cluster/dbsuper_pipeline/raw/encode_results/files/control/ENCSR261PLD/ENCFF055QLF.fastq.gz,,1,,,
ENCSR261PLD,/nfs-stor/akshat.mistry/cluster/dbsuper_pipeline/raw/encode_results/files/control/ENCSR261PLD/ENCFF065ODN.fastq.gz,,1,,,
ENCSR261PLD,/nfs-stor/akshat.mistry/cluster/dbsuper_pipeline/raw/encode_results/files/control/ENCSR261PLD/ENCFF534IEY.fastq.gz,,1,,,
ENCSR261PLD,/nfs-stor/akshat.mistry/cluster/dbsuper_pipeline/raw/encode_results/files/control/ENCSR261PLD/ENCFF857RLB.fastq.gz,,1,,,
ENCSR264DYL,/nfs-stor/akshat.mistry/cluster/dbsuper_pipeline/raw/encode_results/files/control/ENCSR264DYL/ENCFF188POD.fastq.gz,,1,,,
ENCSR264DYL,/nfs-stor/akshat.mistry/cluster/dbsuper_pipeline/raw/encode_results/files/control/ENCSR264DYL/ENCFF770IYO.fastq.gz,,1,,,
ENCSR264HOB,/nfs-stor/akshat.mistry/cluster/dbsuper_pipeline/raw/encode_results/files/control/ENCSR264HOB/ENCFF169TIB.fastq.gz,,1,,,
ENCSR264HOB,/nfs-stor/akshat.mistry/cluster/dbsuper_pipeline/raw/encode_results/files/control/ENCSR264HOB/ENCFF466ORS.fastq.gz,,1,,,
ENCSR264HOB,/nfs-stor/akshat.mistry/cluster/dbsuper_pipeline/raw/encode_results/files/control/ENCSR264HOB/ENCFF910KYS.fastq.gz,,1,,,
ENCSR264HOB,/nfs-stor/akshat.mistry/cluster/dbsuper_pipeline/raw/encode_results/files/control/ENCSR264HOB/ENCFF630PTQ.fastq.gz,,1,,,
ENCSR264HOB,/nfs-stor/akshat.mistry/cluster/dbsuper_pipeline/raw/encode_results/files/control/ENCSR264HOB/ENCFF137UFY.fastq.gz,,2,,,
ENCSR266XMB,/nfs-stor/akshat.mistry/cluster/dbsuper_pipeline/raw/encode_results/files/control/ENCSR266XMB/ENCFF098NQZ.fastq.gz,,1,,,
ENCSR266XMB,/nfs-stor/akshat.mistry/cluster/dbsuper_pipeline/raw/encode_results/files/control/ENCSR266XMB/ENCFF169IFR.fastq.gz,,1,,,
ENCSR266XMB,/nfs-stor/akshat.mistry/cluster/dbsuper_pipeline/raw/encode_results/files/control/ENCSR266XMB/ENCFF694XOO.fastq.gz,,1,,,
ENCSR268BDW,/nfs-stor/akshat.mistry/cluster/dbsuper_pipeline/raw/encode_results/files/control/ENCSR268BDW/ENCFF337JNL.fastq.gz,,1,,,
ENCSR274VPI,/nfs-stor/akshat.mistry/cluster/dbsuper_pipeline/raw/encode_results/files/control/ENCSR274VPI/ENCFF047IPB.fastq.gz,,1,,,
ENCSR274VPI,/nfs-stor/akshat.mistry/cluster/dbsuper_pipeline/raw/encode_results/files/control/ENCSR274VPI/ENCFF081NZK.fastq.gz,,2,,,
ENCSR274VPI,/nfs-stor/akshat.mistry/cluster/dbsuper_pipeline/raw/encode_results/files/control/ENCSR274VPI/ENCFF526AVE.fastq.gz,,3,,,
ENCSR276SJT,/nfs-stor/akshat.mistry/cluster/dbsuper_pipeline/raw/encode_results/files/control/ENCSR276SJT/ENCFF154YCF.fastq.gz,,1,,,
ENCSR276SJT,/nfs-stor/akshat.mistry/cluster/dbsuper_pipeline/raw/encode_results/files/control/ENCSR276SJT/ENCFF351BDB.fastq.gz,,1,,,
ENCSR276SJT,/nfs-stor/akshat.mistry/cluster/dbsuper_pipeline/raw/encode_results/files/control/ENCSR276SJT/ENCFF614ETM.fastq.gz,,1,,,
ENCSR276SJT,/nfs-stor/akshat.mistry/cluster/dbsuper_pipeline/raw/encode_results/files/control/ENCSR276SJT/ENCFF996WJG.fastq.gz,,1,,,
ENCSR278ACD,/nfs-stor/akshat.mistry/cluster/dbsuper_pipeline/raw/encode_results/files/control/ENCSR278ACD/ENCFF045AJB.fastq.gz,,1,,,
ENCSR278ACD,/nfs-stor/akshat.mistry/cluster/dbsuper_pipeline/raw/encode_results/files/control/ENCSR278ACD/ENCFF110CQF.fastq.gz,,1,,,
ENCSR278ACD,/nfs-stor/akshat.mistry/cluster/dbsuper_pipeline/raw/encode_results/files/control/ENCSR278ACD/ENCFF560EMP.fastq.gz,,1,,,
ENCSR278ACD,/nfs-stor/akshat.mistry/cluster/dbsuper_pipeline/raw/encode_results/files/control/ENCSR278ACD/ENCFF888YVU.fastq.gz,,1,,,
ENCSR278ACD,/nfs-stor/akshat.mistry/cluster/dbsuper_pipeline/raw/encode_results/files/control/ENCSR278ACD/ENCFF343UVP.fastq.gz,,1,,,
ENCSR278ACD,/nfs-stor/akshat.mistry/cluster/dbsuper_pipeline/raw/encode_results/files/control/ENCSR278ACD/ENCFF697BYC.fastq.gz,,1,,,
ENCSR278ACD,/nfs-stor/akshat.mistry/cluster/dbsuper_pipeline/raw/encode_results/files/control/ENCSR278ACD/ENCFF798TJF.fastq.gz,,1,,,
ENCSR278ACD,/nfs-stor/akshat.mistry/cluster/dbsuper_pipeline/raw/encode_results/files/control/ENCSR278ACD/ENCFF948OTY.fastq.gz,,1,,,
ENCSR278VUZ,/nfs-stor/akshat.mistry/cluster/dbsuper_pipeline/raw/encode_results/files/control/ENCSR278VUZ/ENCFF479AHA.fastq.gz,,1,,,
ENCSR278VUZ,/nfs-stor/akshat.mistry/cluster/dbsuper_pipeline/raw/encode_results/files/control/ENCSR278VUZ/ENCFF989NQS.fastq.gz,,1,,,
ENCSR291VCJ,/nfs-stor/akshat.mistry/cluster/dbsuper_pipeline/raw/encode_results/files/control/ENCSR291VCJ/ENCFF548UXS.fastq.gz,,1,,,
ENCSR291VCJ,/nfs-stor/akshat.mistry/cluster/dbsuper_pipeline/raw/encode_results/files/control/ENCSR291VCJ/ENCFF607FLD.fastq.gz,,1,,,
ENCSR291VCJ,/nfs-stor/akshat.mistry/cluster/dbsuper_pipeline/raw/encode_results/files/control/ENCSR291VCJ/ENCFF772MUD.fastq.gz,,1,,,
ENCSR291VCJ,/nfs-stor/akshat.mistry/cluster/dbsuper_pipeline/raw/encode_results/files/control/ENCSR291VCJ/ENCFF822TJA.fastq.gz,,1,,,
ENCSR291VCJ,/nfs-stor/akshat.mistry/cluster/dbsuper_pipeline/raw/encode_results/files/control/ENCSR291VCJ/ENCFF034VYX.fastq.gz,,1,,,
ENCSR291VCJ,/nfs-stor/akshat.mistry/cluster/dbsuper_pipeline/raw/encode_results/files/control/ENCSR291VCJ/ENCFF114HAI.fastq.gz,,1,,,
ENCSR291VCJ,/nfs-stor/akshat.mistry/cluster/dbsuper_pipeline/raw/encode_results/files/control/ENCSR291VCJ/ENCFF713LJX.fastq.gz,,1,,,
ENCSR291VCJ,/nfs-stor/akshat.mistry/cluster/dbsuper_pipeline/raw/encode_results/files/control/ENCSR291VCJ/ENCFF995UUQ.fastq.gz,,1,,,
ENCSR293ZPH,/nfs-stor/akshat.mistry/cluster/dbsuper_pipeline/raw/encode_results/files/control/ENCSR293ZPH/ENCFF095LYI.fastq.gz,,1,,,
ENCSR293ZPH,/nfs-stor/akshat.mistry/cluster/dbsuper_pipeline/raw/encode_results/files/control/ENCSR293ZPH/ENCFF479DSR.fastq.gz,,1,,,
ENCSR293ZPH,/nfs-stor/akshat.mistry/cluster/dbsuper_pipeline/raw/encode_results/files/control/ENCSR293ZPH/ENCFF532ONH.fastq.gz,,1,,,
ENCSR293ZPH,/nfs-stor/akshat.mistry/cluster/dbsuper_pipeline/raw/encode_results/files/control/ENCSR293ZPH/ENCFF551RVT.fastq.gz,,1,,,
ENCSR293ZPH,/nfs-stor/akshat.mistry/cluster/dbsuper_pipeline/raw/encode_results/files/control/ENCSR293ZPH/ENCFF235ATE.fastq.gz,,1,,,
ENCSR293ZPH,/nfs-stor/akshat.mistry/cluster/dbsuper_pipeline/raw/encode_results/files/control/ENCSR293ZPH/ENCFF461EOM.fastq.gz,,1,,,
ENCSR293ZPH,/nfs-stor/akshat.mistry/cluster/dbsuper_pipeline/raw/encode_results/files/control/ENCSR293ZPH/ENCFF613QFP.fastq.gz,,1,,,
ENCSR293ZPH,/nfs-stor/akshat.mistry/cluster/dbsuper_pipeline/raw/encode_results/files/control/ENCSR293ZPH/ENCFF679UVI.fastq.gz,,1,,,
ENCSR295FXG,/nfs-stor/akshat.mistry/cluster/dbsuper_pipeline/raw/encode_results/files/control/ENCSR295FXG/ENCFF209KNW.fastq.gz,,1,,,
ENCSR295FXG,/nfs-stor/akshat.mistry/cluster/dbsuper_pipeline/raw/encode_results/files/control/ENCSR295FXG/ENCFF593LDX.fastq.gz,,1,,,
ENCSR295FXG,/nfs-stor/akshat.mistry/cluster/dbsuper_pipeline/raw/encode_results/files/control/ENCSR295FXG/ENCFF786XXI.fastq.gz,,1,,,
ENCSR295FXG,/nfs-stor/akshat.mistry/cluster/dbsuper_pipeline/raw/encode_results/files/control/ENCSR295FXG/ENCFF938HBM.fastq.gz,,1,,,
ENCSR295FXG,/nfs-stor/akshat.mistry/cluster/dbsuper_pipeline/raw/encode_results/files/control/ENCSR295FXG/ENCFF002XEW.fastq.gz,,1,,,
ENCSR295FXG,/nfs-stor/akshat.mistry/cluster/dbsuper_pipeline/raw/encode_results/files/control/ENCSR295FXG/ENCFF044EFO.fastq.gz,,1,,,
ENCSR295FXG,/nfs-stor/akshat.mistry/cluster/dbsuper_pipeline/raw/encode_results/files/control/ENCSR295FXG/ENCFF185GNL.fastq.gz,,1,,,
ENCSR295FXG,/nfs-stor/akshat.mistry/cluster/dbsuper_pipeline/raw/encode_results/files/control/ENCSR295FXG/ENCFF284MAW.fastq.gz,,1,,,
ENCSR295FXG,/nfs-stor/akshat.mistry/cluster/dbsuper_pipeline/raw/encode_results/files/control/ENCSR295FXG/ENCFF314AFS.fastq.gz,,1,,,
ENCSR295FXG,/nfs-stor/akshat.mistry/cluster/dbsuper_pipeline/raw/encode_results/files/control/ENCSR295FXG/ENCFF377OYE.fastq.gz,,1,,,
ENCSR295FXG,/nfs-stor/akshat.mistry/cluster/dbsuper_pipeline/raw/encode_results/files/control/ENCSR295FXG/ENCFF461LXZ.fastq.gz,,1,,,
ENCSR295FXG,/nfs-stor/akshat.mistry/cluster/dbsuper_pipeline/raw/encode_results/files/control/ENCSR295FXG/ENCFF469DAO.fastq.gz,,1,,,
ENCSR300ZUS,/nfs-stor/akshat.mistry/cluster/dbsuper_pipeline/raw/encode_results/files/control/ENCSR300ZUS/ENCFF046EFX.fastq.gz,,1,,,
ENCSR300ZUS,/nfs-stor/akshat.mistry/cluster/dbsuper_pipeline/raw/encode_results/files/control/ENCSR300ZUS/ENCFF312GXL.fastq.gz,,1,,,
ENCSR306YLG,/nfs-stor/akshat.mistry/cluster/dbsuper_pipeline/raw/encode_results/files/control/ENCSR306YLG/ENCFF154CVX.fastq.gz,,1,,,
ENCSR306YLG,/nfs-stor/akshat.mistry/cluster/dbsuper_pipeline/raw/encode_results/files/control/ENCSR306YLG/ENCFF358WWR.fastq.gz,,1,,,
ENCSR306YLG,/nfs-stor/akshat.mistry/cluster/dbsuper_pipeline/raw/encode_results/files/control/ENCSR306YLG/ENCFF553VWH.fastq.gz,,1,,,
ENCSR306YLG,/nfs-stor/akshat.mistry/cluster/dbsuper_pipeline/raw/encode_results/files/control/ENCSR306YLG/ENCFF665KAL.fastq.gz,,1,,,
ENCSR308JFE,/nfs-stor/akshat.mistry/cluster/dbsuper_pipeline/raw/encode_results/files/control/ENCSR308JFE/ENCFF949QOX.fastq.gz,,1,,,
ENCSR308JFE,/nfs-stor/akshat.mistry/cluster/dbsuper_pipeline/raw/encode_results/files/control/ENCSR308JFE/ENCFF900DXM.fastq.gz,,1,,,
ENCSR308JFE,/nfs-stor/akshat.mistry/cluster/dbsuper_pipeline/raw/encode_results/files/control/ENCSR308JFE/ENCFF686JJA.fastq.gz,,2,,,
ENCSR308JFE,/nfs-stor/akshat.mistry/cluster/dbsuper_pipeline/raw/encode_results/files/control/ENCSR308JFE/ENCFF688OXR.fastq.gz,,2,,,
ENCSR308JFE,/nfs-stor/akshat.mistry/cluster/dbsuper_pipeline/raw/encode_results/files/control/ENCSR308JFE/ENCFF286QYQ.fastq.gz,,2,,,
ENCSR308JFE,/nfs-stor/akshat.mistry/cluster/dbsuper_pipeline/raw/encode_results/files/control/ENCSR308JFE/ENCFF472ADY.fastq.gz,,2,,,
ENCSR308JFE,/nfs-stor/akshat.mistry/cluster/dbsuper_pipeline/raw/encode_results/files/control/ENCSR308JFE/ENCFF746RWX.fastq.gz,,2,,,
ENCSR308JFE,/nfs-stor/akshat.mistry/cluster/dbsuper_pipeline/raw/encode_results/files/control/ENCSR308JFE/ENCFF895MOG.fastq.gz,,2,,,
ENCSR309LQG,/nfs-stor/akshat.mistry/cluster/dbsuper_pipeline/raw/encode_results/files/control/ENCSR309LQG/ENCFF077UKU.fastq.gz,,1,,,
ENCSR309LQG,/nfs-stor/akshat.mistry/cluster/dbsuper_pipeline/raw/encode_results/files/control/ENCSR309LQG/ENCFF078EGS.fastq.gz,,1,,,
ENCSR309LQG,/nfs-stor/akshat.mistry/cluster/dbsuper_pipeline/raw/encode_results/files/control/ENCSR309LQG/ENCFF580KNR.fastq.gz,,1,,,
ENCSR309LQG,/nfs-stor/akshat.mistry/cluster/dbsuper_pipeline/raw/encode_results/files/control/ENCSR309LQG/ENCFF747EAN.fastq.gz,,1,,,
ENCSR309LQG,/nfs-stor/akshat.mistry/cluster/dbsuper_pipeline/raw/encode_results/files/control/ENCSR309LQG/ENCFF031HMN.fastq.gz,,1,,,
ENCSR309LQG,/nfs-stor/akshat.mistry/cluster/dbsuper_pipeline/raw/encode_results/files/control/ENCSR309LQG/ENCFF064BAT.fastq.gz,,1,,,
ENCSR309LQG,/nfs-stor/akshat.mistry/cluster/dbsuper_pipeline/raw/encode_results/files/control/ENCSR309LQG/ENCFF335WZK.fastq.gz,,1,,,
ENCSR309LQG,/nfs-stor/akshat.mistry/cluster/dbsuper_pipeline/raw/encode_results/files/control/ENCSR309LQG/ENCFF797PAY.fastq.gz,,1,,,
ENCSR309MYO,/nfs-stor/akshat.mistry/cluster/dbsuper_pipeline/raw/encode_results/files/control/ENCSR309MYO/ENCFF298QLL.fastq.gz,,1,,,
ENCSR310TYO,/nfs-stor/akshat.mistry/cluster/dbsuper_pipeline/raw/encode_results/files/control/ENCSR310TYO/ENCFF689LDK.fastq.gz,,1,,,
ENCSR310TYO,/nfs-stor/akshat.mistry/cluster/dbsuper_pipeline/raw/encode_results/files/control/ENCSR310TYO/ENCFF572ZEF.fastq.gz,,2,,,
ENCSR310TYO,/nfs-stor/akshat.mistry/cluster/dbsuper_pipeline/raw/encode_results/files/control/ENCSR310TYO/ENCFF649OIW.fastq.gz,,3,,,
ENCSR316ZPQ,/nfs-stor/akshat.mistry/cluster/dbsuper_pipeline/raw/encode_results/files/control/ENCSR316ZPQ/ENCFF040WYL.fastq.gz,,1,,,
ENCSR316ZPQ,/nfs-stor/akshat.mistry/cluster/dbsuper_pipeline/raw/encode_results/files/control/ENCSR316ZPQ/ENCFF705LMT.fastq.gz,,1,,,
ENCSR316ZPQ,/nfs-stor/akshat.mistry/cluster/dbsuper_pipeline/raw/encode_results/files/control/ENCSR316ZPQ/ENCFF631BZM.fastq.gz,,1,,,
ENCSR316ZPQ,/nfs-stor/akshat.mistry/cluster/dbsuper_pipeline/raw/encode_results/files/control/ENCSR316ZPQ/ENCFF643IBB.fastq.gz,,1,,,
ENCSR316ZPQ,/nfs-stor/akshat.mistry/cluster/dbsuper_pipeline/raw/encode_results/files/control/ENCSR316ZPQ/ENCFF441EWR.fastq.gz,,1,,,
ENCSR316ZPQ,/nfs-stor/akshat.mistry/cluster/dbsuper_pipeline/raw/encode_results/files/control/ENCSR316ZPQ/ENCFF851NWU.fastq.gz,,1,,,
ENCSR316ZPQ,/nfs-stor/akshat.mistry/cluster/dbsuper_pipeline/raw/encode_results/files/control/ENCSR316ZPQ/ENCFF402ELM.fastq.gz,,1,,,
ENCSR316ZPQ,/nfs-stor/akshat.mistry/cluster/dbsuper_pipeline/raw/encode_results/files/control/ENCSR316ZPQ/ENCFF978JUG.fastq.gz,,1,,,
ENCSR317VER,/nfs-stor/akshat.mistry/cluster/dbsuper_pipeline/raw/encode_results/files/control/ENCSR317VER/ENCFF163PSC.fastq.gz,,1,,,
ENCSR317VER,/nfs-stor/akshat.mistry/cluster/dbsuper_pipeline/raw/encode_results/files/control/ENCSR317VER/ENCFF038ADB.fastq.gz,,2,,,
ENCSR317VER,/nfs-stor/akshat.mistry/cluster/dbsuper_pipeline/raw/encode_results/files/control/ENCSR317VER/ENCFF634KHZ.fastq.gz,,3,,,
ENCSR324VMZ,/nfs-stor/akshat.mistry/cluster/dbsuper_pipeline/raw/encode_results/files/control/ENCSR324VMZ/ENCFF151SVH.fastq.gz,,1,,,
ENCSR324VMZ,/nfs-stor/akshat.mistry/cluster/dbsuper_pipeline/raw/encode_results/files/control/ENCSR324VMZ/ENCFF680IWG.fastq.gz,,2,,,
ENCSR324VMZ,/nfs-stor/akshat.mistry/cluster/dbsuper_pipeline/raw/encode_results/files/control/ENCSR324VMZ/ENCFF743YGE.fastq.gz,,3,,,
ENCSR325PXS,/nfs-stor/akshat.mistry/cluster/dbsuper_pipeline/raw/encode_results/files/control/ENCSR325PXS/ENCFF928FXR.fastq.gz,,1,,,
ENCSR325PXS,/nfs-stor/akshat.mistry/cluster/dbsuper_pipeline/raw/encode_results/files/control/ENCSR325PXS/ENCFF786UZX.fastq.gz,,2,,,
ENCSR325PXS,/nfs-stor/akshat.mistry/cluster/dbsuper_pipeline/raw/encode_results/files/control/ENCSR325PXS/ENCFF695BNF.fastq.gz,,3,,,
ENCSR327PYZ,/nfs-stor/akshat.mistry/cluster/dbsuper_pipeline/raw/encode_results/files/control/ENCSR327PYZ/ENCFF011GHL.fastq.gz,,1,,,
ENCSR327PYZ,/nfs-stor/akshat.mistry/cluster/dbsuper_pipeline/raw/encode_results/files/control/ENCSR327PYZ/ENCFF051IAZ.fastq.gz,,1,,,
ENCSR327PYZ,/nfs-stor/akshat.mistry/cluster/dbsuper_pipeline/raw/encode_results/files/control/ENCSR327PYZ/ENCFF101PAJ.fastq.gz,,1,,,
ENCSR327PYZ,/nfs-stor/akshat.mistry/cluster/dbsuper_pipeline/raw/encode_results/files/control/ENCSR327PYZ/ENCFF123ARU.fastq.gz,,1,,,
ENCSR327PYZ,/nfs-stor/akshat.mistry/cluster/dbsuper_pipeline/raw/encode_results/files/control/ENCSR327PYZ/ENCFF138SVT.fastq.gz,,1,,,
ENCSR327PYZ,/nfs-stor/akshat.mistry/cluster/dbsuper_pipeline/raw/encode_results/files/control/ENCSR327PYZ/ENCFF172FKO.fastq.gz,,1,,,
ENCSR327PYZ,/nfs-stor/akshat.mistry/cluster/dbsuper_pipeline/raw/encode_results/files/control/ENCSR327PYZ/ENCFF301IZK.fastq.gz,,1,,,
ENCSR327PYZ,/nfs-stor/akshat.mistry/cluster/dbsuper_pipeline/raw/encode_results/files/control/ENCSR327PYZ/ENCFF380UKT.fastq.gz,,1,,,
ENCSR327PYZ,/nfs-stor/akshat.mistry/cluster/dbsuper_pipeline/raw/encode_results/files/control/ENCSR327PYZ/ENCFF600PHE.fastq.gz,,1,,,
ENCSR327PYZ,/nfs-stor/akshat.mistry/cluster/dbsuper_pipeline/raw/encode_results/files/control/ENCSR327PYZ/ENCFF639MLM.fastq.gz,,1,,,
ENCSR327PYZ,/nfs-stor/akshat.mistry/cluster/dbsuper_pipeline/raw/encode_results/files/control/ENCSR327PYZ/ENCFF758EHO.fastq.gz,,1,,,
ENCSR327PYZ,/nfs-stor/akshat.mistry/cluster/dbsuper_pipeline/raw/encode_results/files/control/ENCSR327PYZ/ENCFF956GBC.fastq.gz,,1,,,
ENCSR328AHC,/nfs-stor/akshat.mistry/cluster/dbsuper_pipeline/raw/encode_results/files/control/ENCSR328AHC/ENCFF349YSG.fastq.gz,,1,,,
ENCSR328AHC,/nfs-stor/akshat.mistry/cluster/dbsuper_pipeline/raw/encode_results/files/control/ENCSR328AHC/ENCFF775RGK.fastq.gz,,1,,,
ENCSR328AHC,/nfs-stor/akshat.mistry/cluster/dbsuper_pipeline/raw/encode_results/files/control/ENCSR328AHC/ENCFF829PCB.fastq.gz,,1,,,
ENCSR328AHC,/nfs-stor/akshat.mistry/cluster/dbsuper_pipeline/raw/encode_results/files/control/ENCSR328AHC/ENCFF799XPQ.fastq.gz,,2,,,
ENCSR329HFV,/nfs-stor/akshat.mistry/cluster/dbsuper_pipeline/raw/encode_results/files/control/ENCSR329HFV/ENCFF926MQL.fastq.gz,,1,,,
ENCSR329HFV,/nfs-stor/akshat.mistry/cluster/dbsuper_pipeline/raw/encode_results/files/control/ENCSR329HFV/ENCFF940AJW.fastq.gz,,1,,,
ENCSR329HFV,/nfs-stor/akshat.mistry/cluster/dbsuper_pipeline/raw/encode_results/files/control/ENCSR329HFV/ENCFF294RAQ.fastq.gz,,1,,,
ENCSR329HFV,/nfs-stor/akshat.mistry/cluster/dbsuper_pipeline/raw/encode_results/files/control/ENCSR329HFV/ENCFF969IUT.fastq.gz,,1,,,
ENCSR339WBT,/nfs-stor/akshat.mistry/cluster/dbsuper_pipeline/raw/encode_results/files/control/ENCSR339WBT/ENCFF591SDP.fastq.gz,,1,,,
ENCSR343GIV,/nfs-stor/akshat.mistry/cluster/dbsuper_pipeline/raw/encode_results/files/control/ENCSR343GIV/ENCFF535UZA.fastq.gz,,1,,,
ENCSR343GIV,/nfs-stor/akshat.mistry/cluster/dbsuper_pipeline/raw/encode_results/files/control/ENCSR343GIV/ENCFF583ICZ.fastq.gz,,1,,,
ENCSR343GIV,/nfs-stor/akshat.mistry/cluster/dbsuper_pipeline/raw/encode_results/files/control/ENCSR343GIV/ENCFF448KGM.fastq.gz,,1,,,
ENCSR343GIV,/nfs-stor/akshat.mistry/cluster/dbsuper_pipeline/raw/encode_results/files/control/ENCSR343GIV/ENCFF480CLN.fastq.gz,,1,,,
ENCSR344CSQ,/nfs-stor/akshat.mistry/cluster/dbsuper_pipeline/raw/encode_results/files/control/ENCSR344CSQ/ENCFF525NPT.fastq.gz,,1,,,
ENCSR344CSQ,/nfs-stor/akshat.mistry/cluster/dbsuper_pipeline/raw/encode_results/files/control/ENCSR344CSQ/ENCFF260VTM.fastq.gz,,2,,,
ENCSR344CSQ,/nfs-stor/akshat.mistry/cluster/dbsuper_pipeline/raw/encode_results/files/control/ENCSR344CSQ/ENCFF597BGM.fastq.gz,,3,,,
ENCSR344ERJ,/nfs-stor/akshat.mistry/cluster/dbsuper_pipeline/raw/encode_results/files/control/ENCSR344ERJ/ENCFF684DXF.fastq.gz,,1,,,
ENCSR344ERJ,/nfs-stor/akshat.mistry/cluster/dbsuper_pipeline/raw/encode_results/files/control/ENCSR344ERJ/ENCFF947TCS.fastq.gz,,2,,,
ENCSR344ERJ,/nfs-stor/akshat.mistry/cluster/dbsuper_pipeline/raw/encode_results/files/control/ENCSR344ERJ/ENCFF936FEO.fastq.gz,,3,,,
ENCSR347KLR,/nfs-stor/akshat.mistry/cluster/dbsuper_pipeline/raw/encode_results/files/control/ENCSR347KLR/ENCFF314UWC.fastq.gz,,1,,,
ENCSR347KLR,/nfs-stor/akshat.mistry/cluster/dbsuper_pipeline/raw/encode_results/files/control/ENCSR347KLR/ENCFF693KXZ.fastq.gz,,1,,,
ENCSR347KLR,/nfs-stor/akshat.mistry/cluster/dbsuper_pipeline/raw/encode_results/files/control/ENCSR347KLR/ENCFF956XOM.fastq.gz,,1,,,
ENCSR347KLR,/nfs-stor/akshat.mistry/cluster/dbsuper_pipeline/raw/encode_results/files/control/ENCSR347KLR/ENCFF960LMH.fastq.gz,,1,,,
ENCSR347KLR,/nfs-stor/akshat.mistry/cluster/dbsuper_pipeline/raw/encode_results/files/control/ENCSR347KLR/ENCFF191UJB.fastq.gz,,1,,,
ENCSR347KLR,/nfs-stor/akshat.mistry/cluster/dbsuper_pipeline/raw/encode_results/files/control/ENCSR347KLR/ENCFF369QAA.fastq.gz,,1,,,
ENCSR347KLR,/nfs-stor/akshat.mistry/cluster/dbsuper_pipeline/raw/encode_results/files/control/ENCSR347KLR/ENCFF693AHP.fastq.gz,,1,,,
ENCSR347KLR,/nfs-stor/akshat.mistry/cluster/dbsuper_pipeline/raw/encode_results/files/control/ENCSR347KLR/ENCFF945HDZ.fastq.gz,,1,,,
ENCSR347VUG,/nfs-stor/akshat.mistry/cluster/dbsuper_pipeline/raw/encode_results/files/control/ENCSR347VUG/ENCFF116ZVM.fastq.gz,,1,,,
ENCSR347VUG,/nfs-stor/akshat.mistry/cluster/dbsuper_pipeline/raw/encode_results/files/control/ENCSR347VUG/ENCFF519MHN.fastq.gz,,1,,,
ENCSR347VUG,/nfs-stor/akshat.mistry/cluster/dbsuper_pipeline/raw/encode_results/files/control/ENCSR347VUG/ENCFF759PNS.fastq.gz,,1,,,
ENCSR347VUG,/nfs-stor/akshat.mistry/cluster/dbsuper_pipeline/raw/encode_results/files/control/ENCSR347VUG/ENCFF898MQI.fastq.gz,,1,,,
ENCSR354HOM,/nfs-stor/akshat.mistry/cluster/dbsuper_pipeline/raw/encode_results/files/control/ENCSR354HOM/ENCFF259JCU.fastq.gz,,1,,,
ENCSR354HOM,/nfs-stor/akshat.mistry/cluster/dbsuper_pipeline/raw/encode_results/files/control/ENCSR354HOM/ENCFF622MZI.fastq.gz,,2,,,
ENCSR355RJN,/nfs-stor/akshat.mistry/cluster/dbsuper_pipeline/raw/encode_results/files/control/ENCSR355RJN/ENCFF029VZG.fastq.gz,,1,,,
ENCSR355RJN,/nfs-stor/akshat.mistry/cluster/dbsuper_pipeline/raw/encode_results/files/control/ENCSR355RJN/ENCFF425MWD.fastq.gz,,1,,,
ENCSR355RJN,/nfs-stor/akshat.mistry/cluster/dbsuper_pipeline/raw/encode_results/files/control/ENCSR355RJN/ENCFF588ZXC.fastq.gz,,1,,,
ENCSR355RJN,/nfs-stor/akshat.mistry/cluster/dbsuper_pipeline/raw/encode_results/files/control/ENCSR355RJN/ENCFF851CEK.fastq.gz,,1,,,
ENCSR360NJD,/nfs-stor/akshat.mistry/cluster/dbsuper_pipeline/raw/encode_results/files/control/ENCSR360NJD/ENCFF073XJH.fastq.gz,,1,,,
ENCSR360NJD,/nfs-stor/akshat.mistry/cluster/dbsuper_pipeline/raw/encode_results/files/control/ENCSR360NJD/ENCFF460ZIC.fastq.gz,,1,,,
ENCSR360NJD,/nfs-stor/akshat.mistry/cluster/dbsuper_pipeline/raw/encode_results/files/control/ENCSR360NJD/ENCFF491GZP.fastq.gz,,1,,,
ENCSR360NJD,/nfs-stor/akshat.mistry/cluster/dbsuper_pipeline/raw/encode_results/files/control/ENCSR360NJD/ENCFF920HJB.fastq.gz,,1,,,
ENCSR361GKY,/nfs-stor/akshat.mistry/cluster/dbsuper_pipeline/raw/encode_results/files/control/ENCSR361GKY/ENCFF093MCZ.fastq.gz,,1,,,
ENCSR361GKY,/nfs-stor/akshat.mistry/cluster/dbsuper_pipeline/raw/encode_results/files/control/ENCSR361GKY/ENCFF228EQX.fastq.gz,,2,,,
ENCSR361GKY,/nfs-stor/akshat.mistry/cluster/dbsuper_pipeline/raw/encode_results/files/control/ENCSR361GKY/ENCFF475WXS.fastq.gz,,2,,,
ENCSR361GKY,/nfs-stor/akshat.mistry/cluster/dbsuper_pipeline/raw/encode_results/files/control/ENCSR361GKY/ENCFF489HIX.fastq.gz,,2,,,
ENCSR361GKY,/nfs-stor/akshat.mistry/cluster/dbsuper_pipeline/raw/encode_results/files/control/ENCSR361GKY/ENCFF890HQY.fastq.gz,,2,,,
ENCSR367UDO,/nfs-stor/akshat.mistry/cluster/dbsuper_pipeline/raw/encode_results/files/control/ENCSR367UDO/ENCFF002AXD.fastq.gz,,1,,,
ENCSR367UDO,/nfs-stor/akshat.mistry/cluster/dbsuper_pipeline/raw/encode_results/files/control/ENCSR367UDO/ENCFF353BJM.fastq.gz,,2,,,
ENCSR367UDO,/nfs-stor/akshat.mistry/cluster/dbsuper_pipeline/raw/encode_results/files/control/ENCSR367UDO/ENCFF595IMS.fastq.gz,,2,,,
ENCSR367UDO,/nfs-stor/akshat.mistry/cluster/dbsuper_pipeline/raw/encode_results/files/control/ENCSR367UDO/ENCFF699FIQ.fastq.gz,,2,,,
ENCSR368NLE,/nfs-stor/akshat.mistry/cluster/dbsuper_pipeline/raw/encode_results/files/control/ENCSR368NLE/ENCFF080SRX.fastq.gz,,1,,,
ENCSR368NLE,/nfs-stor/akshat.mistry/cluster/dbsuper_pipeline/raw/encode_results/files/control/ENCSR368NLE/ENCFF517IZY.fastq.gz,,1,,,
ENCSR368NLE,/nfs-stor/akshat.mistry/cluster/dbsuper_pipeline/raw/encode_results/files/control/ENCSR368NLE/ENCFF304FNL.fastq.gz,,2,,,
ENCSR368NLE,/nfs-stor/akshat.mistry/cluster/dbsuper_pipeline/raw/encode_results/files/control/ENCSR368NLE/ENCFF349CVB.fastq.gz,,2,,,
ENCSR368NLE,/nfs-stor/akshat.mistry/cluster/dbsuper_pipeline/raw/encode_results/files/control/ENCSR368NLE/ENCFF422KOC.fastq.gz,,2,,,
ENCSR368NLE,/nfs-stor/akshat.mistry/cluster/dbsuper_pipeline/raw/encode_results/files/control/ENCSR368NLE/ENCFF571PYA.fastq.gz,,2,,,
ENCSR373OML,/nfs-stor/akshat.mistry/cluster/dbsuper_pipeline/raw/encode_results/files/control/ENCSR373OML/ENCFF202ZOI.fastq.gz,,1,,,
ENCSR373OML,/nfs-stor/akshat.mistry/cluster/dbsuper_pipeline/raw/encode_results/files/control/ENCSR373OML/ENCFF462CCM.fastq.gz,,1,,,
ENCSR373OML,/nfs-stor/akshat.mistry/cluster/dbsuper_pipeline/raw/encode_results/files/control/ENCSR373OML/ENCFF833CHA.fastq.gz,,1,,,
ENCSR373OML,/nfs-stor/akshat.mistry/cluster/dbsuper_pipeline/raw/encode_results/files/control/ENCSR373OML/ENCFF970MMY.fastq.gz,,1,,,
ENCSR373OML,/nfs-stor/akshat.mistry/cluster/dbsuper_pipeline/raw/encode_results/files/control/ENCSR373OML/ENCFF162LPV.fastq.gz,,1,,,
ENCSR373OML,/nfs-stor/akshat.mistry/cluster/dbsuper_pipeline/raw/encode_results/files/control/ENCSR373OML/ENCFF741KER.fastq.gz,,1,,,
ENCSR373OML,/nfs-stor/akshat.mistry/cluster/dbsuper_pipeline/raw/encode_results/files/control/ENCSR373OML/ENCFF811GNX.fastq.gz,,1,,,
ENCSR373OML,/nfs-stor/akshat.mistry/cluster/dbsuper_pipeline/raw/encode_results/files/control/ENCSR373OML/ENCFF898JDC.fastq.gz,,1,,,
ENCSR376YUP,/nfs-stor/akshat.mistry/cluster/dbsuper_pipeline/raw/encode_results/files/control/ENCSR376YUP/ENCFF540KFW.fastq.gz,,1,,,
ENCSR376YUP,/nfs-stor/akshat.mistry/cluster/dbsuper_pipeline/raw/encode_results/files/control/ENCSR376YUP/ENCFF737CJG.fastq.gz,,1,,,
ENCSR376YUP,/nfs-stor/akshat.mistry/cluster/dbsuper_pipeline/raw/encode_results/files/control/ENCSR376YUP/ENCFF845XRF.fastq.gz,,1,,,
ENCSR376YUP,/nfs-stor/akshat.mistry/cluster/dbsuper_pipeline/raw/encode_results/files/control/ENCSR376YUP/ENCFF877CYX.fastq.gz,,1,,,
ENCSR376YUP,/nfs-stor/akshat.mistry/cluster/dbsuper_pipeline/raw/encode_results/files/control/ENCSR376YUP/ENCFF094ZKQ.fastq.gz,,1,,,
ENCSR376YUP,/nfs-stor/akshat.mistry/cluster/dbsuper_pipeline/raw/encode_results/files/control/ENCSR376YUP/ENCFF321LHC.fastq.gz,,1,,,
ENCSR376YUP,/nfs-stor/akshat.mistry/cluster/dbsuper_pipeline/raw/encode_results/files/control/ENCSR376YUP/ENCFF350EDF.fastq.gz,,1,,,
ENCSR376YUP,/nfs-stor/akshat.mistry/cluster/dbsuper_pipeline/raw/encode_results/files/control/ENCSR376YUP/ENCFF804WDX.fastq.gz,,1,,,
ENCSR384KIB,/nfs-stor/akshat.mistry/cluster/dbsuper_pipeline/raw/encode_results/files/control/ENCSR384KIB/ENCFF553HYW.fastq.gz,,1,,,
ENCSR384KIB,/nfs-stor/akshat.mistry/cluster/dbsuper_pipeline/raw/encode_results/files/control/ENCSR384KIB/ENCFF714JZG.fastq.gz,,1,,,
ENCSR384KIB,/nfs-stor/akshat.mistry/cluster/dbsuper_pipeline/raw/encode_results/files/control/ENCSR384KIB/ENCFF250JCY.fastq.gz,,1,,,
ENCSR384KIB,/nfs-stor/akshat.mistry/cluster/dbsuper_pipeline/raw/encode_results/files/control/ENCSR384KIB/ENCFF317ZIG.fastq.gz,,1,,,
ENCSR384KIB,/nfs-stor/akshat.mistry/cluster/dbsuper_pipeline/raw/encode_results/files/control/ENCSR384KIB/ENCFF209PFD.fastq.gz,,2,,,
ENCSR384KIB,/nfs-stor/akshat.mistry/cluster/dbsuper_pipeline/raw/encode_results/files/control/ENCSR384KIB/ENCFF652RFT.fastq.gz,,2,,,
ENCSR384KIB,/nfs-stor/akshat.mistry/cluster/dbsuper_pipeline/raw/encode_results/files/control/ENCSR384KIB/ENCFF788MXA.fastq.gz,,2,,,
ENCSR384KIB,/nfs-stor/akshat.mistry/cluster/dbsuper_pipeline/raw/encode_results/files/control/ENCSR384KIB/ENCFF956OJR.fastq.gz,,2,,,
ENCSR384KIB,/nfs-stor/akshat.mistry/cluster/dbsuper_pipeline/raw/encode_results/files/control/ENCSR384KIB/ENCFF213LKO.fastq.gz,,2,,,
ENCSR384KIB,/nfs-stor/akshat.mistry/cluster/dbsuper_pipeline/raw/encode_results/files/control/ENCSR384KIB/ENCFF320XXP.fastq.gz,,2,,,
ENCSR384KIB,/nfs-stor/akshat.mistry/cluster/dbsuper_pipeline/raw/encode_results/files/control/ENCSR384KIB/ENCFF441VGU.fastq.gz,,2,,,
ENCSR384KIB,/nfs-stor/akshat.mistry/cluster/dbsuper_pipeline/raw/encode_results/files/control/ENCSR384KIB/ENCFF511DRG.fastq.gz,,2,,,
ENCSR384KIB,/nfs-stor/akshat.mistry/cluster/dbsuper_pipeline/raw/encode_results/files/control/ENCSR384KIB/ENCFF107KZB.fastq.gz,,2,,,
ENCSR384KIB,/nfs-stor/akshat.mistry/cluster/dbsuper_pipeline/raw/encode_results/files/control/ENCSR384KIB/ENCFF223MCB.fastq.gz,,2,,,
ENCSR384KIB,/nfs-stor/akshat.mistry/cluster/dbsuper_pipeline/raw/encode_results/files/control/ENCSR384KIB/ENCFF287VQM.fastq.gz,,2,,,
ENCSR384KIB,/nfs-stor/akshat.mistry/cluster/dbsuper_pipeline/raw/encode_results/files/control/ENCSR384KIB/ENCFF553FUG.fastq.gz,,2,,,
ENCSR385ODY,/nfs-stor/akshat.mistry/cluster/dbsuper_pipeline/raw/encode_results/files/control/ENCSR385ODY/ENCFF456ROW.fastq.gz,,1,,,
ENCSR385ODY,/nfs-stor/akshat.mistry/cluster/dbsuper_pipeline/raw/encode_results/files/control/ENCSR385ODY/ENCFF491TAF.fastq.gz,,1,,,
ENCSR385ODY,/nfs-stor/akshat.mistry/cluster/dbsuper_pipeline/raw/encode_results/files/control/ENCSR385ODY/ENCFF640NZR.fastq.gz,,1,,,
ENCSR385ODY,/nfs-stor/akshat.mistry/cluster/dbsuper_pipeline/raw/encode_results/files/control/ENCSR385ODY/ENCFF944CMN.fastq.gz,,1,,,
ENCSR385ODY,/nfs-stor/akshat.mistry/cluster/dbsuper_pipeline/raw/encode_results/files/control/ENCSR385ODY/ENCFF399MFA.fastq.gz,,1,,,
ENCSR385ODY,/nfs-stor/akshat.mistry/cluster/dbsuper_pipeline/raw/encode_results/files/control/ENCSR385ODY/ENCFF622NUM.fastq.gz,,1,,,
ENCSR386UHY,/nfs-stor/akshat.mistry/cluster/dbsuper_pipeline/raw/encode_results/files/control/ENCSR386UHY/ENCFF072QEH.fastq.gz,,1,,,
ENCSR386UHY,/nfs-stor/akshat.mistry/cluster/dbsuper_pipeline/raw/encode_results/files/control/ENCSR386UHY/ENCFF275SGG.fastq.gz,,1,,,
ENCSR386UHY,/nfs-stor/akshat.mistry/cluster/dbsuper_pipeline/raw/encode_results/files/control/ENCSR386UHY/ENCFF529FTT.fastq.gz,,1,,,
ENCSR386UHY,/nfs-stor/akshat.mistry/cluster/dbsuper_pipeline/raw/encode_results/files/control/ENCSR386UHY/ENCFF962CNG.fastq.gz,,1,,,
ENCSR386UHY,/nfs-stor/akshat.mistry/cluster/dbsuper_pipeline/raw/encode_results/files/control/ENCSR386UHY/ENCFF299NZP.fastq.gz,,1,,,
ENCSR386UHY,/nfs-stor/akshat.mistry/cluster/dbsuper_pipeline/raw/encode_results/files/control/ENCSR386UHY/ENCFF535FEU.fastq.gz,,1,,,
ENCSR386UHY,/nfs-stor/akshat.mistry/cluster/dbsuper_pipeline/raw/encode_results/files/control/ENCSR386UHY/ENCFF705KZC.fastq.gz,,1,,,
ENCSR386UHY,/nfs-stor/akshat.mistry/cluster/dbsuper_pipeline/raw/encode_results/files/control/ENCSR386UHY/ENCFF819MXG.fastq.gz,,1,,,
ENCSR394DWD,/nfs-stor/akshat.mistry/cluster/dbsuper_pipeline/raw/encode_results/files/control/ENCSR394DWD/ENCFF137EJL.fastq.gz,,1,,,
ENCSR394DWD,/nfs-stor/akshat.mistry/cluster/dbsuper_pipeline/raw/encode_results/files/control/ENCSR394DWD/ENCFF426IGI.fastq.gz,,2,,,
ENCSR394DWD,/nfs-stor/akshat.mistry/cluster/dbsuper_pipeline/raw/encode_results/files/control/ENCSR394DWD/ENCFF452ELS.fastq.gz,,2,,,
ENCSR394ZWY,/nfs-stor/akshat.mistry/cluster/dbsuper_pipeline/raw/encode_results/files/control/ENCSR394ZWY/ENCFF230SCC.fastq.gz,,1,,,
ENCSR394ZWY,/nfs-stor/akshat.mistry/cluster/dbsuper_pipeline/raw/encode_results/files/control/ENCSR394ZWY/ENCFF368BBG.fastq.gz,,1,,,
ENCSR394ZWY,/nfs-stor/akshat.mistry/cluster/dbsuper_pipeline/raw/encode_results/files/control/ENCSR394ZWY/ENCFF394JRB.fastq.gz,,1,,,
ENCSR394ZWY,/nfs-stor/akshat.mistry/cluster/dbsuper_pipeline/raw/encode_results/files/control/ENCSR394ZWY/ENCFF802YQP.fastq.gz,,1,,,
ENCSR394ZWY,/nfs-stor/akshat.mistry/cluster/dbsuper_pipeline/raw/encode_results/files/control/ENCSR394ZWY/ENCFF053EZC.fastq.gz,,1,,,
ENCSR394ZWY,/nfs-stor/akshat.mistry/cluster/dbsuper_pipeline/raw/encode_results/files/control/ENCSR394ZWY/ENCFF268TTB.fastq.gz,,1,,,
ENCSR394ZWY,/nfs-stor/akshat.mistry/cluster/dbsuper_pipeline/raw/encode_results/files/control/ENCSR394ZWY/ENCFF713PEH.fastq.gz,,1,,,
ENCSR394ZWY,/nfs-stor/akshat.mistry/cluster/dbsuper_pipeline/raw/encode_results/files/control/ENCSR394ZWY/ENCFF935UMC.fastq.gz,,1,,,
ENCSR399JUL,/nfs-stor/akshat.mistry/cluster/dbsuper_pipeline/raw/encode_results/files/control/ENCSR399JUL/ENCFF428ERJ.fastq.gz,,1,,,
ENCSR399JUL,/nfs-stor/akshat.mistry/cluster/dbsuper_pipeline/raw/encode_results/files/control/ENCSR399JUL/ENCFF492ETS.fastq.gz,,2,,,
ENCSR403VPZ,/nfs-stor/akshat.mistry/cluster/dbsuper_pipeline/raw/encode_results/files/control/ENCSR403VPZ/ENCFF063GPC.fastq.gz,,1,,,
ENCSR403VPZ,/nfs-stor/akshat.mistry/cluster/dbsuper_pipeline/raw/encode_results/files/control/ENCSR403VPZ/ENCFF331HGE.fastq.gz,,1,,,
ENCSR403VPZ,/nfs-stor/akshat.mistry/cluster/dbsuper_pipeline/raw/encode_results/files/control/ENCSR403VPZ/ENCFF651SKW.fastq.gz,,1,,,
ENCSR403VPZ,/nfs-stor/akshat.mistry/cluster/dbsuper_pipeline/raw/encode_results/files/control/ENCSR403VPZ/ENCFF775SIG.fastq.gz,,1,,,
ENCSR403VPZ,/nfs-stor/akshat.mistry/cluster/dbsuper_pipeline/raw/encode_results/files/control/ENCSR403VPZ/ENCFF030OGP.fastq.gz,,1,,,
ENCSR403VPZ,/nfs-stor/akshat.mistry/cluster/dbsuper_pipeline/raw/encode_results/files/control/ENCSR403VPZ/ENCFF060OKH.fastq.gz,,1,,,
ENCSR403VPZ,/nfs-stor/akshat.mistry/cluster/dbsuper_pipeline/raw/encode_results/files/control/ENCSR403VPZ/ENCFF202WYX.fastq.gz,,1,,,
ENCSR403VPZ,/nfs-stor/akshat.mistry/cluster/dbsuper_pipeline/raw/encode_results/files/control/ENCSR403VPZ/ENCFF524MDI.fastq.gz,,1,,,
ENCSR405BDN,/nfs-stor/akshat.mistry/cluster/dbsuper_pipeline/raw/encode_results/files/control/ENCSR405BDN/ENCFF013TZB.fastq.gz,,1,,,
ENCSR405BDN,/nfs-stor/akshat.mistry/cluster/dbsuper_pipeline/raw/encode_results/files/control/ENCSR405BDN/ENCFF139APE.fastq.gz,,1,,,
ENCSR405BDN,/nfs-stor/akshat.mistry/cluster/dbsuper_pipeline/raw/encode_results/files/control/ENCSR405BDN/ENCFF702KBP.fastq.gz,,1,,,
ENCSR405BDN,/nfs-stor/akshat.mistry/cluster/dbsuper_pipeline/raw/encode_results/files/control/ENCSR405BDN/ENCFF890ZJR.fastq.gz,,1,,,
ENCSR405BDN,/nfs-stor/akshat.mistry/cluster/dbsuper_pipeline/raw/encode_results/files/control/ENCSR405BDN/ENCFF028USO.fastq.gz,,1,,,
ENCSR405BDN,/nfs-stor/akshat.mistry/cluster/dbsuper_pipeline/raw/encode_results/files/control/ENCSR405BDN/ENCFF458JSZ.fastq.gz,,1,,,
ENCSR405BDN,/nfs-stor/akshat.mistry/cluster/dbsuper_pipeline/raw/encode_results/files/control/ENCSR405BDN/ENCFF475GLP.fastq.gz,,1,,,
ENCSR405BDN,/nfs-stor/akshat.mistry/cluster/dbsuper_pipeline/raw/encode_results/files/control/ENCSR405BDN/ENCFF859HVR.fastq.gz,,1,,,
ENCSR405NKC,/nfs-stor/akshat.mistry/cluster/dbsuper_pipeline/raw/encode_results/files/control/ENCSR405NKC/ENCFF177GFR.fastq.gz,,1,,,
ENCSR405NKC,/nfs-stor/akshat.mistry/cluster/dbsuper_pipeline/raw/encode_results/files/control/ENCSR405NKC/ENCFF377BHD.fastq.gz,,1,,,
ENCSR405NKC,/nfs-stor/akshat.mistry/cluster/dbsuper_pipeline/raw/encode_results/files/control/ENCSR405NKC/ENCFF926FDA.fastq.gz,,1,,,
ENCSR405NKC,/nfs-stor/akshat.mistry/cluster/dbsuper_pipeline/raw/encode_results/files/control/ENCSR405NKC/ENCFF973DEI.fastq.gz,,1,,,
ENCSR405NKC,/nfs-stor/akshat.mistry/cluster/dbsuper_pipeline/raw/encode_results/files/control/ENCSR405NKC/ENCFF158ZMY.fastq.gz,,1,,,
ENCSR405NKC,/nfs-stor/akshat.mistry/cluster/dbsuper_pipeline/raw/encode_results/files/control/ENCSR405NKC/ENCFF516HTJ.fastq.gz,,1,,,
ENCSR405NKC,/nfs-stor/akshat.mistry/cluster/dbsuper_pipeline/raw/encode_results/files/control/ENCSR405NKC/ENCFF611DUU.fastq.gz,,1,,,
ENCSR405NKC,/nfs-stor/akshat.mistry/cluster/dbsuper_pipeline/raw/encode_results/files/control/ENCSR405NKC/ENCFF850NSQ.fastq.gz,,1,,,
ENCSR417AQU,/nfs-stor/akshat.mistry/cluster/dbsuper_pipeline/raw/encode_results/files/control/ENCSR417AQU/ENCFF192ECW.fastq.gz,,1,,,
ENCSR417AQU,/nfs-stor/akshat.mistry/cluster/dbsuper_pipeline/raw/encode_results/files/control/ENCSR417AQU/ENCFF200OGG.fastq.gz,,1,,,
ENCSR417AQU,/nfs-stor/akshat.mistry/cluster/dbsuper_pipeline/raw/encode_results/files/control/ENCSR417AQU/ENCFF489XJV.fastq.gz,,1,,,
ENCSR417AQU,/nfs-stor/akshat.mistry/cluster/dbsuper_pipeline/raw/encode_results/files/control/ENCSR417AQU/ENCFF622LOR.fastq.gz,,1,,,
ENCSR417AQU,/nfs-stor/akshat.mistry/cluster/dbsuper_pipeline/raw/encode_results/files/control/ENCSR417AQU/ENCFF637HRS.fastq.gz,,1,,,
ENCSR417AQU,/nfs-stor/akshat.mistry/cluster/dbsuper_pipeline/raw/encode_results/files/control/ENCSR417AQU/ENCFF913DLI.fastq.gz,,1,,,
ENCSR417AQU,/nfs-stor/akshat.mistry/cluster/dbsuper_pipeline/raw/encode_results/files/control/ENCSR417AQU/ENCFF970CIW.fastq.gz,,1,,,
ENCSR417AQU,/nfs-stor/akshat.mistry/cluster/dbsuper_pipeline/raw/encode_results/files/control/ENCSR417AQU/ENCFF976XKW.fastq.gz,,1,,,
ENCSR417AQU,/nfs-stor/akshat.mistry/cluster/dbsuper_pipeline/raw/encode_results/files/control/ENCSR417AQU/ENCFF539HOQ.fastq.gz,,1,,,
ENCSR417AQU,/nfs-stor/akshat.mistry/cluster/dbsuper_pipeline/raw/encode_results/files/control/ENCSR417AQU/ENCFF720SFT.fastq.gz,,1,,,
ENCSR417AQU,/nfs-stor/akshat.mistry/cluster/dbsuper_pipeline/raw/encode_results/files/control/ENCSR417AQU/ENCFF807HUQ.fastq.gz,,1,,,
ENCSR417AQU,/nfs-stor/akshat.mistry/cluster/dbsuper_pipeline/raw/encode_results/files/control/ENCSR417AQU/ENCFF888PQC.fastq.gz,,1,,,
ENCSR422TGJ,/nfs-stor/akshat.mistry/cluster/dbsuper_pipeline/raw/encode_results/files/control/ENCSR422TGJ/ENCFF328QHK.fastq.gz,,1,,,
ENCSR422TGJ,/nfs-stor/akshat.mistry/cluster/dbsuper_pipeline/raw/encode_results/files/control/ENCSR422TGJ/ENCFF429SOB.fastq.gz,,1,,,
ENCSR427DIF,/nfs-stor/akshat.mistry/cluster/dbsuper_pipeline/raw/encode_results/files/control/ENCSR427DIF/ENCFF236UFI.fastq.gz,,1,,,
ENCSR427DIF,/nfs-stor/akshat.mistry/cluster/dbsuper_pipeline/raw/encode_results/files/control/ENCSR427DIF/ENCFF320TSQ.fastq.gz,,1,,,
ENCSR427DIF,/nfs-stor/akshat.mistry/cluster/dbsuper_pipeline/raw/encode_results/files/control/ENCSR427DIF/ENCFF895WQU.fastq.gz,,1,,,
ENCSR427DIF,/nfs-stor/akshat.mistry/cluster/dbsuper_pipeline/raw/encode_results/files/control/ENCSR427DIF/ENCFF908BED.fastq.gz,,1,,,
ENCSR427DIF,/nfs-stor/akshat.mistry/cluster/dbsuper_pipeline/raw/encode_results/files/control/ENCSR427DIF/ENCFF049SLJ.fastq.gz,,1,,,
ENCSR427DIF,/nfs-stor/akshat.mistry/cluster/dbsuper_pipeline/raw/encode_results/files/control/ENCSR427DIF/ENCFF625QOB.fastq.gz,,1,,,
ENCSR427DIF,/nfs-stor/akshat.mistry/cluster/dbsuper_pipeline/raw/encode_results/files/control/ENCSR427DIF/ENCFF677FDK.fastq.gz,,1,,,
ENCSR427DIF,/nfs-stor/akshat.mistry/cluster/dbsuper_pipeline/raw/encode_results/files/control/ENCSR427DIF/ENCFF936QXM.fastq.gz,,1,,,
ENCSR437DCH,/nfs-stor/akshat.mistry/cluster/dbsuper_pipeline/raw/encode_results/files/control/ENCSR437DCH/ENCFF243FRN.fastq.gz,,1,,,
ENCSR437DCH,/nfs-stor/akshat.mistry/cluster/dbsuper_pipeline/raw/encode_results/files/control/ENCSR437DCH/ENCFF568UMO.fastq.gz,,1,,,
ENCSR437DCH,/nfs-stor/akshat.mistry/cluster/dbsuper_pipeline/raw/encode_results/files/control/ENCSR437DCH/ENCFF780FTN.fastq.gz,,1,,,
ENCSR437DCH,/nfs-stor/akshat.mistry/cluster/dbsuper_pipeline/raw/encode_results/files/control/ENCSR437DCH/ENCFF986QOF.fastq.gz,,1,,,
ENCSR437DCH,/nfs-stor/akshat.mistry/cluster/dbsuper_pipeline/raw/encode_results/files/control/ENCSR437DCH/ENCFF081BMN.fastq.gz,,1,,,
ENCSR437DCH,/nfs-stor/akshat.mistry/cluster/dbsuper_pipeline/raw/encode_results/files/control/ENCSR437DCH/ENCFF084ULX.fastq.gz,,1,,,
ENCSR437DCH,/nfs-stor/akshat.mistry/cluster/dbsuper_pipeline/raw/encode_results/files/control/ENCSR437DCH/ENCFF137WDS.fastq.gz,,1,,,
ENCSR437DCH,/nfs-stor/akshat.mistry/cluster/dbsuper_pipeline/raw/encode_results/files/control/ENCSR437DCH/ENCFF257RIX.fastq.gz,,1,,,
ENCSR437DCH,/nfs-stor/akshat.mistry/cluster/dbsuper_pipeline/raw/encode_results/files/control/ENCSR437DCH/ENCFF407LZO.fastq.gz,,1,,,
ENCSR437DCH,/nfs-stor/akshat.mistry/cluster/dbsuper_pipeline/raw/encode_results/files/control/ENCSR437DCH/ENCFF445JSG.fastq.gz,,1,,,
ENCSR437DCH,/nfs-stor/akshat.mistry/cluster/dbsuper_pipeline/raw/encode_results/files/control/ENCSR437DCH/ENCFF658HDH.fastq.gz,,1,,,
ENCSR437DCH,/nfs-stor/akshat.mistry/cluster/dbsuper_pipeline/raw/encode_results/files/control/ENCSR437DCH/ENCFF705JGS.fastq.gz,,1,,,
ENCSR438NOO,/nfs-stor/akshat.mistry/cluster/dbsuper_pipeline/raw/encode_results/files/control/ENCSR438NOO/ENCFF013QAX.fastq.gz,,1,,,
ENCSR438NOO,/nfs-stor/akshat.mistry/cluster/dbsuper_pipeline/raw/encode_results/files/control/ENCSR438NOO/ENCFF104IGT.fastq.gz,,1,,,
ENCSR438NOO,/nfs-stor/akshat.mistry/cluster/dbsuper_pipeline/raw/encode_results/files/control/ENCSR438NOO/ENCFF860FJC.fastq.gz,,1,,,
ENCSR438NOO,/nfs-stor/akshat.mistry/cluster/dbsuper_pipeline/raw/encode_results/files/control/ENCSR438NOO/ENCFF895BDM.fastq.gz,,1,,,
ENCSR444GJM,/nfs-stor/akshat.mistry/cluster/dbsuper_pipeline/raw/encode_results/files/control/ENCSR444GJM/ENCFF536TAF.fastq.gz,,1,,,
ENCSR444GJM,/nfs-stor/akshat.mistry/cluster/dbsuper_pipeline/raw/encode_results/files/control/ENCSR444GJM/ENCFF825XKT.fastq.gz,,1,,,
ENCSR449RSE,/nfs-stor/akshat.mistry/cluster/dbsuper_pipeline/raw/encode_results/files/control/ENCSR449RSE/ENCFF666WRT.fastq.gz,,1,,,
ENCSR452GUC,/nfs-stor/akshat.mistry/cluster/dbsuper_pipeline/raw/encode_results/files/control/ENCSR452GUC/ENCFF038MTS.fastq.gz,,1,,,
ENCSR452GUC,/nfs-stor/akshat.mistry/cluster/dbsuper_pipeline/raw/encode_results/files/control/ENCSR452GUC/ENCFF850FSY.fastq.gz,,2,,,
ENCSR454FJM,/nfs-stor/akshat.mistry/cluster/dbsuper_pipeline/raw/encode_results/files/control/ENCSR454FJM/ENCFF440PDW.fastq.gz,,1,,,
ENCSR454FJM,/nfs-stor/akshat.mistry/cluster/dbsuper_pipeline/raw/encode_results/files/control/ENCSR454FJM/ENCFF660BRW.fastq.gz,,1,,,
ENCSR454FJM,/nfs-stor/akshat.mistry/cluster/dbsuper_pipeline/raw/encode_results/files/control/ENCSR454FJM/ENCFF706HOV.fastq.gz,,1,,,
ENCSR454FJM,/nfs-stor/akshat.mistry/cluster/dbsuper_pipeline/raw/encode_results/files/control/ENCSR454FJM/ENCFF914CFB.fastq.gz,,1,,,
ENCSR454FJM,/nfs-stor/akshat.mistry/cluster/dbsuper_pipeline/raw/encode_results/files/control/ENCSR454FJM/ENCFF209DJQ.fastq.gz,,1,,,
ENCSR454FJM,/nfs-stor/akshat.mistry/cluster/dbsuper_pipeline/raw/encode_results/files/control/ENCSR454FJM/ENCFF245AZC.fastq.gz,,1,,,
ENCSR454FJM,/nfs-stor/akshat.mistry/cluster/dbsuper_pipeline/raw/encode_results/files/control/ENCSR454FJM/ENCFF689CXM.fastq.gz,,1,,,
ENCSR454FJM,/nfs-stor/akshat.mistry/cluster/dbsuper_pipeline/raw/encode_results/files/control/ENCSR454FJM/ENCFF981CNY.fastq.gz,,1,,,
ENCSR455AFK,/nfs-stor/akshat.mistry/cluster/dbsuper_pipeline/raw/encode_results/files/control/ENCSR455AFK/ENCFF392LUJ.fastq.gz,,1,,,
ENCSR455AFK,/nfs-stor/akshat.mistry/cluster/dbsuper_pipeline/raw/encode_results/files/control/ENCSR455AFK/ENCFF641ZFS.fastq.gz,,2,,,
ENCSR456AMX,/nfs-stor/akshat.mistry/cluster/dbsuper_pipeline/raw/encode_results/files/control/ENCSR456AMX/ENCFF052NER.fastq.gz,,1,,,
ENCSR456AMX,/nfs-stor/akshat.mistry/cluster/dbsuper_pipeline/raw/encode_results/files/control/ENCSR456AMX/ENCFF156NLI.fastq.gz,,1,,,
ENCSR456AMX,/nfs-stor/akshat.mistry/cluster/dbsuper_pipeline/raw/encode_results/files/control/ENCSR456AMX/ENCFF277QWY.fastq.gz,,1,,,
ENCSR456AMX,/nfs-stor/akshat.mistry/cluster/dbsuper_pipeline/raw/encode_results/files/control/ENCSR456AMX/ENCFF543MZP.fastq.gz,,1,,,
ENCSR456AMX,/nfs-stor/akshat.mistry/cluster/dbsuper_pipeline/raw/encode_results/files/control/ENCSR456AMX/ENCFF015KNB.fastq.gz,,1,,,
ENCSR456AMX,/nfs-stor/akshat.mistry/cluster/dbsuper_pipeline/raw/encode_results/files/control/ENCSR456AMX/ENCFF616ITE.fastq.gz,,1,,,
ENCSR456AMX,/nfs-stor/akshat.mistry/cluster/dbsuper_pipeline/raw/encode_results/files/control/ENCSR456AMX/ENCFF730KKS.fastq.gz,,1,,,
ENCSR456AMX,/nfs-stor/akshat.mistry/cluster/dbsuper_pipeline/raw/encode_results/files/control/ENCSR456AMX/ENCFF888BYY.fastq.gz,,1,,,
ENCSR461VPV,/nfs-stor/akshat.mistry/cluster/dbsuper_pipeline/raw/encode_results/files/control/ENCSR461VPV/ENCFF863QDS.fastq.gz,,1,,,
ENCSR462ZQL,/nfs-stor/akshat.mistry/cluster/dbsuper_pipeline/raw/encode_results/files/control/ENCSR462ZQL/ENCFF115QUY.fastq.gz,,1,,,
ENCSR462ZQL,/nfs-stor/akshat.mistry/cluster/dbsuper_pipeline/raw/encode_results/files/control/ENCSR462ZQL/ENCFF424AAR.fastq.gz,,1,,,
ENCSR462ZQL,/nfs-stor/akshat.mistry/cluster/dbsuper_pipeline/raw/encode_results/files/control/ENCSR462ZQL/ENCFF588CYK.fastq.gz,,1,,,
ENCSR462ZQL,/nfs-stor/akshat.mistry/cluster/dbsuper_pipeline/raw/encode_results/files/control/ENCSR462ZQL/ENCFF883EIE.fastq.gz,,1,,,
ENCSR462ZQL,/nfs-stor/akshat.mistry/cluster/dbsuper_pipeline/raw/encode_results/files/control/ENCSR462ZQL/ENCFF025XGY.fastq.gz,,1,,,
ENCSR462ZQL,/nfs-stor/akshat.mistry/cluster/dbsuper_pipeline/raw/encode_results/files/control/ENCSR462ZQL/ENCFF034VFP.fastq.gz,,1,,,
ENCSR462ZQL,/nfs-stor/akshat.mistry/cluster/dbsuper_pipeline/raw/encode_results/files/control/ENCSR462ZQL/ENCFF180RLA.fastq.gz,,1,,,
ENCSR462ZQL,/nfs-stor/akshat.mistry/cluster/dbsuper_pipeline/raw/encode_results/files/control/ENCSR462ZQL/ENCFF448JTI.fastq.gz,,1,,,
ENCSR465UAX,/nfs-stor/akshat.mistry/cluster/dbsuper_pipeline/raw/encode_results/files/control/ENCSR465UAX/ENCFF337ZWU.fastq.gz,,1,,,
ENCSR465UAX,/nfs-stor/akshat.mistry/cluster/dbsuper_pipeline/raw/encode_results/files/control/ENCSR465UAX/ENCFF348OIG.fastq.gz,,1,,,
ENCSR465UAX,/nfs-stor/akshat.mistry/cluster/dbsuper_pipeline/raw/encode_results/files/control/ENCSR465UAX/ENCFF409XGZ.fastq.gz,,1,,,
ENCSR465UAX,/nfs-stor/akshat.mistry/cluster/dbsuper_pipeline/raw/encode_results/files/control/ENCSR465UAX/ENCFF835NVR.fastq.gz,,1,,,
ENCSR474WLZ,/nfs-stor/akshat.mistry/cluster/dbsuper_pipeline/raw/encode_results/files/control/ENCSR474WLZ/ENCFF279CHC.fastq.gz,,1,,,
ENCSR474WLZ,/nfs-stor/akshat.mistry/cluster/dbsuper_pipeline/raw/encode_results/files/control/ENCSR474WLZ/ENCFF433FBI.fastq.gz,,1,,,
ENCSR474WLZ,/nfs-stor/akshat.mistry/cluster/dbsuper_pipeline/raw/encode_results/files/control/ENCSR474WLZ/ENCFF583LPM.fastq.gz,,1,,,
ENCSR474WLZ,/nfs-stor/akshat.mistry/cluster/dbsuper_pipeline/raw/encode_results/files/control/ENCSR474WLZ/ENCFF614GOP.fastq.gz,,1,,,
ENCSR475NOQ,/nfs-stor/akshat.mistry/cluster/dbsuper_pipeline/raw/encode_results/files/control/ENCSR475NOQ/ENCFF512TNG.fastq.gz,,1,,,
ENCSR475NOQ,/nfs-stor/akshat.mistry/cluster/dbsuper_pipeline/raw/encode_results/files/control/ENCSR475NOQ/ENCFF562XOM.fastq.gz,,2,,,
ENCSR475NOQ,/nfs-stor/akshat.mistry/cluster/dbsuper_pipeline/raw/encode_results/files/control/ENCSR475NOQ/ENCFF676ITE.fastq.gz,,2,,,
ENCSR475NOQ,/nfs-stor/akshat.mistry/cluster/dbsuper_pipeline/raw/encode_results/files/control/ENCSR475NOQ/ENCFF757ZBR.fastq.gz,,2,,,
ENCSR475NOQ,/nfs-stor/akshat.mistry/cluster/dbsuper_pipeline/raw/encode_results/files/control/ENCSR475NOQ/ENCFF759ROI.fastq.gz,,2,,,
ENCSR479HSY,/nfs-stor/akshat.mistry/cluster/dbsuper_pipeline/raw/encode_results/files/control/ENCSR479HSY/ENCFF127IDN.fastq.gz,,1,,,
ENCSR479HSY,/nfs-stor/akshat.mistry/cluster/dbsuper_pipeline/raw/encode_results/files/control/ENCSR479HSY/ENCFF387OBH.fastq.gz,,1,,,
ENCSR479HSY,/nfs-stor/akshat.mistry/cluster/dbsuper_pipeline/raw/encode_results/files/control/ENCSR479HSY/ENCFF198WTB.fastq.gz,,1,,,
ENCSR479HSY,/nfs-stor/akshat.mistry/cluster/dbsuper_pipeline/raw/encode_results/files/control/ENCSR479HSY/ENCFF624TJJ.fastq.gz,,1,,,
ENCSR479HSY,/nfs-stor/akshat.mistry/cluster/dbsuper_pipeline/raw/encode_results/files/control/ENCSR479HSY/ENCFF009LTY.fastq.gz,,2,,,
ENCSR479HSY,/nfs-stor/akshat.mistry/cluster/dbsuper_pipeline/raw/encode_results/files/control/ENCSR479HSY/ENCFF129QRN.fastq.gz,,2,,,
ENCSR479HSY,/nfs-stor/akshat.mistry/cluster/dbsuper_pipeline/raw/encode_results/files/control/ENCSR479HSY/ENCFF522KUQ.fastq.gz,,2,,,
ENCSR479HSY,/nfs-stor/akshat.mistry/cluster/dbsuper_pipeline/raw/encode_results/files/control/ENCSR479HSY/ENCFF856BVX.fastq.gz,,2,,,
ENCSR479HSY,/nfs-stor/akshat.mistry/cluster/dbsuper_pipeline/raw/encode_results/files/control/ENCSR479HSY/ENCFF183QCN.fastq.gz,,2,,,
ENCSR479HSY,/nfs-stor/akshat.mistry/cluster/dbsuper_pipeline/raw/encode_results/files/control/ENCSR479HSY/ENCFF275SJH.fastq.gz,,2,,,
ENCSR479HSY,/nfs-stor/akshat.mistry/cluster/dbsuper_pipeline/raw/encode_results/files/control/ENCSR479HSY/ENCFF511GZH.fastq.gz,,2,,,
ENCSR479HSY,/nfs-stor/akshat.mistry/cluster/dbsuper_pipeline/raw/encode_results/files/control/ENCSR479HSY/ENCFF937MNM.fastq.gz,,2,,,
ENCSR480NNC,/nfs-stor/akshat.mistry/cluster/dbsuper_pipeline/raw/encode_results/files/control/ENCSR480NNC/ENCFF174XJR.fastq.gz,,1,,,
ENCSR481QDJ,/nfs-stor/akshat.mistry/cluster/dbsuper_pipeline/raw/encode_results/files/control/ENCSR481QDJ/ENCFF500JYN.fastq.gz,,1,,,
ENCSR481QDJ,/nfs-stor/akshat.mistry/cluster/dbsuper_pipeline/raw/encode_results/files/control/ENCSR481QDJ/ENCFF507CKA.fastq.gz,,1,,,
ENCSR481QDJ,/nfs-stor/akshat.mistry/cluster/dbsuper_pipeline/raw/encode_results/files/control/ENCSR481QDJ/ENCFF803VXC.fastq.gz,,1,,,
ENCSR481QDJ,/nfs-stor/akshat.mistry/cluster/dbsuper_pipeline/raw/encode_results/files/control/ENCSR481QDJ/ENCFF861AYX.fastq.gz,,1,,,
ENCSR481QDJ,/nfs-stor/akshat.mistry/cluster/dbsuper_pipeline/raw/encode_results/files/control/ENCSR481QDJ/ENCFF036EVA.fastq.gz,,1,,,
ENCSR481QDJ,/nfs-stor/akshat.mistry/cluster/dbsuper_pipeline/raw/encode_results/files/control/ENCSR481QDJ/ENCFF288VDY.fastq.gz,,1,,,
ENCSR481QDJ,/nfs-stor/akshat.mistry/cluster/dbsuper_pipeline/raw/encode_results/files/control/ENCSR481QDJ/ENCFF397XIU.fastq.gz,,1,,,
ENCSR481QDJ,/nfs-stor/akshat.mistry/cluster/dbsuper_pipeline/raw/encode_results/files/control/ENCSR481QDJ/ENCFF946SKD.fastq.gz,,1,,,
ENCSR481SJM,/nfs-stor/akshat.mistry/cluster/dbsuper_pipeline/raw/encode_results/files/control/ENCSR481SJM/ENCFF123EGR.fastq.gz,,1,,,
ENCSR481SJM,/nfs-stor/akshat.mistry/cluster/dbsuper_pipeline/raw/encode_results/files/control/ENCSR481SJM/ENCFF326OPU.fastq.gz,,1,,,
ENCSR481SJM,/nfs-stor/akshat.mistry/cluster/dbsuper_pipeline/raw/encode_results/files/control/ENCSR481SJM/ENCFF447CYZ.fastq.gz,,1,,,
ENCSR481SJM,/nfs-stor/akshat.mistry/cluster/dbsuper_pipeline/raw/encode_results/files/control/ENCSR481SJM/ENCFF841RMN.fastq.gz,,1,,,
ENCSR481SJM,/nfs-stor/akshat.mistry/cluster/dbsuper_pipeline/raw/encode_results/files/control/ENCSR481SJM/ENCFF078PTC.fastq.gz,,1,,,
ENCSR481SJM,/nfs-stor/akshat.mistry/cluster/dbsuper_pipeline/raw/encode_results/files/control/ENCSR481SJM/ENCFF294NTW.fastq.gz,,1,,,
ENCSR481SJM,/nfs-stor/akshat.mistry/cluster/dbsuper_pipeline/raw/encode_results/files/control/ENCSR481SJM/ENCFF370RTY.fastq.gz,,1,,,
ENCSR481SJM,/nfs-stor/akshat.mistry/cluster/dbsuper_pipeline/raw/encode_results/files/control/ENCSR481SJM/ENCFF597MZI.fastq.gz,,1,,,
ENCSR490NCK,/nfs-stor/akshat.mistry/cluster/dbsuper_pipeline/raw/encode_results/files/control/ENCSR490NCK/ENCFF121BEK.fastq.gz,,1,,,
ENCSR490NCK,/nfs-stor/akshat.mistry/cluster/dbsuper_pipeline/raw/encode_results/files/control/ENCSR490NCK/ENCFF278EQU.fastq.gz,,1,,,
ENCSR490NCK,/nfs-stor/akshat.mistry/cluster/dbsuper_pipeline/raw/encode_results/files/control/ENCSR490NCK/ENCFF849UQN.fastq.gz,,1,,,
ENCSR490NCK,/nfs-stor/akshat.mistry/cluster/dbsuper_pipeline/raw/encode_results/files/control/ENCSR490NCK/ENCFF869YKQ.fastq.gz,,1,,,
ENCSR490NCK,/nfs-stor/akshat.mistry/cluster/dbsuper_pipeline/raw/encode_results/files/control/ENCSR490NCK/ENCFF683WNW.fastq.gz,,1,,,
ENCSR490NCK,/nfs-stor/akshat.mistry/cluster/dbsuper_pipeline/raw/encode_results/files/control/ENCSR490NCK/ENCFF713DEC.fastq.gz,,1,,,
ENCSR490NCK,/nfs-stor/akshat.mistry/cluster/dbsuper_pipeline/raw/encode_results/files/control/ENCSR490NCK/ENCFF911BDW.fastq.gz,,1,,,
ENCSR490NCK,/nfs-stor/akshat.mistry/cluster/dbsuper_pipeline/raw/encode_results/files/control/ENCSR490NCK/ENCFF934YGA.fastq.gz,,1,,,
ENCSR491TAD,/nfs-stor/akshat.mistry/cluster/dbsuper_pipeline/raw/encode_results/files/control/ENCSR491TAD/ENCFF133HKU.fastq.gz,,1,,,
ENCSR491TAD,/nfs-stor/akshat.mistry/cluster/dbsuper_pipeline/raw/encode_results/files/control/ENCSR491TAD/ENCFF619EHQ.fastq.gz,,2,,,
ENCSR491TAD,/nfs-stor/akshat.mistry/cluster/dbsuper_pipeline/raw/encode_results/files/control/ENCSR491TAD/ENCFF796VRG.fastq.gz,,3,,,
ENCSR494YJW,/nfs-stor/akshat.mistry/cluster/dbsuper_pipeline/raw/encode_results/files/control/ENCSR494YJW/ENCFF492ETH.fastq.gz,,1,,,
ENCSR494YJW,/nfs-stor/akshat.mistry/cluster/dbsuper_pipeline/raw/encode_results/files/control/ENCSR494YJW/ENCFF597LCE.fastq.gz,,1,,,
ENCSR494YJW,/nfs-stor/akshat.mistry/cluster/dbsuper_pipeline/raw/encode_results/files/control/ENCSR494YJW/ENCFF775TGL.fastq.gz,,1,,,
ENCSR494YJW,/nfs-stor/akshat.mistry/cluster/dbsuper_pipeline/raw/encode_results/files/control/ENCSR494YJW/ENCFF944VDZ.fastq.gz,,1,,,
ENCSR503BIB,/nfs-stor/akshat.mistry/cluster/dbsuper_pipeline/raw/encode_results/files/control/ENCSR503BIB/ENCFF827WPA.fastq.gz,,1,,,
ENCSR510OLN,/nfs-stor/akshat.mistry/cluster/dbsuper_pipeline/raw/encode_results/files/control/ENCSR510OLN/ENCFF719UBC.fastq.gz,,1,,,
ENCSR510OLN,/nfs-stor/akshat.mistry/cluster/dbsuper_pipeline/raw/encode_results/files/control/ENCSR510OLN/ENCFF850XFV.fastq.gz,,1,,,
ENCSR510OLN,/nfs-stor/akshat.mistry/cluster/dbsuper_pipeline/raw/encode_results/files/control/ENCSR510OLN/ENCFF852FAM.fastq.gz,,1,,,
ENCSR514EZP,/nfs-stor/akshat.mistry/cluster/dbsuper_pipeline/raw/encode_results/files/control/ENCSR514EZP/ENCFF235EMW.fastq.gz,,1,,,
ENCSR514EZP,/nfs-stor/akshat.mistry/cluster/dbsuper_pipeline/raw/encode_results/files/control/ENCSR514EZP/ENCFF298IUX.fastq.gz,,1,,,
ENCSR514EZP,/nfs-stor/akshat.mistry/cluster/dbsuper_pipeline/raw/encode_results/files/control/ENCSR514EZP/ENCFF604YTT.fastq.gz,,1,,,
ENCSR514EZP,/nfs-stor/akshat.mistry/cluster/dbsuper_pipeline/raw/encode_results/files/control/ENCSR514EZP/ENCFF748JCT.fastq.gz,,1,,,
ENCSR514EZP,/nfs-stor/akshat.mistry/cluster/dbsuper_pipeline/raw/encode_results/files/control/ENCSR514EZP/ENCFF064TUM.fastq.gz,,2,,,
ENCSR514EZP,/nfs-stor/akshat.mistry/cluster/dbsuper_pipeline/raw/encode_results/files/control/ENCSR514EZP/ENCFF100JCN.fastq.gz,,2,,,
ENCSR514EZP,/nfs-stor/akshat.mistry/cluster/dbsuper_pipeline/raw/encode_results/files/control/ENCSR514EZP/ENCFF192SRS.fastq.gz,,2,,,
ENCSR514EZP,/nfs-stor/akshat.mistry/cluster/dbsuper_pipeline/raw/encode_results/files/control/ENCSR514EZP/ENCFF415XTT.fastq.gz,,2,,,
ENCSR514EZP,/nfs-stor/akshat.mistry/cluster/dbsuper_pipeline/raw/encode_results/files/control/ENCSR514EZP/ENCFF570AXT.fastq.gz,,2,,,
ENCSR514EZP,/nfs-stor/akshat.mistry/cluster/dbsuper_pipeline/raw/encode_results/files/control/ENCSR514EZP/ENCFF957SKX.fastq.gz,,2,,,
ENCSR518COE,/nfs-stor/akshat.mistry/cluster/dbsuper_pipeline/raw/encode_results/files/control/ENCSR518COE/ENCFF224CSP.fastq.gz,,1,,,
ENCSR518COE,/nfs-stor/akshat.mistry/cluster/dbsuper_pipeline/raw/encode_results/files/control/ENCSR518COE/ENCFF303XSA.fastq.gz,,1,,,
ENCSR518COE,/nfs-stor/akshat.mistry/cluster/dbsuper_pipeline/raw/encode_results/files/control/ENCSR518COE/ENCFF529QEA.fastq.gz,,1,,,
ENCSR518COE,/nfs-stor/akshat.mistry/cluster/dbsuper_pipeline/raw/encode_results/files/control/ENCSR518COE/ENCFF537ZAY.fastq.gz,,1,,,
ENCSR518COE,/nfs-stor/akshat.mistry/cluster/dbsuper_pipeline/raw/encode_results/files/control/ENCSR518COE/ENCFF545JFG.fastq.gz,,1,,,
ENCSR518COE,/nfs-stor/akshat.mistry/cluster/dbsuper_pipeline/raw/encode_results/files/control/ENCSR518COE/ENCFF637NXD.fastq.gz,,1,,,
ENCSR518COE,/nfs-stor/akshat.mistry/cluster/dbsuper_pipeline/raw/encode_results/files/control/ENCSR518COE/ENCFF664RIY.fastq.gz,,1,,,
ENCSR518COE,/nfs-stor/akshat.mistry/cluster/dbsuper_pipeline/raw/encode_results/files/control/ENCSR518COE/ENCFF960GWY.fastq.gz,,1,,,
ENCSR518COE,/nfs-stor/akshat.mistry/cluster/dbsuper_pipeline/raw/encode_results/files/control/ENCSR518COE/ENCFF200KGN.fastq.gz,,1,,,
ENCSR518COE,/nfs-stor/akshat.mistry/cluster/dbsuper_pipeline/raw/encode_results/files/control/ENCSR518COE/ENCFF597JVN.fastq.gz,,1,,,
ENCSR518COE,/nfs-stor/akshat.mistry/cluster/dbsuper_pipeline/raw/encode_results/files/control/ENCSR518COE/ENCFF717ZVR.fastq.gz,,1,,,
ENCSR518COE,/nfs-stor/akshat.mistry/cluster/dbsuper_pipeline/raw/encode_results/files/control/ENCSR518COE/ENCFF734JVQ.fastq.gz,,1,,,
ENCSR519UXW,/nfs-stor/akshat.mistry/cluster/dbsuper_pipeline/raw/encode_results/files/control/ENCSR519UXW/ENCFF117UVJ.fastq.gz,,1,,,
ENCSR519UXW,/nfs-stor/akshat.mistry/cluster/dbsuper_pipeline/raw/encode_results/files/control/ENCSR519UXW/ENCFF246CZF.fastq.gz,,1,,,
ENCSR519UXW,/nfs-stor/akshat.mistry/cluster/dbsuper_pipeline/raw/encode_results/files/control/ENCSR519UXW/ENCFF851BNC.fastq.gz,,1,,,
ENCSR519UXW,/nfs-stor/akshat.mistry/cluster/dbsuper_pipeline/raw/encode_results/files/control/ENCSR519UXW/ENCFF893NND.fastq.gz,,1,,,
ENCSR519UXW,/nfs-stor/akshat.mistry/cluster/dbsuper_pipeline/raw/encode_results/files/control/ENCSR519UXW/ENCFF037PTH.fastq.gz,,1,,,
ENCSR519UXW,/nfs-stor/akshat.mistry/cluster/dbsuper_pipeline/raw/encode_results/files/control/ENCSR519UXW/ENCFF289XEV.fastq.gz,,1,,,
ENCSR519UXW,/nfs-stor/akshat.mistry/cluster/dbsuper_pipeline/raw/encode_results/files/control/ENCSR519UXW/ENCFF347FVR.fastq.gz,,1,,,
ENCSR519UXW,/nfs-stor/akshat.mistry/cluster/dbsuper_pipeline/raw/encode_results/files/control/ENCSR519UXW/ENCFF468EAQ.fastq.gz,,1,,,
ENCSR524NCH,/nfs-stor/akshat.mistry/cluster/dbsuper_pipeline/raw/encode_results/files/control/ENCSR524NCH/ENCFF102SFU.fastq.gz,,1,,,
ENCSR524NCH,/nfs-stor/akshat.mistry/cluster/dbsuper_pipeline/raw/encode_results/files/control/ENCSR524NCH/ENCFF599MFK.fastq.gz,,1,,,
ENCSR524NCH,/nfs-stor/akshat.mistry/cluster/dbsuper_pipeline/raw/encode_results/files/control/ENCSR524NCH/ENCFF876EUR.fastq.gz,,1,,,
ENCSR524NCH,/nfs-stor/akshat.mistry/cluster/dbsuper_pipeline/raw/encode_results/files/control/ENCSR524NCH/ENCFF950GED.fastq.gz,,1,,,
ENCSR524NCH,/nfs-stor/akshat.mistry/cluster/dbsuper_pipeline/raw/encode_results/files/control/ENCSR524NCH/ENCFF187FWF.fastq.gz,,1,,,
ENCSR524NCH,/nfs-stor/akshat.mistry/cluster/dbsuper_pipeline/raw/encode_results/files/control/ENCSR524NCH/ENCFF549PVM.fastq.gz,,1,,,
ENCSR526EXI,/nfs-stor/akshat.mistry/cluster/dbsuper_pipeline/raw/encode_results/files/control/ENCSR526EXI/ENCFF980IWS.fastq.gz,,1,,,
ENCSR526EXI,/nfs-stor/akshat.mistry/cluster/dbsuper_pipeline/raw/encode_results/files/control/ENCSR526EXI/ENCFF993UPA.fastq.gz,,1,,,
ENCSR526EXI,/nfs-stor/akshat.mistry/cluster/dbsuper_pipeline/raw/encode_results/files/control/ENCSR526EXI/ENCFF228LJG.fastq.gz,,1,,,
ENCSR526EXI,/nfs-stor/akshat.mistry/cluster/dbsuper_pipeline/raw/encode_results/files/control/ENCSR526EXI/ENCFF307LWZ.fastq.gz,,1,,,
ENCSR528SMB,/nfs-stor/akshat.mistry/cluster/dbsuper_pipeline/raw/encode_results/files/control/ENCSR528SMB/ENCFF426FHM.fastq.gz,,1,,,
ENCSR528SMB,/nfs-stor/akshat.mistry/cluster/dbsuper_pipeline/raw/encode_results/files/control/ENCSR528SMB/ENCFF407YXO.fastq.gz,,2,,,
ENCSR529OPX,/nfs-stor/akshat.mistry/cluster/dbsuper_pipeline/raw/encode_results/files/control/ENCSR529OPX/ENCFF498SIR.fastq.gz,,1,,,
ENCSR529OPX,/nfs-stor/akshat.mistry/cluster/dbsuper_pipeline/raw/encode_results/files/control/ENCSR529OPX/ENCFF506YIO.fastq.gz,,1,,,
ENCSR531AUV,/nfs-stor/akshat.mistry/cluster/dbsuper_pipeline/raw/encode_results/files/control/ENCSR531AUV/ENCFF257SHR.fastq.gz,,1,,,
ENCSR531AUV,/nfs-stor/akshat.mistry/cluster/dbsuper_pipeline/raw/encode_results/files/control/ENCSR531AUV/ENCFF570ALA.fastq.gz,,1,,,
ENCSR531AUV,/nfs-stor/akshat.mistry/cluster/dbsuper_pipeline/raw/encode_results/files/control/ENCSR531AUV/ENCFF804GEV.fastq.gz,,1,,,
ENCSR531AUV,/nfs-stor/akshat.mistry/cluster/dbsuper_pipeline/raw/encode_results/files/control/ENCSR531AUV/ENCFF978VOC.fastq.gz,,1,,,
ENCSR531AUV,/nfs-stor/akshat.mistry/cluster/dbsuper_pipeline/raw/encode_results/files/control/ENCSR531AUV/ENCFF343KOW.fastq.gz,,1,,,
ENCSR531AUV,/nfs-stor/akshat.mistry/cluster/dbsuper_pipeline/raw/encode_results/files/control/ENCSR531AUV/ENCFF535YAX.fastq.gz,,1,,,
ENCSR534KYQ,/nfs-stor/akshat.mistry/cluster/dbsuper_pipeline/raw/encode_results/files/control/ENCSR534KYQ/ENCFF122RKK.fastq.gz,,1,,,
ENCSR534KYQ,/nfs-stor/akshat.mistry/cluster/dbsuper_pipeline/raw/encode_results/files/control/ENCSR534KYQ/ENCFF247KTS.fastq.gz,,1,,,
ENCSR534KYQ,/nfs-stor/akshat.mistry/cluster/dbsuper_pipeline/raw/encode_results/files/control/ENCSR534KYQ/ENCFF362BSK.fastq.gz,,1,,,
ENCSR534KYQ,/nfs-stor/akshat.mistry/cluster/dbsuper_pipeline/raw/encode_results/files/control/ENCSR534KYQ/ENCFF523TDY.fastq.gz,,1,,,
ENCSR534KYQ,/nfs-stor/akshat.mistry/cluster/dbsuper_pipeline/raw/encode_results/files/control/ENCSR534KYQ/ENCFF648VJO.fastq.gz,,1,,,
ENCSR534KYQ,/nfs-stor/akshat.mistry/cluster/dbsuper_pipeline/raw/encode_results/files/control/ENCSR534KYQ/ENCFF778JIJ.fastq.gz,,1,,,
ENCSR534KYQ,/nfs-stor/akshat.mistry/cluster/dbsuper_pipeline/raw/encode_results/files/control/ENCSR534KYQ/ENCFF980ZKJ.fastq.gz,,1,,,
ENCSR534KYQ,/nfs-stor/akshat.mistry/cluster/dbsuper_pipeline/raw/encode_results/files/control/ENCSR534KYQ/ENCFF991ZSX.fastq.gz,,1,,,
ENCSR534KYQ,/nfs-stor/akshat.mistry/cluster/dbsuper_pipeline/raw/encode_results/files/control/ENCSR534KYQ/ENCFF162GYZ.fastq.gz,,1,,,
ENCSR534KYQ,/nfs-stor/akshat.mistry/cluster/dbsuper_pipeline/raw/encode_results/files/control/ENCSR534KYQ/ENCFF491IKS.fastq.gz,,1,,,
ENCSR534KYQ,/nfs-stor/akshat.mistry/cluster/dbsuper_pipeline/raw/encode_results/files/control/ENCSR534KYQ/ENCFF494TWL.fastq.gz,,1,,,
ENCSR534KYQ,/nfs-stor/akshat.mistry/cluster/dbsuper_pipeline/raw/encode_results/files/control/ENCSR534KYQ/ENCFF768VSZ.fastq.gz,,1,,,
ENCSR534WQA,/nfs-stor/akshat.mistry/cluster/dbsuper_pipeline/raw/encode_results/files/control/ENCSR534WQA/ENCFF145CLI.fastq.gz,,1,,,
ENCSR534WQA,/nfs-stor/akshat.mistry/cluster/dbsuper_pipeline/raw/encode_results/files/control/ENCSR534WQA/ENCFF178ECL.fastq.gz,,1,,,
ENCSR534WQA,/nfs-stor/akshat.mistry/cluster/dbsuper_pipeline/raw/encode_results/files/control/ENCSR534WQA/ENCFF307ECS.fastq.gz,,1,,,
ENCSR534WQA,/nfs-stor/akshat.mistry/cluster/dbsuper_pipeline/raw/encode_results/files/control/ENCSR534WQA/ENCFF721LTR.fastq.gz,,1,,,
ENCSR534WQA,/nfs-stor/akshat.mistry/cluster/dbsuper_pipeline/raw/encode_results/files/control/ENCSR534WQA/ENCFF417QPY.fastq.gz,,1,,,
ENCSR534WQA,/nfs-stor/akshat.mistry/cluster/dbsuper_pipeline/raw/encode_results/files/control/ENCSR534WQA/ENCFF608DDO.fastq.gz,,1,,,
ENCSR534WQA,/nfs-stor/akshat.mistry/cluster/dbsuper_pipeline/raw/encode_results/files/control/ENCSR534WQA/ENCFF651MRW.fastq.gz,,1,,,
ENCSR534WQA,/nfs-stor/akshat.mistry/cluster/dbsuper_pipeline/raw/encode_results/files/control/ENCSR534WQA/ENCFF819UXB.fastq.gz,,1,,,
ENCSR535VLV,/nfs-stor/akshat.mistry/cluster/dbsuper_pipeline/raw/encode_results/files/control/ENCSR535VLV/ENCFF183SPP.fastq.gz,,1,,,
ENCSR535VLV,/nfs-stor/akshat.mistry/cluster/dbsuper_pipeline/raw/encode_results/files/control/ENCSR535VLV/ENCFF244ACQ.fastq.gz,,1,,,
ENCSR535VLV,/nfs-stor/akshat.mistry/cluster/dbsuper_pipeline/raw/encode_results/files/control/ENCSR535VLV/ENCFF581WZK.fastq.gz,,1,,,
ENCSR535VLV,/nfs-stor/akshat.mistry/cluster/dbsuper_pipeline/raw/encode_results/files/control/ENCSR535VLV/ENCFF763JAU.fastq.gz,,1,,,
ENCSR535VLV,/nfs-stor/akshat.mistry/cluster/dbsuper_pipeline/raw/encode_results/files/control/ENCSR535VLV/ENCFF089JHP.fastq.gz,,1,,,
ENCSR535VLV,/nfs-stor/akshat.mistry/cluster/dbsuper_pipeline/raw/encode_results/files/control/ENCSR535VLV/ENCFF256OPU.fastq.gz,,1,,,
ENCSR535VLV,/nfs-stor/akshat.mistry/cluster/dbsuper_pipeline/raw/encode_results/files/control/ENCSR535VLV/ENCFF345SDB.fastq.gz,,1,,,
ENCSR535VLV,/nfs-stor/akshat.mistry/cluster/dbsuper_pipeline/raw/encode_results/files/control/ENCSR535VLV/ENCFF475LOQ.fastq.gz,,1,,,
ENCSR538MSN,/nfs-stor/akshat.mistry/cluster/dbsuper_pipeline/raw/encode_results/files/control/ENCSR538MSN/ENCFF453ROR.fastq.gz,,1,,,
ENCSR538MSN,/nfs-stor/akshat.mistry/cluster/dbsuper_pipeline/raw/encode_results/files/control/ENCSR538MSN/ENCFF994AUP.fastq.gz,,1,,,
ENCSR538MSN,/nfs-stor/akshat.mistry/cluster/dbsuper_pipeline/raw/encode_results/files/control/ENCSR538MSN/ENCFF111KXF.fastq.gz,,1,,,
ENCSR538MSN,/nfs-stor/akshat.mistry/cluster/dbsuper_pipeline/raw/encode_results/files/control/ENCSR538MSN/ENCFF376VQS.fastq.gz,,1,,,
ENCSR539HNK,/nfs-stor/akshat.mistry/cluster/dbsuper_pipeline/raw/encode_results/files/control/ENCSR539HNK/ENCFF332CUC.fastq.gz,,1,,,
ENCSR539HNK,/nfs-stor/akshat.mistry/cluster/dbsuper_pipeline/raw/encode_results/files/control/ENCSR539HNK/ENCFF436CCE.fastq.gz,,1,,,
ENCSR539HNK,/nfs-stor/akshat.mistry/cluster/dbsuper_pipeline/raw/encode_results/files/control/ENCSR539HNK/ENCFF360ZXY.fastq.gz,,1,,,
ENCSR539HNK,/nfs-stor/akshat.mistry/cluster/dbsuper_pipeline/raw/encode_results/files/control/ENCSR539HNK/ENCFF818YLR.fastq.gz,,1,,,
ENCSR541DBO,/nfs-stor/akshat.mistry/cluster/dbsuper_pipeline/raw/encode_results/files/control/ENCSR541DBO/ENCFF155BZF.fastq.gz,,1,,,
ENCSR541DBO,/nfs-stor/akshat.mistry/cluster/dbsuper_pipeline/raw/encode_results/files/control/ENCSR541DBO/ENCFF611OKI.fastq.gz,,1,,,
ENCSR545WFH,/nfs-stor/akshat.mistry/cluster/dbsuper_pipeline/raw/encode_results/files/control/ENCSR545WFH/ENCFF018QFS.fastq.gz,,1,,,
ENCSR545WFH,/nfs-stor/akshat.mistry/cluster/dbsuper_pipeline/raw/encode_results/files/control/ENCSR545WFH/ENCFF431RAR.fastq.gz,,1,,,
ENCSR545WFH,/nfs-stor/akshat.mistry/cluster/dbsuper_pipeline/raw/encode_results/files/control/ENCSR545WFH/ENCFF634HPE.fastq.gz,,1,,,
ENCSR545WFH,/nfs-stor/akshat.mistry/cluster/dbsuper_pipeline/raw/encode_results/files/control/ENCSR545WFH/ENCFF882WTZ.fastq.gz,,1,,,
ENCSR545WFH,/nfs-stor/akshat.mistry/cluster/dbsuper_pipeline/raw/encode_results/files/control/ENCSR545WFH/ENCFF450RXF.fastq.gz,,2,,,
ENCSR545WFH,/nfs-stor/akshat.mistry/cluster/dbsuper_pipeline/raw/encode_results/files/control/ENCSR545WFH/ENCFF555FHA.fastq.gz,,2,,,
ENCSR545WFH,/nfs-stor/akshat.mistry/cluster/dbsuper_pipeline/raw/encode_results/files/control/ENCSR545WFH/ENCFF369DCD.fastq.gz,,2,,,
ENCSR545WFH,/nfs-stor/akshat.mistry/cluster/dbsuper_pipeline/raw/encode_results/files/control/ENCSR545WFH/ENCFF403VBF.fastq.gz,,2,,,
ENCSR545WFH,/nfs-stor/akshat.mistry/cluster/dbsuper_pipeline/raw/encode_results/files/control/ENCSR545WFH/ENCFF504JSH.fastq.gz,,2,,,
ENCSR545WFH,/nfs-stor/akshat.mistry/cluster/dbsuper_pipeline/raw/encode_results/files/control/ENCSR545WFH/ENCFF530YRV.fastq.gz,,2,,,
ENCSR548SPY,/nfs-stor/akshat.mistry/cluster/dbsuper_pipeline/raw/encode_results/files/control/ENCSR548SPY/ENCFF861ALF.fastq.gz,,1,,,
ENCSR548SPY,/nfs-stor/akshat.mistry/cluster/dbsuper_pipeline/raw/encode_results/files/control/ENCSR548SPY/ENCFF182GXC.fastq.gz,,2,,,
ENCSR548SPY,/nfs-stor/akshat.mistry/cluster/dbsuper_pipeline/raw/encode_results/files/control/ENCSR548SPY/ENCFF886LFW.fastq.gz,,3,,,
ENCSR549SVK,/nfs-stor/akshat.mistry/cluster/dbsuper_pipeline/raw/encode_results/files/control/ENCSR549SVK/ENCFF524OKJ.fastq.gz,,1,,,
ENCSR549SVK,/nfs-stor/akshat.mistry/cluster/dbsuper_pipeline/raw/encode_results/files/control/ENCSR549SVK/ENCFF612KDN.fastq.gz,,2,,,
ENCSR549SVK,/nfs-stor/akshat.mistry/cluster/dbsuper_pipeline/raw/encode_results/files/control/ENCSR549SVK/ENCFF232NPZ.fastq.gz,,3,,,
ENCSR557HEX,/nfs-stor/akshat.mistry/cluster/dbsuper_pipeline/raw/encode_results/files/control/ENCSR557HEX/ENCFF031FIV.fastq.gz,,1,,,
ENCSR557HEX,/nfs-stor/akshat.mistry/cluster/dbsuper_pipeline/raw/encode_results/files/control/ENCSR557HEX/ENCFF072ADM.fastq.gz,,1,,,
ENCSR557HEX,/nfs-stor/akshat.mistry/cluster/dbsuper_pipeline/raw/encode_results/files/control/ENCSR557HEX/ENCFF821MBJ.fastq.gz,,1,,,
ENCSR557HEX,/nfs-stor/akshat.mistry/cluster/dbsuper_pipeline/raw/encode_results/files/control/ENCSR557HEX/ENCFF901MKY.fastq.gz,,1,,,
ENCSR557HEX,/nfs-stor/akshat.mistry/cluster/dbsuper_pipeline/raw/encode_results/files/control/ENCSR557HEX/ENCFF004TTN.fastq.gz,,1,,,
ENCSR557HEX,/nfs-stor/akshat.mistry/cluster/dbsuper_pipeline/raw/encode_results/files/control/ENCSR557HEX/ENCFF224TOJ.fastq.gz,,1,,,
ENCSR557HEX,/nfs-stor/akshat.mistry/cluster/dbsuper_pipeline/raw/encode_results/files/control/ENCSR557HEX/ENCFF481YDV.fastq.gz,,1,,,
ENCSR557HEX,/nfs-stor/akshat.mistry/cluster/dbsuper_pipeline/raw/encode_results/files/control/ENCSR557HEX/ENCFF872VVX.fastq.gz,,1,,,
ENCSR557RDB,/nfs-stor/akshat.mistry/cluster/dbsuper_pipeline/raw/encode_results/files/control/ENCSR557RDB/ENCFF170LRD.fastq.gz,,1,,,
ENCSR557RDB,/nfs-stor/akshat.mistry/cluster/dbsuper_pipeline/raw/encode_results/files/control/ENCSR557RDB/ENCFF410DXF.fastq.gz,,1,,,
ENCSR557RDB,/nfs-stor/akshat.mistry/cluster/dbsuper_pipeline/raw/encode_results/files/control/ENCSR557RDB/ENCFF485UYV.fastq.gz,,1,,,
ENCSR557RDB,/nfs-stor/akshat.mistry/cluster/dbsuper_pipeline/raw/encode_results/files/control/ENCSR557RDB/ENCFF784DBC.fastq.gz,,1,,,
ENCSR557RDB,/nfs-stor/akshat.mistry/cluster/dbsuper_pipeline/raw/encode_results/files/control/ENCSR557RDB/ENCFF036GMX.fastq.gz,,2,,,
ENCSR557RDB,/nfs-stor/akshat.mistry/cluster/dbsuper_pipeline/raw/encode_results/files/control/ENCSR557RDB/ENCFF184GOD.fastq.gz,,2,,,
ENCSR557RDB,/nfs-stor/akshat.mistry/cluster/dbsuper_pipeline/raw/encode_results/files/control/ENCSR557RDB/ENCFF587HMQ.fastq.gz,,2,,,
ENCSR557RDB,/nfs-stor/akshat.mistry/cluster/dbsuper_pipeline/raw/encode_results/files/control/ENCSR557RDB/ENCFF787SDP.fastq.gz,,2,,,
ENCSR557RJE,/nfs-stor/akshat.mistry/cluster/dbsuper_pipeline/raw/encode_results/files/control/ENCSR557RJE/ENCFF180YNU.fastq.gz,,1,,,
ENCSR557RJE,/nfs-stor/akshat.mistry/cluster/dbsuper_pipeline/raw/encode_results/files/control/ENCSR557RJE/ENCFF687FSA.fastq.gz,,1,,,
ENCSR557RJE,/nfs-stor/akshat.mistry/cluster/dbsuper_pipeline/raw/encode_results/files/control/ENCSR557RJE/ENCFF812ESQ.fastq.gz,,1,,,
ENCSR557RJE,/nfs-stor/akshat.mistry/cluster/dbsuper_pipeline/raw/encode_results/files/control/ENCSR557RJE/ENCFF870LCM.fastq.gz,,1,,,
ENCSR557RJE,/nfs-stor/akshat.mistry/cluster/dbsuper_pipeline/raw/encode_results/files/control/ENCSR557RJE/ENCFF087TTR.fastq.gz,,1,,,
ENCSR557RJE,/nfs-stor/akshat.mistry/cluster/dbsuper_pipeline/raw/encode_results/files/control/ENCSR557RJE/ENCFF414STX.fastq.gz,,1,,,
ENCSR557RJE,/nfs-stor/akshat.mistry/cluster/dbsuper_pipeline/raw/encode_results/files/control/ENCSR557RJE/ENCFF426SHU.fastq.gz,,1,,,
ENCSR557RJE,/nfs-stor/akshat.mistry/cluster/dbsuper_pipeline/raw/encode_results/files/control/ENCSR557RJE/ENCFF597TFS.fastq.gz,,1,,,
ENCSR559IPI,/nfs-stor/akshat.mistry/cluster/dbsuper_pipeline/raw/encode_results/files/control/ENCSR559IPI/ENCFF497KGU.fastq.gz,,1,,,
ENCSR559IPI,/nfs-stor/akshat.mistry/cluster/dbsuper_pipeline/raw/encode_results/files/control/ENCSR559IPI/ENCFF830GSO.fastq.gz,,1,,,
ENCSR559IPI,/nfs-stor/akshat.mistry/cluster/dbsuper_pipeline/raw/encode_results/files/control/ENCSR559IPI/ENCFF159OQW.fastq.gz,,1,,,
ENCSR559IPI,/nfs-stor/akshat.mistry/cluster/dbsuper_pipeline/raw/encode_results/files/control/ENCSR559IPI/ENCFF413KJJ.fastq.gz,,1,,,
ENCSR559IPI,/nfs-stor/akshat.mistry/cluster/dbsuper_pipeline/raw/encode_results/files/control/ENCSR559IPI/ENCFF150EBA.fastq.gz,,2,,,
ENCSR559IPI,/nfs-stor/akshat.mistry/cluster/dbsuper_pipeline/raw/encode_results/files/control/ENCSR559IPI/ENCFF181ORA.fastq.gz,,2,,,
ENCSR559IPI,/nfs-stor/akshat.mistry/cluster/dbsuper_pipeline/raw/encode_results/files/control/ENCSR559IPI/ENCFF375DYW.fastq.gz,,2,,,
ENCSR559IPI,/nfs-stor/akshat.mistry/cluster/dbsuper_pipeline/raw/encode_results/files/control/ENCSR559IPI/ENCFF484NUU.fastq.gz,,2,,,
ENCSR559IPI,/nfs-stor/akshat.mistry/cluster/dbsuper_pipeline/raw/encode_results/files/control/ENCSR559IPI/ENCFF251OTW.fastq.gz,,2,,,
ENCSR559IPI,/nfs-stor/akshat.mistry/cluster/dbsuper_pipeline/raw/encode_results/files/control/ENCSR559IPI/ENCFF419LJE.fastq.gz,,2,,,
ENCSR563OLJ,/nfs-stor/akshat.mistry/cluster/dbsuper_pipeline/raw/encode_results/files/control/ENCSR563OLJ/ENCFF858WTP.fastq.gz,,1,,,
ENCSR563SVE,/nfs-stor/akshat.mistry/cluster/dbsuper_pipeline/raw/encode_results/files/control/ENCSR563SVE/ENCFF101IHA.fastq.gz,,1,,,
ENCSR563SVE,/nfs-stor/akshat.mistry/cluster/dbsuper_pipeline/raw/encode_results/files/control/ENCSR563SVE/ENCFF505RHM.fastq.gz,,1,,,
ENCSR563SVE,/nfs-stor/akshat.mistry/cluster/dbsuper_pipeline/raw/encode_results/files/control/ENCSR563SVE/ENCFF719PNH.fastq.gz,,1,,,
ENCSR563SVE,/nfs-stor/akshat.mistry/cluster/dbsuper_pipeline/raw/encode_results/files/control/ENCSR563SVE/ENCFF913WQY.fastq.gz,,1,,,
ENCSR564GJK,/nfs-stor/akshat.mistry/cluster/dbsuper_pipeline/raw/encode_results/files/control/ENCSR564GJK/ENCFF703NAD.fastq.gz,,1,,,
ENCSR564GJK,/nfs-stor/akshat.mistry/cluster/dbsuper_pipeline/raw/encode_results/files/control/ENCSR564GJK/ENCFF780WKN.fastq.gz,,1,,,
ENCSR564VBC,/nfs-stor/akshat.mistry/cluster/dbsuper_pipeline/raw/encode_results/files/control/ENCSR564VBC/ENCFF483EJY.fastq.gz,,1,,,
ENCSR564VBC,/nfs-stor/akshat.mistry/cluster/dbsuper_pipeline/raw/encode_results/files/control/ENCSR564VBC/ENCFF488BJV.fastq.gz,,1,,,
ENCSR564VBC,/nfs-stor/akshat.mistry/cluster/dbsuper_pipeline/raw/encode_results/files/control/ENCSR564VBC/ENCFF520OYN.fastq.gz,,1,,,
ENCSR564VBC,/nfs-stor/akshat.mistry/cluster/dbsuper_pipeline/raw/encode_results/files/control/ENCSR564VBC/ENCFF535ALQ.fastq.gz,,1,,,
ENCSR564VBC,/nfs-stor/akshat.mistry/cluster/dbsuper_pipeline/raw/encode_results/files/control/ENCSR564VBC/ENCFF558VYH.fastq.gz,,1,,,
ENCSR564VBC,/nfs-stor/akshat.mistry/cluster/dbsuper_pipeline/raw/encode_results/files/control/ENCSR564VBC/ENCFF639EMU.fastq.gz,,1,,,
ENCSR564VBC,/nfs-stor/akshat.mistry/cluster/dbsuper_pipeline/raw/encode_results/files/control/ENCSR564VBC/ENCFF741VKO.fastq.gz,,1,,,
ENCSR564VBC,/nfs-stor/akshat.mistry/cluster/dbsuper_pipeline/raw/encode_results/files/control/ENCSR564VBC/ENCFF874SEE.fastq.gz,,1,,,
ENCSR564VBC,/nfs-stor/akshat.mistry/cluster/dbsuper_pipeline/raw/encode_results/files/control/ENCSR564VBC/ENCFF171UPQ.fastq.gz,,1,,,
ENCSR564VBC,/nfs-stor/akshat.mistry/cluster/dbsuper_pipeline/raw/encode_results/files/control/ENCSR564VBC/ENCFF281UEH.fastq.gz,,1,,,
ENCSR564VBC,/nfs-stor/akshat.mistry/cluster/dbsuper_pipeline/raw/encode_results/files/control/ENCSR564VBC/ENCFF600HBZ.fastq.gz,,1,,,
ENCSR564VBC,/nfs-stor/akshat.mistry/cluster/dbsuper_pipeline/raw/encode_results/files/control/ENCSR564VBC/ENCFF729XEZ.fastq.gz,,1,,,
ENCSR566AUD,/nfs-stor/akshat.mistry/cluster/dbsuper_pipeline/raw/encode_results/files/control/ENCSR566AUD/ENCFF226VKX.fastq.gz,,1,,,
ENCSR566AUD,/nfs-stor/akshat.mistry/cluster/dbsuper_pipeline/raw/encode_results/files/control/ENCSR566AUD/ENCFF817OFD.fastq.gz,,2,,,
ENCSR568JFZ,/nfs-stor/akshat.mistry/cluster/dbsuper_pipeline/raw/encode_results/files/control/ENCSR568JFZ/ENCFF216PQG.fastq.gz,,1,,,
ENCSR568JFZ,/nfs-stor/akshat.mistry/cluster/dbsuper_pipeline/raw/encode_results/files/control/ENCSR568JFZ/ENCFF281QRK.fastq.gz,,1,,,
ENCSR568JFZ,/nfs-stor/akshat.mistry/cluster/dbsuper_pipeline/raw/encode_results/files/control/ENCSR568JFZ/ENCFF568FCX.fastq.gz,,1,,,
ENCSR568JFZ,/nfs-stor/akshat.mistry/cluster/dbsuper_pipeline/raw/encode_results/files/control/ENCSR568JFZ/ENCFF836UKY.fastq.gz,,1,,,
ENCSR568JFZ,/nfs-stor/akshat.mistry/cluster/dbsuper_pipeline/raw/encode_results/files/control/ENCSR568JFZ/ENCFF848FUY.fastq.gz,,1,,,
ENCSR568JFZ,/nfs-stor/akshat.mistry/cluster/dbsuper_pipeline/raw/encode_results/files/control/ENCSR568JFZ/ENCFF926UGR.fastq.gz,,1,,,
ENCSR569IIN,/nfs-stor/akshat.mistry/cluster/dbsuper_pipeline/raw/encode_results/files/control/ENCSR569IIN/ENCFF002BBQ.fastq.gz,,1,,,
ENCSR569IIN,/nfs-stor/akshat.mistry/cluster/dbsuper_pipeline/raw/encode_results/files/control/ENCSR569IIN/ENCFF002BBC.fastq.gz,,2,,,
ENCSR569IIN,/nfs-stor/akshat.mistry/cluster/dbsuper_pipeline/raw/encode_results/files/control/ENCSR569IIN/ENCFF536ZKX.fastq.gz,,2,,,
ENCSR569IIN,/nfs-stor/akshat.mistry/cluster/dbsuper_pipeline/raw/encode_results/files/control/ENCSR569IIN/ENCFF788ZCC.fastq.gz,,2,,,
ENCSR572GRM,/nfs-stor/akshat.mistry/cluster/dbsuper_pipeline/raw/encode_results/files/control/ENCSR572GRM/ENCFF231VKU.fastq.gz,,1,,,
ENCSR572GRM,/nfs-stor/akshat.mistry/cluster/dbsuper_pipeline/raw/encode_results/files/control/ENCSR572GRM/ENCFF410UDM.fastq.gz,,1,,,
ENCSR572GRM,/nfs-stor/akshat.mistry/cluster/dbsuper_pipeline/raw/encode_results/files/control/ENCSR572GRM/ENCFF470FOD.fastq.gz,,1,,,
ENCSR572GRM,/nfs-stor/akshat.mistry/cluster/dbsuper_pipeline/raw/encode_results/files/control/ENCSR572GRM/ENCFF675CMM.fastq.gz,,1,,,
ENCSR572GRM,/nfs-stor/akshat.mistry/cluster/dbsuper_pipeline/raw/encode_results/files/control/ENCSR572GRM/ENCFF695OWQ.fastq.gz,,1,,,
ENCSR572GRM,/nfs-stor/akshat.mistry/cluster/dbsuper_pipeline/raw/encode_results/files/control/ENCSR572GRM/ENCFF732VFO.fastq.gz,,1,,,
ENCSR572GRM,/nfs-stor/akshat.mistry/cluster/dbsuper_pipeline/raw/encode_results/files/control/ENCSR572GRM/ENCFF766CYC.fastq.gz,,1,,,
ENCSR572GRM,/nfs-stor/akshat.mistry/cluster/dbsuper_pipeline/raw/encode_results/files/control/ENCSR572GRM/ENCFF897GHW.fastq.gz,,1,,,
ENCSR572GRM,/nfs-stor/akshat.mistry/cluster/dbsuper_pipeline/raw/encode_results/files/control/ENCSR572GRM/ENCFF389IEO.fastq.gz,,1,,,
ENCSR572GRM,/nfs-stor/akshat.mistry/cluster/dbsuper_pipeline/raw/encode_results/files/control/ENCSR572GRM/ENCFF535MBO.fastq.gz,,1,,,
ENCSR572GRM,/nfs-stor/akshat.mistry/cluster/dbsuper_pipeline/raw/encode_results/files/control/ENCSR572GRM/ENCFF631QPO.fastq.gz,,1,,,
ENCSR572GRM,/nfs-stor/akshat.mistry/cluster/dbsuper_pipeline/raw/encode_results/files/control/ENCSR572GRM/ENCFF704ZVH.fastq.gz,,1,,,
ENCSR572GRM,/nfs-stor/akshat.mistry/cluster/dbsuper_pipeline/raw/encode_results/files/control/ENCSR572GRM/ENCFF589MOG.fastq.gz,,2,,,
ENCSR572GRM,/nfs-stor/akshat.mistry/cluster/dbsuper_pipeline/raw/encode_results/files/control/ENCSR572GRM/ENCFF795CUS.fastq.gz,,2,,,
ENCSR572GRM,/nfs-stor/akshat.mistry/cluster/dbsuper_pipeline/raw/encode_results/files/control/ENCSR572GRM/ENCFF871UBT.fastq.gz,,2,,,
ENCSR572GRM,/nfs-stor/akshat.mistry/cluster/dbsuper_pipeline/raw/encode_results/files/control/ENCSR572GRM/ENCFF903SNF.fastq.gz,,2,,,
ENCSR572GRM,/nfs-stor/akshat.mistry/cluster/dbsuper_pipeline/raw/encode_results/files/control/ENCSR572GRM/ENCFF089OYT.fastq.gz,,2,,,
ENCSR572GRM,/nfs-stor/akshat.mistry/cluster/dbsuper_pipeline/raw/encode_results/files/control/ENCSR572GRM/ENCFF149KAT.fastq.gz,,2,,,
ENCSR572GRM,/nfs-stor/akshat.mistry/cluster/dbsuper_pipeline/raw/encode_results/files/control/ENCSR572GRM/ENCFF228QYA.fastq.gz,,2,,,
ENCSR572GRM,/nfs-stor/akshat.mistry/cluster/dbsuper_pipeline/raw/encode_results/files/control/ENCSR572GRM/ENCFF259LBU.fastq.gz,,2,,,
ENCSR572GRM,/nfs-stor/akshat.mistry/cluster/dbsuper_pipeline/raw/encode_results/files/control/ENCSR572GRM/ENCFF436MVN.fastq.gz,,2,,,
ENCSR572GRM,/nfs-stor/akshat.mistry/cluster/dbsuper_pipeline/raw/encode_results/files/control/ENCSR572GRM/ENCFF448QYU.fastq.gz,,2,,,
ENCSR572GRM,/nfs-stor/akshat.mistry/cluster/dbsuper_pipeline/raw/encode_results/files/control/ENCSR572GRM/ENCFF600KMS.fastq.gz,,2,,,
ENCSR572GRM,/nfs-stor/akshat.mistry/cluster/dbsuper_pipeline/raw/encode_results/files/control/ENCSR572GRM/ENCFF976PWE.fastq.gz,,2,,,
ENCSR574WQE,/nfs-stor/akshat.mistry/cluster/dbsuper_pipeline/raw/encode_results/files/control/ENCSR574WQE/ENCFF347MJY.fastq.gz,,1,,,
ENCSR576VXL,/nfs-stor/akshat.mistry/cluster/dbsuper_pipeline/raw/encode_results/files/control/ENCSR576VXL/ENCFF031VXH.fastq.gz,,1,,,
ENCSR576VXL,/nfs-stor/akshat.mistry/cluster/dbsuper_pipeline/raw/encode_results/files/control/ENCSR576VXL/ENCFF049HHA.fastq.gz,,1,,,
ENCSR576VXL,/nfs-stor/akshat.mistry/cluster/dbsuper_pipeline/raw/encode_results/files/control/ENCSR576VXL/ENCFF133XTP.fastq.gz,,1,,,
ENCSR576VXL,/nfs-stor/akshat.mistry/cluster/dbsuper_pipeline/raw/encode_results/files/control/ENCSR576VXL/ENCFF159IMO.fastq.gz,,1,,,
ENCSR576VXL,/nfs-stor/akshat.mistry/cluster/dbsuper_pipeline/raw/encode_results/files/control/ENCSR576VXL/ENCFF204XFB.fastq.gz,,1,,,
ENCSR576VXL,/nfs-stor/akshat.mistry/cluster/dbsuper_pipeline/raw/encode_results/files/control/ENCSR576VXL/ENCFF348LZS.fastq.gz,,1,,,
ENCSR576VXL,/nfs-stor/akshat.mistry/cluster/dbsuper_pipeline/raw/encode_results/files/control/ENCSR576VXL/ENCFF530MSC.fastq.gz,,1,,,
ENCSR576VXL,/nfs-stor/akshat.mistry/cluster/dbsuper_pipeline/raw/encode_results/files/control/ENCSR576VXL/ENCFF724LED.fastq.gz,,1,,,
ENCSR576VXL,/nfs-stor/akshat.mistry/cluster/dbsuper_pipeline/raw/encode_results/files/control/ENCSR576VXL/ENCFF105XFO.fastq.gz,,1,,,
ENCSR576VXL,/nfs-stor/akshat.mistry/cluster/dbsuper_pipeline/raw/encode_results/files/control/ENCSR576VXL/ENCFF319FIF.fastq.gz,,1,,,
ENCSR576VXL,/nfs-stor/akshat.mistry/cluster/dbsuper_pipeline/raw/encode_results/files/control/ENCSR576VXL/ENCFF431SOX.fastq.gz,,1,,,
ENCSR576VXL,/nfs-stor/akshat.mistry/cluster/dbsuper_pipeline/raw/encode_results/files/control/ENCSR576VXL/ENCFF679VPR.fastq.gz,,1,,,
ENCSR576VXL,/nfs-stor/akshat.mistry/cluster/dbsuper_pipeline/raw/encode_results/files/control/ENCSR576VXL/ENCFF129ZVI.fastq.gz,,2,,,
ENCSR576VXL,/nfs-stor/akshat.mistry/cluster/dbsuper_pipeline/raw/encode_results/files/control/ENCSR576VXL/ENCFF246HMN.fastq.gz,,2,,,
ENCSR576VXL,/nfs-stor/akshat.mistry/cluster/dbsuper_pipeline/raw/encode_results/files/control/ENCSR576VXL/ENCFF704VLK.fastq.gz,,2,,,
ENCSR576VXL,/nfs-stor/akshat.mistry/cluster/dbsuper_pipeline/raw/encode_results/files/control/ENCSR576VXL/ENCFF723YLZ.fastq.gz,,2,,,
ENCSR576VXL,/nfs-stor/akshat.mistry/cluster/dbsuper_pipeline/raw/encode_results/files/control/ENCSR576VXL/ENCFF507DYT.fastq.gz,,2,,,
ENCSR576VXL,/nfs-stor/akshat.mistry/cluster/dbsuper_pipeline/raw/encode_results/files/control/ENCSR576VXL/ENCFF550TLM.fastq.gz,,2,,,
ENCSR576VXL,/nfs-stor/akshat.mistry/cluster/dbsuper_pipeline/raw/encode_results/files/control/ENCSR576VXL/ENCFF672LTE.fastq.gz,,2,,,
ENCSR576VXL,/nfs-stor/akshat.mistry/cluster/dbsuper_pipeline/raw/encode_results/files/control/ENCSR576VXL/ENCFF709HDX.fastq.gz,,2,,,
ENCSR577BCL,/nfs-stor/akshat.mistry/cluster/dbsuper_pipeline/raw/encode_results/files/control/ENCSR577BCL/ENCFF587OOH.fastq.gz,,1,,,
ENCSR580WGM,/nfs-stor/akshat.mistry/cluster/dbsuper_pipeline/raw/encode_results/files/control/ENCSR580WGM/ENCFF054AIM.fastq.gz,,1,,,
ENCSR580WGM,/nfs-stor/akshat.mistry/cluster/dbsuper_pipeline/raw/encode_results/files/control/ENCSR580WGM/ENCFF732BVW.fastq.gz,,1,,,
ENCSR580WGM,/nfs-stor/akshat.mistry/cluster/dbsuper_pipeline/raw/encode_results/files/control/ENCSR580WGM/ENCFF802ZZZ.fastq.gz,,1,,,
ENCSR580WGM,/nfs-stor/akshat.mistry/cluster/dbsuper_pipeline/raw/encode_results/files/control/ENCSR580WGM/ENCFF965SVG.fastq.gz,,1,,,
ENCSR583BXC,/nfs-stor/akshat.mistry/cluster/dbsuper_pipeline/raw/encode_results/files/control/ENCSR583BXC/ENCFF008ZDW.fastq.gz,,1,,,
ENCSR583BXC,/nfs-stor/akshat.mistry/cluster/dbsuper_pipeline/raw/encode_results/files/control/ENCSR583BXC/ENCFF074KIU.fastq.gz,,1,,,
ENCSR583BXC,/nfs-stor/akshat.mistry/cluster/dbsuper_pipeline/raw/encode_results/files/control/ENCSR583BXC/ENCFF136SBT.fastq.gz,,1,,,
ENCSR583BXC,/nfs-stor/akshat.mistry/cluster/dbsuper_pipeline/raw/encode_results/files/control/ENCSR583BXC/ENCFF266BIH.fastq.gz,,1,,,
ENCSR583BXC,/nfs-stor/akshat.mistry/cluster/dbsuper_pipeline/raw/encode_results/files/control/ENCSR583BXC/ENCFF357OON.fastq.gz,,1,,,
ENCSR583BXC,/nfs-stor/akshat.mistry/cluster/dbsuper_pipeline/raw/encode_results/files/control/ENCSR583BXC/ENCFF555YDI.fastq.gz,,1,,,
ENCSR583BXC,/nfs-stor/akshat.mistry/cluster/dbsuper_pipeline/raw/encode_results/files/control/ENCSR583BXC/ENCFF638DSU.fastq.gz,,1,,,
ENCSR583BXC,/nfs-stor/akshat.mistry/cluster/dbsuper_pipeline/raw/encode_results/files/control/ENCSR583BXC/ENCFF653NHM.fastq.gz,,1,,,
ENCSR583BXC,/nfs-stor/akshat.mistry/cluster/dbsuper_pipeline/raw/encode_results/files/control/ENCSR583BXC/ENCFF044MQH.fastq.gz,,1,,,
ENCSR583BXC,/nfs-stor/akshat.mistry/cluster/dbsuper_pipeline/raw/encode_results/files/control/ENCSR583BXC/ENCFF121KVC.fastq.gz,,1,,,
ENCSR583BXC,/nfs-stor/akshat.mistry/cluster/dbsuper_pipeline/raw/encode_results/files/control/ENCSR583BXC/ENCFF191LAW.fastq.gz,,1,,,
ENCSR583BXC,/nfs-stor/akshat.mistry/cluster/dbsuper_pipeline/raw/encode_results/files/control/ENCSR583BXC/ENCFF265USZ.fastq.gz,,1,,,
ENCSR583BXC,/nfs-stor/akshat.mistry/cluster/dbsuper_pipeline/raw/encode_results/files/control/ENCSR583BXC/ENCFF470FUM.fastq.gz,,1,,,
ENCSR583BXC,/nfs-stor/akshat.mistry/cluster/dbsuper_pipeline/raw/encode_results/files/control/ENCSR583BXC/ENCFF489UDD.fastq.gz,,1,,,
ENCSR583BXC,/nfs-stor/akshat.mistry/cluster/dbsuper_pipeline/raw/encode_results/files/control/ENCSR583BXC/ENCFF559ZGW.fastq.gz,,1,,,
ENCSR583BXC,/nfs-stor/akshat.mistry/cluster/dbsuper_pipeline/raw/encode_results/files/control/ENCSR583BXC/ENCFF642DZE.fastq.gz,,1,,,
ENCSR583MIW,/nfs-stor/akshat.mistry/cluster/dbsuper_pipeline/raw/encode_results/files/control/ENCSR583MIW/ENCFF072YRA.fastq.gz,,1,,,
ENCSR583MIW,/nfs-stor/akshat.mistry/cluster/dbsuper_pipeline/raw/encode_results/files/control/ENCSR583MIW/ENCFF078OUH.fastq.gz,,1,,,
ENCSR583MIW,/nfs-stor/akshat.mistry/cluster/dbsuper_pipeline/raw/encode_results/files/control/ENCSR583MIW/ENCFF478XUQ.fastq.gz,,1,,,
ENCSR583MIW,/nfs-stor/akshat.mistry/cluster/dbsuper_pipeline/raw/encode_results/files/control/ENCSR583MIW/ENCFF533HRX.fastq.gz,,1,,,
ENCSR583MIW,/nfs-stor/akshat.mistry/cluster/dbsuper_pipeline/raw/encode_results/files/control/ENCSR583MIW/ENCFF664FKG.fastq.gz,,1,,,
ENCSR583MIW,/nfs-stor/akshat.mistry/cluster/dbsuper_pipeline/raw/encode_results/files/control/ENCSR583MIW/ENCFF839RYR.fastq.gz,,1,,,
ENCSR583MIW,/nfs-stor/akshat.mistry/cluster/dbsuper_pipeline/raw/encode_results/files/control/ENCSR583MIW/ENCFF869TUU.fastq.gz,,1,,,
ENCSR583MIW,/nfs-stor/akshat.mistry/cluster/dbsuper_pipeline/raw/encode_results/files/control/ENCSR583MIW/ENCFF954XNU.fastq.gz,,1,,,
ENCSR583MIW,/nfs-stor/akshat.mistry/cluster/dbsuper_pipeline/raw/encode_results/files/control/ENCSR583MIW/ENCFF160PBS.fastq.gz,,1,,,
ENCSR583MIW,/nfs-stor/akshat.mistry/cluster/dbsuper_pipeline/raw/encode_results/files/control/ENCSR583MIW/ENCFF204WOM.fastq.gz,,1,,,
ENCSR583MIW,/nfs-stor/akshat.mistry/cluster/dbsuper_pipeline/raw/encode_results/files/control/ENCSR583MIW/ENCFF274CBE.fastq.gz,,1,,,
ENCSR583MIW,/nfs-stor/akshat.mistry/cluster/dbsuper_pipeline/raw/encode_results/files/control/ENCSR583MIW/ENCFF370KJS.fastq.gz,,1,,,
ENCSR583MIW,/nfs-stor/akshat.mistry/cluster/dbsuper_pipeline/raw/encode_results/files/control/ENCSR583MIW/ENCFF412ZAY.fastq.gz,,1,,,
ENCSR583MIW,/nfs-stor/akshat.mistry/cluster/dbsuper_pipeline/raw/encode_results/files/control/ENCSR583MIW/ENCFF489ICF.fastq.gz,,1,,,
ENCSR583MIW,/nfs-stor/akshat.mistry/cluster/dbsuper_pipeline/raw/encode_results/files/control/ENCSR583MIW/ENCFF742SWF.fastq.gz,,1,,,
ENCSR583MIW,/nfs-stor/akshat.mistry/cluster/dbsuper_pipeline/raw/encode_results/files/control/ENCSR583MIW/ENCFF990RMV.fastq.gz,,1,,,
ENCSR583XAM,/nfs-stor/akshat.mistry/cluster/dbsuper_pipeline/raw/encode_results/files/control/ENCSR583XAM/ENCFF027XSY.fastq.gz,,1,,,
ENCSR583XAM,/nfs-stor/akshat.mistry/cluster/dbsuper_pipeline/raw/encode_results/files/control/ENCSR583XAM/ENCFF442GKQ.fastq.gz,,1,,,
ENCSR583XAM,/nfs-stor/akshat.mistry/cluster/dbsuper_pipeline/raw/encode_results/files/control/ENCSR583XAM/ENCFF656UWM.fastq.gz,,1,,,
ENCSR583XAM,/nfs-stor/akshat.mistry/cluster/dbsuper_pipeline/raw/encode_results/files/control/ENCSR583XAM/ENCFF686GZT.fastq.gz,,1,,,
ENCSR585FQO,/nfs-stor/akshat.mistry/cluster/dbsuper_pipeline/raw/encode_results/files/control/ENCSR585FQO/ENCFF007ATP.fastq.gz,,1,,,
ENCSR585FQO,/nfs-stor/akshat.mistry/cluster/dbsuper_pipeline/raw/encode_results/files/control/ENCSR585FQO/ENCFF928OBE.fastq.gz,,2,,,
ENCSR592KRF,/nfs-stor/akshat.mistry/cluster/dbsuper_pipeline/raw/encode_results/files/control/ENCSR592KRF/ENCFF980SCI.fastq.gz,,1,,,
ENCSR592KRF,/nfs-stor/akshat.mistry/cluster/dbsuper_pipeline/raw/encode_results/files/control/ENCSR592KRF/ENCFF150YLW.fastq.gz,,1,,,
ENCSR595SMV,/nfs-stor/akshat.mistry/cluster/dbsuper_pipeline/raw/encode_results/files/control/ENCSR595SMV/ENCFF121KFB.fastq.gz,,1,,,
ENCSR595SMV,/nfs-stor/akshat.mistry/cluster/dbsuper_pipeline/raw/encode_results/files/control/ENCSR595SMV/ENCFF342ZXR.fastq.gz,,1,,,
ENCSR595SMV,/nfs-stor/akshat.mistry/cluster/dbsuper_pipeline/raw/encode_results/files/control/ENCSR595SMV/ENCFF700UWP.fastq.gz,,1,,,
ENCSR595SMV,/nfs-stor/akshat.mistry/cluster/dbsuper_pipeline/raw/encode_results/files/control/ENCSR595SMV/ENCFF911DBY.fastq.gz,,1,,,
ENCSR597PTH,/nfs-stor/akshat.mistry/cluster/dbsuper_pipeline/raw/encode_results/files/control/ENCSR597PTH/ENCFF094KFJ.fastq.gz,,1,,,
ENCSR597PTH,/nfs-stor/akshat.mistry/cluster/dbsuper_pipeline/raw/encode_results/files/control/ENCSR597PTH/ENCFF188MCT.fastq.gz,,1,,,
ENCSR597PTH,/nfs-stor/akshat.mistry/cluster/dbsuper_pipeline/raw/encode_results/files/control/ENCSR597PTH/ENCFF504JIW.fastq.gz,,1,,,
ENCSR597PTH,/nfs-stor/akshat.mistry/cluster/dbsuper_pipeline/raw/encode_results/files/control/ENCSR597PTH/ENCFF530YFA.fastq.gz,,1,,,
ENCSR597PTH,/nfs-stor/akshat.mistry/cluster/dbsuper_pipeline/raw/encode_results/files/control/ENCSR597PTH/ENCFF332EWJ.fastq.gz,,1,,,
ENCSR597PTH,/nfs-stor/akshat.mistry/cluster/dbsuper_pipeline/raw/encode_results/files/control/ENCSR597PTH/ENCFF466MYR.fastq.gz,,1,,,
ENCSR597PTH,/nfs-stor/akshat.mistry/cluster/dbsuper_pipeline/raw/encode_results/files/control/ENCSR597PTH/ENCFF576EBV.fastq.gz,,1,,,
ENCSR597PTH,/nfs-stor/akshat.mistry/cluster/dbsuper_pipeline/raw/encode_results/files/control/ENCSR597PTH/ENCFF642CPK.fastq.gz,,1,,,
ENCSR603SVD,/nfs-stor/akshat.mistry/cluster/dbsuper_pipeline/raw/encode_results/files/control/ENCSR603SVD/ENCFF158HCZ.fastq.gz,,1,,,
ENCSR603SVD,/nfs-stor/akshat.mistry/cluster/dbsuper_pipeline/raw/encode_results/files/control/ENCSR603SVD/ENCFF082OUX.fastq.gz,,1,,,
ENCSR603SVD,/nfs-stor/akshat.mistry/cluster/dbsuper_pipeline/raw/encode_results/files/control/ENCSR603SVD/ENCFF533XEQ.fastq.gz,,1,,,
ENCSR603SVD,/nfs-stor/akshat.mistry/cluster/dbsuper_pipeline/raw/encode_results/files/control/ENCSR603SVD/ENCFF679GQT.fastq.gz,,1,,,
ENCSR603SVD,/nfs-stor/akshat.mistry/cluster/dbsuper_pipeline/raw/encode_results/files/control/ENCSR603SVD/ENCFF682DEF.fastq.gz,,1,,,
ENCSR603SVD,/nfs-stor/akshat.mistry/cluster/dbsuper_pipeline/raw/encode_results/files/control/ENCSR603SVD/ENCFF206YPV.fastq.gz,,2,,,
ENCSR603SVD,/nfs-stor/akshat.mistry/cluster/dbsuper_pipeline/raw/encode_results/files/control/ENCSR603SVD/ENCFF835QIF.fastq.gz,,2,,,
ENCSR607UWA,/nfs-stor/akshat.mistry/cluster/dbsuper_pipeline/raw/encode_results/files/control/ENCSR607UWA/ENCFF765RZR.fastq.gz,,1,,,
ENCSR607UWA,/nfs-stor/akshat.mistry/cluster/dbsuper_pipeline/raw/encode_results/files/control/ENCSR607UWA/ENCFF863OCN.fastq.gz,,1,,,
ENCSR607UWA,/nfs-stor/akshat.mistry/cluster/dbsuper_pipeline/raw/encode_results/files/control/ENCSR607UWA/ENCFF483CGD.fastq.gz,,1,,,
ENCSR607UWA,/nfs-stor/akshat.mistry/cluster/dbsuper_pipeline/raw/encode_results/files/control/ENCSR607UWA/ENCFF487WCY.fastq.gz,,1,,,
ENCSR608IVH,/nfs-stor/akshat.mistry/cluster/dbsuper_pipeline/raw/encode_results/files/control/ENCSR608IVH/ENCFF176WDD.fastq.gz,,1,,,
ENCSR608IVH,/nfs-stor/akshat.mistry/cluster/dbsuper_pipeline/raw/encode_results/files/control/ENCSR608IVH/ENCFF277UJT.fastq.gz,,1,,,
ENCSR608IVH,/nfs-stor/akshat.mistry/cluster/dbsuper_pipeline/raw/encode_results/files/control/ENCSR608IVH/ENCFF745IFH.fastq.gz,,1,,,
ENCSR608IVH,/nfs-stor/akshat.mistry/cluster/dbsuper_pipeline/raw/encode_results/files/control/ENCSR608IVH/ENCFF818CFF.fastq.gz,,1,,,
ENCSR608IVH,/nfs-stor/akshat.mistry/cluster/dbsuper_pipeline/raw/encode_results/files/control/ENCSR608IVH/ENCFF015CUD.fastq.gz,,1,,,
ENCSR608IVH,/nfs-stor/akshat.mistry/cluster/dbsuper_pipeline/raw/encode_results/files/control/ENCSR608IVH/ENCFF237UIH.fastq.gz,,1,,,
ENCSR608IVH,/nfs-stor/akshat.mistry/cluster/dbsuper_pipeline/raw/encode_results/files/control/ENCSR608IVH/ENCFF400TJD.fastq.gz,,1,,,
ENCSR608IVH,/nfs-stor/akshat.mistry/cluster/dbsuper_pipeline/raw/encode_results/files/control/ENCSR608IVH/ENCFF537TSX.fastq.gz,,1,,,
ENCSR608IVH,/nfs-stor/akshat.mistry/cluster/dbsuper_pipeline/raw/encode_results/files/control/ENCSR608IVH/ENCFF410DKO.fastq.gz,,2,,,
ENCSR608IVH,/nfs-stor/akshat.mistry/cluster/dbsuper_pipeline/raw/encode_results/files/control/ENCSR608IVH/ENCFF462UEJ.fastq.gz,,2,,,
ENCSR608IVH,/nfs-stor/akshat.mistry/cluster/dbsuper_pipeline/raw/encode_results/files/control/ENCSR608IVH/ENCFF796OSE.fastq.gz,,2,,,
ENCSR608IVH,/nfs-stor/akshat.mistry/cluster/dbsuper_pipeline/raw/encode_results/files/control/ENCSR608IVH/ENCFF917RBD.fastq.gz,,2,,,
ENCSR608IVH,/nfs-stor/akshat.mistry/cluster/dbsuper_pipeline/raw/encode_results/files/control/ENCSR608IVH/ENCFF392SII.fastq.gz,,2,,,
ENCSR608IVH,/nfs-stor/akshat.mistry/cluster/dbsuper_pipeline/raw/encode_results/files/control/ENCSR608IVH/ENCFF434LIC.fastq.gz,,2,,,
ENCSR608IVH,/nfs-stor/akshat.mistry/cluster/dbsuper_pipeline/raw/encode_results/files/control/ENCSR608IVH/ENCFF533PZG.fastq.gz,,2,,,
ENCSR608IVH,/nfs-stor/akshat.mistry/cluster/dbsuper_pipeline/raw/encode_results/files/control/ENCSR608IVH/ENCFF628UEX.fastq.gz,,2,,,
ENCSR613JAK,/nfs-stor/akshat.mistry/cluster/dbsuper_pipeline/raw/encode_results/files/control/ENCSR613JAK/ENCFF112EFB.fastq.gz,,1,,,
ENCSR613JAK,/nfs-stor/akshat.mistry/cluster/dbsuper_pipeline/raw/encode_results/files/control/ENCSR613JAK/ENCFF572WQO.fastq.gz,,1,,,
ENCSR613JAK,/nfs-stor/akshat.mistry/cluster/dbsuper_pipeline/raw/encode_results/files/control/ENCSR613JAK/ENCFF651MKX.fastq.gz,,1,,,
ENCSR613JAK,/nfs-stor/akshat.mistry/cluster/dbsuper_pipeline/raw/encode_results/files/control/ENCSR613JAK/ENCFF853AIT.fastq.gz,,1,,,
ENCSR613JAK,/nfs-stor/akshat.mistry/cluster/dbsuper_pipeline/raw/encode_results/files/control/ENCSR613JAK/ENCFF153AHJ.fastq.gz,,1,,,
ENCSR613JAK,/nfs-stor/akshat.mistry/cluster/dbsuper_pipeline/raw/encode_results/files/control/ENCSR613JAK/ENCFF206YRI.fastq.gz,,1,,,
ENCSR613JAK,/nfs-stor/akshat.mistry/cluster/dbsuper_pipeline/raw/encode_results/files/control/ENCSR613JAK/ENCFF220MEX.fastq.gz,,1,,,
ENCSR613JAK,/nfs-stor/akshat.mistry/cluster/dbsuper_pipeline/raw/encode_results/files/control/ENCSR613JAK/ENCFF245XLY.fastq.gz,,1,,,
ENCSR613JAK,/nfs-stor/akshat.mistry/cluster/dbsuper_pipeline/raw/encode_results/files/control/ENCSR613JAK/ENCFF324XDQ.fastq.gz,,1,,,
ENCSR613JAK,/nfs-stor/akshat.mistry/cluster/dbsuper_pipeline/raw/encode_results/files/control/ENCSR613JAK/ENCFF374NCH.fastq.gz,,1,,,
ENCSR613JAK,/nfs-stor/akshat.mistry/cluster/dbsuper_pipeline/raw/encode_results/files/control/ENCSR613JAK/ENCFF601WHF.fastq.gz,,1,,,
ENCSR613JAK,/nfs-stor/akshat.mistry/cluster/dbsuper_pipeline/raw/encode_results/files/control/ENCSR613JAK/ENCFF658BIB.fastq.gz,,1,,,
ENCSR617ONQ,/nfs-stor/akshat.mistry/cluster/dbsuper_pipeline/raw/encode_results/files/control/ENCSR617ONQ/ENCFF420JDV.fastq.gz,,1,,,
ENCSR617ONQ,/nfs-stor/akshat.mistry/cluster/dbsuper_pipeline/raw/encode_results/files/control/ENCSR617ONQ/ENCFF423HHL.fastq.gz,,1,,,
ENCSR617ONQ,/nfs-stor/akshat.mistry/cluster/dbsuper_pipeline/raw/encode_results/files/control/ENCSR617ONQ/ENCFF616PUK.fastq.gz,,1,,,
ENCSR617ONQ,/nfs-stor/akshat.mistry/cluster/dbsuper_pipeline/raw/encode_results/files/control/ENCSR617ONQ/ENCFF748WCY.fastq.gz,,1,,,
ENCSR617ONQ,/nfs-stor/akshat.mistry/cluster/dbsuper_pipeline/raw/encode_results/files/control/ENCSR617ONQ/ENCFF004CFB.fastq.gz,,1,,,
ENCSR617ONQ,/nfs-stor/akshat.mistry/cluster/dbsuper_pipeline/raw/encode_results/files/control/ENCSR617ONQ/ENCFF099UCU.fastq.gz,,1,,,
ENCSR617ONQ,/nfs-stor/akshat.mistry/cluster/dbsuper_pipeline/raw/encode_results/files/control/ENCSR617ONQ/ENCFF235OUR.fastq.gz,,1,,,
ENCSR617ONQ,/nfs-stor/akshat.mistry/cluster/dbsuper_pipeline/raw/encode_results/files/control/ENCSR617ONQ/ENCFF521ILL.fastq.gz,,1,,,
ENCSR617ONQ,/nfs-stor/akshat.mistry/cluster/dbsuper_pipeline/raw/encode_results/files/control/ENCSR617ONQ/ENCFF607LBX.fastq.gz,,1,,,
ENCSR617ONQ,/nfs-stor/akshat.mistry/cluster/dbsuper_pipeline/raw/encode_results/files/control/ENCSR617ONQ/ENCFF705HOT.fastq.gz,,1,,,
ENCSR617ONQ,/nfs-stor/akshat.mistry/cluster/dbsuper_pipeline/raw/encode_results/files/control/ENCSR617ONQ/ENCFF718HFQ.fastq.gz,,1,,,
ENCSR617ONQ,/nfs-stor/akshat.mistry/cluster/dbsuper_pipeline/raw/encode_results/files/control/ENCSR617ONQ/ENCFF983CFH.fastq.gz,,1,,,
ENCSR620XWM,/nfs-stor/akshat.mistry/cluster/dbsuper_pipeline/raw/encode_results/files/control/ENCSR620XWM/ENCFF046RIH.fastq.gz,,1,,,
ENCSR620XWM,/nfs-stor/akshat.mistry/cluster/dbsuper_pipeline/raw/encode_results/files/control/ENCSR620XWM/ENCFF113LEI.fastq.gz,,1,,,
ENCSR620XWM,/nfs-stor/akshat.mistry/cluster/dbsuper_pipeline/raw/encode_results/files/control/ENCSR620XWM/ENCFF191LDB.fastq.gz,,1,,,
ENCSR620XWM,/nfs-stor/akshat.mistry/cluster/dbsuper_pipeline/raw/encode_results/files/control/ENCSR620XWM/ENCFF855SLP.fastq.gz,,1,,,
ENCSR621OKB,/nfs-stor/akshat.mistry/cluster/dbsuper_pipeline/raw/encode_results/files/control/ENCSR621OKB/ENCFF184FNT.fastq.gz,,1,,,
ENCSR621OKB,/nfs-stor/akshat.mistry/cluster/dbsuper_pipeline/raw/encode_results/files/control/ENCSR621OKB/ENCFF782RSD.fastq.gz,,1,,,
ENCSR627RBH,/nfs-stor/akshat.mistry/cluster/dbsuper_pipeline/raw/encode_results/files/control/ENCSR627RBH/ENCFF340EGF.fastq.gz,,1,,,
ENCSR627RBH,/nfs-stor/akshat.mistry/cluster/dbsuper_pipeline/raw/encode_results/files/control/ENCSR627RBH/ENCFF496ZLN.fastq.gz,,2,,,
ENCSR627RBH,/nfs-stor/akshat.mistry/cluster/dbsuper_pipeline/raw/encode_results/files/control/ENCSR627RBH/ENCFF404KBB.fastq.gz,,3,,,
ENCSR628GIZ,/nfs-stor/akshat.mistry/cluster/dbsuper_pipeline/raw/encode_results/files/control/ENCSR628GIZ/ENCFF404AFK.fastq.gz,,1,,,
ENCSR628GIZ,/nfs-stor/akshat.mistry/cluster/dbsuper_pipeline/raw/encode_results/files/control/ENCSR628GIZ/ENCFF217LWR.fastq.gz,,1,,,
ENCSR629GZZ,/nfs-stor/akshat.mistry/cluster/dbsuper_pipeline/raw/encode_results/files/control/ENCSR629GZZ/ENCFF214ZUZ.fastq.gz,,1,,,
ENCSR629GZZ,/nfs-stor/akshat.mistry/cluster/dbsuper_pipeline/raw/encode_results/files/control/ENCSR629GZZ/ENCFF271CIF.fastq.gz,,1,,,
ENCSR629GZZ,/nfs-stor/akshat.mistry/cluster/dbsuper_pipeline/raw/encode_results/files/control/ENCSR629GZZ/ENCFF793MKB.fastq.gz,,1,,,
ENCSR629GZZ,/nfs-stor/akshat.mistry/cluster/dbsuper_pipeline/raw/encode_results/files/control/ENCSR629GZZ/ENCFF994CNY.fastq.gz,,1,,,
ENCSR629GZZ,/nfs-stor/akshat.mistry/cluster/dbsuper_pipeline/raw/encode_results/files/control/ENCSR629GZZ/ENCFF142DWK.fastq.gz,,1,,,
ENCSR629GZZ,/nfs-stor/akshat.mistry/cluster/dbsuper_pipeline/raw/encode_results/files/control/ENCSR629GZZ/ENCFF416UJV.fastq.gz,,1,,,
ENCSR629GZZ,/nfs-stor/akshat.mistry/cluster/dbsuper_pipeline/raw/encode_results/files/control/ENCSR629GZZ/ENCFF547BKQ.fastq.gz,,1,,,
ENCSR629GZZ,/nfs-stor/akshat.mistry/cluster/dbsuper_pipeline/raw/encode_results/files/control/ENCSR629GZZ/ENCFF945BZS.fastq.gz,,1,,,
ENCSR632MPN,/nfs-stor/akshat.mistry/cluster/dbsuper_pipeline/raw/encode_results/files/control/ENCSR632MPN/ENCFF190ZNF.fastq.gz,,1,,,
ENCSR632MPN,/nfs-stor/akshat.mistry/cluster/dbsuper_pipeline/raw/encode_results/files/control/ENCSR632MPN/ENCFF370VIZ.fastq.gz,,1,,,
ENCSR632MPN,/nfs-stor/akshat.mistry/cluster/dbsuper_pipeline/raw/encode_results/files/control/ENCSR632MPN/ENCFF390DVY.fastq.gz,,1,,,
ENCSR632MPN,/nfs-stor/akshat.mistry/cluster/dbsuper_pipeline/raw/encode_results/files/control/ENCSR632MPN/ENCFF473YNU.fastq.gz,,1,,,
ENCSR632MPN,/nfs-stor/akshat.mistry/cluster/dbsuper_pipeline/raw/encode_results/files/control/ENCSR632MPN/ENCFF562NQX.fastq.gz,,1,,,
ENCSR632MPN,/nfs-stor/akshat.mistry/cluster/dbsuper_pipeline/raw/encode_results/files/control/ENCSR632MPN/ENCFF610LMK.fastq.gz,,1,,,
ENCSR632MPN,/nfs-stor/akshat.mistry/cluster/dbsuper_pipeline/raw/encode_results/files/control/ENCSR632MPN/ENCFF637TMH.fastq.gz,,1,,,
ENCSR632MPN,/nfs-stor/akshat.mistry/cluster/dbsuper_pipeline/raw/encode_results/files/control/ENCSR632MPN/ENCFF899XVV.fastq.gz,,1,,,
ENCSR632MPN,/nfs-stor/akshat.mistry/cluster/dbsuper_pipeline/raw/encode_results/files/control/ENCSR632MPN/ENCFF166LXC.fastq.gz,,1,,,
ENCSR632MPN,/nfs-stor/akshat.mistry/cluster/dbsuper_pipeline/raw/encode_results/files/control/ENCSR632MPN/ENCFF381GKZ.fastq.gz,,1,,,
ENCSR632MPN,/nfs-stor/akshat.mistry/cluster/dbsuper_pipeline/raw/encode_results/files/control/ENCSR632MPN/ENCFF395JCV.fastq.gz,,1,,,
ENCSR632MPN,/nfs-stor/akshat.mistry/cluster/dbsuper_pipeline/raw/encode_results/files/control/ENCSR632MPN/ENCFF432LMI.fastq.gz,,1,,,
ENCSR632MPN,/nfs-stor/akshat.mistry/cluster/dbsuper_pipeline/raw/encode_results/files/control/ENCSR632MPN/ENCFF722YFN.fastq.gz,,1,,,
ENCSR632MPN,/nfs-stor/akshat.mistry/cluster/dbsuper_pipeline/raw/encode_results/files/control/ENCSR632MPN/ENCFF867SIX.fastq.gz,,1,,,
ENCSR632MPN,/nfs-stor/akshat.mistry/cluster/dbsuper_pipeline/raw/encode_results/files/control/ENCSR632MPN/ENCFF881LKR.fastq.gz,,1,,,
ENCSR632MPN,/nfs-stor/akshat.mistry/cluster/dbsuper_pipeline/raw/encode_results/files/control/ENCSR632MPN/ENCFF987IHP.fastq.gz,,1,,,
ENCSR634QZP,/nfs-stor/akshat.mistry/cluster/dbsuper_pipeline/raw/encode_results/files/control/ENCSR634QZP/ENCFF066BXS.fastq.gz,,1,,,
ENCSR634QZP,/nfs-stor/akshat.mistry/cluster/dbsuper_pipeline/raw/encode_results/files/control/ENCSR634QZP/ENCFF491YYW.fastq.gz,,1,,,
ENCSR634QZP,/nfs-stor/akshat.mistry/cluster/dbsuper_pipeline/raw/encode_results/files/control/ENCSR634QZP/ENCFF737RAQ.fastq.gz,,1,,,
ENCSR634QZP,/nfs-stor/akshat.mistry/cluster/dbsuper_pipeline/raw/encode_results/files/control/ENCSR634QZP/ENCFF897ZWR.fastq.gz,,1,,,
ENCSR634QZP,/nfs-stor/akshat.mistry/cluster/dbsuper_pipeline/raw/encode_results/files/control/ENCSR634QZP/ENCFF402XNK.fastq.gz,,1,,,
ENCSR634QZP,/nfs-stor/akshat.mistry/cluster/dbsuper_pipeline/raw/encode_results/files/control/ENCSR634QZP/ENCFF752QHN.fastq.gz,,1,,,
ENCSR634QZP,/nfs-stor/akshat.mistry/cluster/dbsuper_pipeline/raw/encode_results/files/control/ENCSR634QZP/ENCFF943FCI.fastq.gz,,1,,,
ENCSR634QZP,/nfs-stor/akshat.mistry/cluster/dbsuper_pipeline/raw/encode_results/files/control/ENCSR634QZP/ENCFF968EXV.fastq.gz,,1,,,
ENCSR638CSE,/nfs-stor/akshat.mistry/cluster/dbsuper_pipeline/raw/encode_results/files/control/ENCSR638CSE/ENCFF114SCQ.fastq.gz,,1,,,
ENCSR638CSE,/nfs-stor/akshat.mistry/cluster/dbsuper_pipeline/raw/encode_results/files/control/ENCSR638CSE/ENCFF693DEF.fastq.gz,,1,,,
ENCSR638CSE,/nfs-stor/akshat.mistry/cluster/dbsuper_pipeline/raw/encode_results/files/control/ENCSR638CSE/ENCFF742DRK.fastq.gz,,1,,,
ENCSR638CSE,/nfs-stor/akshat.mistry/cluster/dbsuper_pipeline/raw/encode_results/files/control/ENCSR638CSE/ENCFF952ECT.fastq.gz,,1,,,
ENCSR638CSE,/nfs-stor/akshat.mistry/cluster/dbsuper_pipeline/raw/encode_results/files/control/ENCSR638CSE/ENCFF038WIJ.fastq.gz,,1,,,
ENCSR638CSE,/nfs-stor/akshat.mistry/cluster/dbsuper_pipeline/raw/encode_results/files/control/ENCSR638CSE/ENCFF183IVK.fastq.gz,,1,,,
ENCSR638CSE,/nfs-stor/akshat.mistry/cluster/dbsuper_pipeline/raw/encode_results/files/control/ENCSR638CSE/ENCFF440RWQ.fastq.gz,,1,,,
ENCSR638CSE,/nfs-stor/akshat.mistry/cluster/dbsuper_pipeline/raw/encode_results/files/control/ENCSR638CSE/ENCFF599KUM.fastq.gz,,1,,,
ENCSR638CSE,/nfs-stor/akshat.mistry/cluster/dbsuper_pipeline/raw/encode_results/files/control/ENCSR638CSE/ENCFF638AIC.fastq.gz,,1,,,
ENCSR638CSE,/nfs-stor/akshat.mistry/cluster/dbsuper_pipeline/raw/encode_results/files/control/ENCSR638CSE/ENCFF667QHM.fastq.gz,,1,,,
ENCSR638CSE,/nfs-stor/akshat.mistry/cluster/dbsuper_pipeline/raw/encode_results/files/control/ENCSR638CSE/ENCFF701JSR.fastq.gz,,1,,,
ENCSR638CSE,/nfs-stor/akshat.mistry/cluster/dbsuper_pipeline/raw/encode_results/files/control/ENCSR638CSE/ENCFF929MIA.fastq.gz,,1,,,
ENCSR639HUV,/nfs-stor/akshat.mistry/cluster/dbsuper_pipeline/raw/encode_results/files/control/ENCSR639HUV/ENCFF173CNB.fastq.gz,,1,,,
ENCSR639HUV,/nfs-stor/akshat.mistry/cluster/dbsuper_pipeline/raw/encode_results/files/control/ENCSR639HUV/ENCFF260WWT.fastq.gz,,1,,,
ENCSR639HUV,/nfs-stor/akshat.mistry/cluster/dbsuper_pipeline/raw/encode_results/files/control/ENCSR639HUV/ENCFF385YRR.fastq.gz,,1,,,
ENCSR642QDW,/nfs-stor/akshat.mistry/cluster/dbsuper_pipeline/raw/encode_results/files/control/ENCSR642QDW/ENCFF010XKC.fastq.gz,,1,,,
ENCSR642QDW,/nfs-stor/akshat.mistry/cluster/dbsuper_pipeline/raw/encode_results/files/control/ENCSR642QDW/ENCFF048DDF.fastq.gz,,1,,,
ENCSR642QDW,/nfs-stor/akshat.mistry/cluster/dbsuper_pipeline/raw/encode_results/files/control/ENCSR642QDW/ENCFF241LMO.fastq.gz,,2,,,
ENCSR642QDW,/nfs-stor/akshat.mistry/cluster/dbsuper_pipeline/raw/encode_results/files/control/ENCSR642QDW/ENCFF361CTF.fastq.gz,,2,,,
ENCSR644XSS,/nfs-stor/akshat.mistry/cluster/dbsuper_pipeline/raw/encode_results/files/control/ENCSR644XSS/ENCFF088PAL.fastq.gz,,1,,,
ENCSR644XSS,/nfs-stor/akshat.mistry/cluster/dbsuper_pipeline/raw/encode_results/files/control/ENCSR644XSS/ENCFF417GHC.fastq.gz,,1,,,
ENCSR644XSS,/nfs-stor/akshat.mistry/cluster/dbsuper_pipeline/raw/encode_results/files/control/ENCSR644XSS/ENCFF286KQR.fastq.gz,,1,,,
ENCSR644XSS,/nfs-stor/akshat.mistry/cluster/dbsuper_pipeline/raw/encode_results/files/control/ENCSR644XSS/ENCFF336CGP.fastq.gz,,1,,,
ENCSR644XSS,/nfs-stor/akshat.mistry/cluster/dbsuper_pipeline/raw/encode_results/files/control/ENCSR644XSS/ENCFF491EFC.fastq.gz,,1,,,
ENCSR644XSS,/nfs-stor/akshat.mistry/cluster/dbsuper_pipeline/raw/encode_results/files/control/ENCSR644XSS/ENCFF846ERB.fastq.gz,,1,,,
ENCSR646FGM,/nfs-stor/akshat.mistry/cluster/dbsuper_pipeline/raw/encode_results/files/control/ENCSR646FGM/ENCFF097ESU.fastq.gz,,1,,,
ENCSR646FGM,/nfs-stor/akshat.mistry/cluster/dbsuper_pipeline/raw/encode_results/files/control/ENCSR646FGM/ENCFF112ANY.fastq.gz,,1,,,
ENCSR646FGM,/nfs-stor/akshat.mistry/cluster/dbsuper_pipeline/raw/encode_results/files/control/ENCSR646FGM/ENCFF488ANK.fastq.gz,,1,,,
ENCSR646FGM,/nfs-stor/akshat.mistry/cluster/dbsuper_pipeline/raw/encode_results/files/control/ENCSR646FGM/ENCFF640FUN.fastq.gz,,1,,,
ENCSR646FGM,/nfs-stor/akshat.mistry/cluster/dbsuper_pipeline/raw/encode_results/files/control/ENCSR646FGM/ENCFF313JSZ.fastq.gz,,1,,,
ENCSR646FGM,/nfs-stor/akshat.mistry/cluster/dbsuper_pipeline/raw/encode_results/files/control/ENCSR646FGM/ENCFF494HXX.fastq.gz,,1,,,
ENCSR646FGM,/nfs-stor/akshat.mistry/cluster/dbsuper_pipeline/raw/encode_results/files/control/ENCSR646FGM/ENCFF528SCV.fastq.gz,,1,,,
ENCSR646FGM,/nfs-stor/akshat.mistry/cluster/dbsuper_pipeline/raw/encode_results/files/control/ENCSR646FGM/ENCFF803PUZ.fastq.gz,,1,,,
ENCSR650AIN,/nfs-stor/akshat.mistry/cluster/dbsuper_pipeline/raw/encode_results/files/control/ENCSR650AIN/ENCFF125HRP.fastq.gz,,1,,,
ENCSR650AIN,/nfs-stor/akshat.mistry/cluster/dbsuper_pipeline/raw/encode_results/files/control/ENCSR650AIN/ENCFF284IIO.fastq.gz,,1,,,
ENCSR650AIN,/nfs-stor/akshat.mistry/cluster/dbsuper_pipeline/raw/encode_results/files/control/ENCSR650AIN/ENCFF287CYP.fastq.gz,,1,,,
ENCSR650AIN,/nfs-stor/akshat.mistry/cluster/dbsuper_pipeline/raw/encode_results/files/control/ENCSR650AIN/ENCFF319MHX.fastq.gz,,1,,,
ENCSR650AIN,/nfs-stor/akshat.mistry/cluster/dbsuper_pipeline/raw/encode_results/files/control/ENCSR650AIN/ENCFF469FKH.fastq.gz,,1,,,
ENCSR650AIN,/nfs-stor/akshat.mistry/cluster/dbsuper_pipeline/raw/encode_results/files/control/ENCSR650AIN/ENCFF726DGG.fastq.gz,,1,,,
ENCSR650AIN,/nfs-stor/akshat.mistry/cluster/dbsuper_pipeline/raw/encode_results/files/control/ENCSR650AIN/ENCFF802CEZ.fastq.gz,,1,,,
ENCSR650AIN,/nfs-stor/akshat.mistry/cluster/dbsuper_pipeline/raw/encode_results/files/control/ENCSR650AIN/ENCFF917MOC.fastq.gz,,1,,,
ENCSR650AIN,/nfs-stor/akshat.mistry/cluster/dbsuper_pipeline/raw/encode_results/files/control/ENCSR650AIN/ENCFF025VMD.fastq.gz,,1,,,
ENCSR650AIN,/nfs-stor/akshat.mistry/cluster/dbsuper_pipeline/raw/encode_results/files/control/ENCSR650AIN/ENCFF092DEJ.fastq.gz,,1,,,
ENCSR650AIN,/nfs-stor/akshat.mistry/cluster/dbsuper_pipeline/raw/encode_results/files/control/ENCSR650AIN/ENCFF550QHV.fastq.gz,,1,,,
ENCSR650AIN,/nfs-stor/akshat.mistry/cluster/dbsuper_pipeline/raw/encode_results/files/control/ENCSR650AIN/ENCFF597AKT.fastq.gz,,1,,,
ENCSR650AIN,/nfs-stor/akshat.mistry/cluster/dbsuper_pipeline/raw/encode_results/files/control/ENCSR650AIN/ENCFF183JUD.fastq.gz,,2,,,
ENCSR650AIN,/nfs-stor/akshat.mistry/cluster/dbsuper_pipeline/raw/encode_results/files/control/ENCSR650AIN/ENCFF505RYD.fastq.gz,,2,,,
ENCSR650AIN,/nfs-stor/akshat.mistry/cluster/dbsuper_pipeline/raw/encode_results/files/control/ENCSR650AIN/ENCFF605BSM.fastq.gz,,2,,,
ENCSR650AIN,/nfs-stor/akshat.mistry/cluster/dbsuper_pipeline/raw/encode_results/files/control/ENCSR650AIN/ENCFF732BGO.fastq.gz,,2,,,
ENCSR650AIN,/nfs-stor/akshat.mistry/cluster/dbsuper_pipeline/raw/encode_results/files/control/ENCSR650AIN/ENCFF125PCW.fastq.gz,,2,,,
ENCSR650AIN,/nfs-stor/akshat.mistry/cluster/dbsuper_pipeline/raw/encode_results/files/control/ENCSR650AIN/ENCFF779DJX.fastq.gz,,2,,,
ENCSR650AIN,/nfs-stor/akshat.mistry/cluster/dbsuper_pipeline/raw/encode_results/files/control/ENCSR650AIN/ENCFF805QZS.fastq.gz,,2,,,
ENCSR650AIN,/nfs-stor/akshat.mistry/cluster/dbsuper_pipeline/raw/encode_results/files/control/ENCSR650AIN/ENCFF877QHT.fastq.gz,,2,,,
ENCSR650EVQ,/nfs-stor/akshat.mistry/cluster/dbsuper_pipeline/raw/encode_results/files/control/ENCSR650EVQ/ENCFF018EDQ.fastq.gz,,1,,,
ENCSR650EVQ,/nfs-stor/akshat.mistry/cluster/dbsuper_pipeline/raw/encode_results/files/control/ENCSR650EVQ/ENCFF394YVI.fastq.gz,,1,,,
ENCSR650EVQ,/nfs-stor/akshat.mistry/cluster/dbsuper_pipeline/raw/encode_results/files/control/ENCSR650EVQ/ENCFF861CTR.fastq.gz,,1,,,
ENCSR650EVQ,/nfs-stor/akshat.mistry/cluster/dbsuper_pipeline/raw/encode_results/files/control/ENCSR650EVQ/ENCFF958RRI.fastq.gz,,1,,,
ENCSR651ISB,/nfs-stor/akshat.mistry/cluster/dbsuper_pipeline/raw/encode_results/files/control/ENCSR651ISB/ENCFF116APJ.fastq.gz,,1,,,
ENCSR651ISB,/nfs-stor/akshat.mistry/cluster/dbsuper_pipeline/raw/encode_results/files/control/ENCSR651ISB/ENCFF355WSL.fastq.gz,,1,,,
ENCSR651ISB,/nfs-stor/akshat.mistry/cluster/dbsuper_pipeline/raw/encode_results/files/control/ENCSR651ISB/ENCFF049MGK.fastq.gz,,1,,,
ENCSR651ISB,/nfs-stor/akshat.mistry/cluster/dbsuper_pipeline/raw/encode_results/files/control/ENCSR651ISB/ENCFF688CVD.fastq.gz,,1,,,
ENCSR651ISB,/nfs-stor/akshat.mistry/cluster/dbsuper_pipeline/raw/encode_results/files/control/ENCSR651ISB/ENCFF133OAY.fastq.gz,,2,,,
ENCSR651ISB,/nfs-stor/akshat.mistry/cluster/dbsuper_pipeline/raw/encode_results/files/control/ENCSR651ISB/ENCFF218WDY.fastq.gz,,2,,,
ENCSR651ISB,/nfs-stor/akshat.mistry/cluster/dbsuper_pipeline/raw/encode_results/files/control/ENCSR651ISB/ENCFF582FZN.fastq.gz,,2,,,
ENCSR651ISB,/nfs-stor/akshat.mistry/cluster/dbsuper_pipeline/raw/encode_results/files/control/ENCSR651ISB/ENCFF763QXK.fastq.gz,,2,,,
ENCSR651ISB,/nfs-stor/akshat.mistry/cluster/dbsuper_pipeline/raw/encode_results/files/control/ENCSR651ISB/ENCFF053ELM.fastq.gz,,2,,,
ENCSR651ISB,/nfs-stor/akshat.mistry/cluster/dbsuper_pipeline/raw/encode_results/files/control/ENCSR651ISB/ENCFF118KSO.fastq.gz,,2,,,
ENCSR651ISB,/nfs-stor/akshat.mistry/cluster/dbsuper_pipeline/raw/encode_results/files/control/ENCSR651ISB/ENCFF627WIL.fastq.gz,,2,,,
ENCSR651ISB,/nfs-stor/akshat.mistry/cluster/dbsuper_pipeline/raw/encode_results/files/control/ENCSR651ISB/ENCFF733NVE.fastq.gz,,2,,,
ENCSR651ISB,/nfs-stor/akshat.mistry/cluster/dbsuper_pipeline/raw/encode_results/files/control/ENCSR651ISB/ENCFF305YDT.fastq.gz,,3,,,
ENCSR651ISB,/nfs-stor/akshat.mistry/cluster/dbsuper_pipeline/raw/encode_results/files/control/ENCSR651ISB/ENCFF588FZR.fastq.gz,,3,,,
ENCSR651ISB,/nfs-stor/akshat.mistry/cluster/dbsuper_pipeline/raw/encode_results/files/control/ENCSR651ISB/ENCFF670FUY.fastq.gz,,3,,,
ENCSR651ISB,/nfs-stor/akshat.mistry/cluster/dbsuper_pipeline/raw/encode_results/files/control/ENCSR651ISB/ENCFF724YLH.fastq.gz,,3,,,
ENCSR651ISB,/nfs-stor/akshat.mistry/cluster/dbsuper_pipeline/raw/encode_results/files/control/ENCSR651ISB/ENCFF280LQL.fastq.gz,,3,,,
ENCSR651ISB,/nfs-stor/akshat.mistry/cluster/dbsuper_pipeline/raw/encode_results/files/control/ENCSR651ISB/ENCFF563NMA.fastq.gz,,3,,,
ENCSR651ISB,/nfs-stor/akshat.mistry/cluster/dbsuper_pipeline/raw/encode_results/files/control/ENCSR651ISB/ENCFF698YKB.fastq.gz,,3,,,
ENCSR651ISB,/nfs-stor/akshat.mistry/cluster/dbsuper_pipeline/raw/encode_results/files/control/ENCSR651ISB/ENCFF868GZS.fastq.gz,,3,,,
ENCSR652EPR,/nfs-stor/akshat.mistry/cluster/dbsuper_pipeline/raw/encode_results/files/control/ENCSR652EPR/ENCFF067KOA.fastq.gz,,1,,,
ENCSR652EPR,/nfs-stor/akshat.mistry/cluster/dbsuper_pipeline/raw/encode_results/files/control/ENCSR652EPR/ENCFF142HVK.fastq.gz,,1,,,
ENCSR652EPR,/nfs-stor/akshat.mistry/cluster/dbsuper_pipeline/raw/encode_results/files/control/ENCSR652EPR/ENCFF145VOM.fastq.gz,,1,,,
ENCSR652EPR,/nfs-stor/akshat.mistry/cluster/dbsuper_pipeline/raw/encode_results/files/control/ENCSR652EPR/ENCFF228AVN.fastq.gz,,1,,,
ENCSR652ULP,/nfs-stor/akshat.mistry/cluster/dbsuper_pipeline/raw/encode_results/files/control/ENCSR652ULP/ENCFF597CXC.fastq.gz,,1,,,
ENCSR652ZLE,/nfs-stor/akshat.mistry/cluster/dbsuper_pipeline/raw/encode_results/files/control/ENCSR652ZLE/ENCFF182DKW.fastq.gz,,1,,,
ENCSR663GIS,/nfs-stor/akshat.mistry/cluster/dbsuper_pipeline/raw/encode_results/files/control/ENCSR663GIS/ENCFF468MPQ.fastq.gz,,1,,,
ENCSR672UXO,/nfs-stor/akshat.mistry/cluster/dbsuper_pipeline/raw/encode_results/files/control/ENCSR672UXO/ENCFF883MCA.fastq.gz,,1,,,
ENCSR683VJG,/nfs-stor/akshat.mistry/cluster/dbsuper_pipeline/raw/encode_results/files/control/ENCSR683VJG/ENCFF294ADK.fastq.gz,,1,,,
ENCSR683VJG,/nfs-stor/akshat.mistry/cluster/dbsuper_pipeline/raw/encode_results/files/control/ENCSR683VJG/ENCFF503CLZ.fastq.gz,,1,,,
ENCSR683VJG,/nfs-stor/akshat.mistry/cluster/dbsuper_pipeline/raw/encode_results/files/control/ENCSR683VJG/ENCFF595JFP.fastq.gz,,1,,,
ENCSR683VJG,/nfs-stor/akshat.mistry/cluster/dbsuper_pipeline/raw/encode_results/files/control/ENCSR683VJG/ENCFF805WCE.fastq.gz,,1,,,
ENCSR683VJG,/nfs-stor/akshat.mistry/cluster/dbsuper_pipeline/raw/encode_results/files/control/ENCSR683VJG/ENCFF043SEM.fastq.gz,,1,,,
ENCSR683VJG,/nfs-stor/akshat.mistry/cluster/dbsuper_pipeline/raw/encode_results/files/control/ENCSR683VJG/ENCFF302EGP.fastq.gz,,1,,,
ENCSR683VJG,/nfs-stor/akshat.mistry/cluster/dbsuper_pipeline/raw/encode_results/files/control/ENCSR683VJG/ENCFF402MWS.fastq.gz,,1,,,
ENCSR683VJG,/nfs-stor/akshat.mistry/cluster/dbsuper_pipeline/raw/encode_results/files/control/ENCSR683VJG/ENCFF797GKU.fastq.gz,,1,,,
ENCSR687YOP,/nfs-stor/akshat.mistry/cluster/dbsuper_pipeline/raw/encode_results/files/control/ENCSR687YOP/ENCFF224FXM.fastq.gz,,1,,,
ENCSR687ZYY,/nfs-stor/akshat.mistry/cluster/dbsuper_pipeline/raw/encode_results/files/control/ENCSR687ZYY/ENCFF043CYN.fastq.gz,,1,,,
ENCSR688CIB,/nfs-stor/akshat.mistry/cluster/dbsuper_pipeline/raw/encode_results/files/control/ENCSR688CIB/ENCFF219ZTD.fastq.gz,,1,,,
ENCSR688CIB,/nfs-stor/akshat.mistry/cluster/dbsuper_pipeline/raw/encode_results/files/control/ENCSR688CIB/ENCFF493KOY.fastq.gz,,1,,,
ENCSR688CIB,/nfs-stor/akshat.mistry/cluster/dbsuper_pipeline/raw/encode_results/files/control/ENCSR688CIB/ENCFF171PZA.fastq.gz,,1,,,
ENCSR694AEQ,/nfs-stor/akshat.mistry/cluster/dbsuper_pipeline/raw/encode_results/files/control/ENCSR694AEQ/ENCFF434FMH.fastq.gz,,1,,,
ENCSR696HNV,/nfs-stor/akshat.mistry/cluster/dbsuper_pipeline/raw/encode_results/files/control/ENCSR696HNV/ENCFF125ION.fastq.gz,,1,,,
ENCSR696HNV,/nfs-stor/akshat.mistry/cluster/dbsuper_pipeline/raw/encode_results/files/control/ENCSR696HNV/ENCFF583HJA.fastq.gz,,1,,,
ENCSR696HNV,/nfs-stor/akshat.mistry/cluster/dbsuper_pipeline/raw/encode_results/files/control/ENCSR696HNV/ENCFF592QUT.fastq.gz,,1,,,
ENCSR696HNV,/nfs-stor/akshat.mistry/cluster/dbsuper_pipeline/raw/encode_results/files/control/ENCSR696HNV/ENCFF940JPR.fastq.gz,,1,,,
ENCSR696HNV,/nfs-stor/akshat.mistry/cluster/dbsuper_pipeline/raw/encode_results/files/control/ENCSR696HNV/ENCFF014FMI.fastq.gz,,1,,,
ENCSR696HNV,/nfs-stor/akshat.mistry/cluster/dbsuper_pipeline/raw/encode_results/files/control/ENCSR696HNV/ENCFF062VXA.fastq.gz,,1,,,
ENCSR696HNV,/nfs-stor/akshat.mistry/cluster/dbsuper_pipeline/raw/encode_results/files/control/ENCSR696HNV/ENCFF118GYD.fastq.gz,,1,,,
ENCSR696HNV,/nfs-stor/akshat.mistry/cluster/dbsuper_pipeline/raw/encode_results/files/control/ENCSR696HNV/ENCFF293NAD.fastq.gz,,1,,,
ENCSR698TWO,/nfs-stor/akshat.mistry/cluster/dbsuper_pipeline/raw/encode_results/files/control/ENCSR698TWO/ENCFF368PMG.fastq.gz,,1,,,
ENCSR698YQL,/nfs-stor/akshat.mistry/cluster/dbsuper_pipeline/raw/encode_results/files/control/ENCSR698YQL/ENCFF035AXH.fastq.gz,,1,,,
ENCSR698YQL,/nfs-stor/akshat.mistry/cluster/dbsuper_pipeline/raw/encode_results/files/control/ENCSR698YQL/ENCFF096MXJ.fastq.gz,,1,,,
ENCSR698YQL,/nfs-stor/akshat.mistry/cluster/dbsuper_pipeline/raw/encode_results/files/control/ENCSR698YQL/ENCFF438PBH.fastq.gz,,1,,,
ENCSR698YQL,/nfs-stor/akshat.mistry/cluster/dbsuper_pipeline/raw/encode_results/files/control/ENCSR698YQL/ENCFF677MQT.fastq.gz,,1,,,
ENCSR698YQL,/nfs-stor/akshat.mistry/cluster/dbsuper_pipeline/raw/encode_results/files/control/ENCSR698YQL/ENCFF098LGA.fastq.gz,,1,,,
ENCSR698YQL,/nfs-stor/akshat.mistry/cluster/dbsuper_pipeline/raw/encode_results/files/control/ENCSR698YQL/ENCFF391JIN.fastq.gz,,1,,,
ENCSR698YQL,/nfs-stor/akshat.mistry/cluster/dbsuper_pipeline/raw/encode_results/files/control/ENCSR698YQL/ENCFF638ALM.fastq.gz,,1,,,
ENCSR698YQL,/nfs-stor/akshat.mistry/cluster/dbsuper_pipeline/raw/encode_results/files/control/ENCSR698YQL/ENCFF751CCT.fastq.gz,,1,,,
ENCSR700CAX,/nfs-stor/akshat.mistry/cluster/dbsuper_pipeline/raw/encode_results/files/control/ENCSR700CAX/ENCFF650QEJ.fastq.gz,,1,,,
ENCSR700CAX,/nfs-stor/akshat.mistry/cluster/dbsuper_pipeline/raw/encode_results/files/control/ENCSR700CAX/ENCFF782IRK.fastq.gz,,1,,,
ENCSR700CAX,/nfs-stor/akshat.mistry/cluster/dbsuper_pipeline/raw/encode_results/files/control/ENCSR700CAX/ENCFF417BHO.fastq.gz,,1,,,
ENCSR700CAX,/nfs-stor/akshat.mistry/cluster/dbsuper_pipeline/raw/encode_results/files/control/ENCSR700CAX/ENCFF741YPY.fastq.gz,,1,,,
ENCSR704QBF,/nfs-stor/akshat.mistry/cluster/dbsuper_pipeline/raw/encode_results/files/control/ENCSR704QBF/ENCFF817SAJ.fastq.gz,,1,,,
ENCSR704QBF,/nfs-stor/akshat.mistry/cluster/dbsuper_pipeline/raw/encode_results/files/control/ENCSR704QBF/ENCFF920GLC.fastq.gz,,1,,,
ENCSR707TMM,/nfs-stor/akshat.mistry/cluster/dbsuper_pipeline/raw/encode_results/files/control/ENCSR707TMM/ENCFF054LZZ.fastq.gz,,1,,,
ENCSR707TMM,/nfs-stor/akshat.mistry/cluster/dbsuper_pipeline/raw/encode_results/files/control/ENCSR707TMM/ENCFF168STH.fastq.gz,,1,,,
ENCSR707TMM,/nfs-stor/akshat.mistry/cluster/dbsuper_pipeline/raw/encode_results/files/control/ENCSR707TMM/ENCFF175GQQ.fastq.gz,,1,,,
ENCSR707TMM,/nfs-stor/akshat.mistry/cluster/dbsuper_pipeline/raw/encode_results/files/control/ENCSR707TMM/ENCFF606EYK.fastq.gz,,1,,,
ENCSR707TMM,/nfs-stor/akshat.mistry/cluster/dbsuper_pipeline/raw/encode_results/files/control/ENCSR707TMM/ENCFF825IBW.fastq.gz,,1,,,
ENCSR707TMM,/nfs-stor/akshat.mistry/cluster/dbsuper_pipeline/raw/encode_results/files/control/ENCSR707TMM/ENCFF084HEK.fastq.gz,,2,,,
ENCSR707TMM,/nfs-stor/akshat.mistry/cluster/dbsuper_pipeline/raw/encode_results/files/control/ENCSR707TMM/ENCFF088FNX.fastq.gz,,3,,,
ENCSR707TMM,/nfs-stor/akshat.mistry/cluster/dbsuper_pipeline/raw/encode_results/files/control/ENCSR707TMM/ENCFF599JOR.fastq.gz,,3,,,
ENCSR708OCZ,/nfs-stor/akshat.mistry/cluster/dbsuper_pipeline/raw/encode_results/files/control/ENCSR708OCZ/ENCFF374GFS.fastq.gz,,1,,,
ENCSR708OCZ,/nfs-stor/akshat.mistry/cluster/dbsuper_pipeline/raw/encode_results/files/control/ENCSR708OCZ/ENCFF900OVK.fastq.gz,,1,,,
ENCSR708OCZ,/nfs-stor/akshat.mistry/cluster/dbsuper_pipeline/raw/encode_results/files/control/ENCSR708OCZ/ENCFF628ACN.fastq.gz,,1,,,
ENCSR708OCZ,/nfs-stor/akshat.mistry/cluster/dbsuper_pipeline/raw/encode_results/files/control/ENCSR708OCZ/ENCFF669SFS.fastq.gz,,1,,,
ENCSR708OCZ,/nfs-stor/akshat.mistry/cluster/dbsuper_pipeline/raw/encode_results/files/control/ENCSR708OCZ/ENCFF065YVM.fastq.gz,,1,,,
ENCSR708OCZ,/nfs-stor/akshat.mistry/cluster/dbsuper_pipeline/raw/encode_results/files/control/ENCSR708OCZ/ENCFF378TZE.fastq.gz,,1,,,
ENCSR708TMV,/nfs-stor/akshat.mistry/cluster/dbsuper_pipeline/raw/encode_results/files/control/ENCSR708TMV/ENCFF362IJE.fastq.gz,,1,,,
ENCSR708TMV,/nfs-stor/akshat.mistry/cluster/dbsuper_pipeline/raw/encode_results/files/control/ENCSR708TMV/ENCFF400KZD.fastq.gz,,1,,,
ENCSR708TMV,/nfs-stor/akshat.mistry/cluster/dbsuper_pipeline/raw/encode_results/files/control/ENCSR708TMV/ENCFF450RDO.fastq.gz,,1,,,
ENCSR708TMV,/nfs-stor/akshat.mistry/cluster/dbsuper_pipeline/raw/encode_results/files/control/ENCSR708TMV/ENCFF942GWK.fastq.gz,,1,,,
ENCSR708TMV,/nfs-stor/akshat.mistry/cluster/dbsuper_pipeline/raw/encode_results/files/control/ENCSR708TMV/ENCFF341KCY.fastq.gz,,1,,,
ENCSR708TMV,/nfs-stor/akshat.mistry/cluster/dbsuper_pipeline/raw/encode_results/files/control/ENCSR708TMV/ENCFF807LUV.fastq.gz,,1,,,
ENCSR708TMV,/nfs-stor/akshat.mistry/cluster/dbsuper_pipeline/raw/encode_results/files/control/ENCSR708TMV/ENCFF853CCE.fastq.gz,,1,,,
ENCSR708TMV,/nfs-stor/akshat.mistry/cluster/dbsuper_pipeline/raw/encode_results/files/control/ENCSR708TMV/ENCFF940ZOG.fastq.gz,,1,,,
ENCSR708TMV,/nfs-stor/akshat.mistry/cluster/dbsuper_pipeline/raw/encode_results/files/control/ENCSR708TMV/ENCFF010UJM.fastq.gz,,1,,,
ENCSR708TMV,/nfs-stor/akshat.mistry/cluster/dbsuper_pipeline/raw/encode_results/files/control/ENCSR708TMV/ENCFF615AJO.fastq.gz,,1,,,
ENCSR708TMV,/nfs-stor/akshat.mistry/cluster/dbsuper_pipeline/raw/encode_results/files/control/ENCSR708TMV/ENCFF922WUR.fastq.gz,,1,,,
ENCSR708TMV,/nfs-stor/akshat.mistry/cluster/dbsuper_pipeline/raw/encode_results/files/control/ENCSR708TMV/ENCFF997QBR.fastq.gz,,1,,,
ENCSR708TMV,/nfs-stor/akshat.mistry/cluster/dbsuper_pipeline/raw/encode_results/files/control/ENCSR708TMV/ENCFF012OYK.fastq.gz,,1,,,
ENCSR708TMV,/nfs-stor/akshat.mistry/cluster/dbsuper_pipeline/raw/encode_results/files/control/ENCSR708TMV/ENCFF045KEC.fastq.gz,,1,,,
ENCSR708TMV,/nfs-stor/akshat.mistry/cluster/dbsuper_pipeline/raw/encode_results/files/control/ENCSR708TMV/ENCFF149CSP.fastq.gz,,1,,,
ENCSR708TMV,/nfs-stor/akshat.mistry/cluster/dbsuper_pipeline/raw/encode_results/files/control/ENCSR708TMV/ENCFF952RWT.fastq.gz,,1,,,
ENCSR711URW,/nfs-stor/akshat.mistry/cluster/dbsuper_pipeline/raw/encode_results/files/control/ENCSR711URW/ENCFF676NVD.fastq.gz,,1,,,
ENCSR711URW,/nfs-stor/akshat.mistry/cluster/dbsuper_pipeline/raw/encode_results/files/control/ENCSR711URW/ENCFF987UPV.fastq.gz,,1,,,
ENCSR711URW,/nfs-stor/akshat.mistry/cluster/dbsuper_pipeline/raw/encode_results/files/control/ENCSR711URW/ENCFF395SFG.fastq.gz,,1,,,
ENCSR711URW,/nfs-stor/akshat.mistry/cluster/dbsuper_pipeline/raw/encode_results/files/control/ENCSR711URW/ENCFF665KVL.fastq.gz,,1,,,
ENCSR711URW,/nfs-stor/akshat.mistry/cluster/dbsuper_pipeline/raw/encode_results/files/control/ENCSR711URW/ENCFF381PRV.fastq.gz,,2,,,
ENCSR711URW,/nfs-stor/akshat.mistry/cluster/dbsuper_pipeline/raw/encode_results/files/control/ENCSR711URW/ENCFF706YBP.fastq.gz,,2,,,
ENCSR711URW,/nfs-stor/akshat.mistry/cluster/dbsuper_pipeline/raw/encode_results/files/control/ENCSR711URW/ENCFF781NAI.fastq.gz,,2,,,
ENCSR711URW,/nfs-stor/akshat.mistry/cluster/dbsuper_pipeline/raw/encode_results/files/control/ENCSR711URW/ENCFF782IVM.fastq.gz,,2,,,
ENCSR711URW,/nfs-stor/akshat.mistry/cluster/dbsuper_pipeline/raw/encode_results/files/control/ENCSR711URW/ENCFF901IKR.fastq.gz,,2,,,
ENCSR711URW,/nfs-stor/akshat.mistry/cluster/dbsuper_pipeline/raw/encode_results/files/control/ENCSR711URW/ENCFF960KHR.fastq.gz,,2,,,
ENCSR711URW,/nfs-stor/akshat.mistry/cluster/dbsuper_pipeline/raw/encode_results/files/control/ENCSR711URW/ENCFF002MFG.fastq.gz,,2,,,
ENCSR711URW,/nfs-stor/akshat.mistry/cluster/dbsuper_pipeline/raw/encode_results/files/control/ENCSR711URW/ENCFF149SVR.fastq.gz,,2,,,
ENCSR711URW,/nfs-stor/akshat.mistry/cluster/dbsuper_pipeline/raw/encode_results/files/control/ENCSR711URW/ENCFF399TYX.fastq.gz,,2,,,
ENCSR711URW,/nfs-stor/akshat.mistry/cluster/dbsuper_pipeline/raw/encode_results/files/control/ENCSR711URW/ENCFF420XCA.fastq.gz,,2,,,
ENCSR711URW,/nfs-stor/akshat.mistry/cluster/dbsuper_pipeline/raw/encode_results/files/control/ENCSR711URW/ENCFF455PUA.fastq.gz,,2,,,
ENCSR711URW,/nfs-stor/akshat.mistry/cluster/dbsuper_pipeline/raw/encode_results/files/control/ENCSR711URW/ENCFF679EXB.fastq.gz,,2,,,
ENCSR714CKG,/nfs-stor/akshat.mistry/cluster/dbsuper_pipeline/raw/encode_results/files/control/ENCSR714CKG/ENCFF416TNH.fastq.gz,,1,,,
ENCSR714GKF,/nfs-stor/akshat.mistry/cluster/dbsuper_pipeline/raw/encode_results/files/control/ENCSR714GKF/ENCFF045UXL.fastq.gz,,1,,,
ENCSR714GKF,/nfs-stor/akshat.mistry/cluster/dbsuper_pipeline/raw/encode_results/files/control/ENCSR714GKF/ENCFF901ZCB.fastq.gz,,1,,,
ENCSR714GKF,/nfs-stor/akshat.mistry/cluster/dbsuper_pipeline/raw/encode_results/files/control/ENCSR714GKF/ENCFF987VLX.fastq.gz,,1,,,
ENCSR714GKF,/nfs-stor/akshat.mistry/cluster/dbsuper_pipeline/raw/encode_results/files/control/ENCSR714GKF/ENCFF999TGW.fastq.gz,,1,,,
ENCSR714GKF,/nfs-stor/akshat.mistry/cluster/dbsuper_pipeline/raw/encode_results/files/control/ENCSR714GKF/ENCFF392JFP.fastq.gz,,1,,,
ENCSR714GKF,/nfs-stor/akshat.mistry/cluster/dbsuper_pipeline/raw/encode_results/files/control/ENCSR714GKF/ENCFF453BES.fastq.gz,,1,,,
ENCSR714GKF,/nfs-stor/akshat.mistry/cluster/dbsuper_pipeline/raw/encode_results/files/control/ENCSR714GKF/ENCFF514IZO.fastq.gz,,1,,,
ENCSR714GKF,/nfs-stor/akshat.mistry/cluster/dbsuper_pipeline/raw/encode_results/files/control/ENCSR714GKF/ENCFF658LQY.fastq.gz,,1,,,
ENCSR716BTZ,/nfs-stor/akshat.mistry/cluster/dbsuper_pipeline/raw/encode_results/files/control/ENCSR716BTZ/ENCFF273KUS.fastq.gz,,1,,,
ENCSR716BTZ,/nfs-stor/akshat.mistry/cluster/dbsuper_pipeline/raw/encode_results/files/control/ENCSR716BTZ/ENCFF872HTM.fastq.gz,,2,,,
ENCSR720GSE,/nfs-stor/akshat.mistry/cluster/dbsuper_pipeline/raw/encode_results/files/control/ENCSR720GSE/ENCFF411REJ.fastq.gz,,1,,,
ENCSR720GSE,/nfs-stor/akshat.mistry/cluster/dbsuper_pipeline/raw/encode_results/files/control/ENCSR720GSE/ENCFF130NIU.fastq.gz,,1,,,
ENCSR720GSE,/nfs-stor/akshat.mistry/cluster/dbsuper_pipeline/raw/encode_results/files/control/ENCSR720GSE/ENCFF218VYP.fastq.gz,,1,,,
ENCSR720GSE,/nfs-stor/akshat.mistry/cluster/dbsuper_pipeline/raw/encode_results/files/control/ENCSR720GSE/ENCFF303RYF.fastq.gz,,2,,,
ENCSR720GSE,/nfs-stor/akshat.mistry/cluster/dbsuper_pipeline/raw/encode_results/files/control/ENCSR720GSE/ENCFF324AOR.fastq.gz,,2,,,
ENCSR720GSE,/nfs-stor/akshat.mistry/cluster/dbsuper_pipeline/raw/encode_results/files/control/ENCSR720GSE/ENCFF337HED.fastq.gz,,2,,,
ENCSR723FET,/nfs-stor/akshat.mistry/cluster/dbsuper_pipeline/raw/encode_results/files/control/ENCSR723FET/ENCFF002IJA.fastq.gz,,1,,,
ENCSR726FHN,/nfs-stor/akshat.mistry/cluster/dbsuper_pipeline/raw/encode_results/files/control/ENCSR726FHN/ENCFF759TWG.fastq.gz,,1,,,
ENCSR726FHN,/nfs-stor/akshat.mistry/cluster/dbsuper_pipeline/raw/encode_results/files/control/ENCSR726FHN/ENCFF948YKM.fastq.gz,,1,,,
ENCSR728EIP,/nfs-stor/akshat.mistry/cluster/dbsuper_pipeline/raw/encode_results/files/control/ENCSR728EIP/ENCFF161GJB.fastq.gz,,1,,,
ENCSR728EIP,/nfs-stor/akshat.mistry/cluster/dbsuper_pipeline/raw/encode_results/files/control/ENCSR728EIP/ENCFF189XAT.fastq.gz,,1,,,
ENCSR728EIP,/nfs-stor/akshat.mistry/cluster/dbsuper_pipeline/raw/encode_results/files/control/ENCSR728EIP/ENCFF542VAB.fastq.gz,,1,,,
ENCSR728EIP,/nfs-stor/akshat.mistry/cluster/dbsuper_pipeline/raw/encode_results/files/control/ENCSR728EIP/ENCFF940ZBZ.fastq.gz,,1,,,
ENCSR728EIP,/nfs-stor/akshat.mistry/cluster/dbsuper_pipeline/raw/encode_results/files/control/ENCSR728EIP/ENCFF128UXV.fastq.gz,,1,,,
ENCSR728EIP,/nfs-stor/akshat.mistry/cluster/dbsuper_pipeline/raw/encode_results/files/control/ENCSR728EIP/ENCFF156FRX.fastq.gz,,1,,,
ENCSR728EIP,/nfs-stor/akshat.mistry/cluster/dbsuper_pipeline/raw/encode_results/files/control/ENCSR728EIP/ENCFF709BAX.fastq.gz,,1,,,
ENCSR728EIP,/nfs-stor/akshat.mistry/cluster/dbsuper_pipeline/raw/encode_results/files/control/ENCSR728EIP/ENCFF982YKD.fastq.gz,,1,,,
ENCSR729MRJ,/nfs-stor/akshat.mistry/cluster/dbsuper_pipeline/raw/encode_results/files/control/ENCSR729MRJ/ENCFF028KGR.fastq.gz,,1,,,
ENCSR729MRJ,/nfs-stor/akshat.mistry/cluster/dbsuper_pipeline/raw/encode_results/files/control/ENCSR729MRJ/ENCFF656VEQ.fastq.gz,,1,,,
ENCSR729MRJ,/nfs-stor/akshat.mistry/cluster/dbsuper_pipeline/raw/encode_results/files/control/ENCSR729MRJ/ENCFF920FCI.fastq.gz,,1,,,
ENCSR729MRJ,/nfs-stor/akshat.mistry/cluster/dbsuper_pipeline/raw/encode_results/files/control/ENCSR729MRJ/ENCFF841FEP.fastq.gz,,2,,,
ENCSR732BRB,/nfs-stor/akshat.mistry/cluster/dbsuper_pipeline/raw/encode_results/files/control/ENCSR732BRB/ENCFF022KLQ.fastq.gz,,1,,,
ENCSR732BRB,/nfs-stor/akshat.mistry/cluster/dbsuper_pipeline/raw/encode_results/files/control/ENCSR732BRB/ENCFF057EWO.fastq.gz,,1,,,
ENCSR732BRB,/nfs-stor/akshat.mistry/cluster/dbsuper_pipeline/raw/encode_results/files/control/ENCSR732BRB/ENCFF081REG.fastq.gz,,1,,,
ENCSR732BRB,/nfs-stor/akshat.mistry/cluster/dbsuper_pipeline/raw/encode_results/files/control/ENCSR732BRB/ENCFF160VTF.fastq.gz,,1,,,
ENCSR732BRB,/nfs-stor/akshat.mistry/cluster/dbsuper_pipeline/raw/encode_results/files/control/ENCSR732BRB/ENCFF247IJT.fastq.gz,,1,,,
ENCSR732BRB,/nfs-stor/akshat.mistry/cluster/dbsuper_pipeline/raw/encode_results/files/control/ENCSR732BRB/ENCFF626IQA.fastq.gz,,1,,,
ENCSR732BRB,/nfs-stor/akshat.mistry/cluster/dbsuper_pipeline/raw/encode_results/files/control/ENCSR732BRB/ENCFF751ZMP.fastq.gz,,1,,,
ENCSR732BRB,/nfs-stor/akshat.mistry/cluster/dbsuper_pipeline/raw/encode_results/files/control/ENCSR732BRB/ENCFF808ANM.fastq.gz,,1,,,
ENCSR732BRB,/nfs-stor/akshat.mistry/cluster/dbsuper_pipeline/raw/encode_results/files/control/ENCSR732BRB/ENCFF082AEM.fastq.gz,,1,,,
ENCSR732BRB,/nfs-stor/akshat.mistry/cluster/dbsuper_pipeline/raw/encode_results/files/control/ENCSR732BRB/ENCFF368TFJ.fastq.gz,,1,,,
ENCSR732BRB,/nfs-stor/akshat.mistry/cluster/dbsuper_pipeline/raw/encode_results/files/control/ENCSR732BRB/ENCFF928LXR.fastq.gz,,1,,,
ENCSR732BRB,/nfs-stor/akshat.mistry/cluster/dbsuper_pipeline/raw/encode_results/files/control/ENCSR732BRB/ENCFF968JJZ.fastq.gz,,1,,,
ENCSR739QEI,/nfs-stor/akshat.mistry/cluster/dbsuper_pipeline/raw/encode_results/files/control/ENCSR739QEI/ENCFF133HFC.fastq.gz,,1,,,
ENCSR739QEI,/nfs-stor/akshat.mistry/cluster/dbsuper_pipeline/raw/encode_results/files/control/ENCSR739QEI/ENCFF222JSS.fastq.gz,,1,,,
ENCSR739QEI,/nfs-stor/akshat.mistry/cluster/dbsuper_pipeline/raw/encode_results/files/control/ENCSR739QEI/ENCFF268OMT.fastq.gz,,1,,,
ENCSR739QEI,/nfs-stor/akshat.mistry/cluster/dbsuper_pipeline/raw/encode_results/files/control/ENCSR739QEI/ENCFF324ZCT.fastq.gz,,1,,,
ENCSR739QEI,/nfs-stor/akshat.mistry/cluster/dbsuper_pipeline/raw/encode_results/files/control/ENCSR739QEI/ENCFF572DOE.fastq.gz,,1,,,
ENCSR739QEI,/nfs-stor/akshat.mistry/cluster/dbsuper_pipeline/raw/encode_results/files/control/ENCSR739QEI/ENCFF803HRX.fastq.gz,,1,,,
ENCSR739QEI,/nfs-stor/akshat.mistry/cluster/dbsuper_pipeline/raw/encode_results/files/control/ENCSR739QEI/ENCFF948BHQ.fastq.gz,,1,,,
ENCSR739QEI,/nfs-stor/akshat.mistry/cluster/dbsuper_pipeline/raw/encode_results/files/control/ENCSR739QEI/ENCFF992BVO.fastq.gz,,1,,,
ENCSR739QEI,/nfs-stor/akshat.mistry/cluster/dbsuper_pipeline/raw/encode_results/files/control/ENCSR739QEI/ENCFF005OTS.fastq.gz,,1,,,
ENCSR739QEI,/nfs-stor/akshat.mistry/cluster/dbsuper_pipeline/raw/encode_results/files/control/ENCSR739QEI/ENCFF381VZP.fastq.gz,,1,,,
ENCSR739QEI,/nfs-stor/akshat.mistry/cluster/dbsuper_pipeline/raw/encode_results/files/control/ENCSR739QEI/ENCFF452KVD.fastq.gz,,1,,,
ENCSR739QEI,/nfs-stor/akshat.mistry/cluster/dbsuper_pipeline/raw/encode_results/files/control/ENCSR739QEI/ENCFF499OHG.fastq.gz,,1,,,
ENCSR742WWB,/nfs-stor/akshat.mistry/cluster/dbsuper_pipeline/raw/encode_results/files/control/ENCSR742WWB/ENCFF002AYR.fastq.gz,,1,,,
ENCSR742WWB,/nfs-stor/akshat.mistry/cluster/dbsuper_pipeline/raw/encode_results/files/control/ENCSR742WWB/ENCFF002AXQ.fastq.gz,,2,,,
ENCSR744SMV,/nfs-stor/akshat.mistry/cluster/dbsuper_pipeline/raw/encode_results/files/control/ENCSR744SMV/ENCFF665HEV.fastq.gz,,1,,,
ENCSR745AVM,/nfs-stor/akshat.mistry/cluster/dbsuper_pipeline/raw/encode_results/files/control/ENCSR745AVM/ENCFF266NWC.fastq.gz,,1,,,
ENCSR745AVM,/nfs-stor/akshat.mistry/cluster/dbsuper_pipeline/raw/encode_results/files/control/ENCSR745AVM/ENCFF335HWN.fastq.gz,,1,,,
ENCSR745AVM,/nfs-stor/akshat.mistry/cluster/dbsuper_pipeline/raw/encode_results/files/control/ENCSR745AVM/ENCFF596NZP.fastq.gz,,1,,,
ENCSR745AVM,/nfs-stor/akshat.mistry/cluster/dbsuper_pipeline/raw/encode_results/files/control/ENCSR745AVM/ENCFF931VGY.fastq.gz,,1,,,
ENCSR745AVM,/nfs-stor/akshat.mistry/cluster/dbsuper_pipeline/raw/encode_results/files/control/ENCSR745AVM/ENCFF210URV.fastq.gz,,1,,,
ENCSR745AVM,/nfs-stor/akshat.mistry/cluster/dbsuper_pipeline/raw/encode_results/files/control/ENCSR745AVM/ENCFF262JGZ.fastq.gz,,1,,,
ENCSR745AVM,/nfs-stor/akshat.mistry/cluster/dbsuper_pipeline/raw/encode_results/files/control/ENCSR745AVM/ENCFF278JEB.fastq.gz,,1,,,
ENCSR745AVM,/nfs-stor/akshat.mistry/cluster/dbsuper_pipeline/raw/encode_results/files/control/ENCSR745AVM/ENCFF348ELZ.fastq.gz,,1,,,
ENCSR745AVM,/nfs-stor/akshat.mistry/cluster/dbsuper_pipeline/raw/encode_results/files/control/ENCSR745AVM/ENCFF356KXR.fastq.gz,,1,,,
ENCSR745AVM,/nfs-stor/akshat.mistry/cluster/dbsuper_pipeline/raw/encode_results/files/control/ENCSR745AVM/ENCFF561DOE.fastq.gz,,1,,,
ENCSR745AVM,/nfs-stor/akshat.mistry/cluster/dbsuper_pipeline/raw/encode_results/files/control/ENCSR745AVM/ENCFF621TUU.fastq.gz,,1,,,
ENCSR745AVM,/nfs-stor/akshat.mistry/cluster/dbsuper_pipeline/raw/encode_results/files/control/ENCSR745AVM/ENCFF673ILC.fastq.gz,,1,,,
ENCSR746QZL,/nfs-stor/akshat.mistry/cluster/dbsuper_pipeline/raw/encode_results/files/control/ENCSR746QZL/ENCFF197ZIR.fastq.gz,,1,,,
ENCSR746QZL,/nfs-stor/akshat.mistry/cluster/dbsuper_pipeline/raw/encode_results/files/control/ENCSR746QZL/ENCFF412QKG.fastq.gz,,1,,,
ENCSR746QZL,/nfs-stor/akshat.mistry/cluster/dbsuper_pipeline/raw/encode_results/files/control/ENCSR746QZL/ENCFF420TPT.fastq.gz,,1,,,
ENCSR746QZL,/nfs-stor/akshat.mistry/cluster/dbsuper_pipeline/raw/encode_results/files/control/ENCSR746QZL/ENCFF538TOX.fastq.gz,,1,,,
ENCSR746QZL,/nfs-stor/akshat.mistry/cluster/dbsuper_pipeline/raw/encode_results/files/control/ENCSR746QZL/ENCFF917PJD.fastq.gz,,1,,,
ENCSR746QZL,/nfs-stor/akshat.mistry/cluster/dbsuper_pipeline/raw/encode_results/files/control/ENCSR746QZL/ENCFF992RYH.fastq.gz,,1,,,
ENCSR749YQP,/nfs-stor/akshat.mistry/cluster/dbsuper_pipeline/raw/encode_results/files/control/ENCSR749YQP/ENCFF079ZJV.fastq.gz,,1,,,
ENCSR749YQP,/nfs-stor/akshat.mistry/cluster/dbsuper_pipeline/raw/encode_results/files/control/ENCSR749YQP/ENCFF239ASS.fastq.gz,,1,,,
ENCSR749YQP,/nfs-stor/akshat.mistry/cluster/dbsuper_pipeline/raw/encode_results/files/control/ENCSR749YQP/ENCFF880COG.fastq.gz,,1,,,
ENCSR749YQP,/nfs-stor/akshat.mistry/cluster/dbsuper_pipeline/raw/encode_results/files/control/ENCSR749YQP/ENCFF978MPY.fastq.gz,,1,,,
ENCSR749YQP,/nfs-stor/akshat.mistry/cluster/dbsuper_pipeline/raw/encode_results/files/control/ENCSR749YQP/ENCFF126LFI.fastq.gz,,1,,,
ENCSR749YQP,/nfs-stor/akshat.mistry/cluster/dbsuper_pipeline/raw/encode_results/files/control/ENCSR749YQP/ENCFF420LBB.fastq.gz,,1,,,
ENCSR749YQP,/nfs-stor/akshat.mistry/cluster/dbsuper_pipeline/raw/encode_results/files/control/ENCSR749YQP/ENCFF427MOO.fastq.gz,,1,,,
ENCSR749YQP,/nfs-stor/akshat.mistry/cluster/dbsuper_pipeline/raw/encode_results/files/control/ENCSR749YQP/ENCFF730HYT.fastq.gz,,1,,,
ENCSR750BQT,/nfs-stor/akshat.mistry/cluster/dbsuper_pipeline/raw/encode_results/files/control/ENCSR750BQT/ENCFF159GDE.fastq.gz,,1,,,
ENCSR750BQT,/nfs-stor/akshat.mistry/cluster/dbsuper_pipeline/raw/encode_results/files/control/ENCSR750BQT/ENCFF428IVR.fastq.gz,,1,,,
ENCSR750BQT,/nfs-stor/akshat.mistry/cluster/dbsuper_pipeline/raw/encode_results/files/control/ENCSR750BQT/ENCFF496MPM.fastq.gz,,1,,,
ENCSR750BQT,/nfs-stor/akshat.mistry/cluster/dbsuper_pipeline/raw/encode_results/files/control/ENCSR750BQT/ENCFF757XGL.fastq.gz,,1,,,
ENCSR750BQT,/nfs-stor/akshat.mistry/cluster/dbsuper_pipeline/raw/encode_results/files/control/ENCSR750BQT/ENCFF230JMS.fastq.gz,,1,,,
ENCSR750BQT,/nfs-stor/akshat.mistry/cluster/dbsuper_pipeline/raw/encode_results/files/control/ENCSR750BQT/ENCFF530UIH.fastq.gz,,1,,,
ENCSR750BQT,/nfs-stor/akshat.mistry/cluster/dbsuper_pipeline/raw/encode_results/files/control/ENCSR750BQT/ENCFF834DHJ.fastq.gz,,1,,,
ENCSR750BQT,/nfs-stor/akshat.mistry/cluster/dbsuper_pipeline/raw/encode_results/files/control/ENCSR750BQT/ENCFF984SIC.fastq.gz,,1,,,
ENCSR750DLX,/nfs-stor/akshat.mistry/cluster/dbsuper_pipeline/raw/encode_results/files/control/ENCSR750DLX/ENCFF276ZYK.fastq.gz,,1,,,
ENCSR750DLX,/nfs-stor/akshat.mistry/cluster/dbsuper_pipeline/raw/encode_results/files/control/ENCSR750DLX/ENCFF915CLU.fastq.gz,,1,,,
ENCSR750DLX,/nfs-stor/akshat.mistry/cluster/dbsuper_pipeline/raw/encode_results/files/control/ENCSR750DLX/ENCFF640NXU.fastq.gz,,1,,,
ENCSR750DLX,/nfs-stor/akshat.mistry/cluster/dbsuper_pipeline/raw/encode_results/files/control/ENCSR750DLX/ENCFF772RXF.fastq.gz,,1,,,
ENCSR754WVA,/nfs-stor/akshat.mistry/cluster/dbsuper_pipeline/raw/encode_results/files/control/ENCSR754WVA/ENCFF225QVL.fastq.gz,,1,,,
ENCSR768LHG,/nfs-stor/akshat.mistry/cluster/dbsuper_pipeline/raw/encode_results/files/control/ENCSR768LHG/ENCFF640MKX.fastq.gz,,1,,,
ENCSR768LHG,/nfs-stor/akshat.mistry/cluster/dbsuper_pipeline/raw/encode_results/files/control/ENCSR768LHG/ENCFF318ZNB.fastq.gz,,1,,,
ENCSR768LHG,/nfs-stor/akshat.mistry/cluster/dbsuper_pipeline/raw/encode_results/files/control/ENCSR768LHG/ENCFF222VRH.fastq.gz,,2,,,
ENCSR768LHG,/nfs-stor/akshat.mistry/cluster/dbsuper_pipeline/raw/encode_results/files/control/ENCSR768LHG/ENCFF595BTS.fastq.gz,,2,,,
ENCSR770XRC,/nfs-stor/akshat.mistry/cluster/dbsuper_pipeline/raw/encode_results/files/control/ENCSR770XRC/ENCFF012IMV.fastq.gz,,1,,,
ENCSR770XRC,/nfs-stor/akshat.mistry/cluster/dbsuper_pipeline/raw/encode_results/files/control/ENCSR770XRC/ENCFF067LRU.fastq.gz,,1,,,
ENCSR770XRC,/nfs-stor/akshat.mistry/cluster/dbsuper_pipeline/raw/encode_results/files/control/ENCSR770XRC/ENCFF298SNZ.fastq.gz,,1,,,
ENCSR770XRC,/nfs-stor/akshat.mistry/cluster/dbsuper_pipeline/raw/encode_results/files/control/ENCSR770XRC/ENCFF903KEU.fastq.gz,,1,,,
ENCSR770XRC,/nfs-stor/akshat.mistry/cluster/dbsuper_pipeline/raw/encode_results/files/control/ENCSR770XRC/ENCFF047CGD.fastq.gz,,1,,,
ENCSR770XRC,/nfs-stor/akshat.mistry/cluster/dbsuper_pipeline/raw/encode_results/files/control/ENCSR770XRC/ENCFF163MAI.fastq.gz,,1,,,
ENCSR770XRC,/nfs-stor/akshat.mistry/cluster/dbsuper_pipeline/raw/encode_results/files/control/ENCSR770XRC/ENCFF171LFR.fastq.gz,,1,,,
ENCSR770XRC,/nfs-stor/akshat.mistry/cluster/dbsuper_pipeline/raw/encode_results/files/control/ENCSR770XRC/ENCFF260WMY.fastq.gz,,1,,,
ENCSR771IOP,/nfs-stor/akshat.mistry/cluster/dbsuper_pipeline/raw/encode_results/files/control/ENCSR771IOP/ENCFF433TZR.fastq.gz,,1,,,
ENCSR772LYM,/nfs-stor/akshat.mistry/cluster/dbsuper_pipeline/raw/encode_results/files/control/ENCSR772LYM/ENCFF275KRJ.fastq.gz,,1,,,
ENCSR772LYM,/nfs-stor/akshat.mistry/cluster/dbsuper_pipeline/raw/encode_results/files/control/ENCSR772LYM/ENCFF324SQL.fastq.gz,,1,,,
ENCSR772LYM,/nfs-stor/akshat.mistry/cluster/dbsuper_pipeline/raw/encode_results/files/control/ENCSR772LYM/ENCFF481YBY.fastq.gz,,1,,,
ENCSR772LYM,/nfs-stor/akshat.mistry/cluster/dbsuper_pipeline/raw/encode_results/files/control/ENCSR772LYM/ENCFF946MZL.fastq.gz,,1,,,
ENCSR772LYM,/nfs-stor/akshat.mistry/cluster/dbsuper_pipeline/raw/encode_results/files/control/ENCSR772LYM/ENCFF017LOW.fastq.gz,,1,,,
ENCSR772LYM,/nfs-stor/akshat.mistry/cluster/dbsuper_pipeline/raw/encode_results/files/control/ENCSR772LYM/ENCFF339WTZ.fastq.gz,,1,,,
ENCSR772LYM,/nfs-stor/akshat.mistry/cluster/dbsuper_pipeline/raw/encode_results/files/control/ENCSR772LYM/ENCFF786TAN.fastq.gz,,1,,,
ENCSR772LYM,/nfs-stor/akshat.mistry/cluster/dbsuper_pipeline/raw/encode_results/files/control/ENCSR772LYM/ENCFF985HZM.fastq.gz,,1,,,
ENCSR773IYZ,/nfs-stor/akshat.mistry/cluster/dbsuper_pipeline/raw/encode_results/files/control/ENCSR773IYZ/ENCFF364HZK.fastq.gz,,1,,,
ENCSR773IYZ,/nfs-stor/akshat.mistry/cluster/dbsuper_pipeline/raw/encode_results/files/control/ENCSR773IYZ/ENCFF354HQX.fastq.gz,,2,,,
ENCSR773UBR,/nfs-stor/akshat.mistry/cluster/dbsuper_pipeline/raw/encode_results/files/control/ENCSR773UBR/ENCFF708ACP.fastq.gz,,1,,,
ENCSR773UBR,/nfs-stor/akshat.mistry/cluster/dbsuper_pipeline/raw/encode_results/files/control/ENCSR773UBR/ENCFF791CYY.fastq.gz,,1,,,
ENCSR773UBR,/nfs-stor/akshat.mistry/cluster/dbsuper_pipeline/raw/encode_results/files/control/ENCSR773UBR/ENCFF307NYE.fastq.gz,,1,,,
ENCSR773UBR,/nfs-stor/akshat.mistry/cluster/dbsuper_pipeline/raw/encode_results/files/control/ENCSR773UBR/ENCFF373SHC.fastq.gz,,1,,,
ENCSR774MLK,/nfs-stor/akshat.mistry/cluster/dbsuper_pipeline/raw/encode_results/files/control/ENCSR774MLK/ENCFF194AXF.fastq.gz,,1,,,
ENCSR774MLK,/nfs-stor/akshat.mistry/cluster/dbsuper_pipeline/raw/encode_results/files/control/ENCSR774MLK/ENCFF237HFY.fastq.gz,,1,,,
ENCSR774MLK,/nfs-stor/akshat.mistry/cluster/dbsuper_pipeline/raw/encode_results/files/control/ENCSR774MLK/ENCFF239DXZ.fastq.gz,,1,,,
ENCSR774MLK,/nfs-stor/akshat.mistry/cluster/dbsuper_pipeline/raw/encode_results/files/control/ENCSR774MLK/ENCFF569OWU.fastq.gz,,1,,,
ENCSR774MLK,/nfs-stor/akshat.mistry/cluster/dbsuper_pipeline/raw/encode_results/files/control/ENCSR774MLK/ENCFF597TVJ.fastq.gz,,1,,,
ENCSR774MLK,/nfs-stor/akshat.mistry/cluster/dbsuper_pipeline/raw/encode_results/files/control/ENCSR774MLK/ENCFF619DKB.fastq.gz,,1,,,
ENCSR775IMI,/nfs-stor/akshat.mistry/cluster/dbsuper_pipeline/raw/encode_results/files/control/ENCSR775IMI/ENCFF265JXW.fastq.gz,,1,,,
ENCSR775IMI,/nfs-stor/akshat.mistry/cluster/dbsuper_pipeline/raw/encode_results/files/control/ENCSR775IMI/ENCFF297UFN.fastq.gz,,1,,,
ENCSR775IMI,/nfs-stor/akshat.mistry/cluster/dbsuper_pipeline/raw/encode_results/files/control/ENCSR775IMI/ENCFF437OBX.fastq.gz,,1,,,
ENCSR777AJC,/nfs-stor/akshat.mistry/cluster/dbsuper_pipeline/raw/encode_results/files/control/ENCSR777AJC/ENCFF331DUR.fastq.gz,,1,,,
ENCSR777AJC,/nfs-stor/akshat.mistry/cluster/dbsuper_pipeline/raw/encode_results/files/control/ENCSR777AJC/ENCFF398IHE.fastq.gz,,1,,,
ENCSR777AJC,/nfs-stor/akshat.mistry/cluster/dbsuper_pipeline/raw/encode_results/files/control/ENCSR777AJC/ENCFF790WMQ.fastq.gz,,1,,,
ENCSR777AJC,/nfs-stor/akshat.mistry/cluster/dbsuper_pipeline/raw/encode_results/files/control/ENCSR777AJC/ENCFF827DIG.fastq.gz,,1,,,
ENCSR777AJC,/nfs-stor/akshat.mistry/cluster/dbsuper_pipeline/raw/encode_results/files/control/ENCSR777AJC/ENCFF087CZS.fastq.gz,,1,,,
ENCSR777AJC,/nfs-stor/akshat.mistry/cluster/dbsuper_pipeline/raw/encode_results/files/control/ENCSR777AJC/ENCFF671WQP.fastq.gz,,1,,,
ENCSR777VQP,/nfs-stor/akshat.mistry/cluster/dbsuper_pipeline/raw/encode_results/files/control/ENCSR777VQP/ENCFF297YQY.fastq.gz,,1,,,
ENCSR780UWK,/nfs-stor/akshat.mistry/cluster/dbsuper_pipeline/raw/encode_results/files/control/ENCSR780UWK/ENCFF043RFW.fastq.gz,,1,,,
ENCSR780UWK,/nfs-stor/akshat.mistry/cluster/dbsuper_pipeline/raw/encode_results/files/control/ENCSR780UWK/ENCFF582UFD.fastq.gz,,1,,,
ENCSR785LQK,/nfs-stor/akshat.mistry/cluster/dbsuper_pipeline/raw/encode_results/files/control/ENCSR785LQK/ENCFF599QMS.fastq.gz,,1,,,
ENCSR785LQK,/nfs-stor/akshat.mistry/cluster/dbsuper_pipeline/raw/encode_results/files/control/ENCSR785LQK/ENCFF758FQH.fastq.gz,,1,,,
ENCSR799TWV,/nfs-stor/akshat.mistry/cluster/dbsuper_pipeline/raw/encode_results/files/control/ENCSR799TWV/ENCFF148FBA.fastq.gz,,1,,,
ENCSR799TWV,/nfs-stor/akshat.mistry/cluster/dbsuper_pipeline/raw/encode_results/files/control/ENCSR799TWV/ENCFF880KDO.fastq.gz,,1,,,
ENCSR799TWV,/nfs-stor/akshat.mistry/cluster/dbsuper_pipeline/raw/encode_results/files/control/ENCSR799TWV/ENCFF527MYS.fastq.gz,,1,,,
ENCSR799VTP,/nfs-stor/akshat.mistry/cluster/dbsuper_pipeline/raw/encode_results/files/control/ENCSR799VTP/ENCFF083MQH.fastq.gz,,1,,,
ENCSR799VTP,/nfs-stor/akshat.mistry/cluster/dbsuper_pipeline/raw/encode_results/files/control/ENCSR799VTP/ENCFF200SXO.fastq.gz,,1,,,
ENCSR799VTP,/nfs-stor/akshat.mistry/cluster/dbsuper_pipeline/raw/encode_results/files/control/ENCSR799VTP/ENCFF454TWG.fastq.gz,,1,,,
ENCSR799VTP,/nfs-stor/akshat.mistry/cluster/dbsuper_pipeline/raw/encode_results/files/control/ENCSR799VTP/ENCFF883ZEO.fastq.gz,,1,,,
ENCSR799VTP,/nfs-stor/akshat.mistry/cluster/dbsuper_pipeline/raw/encode_results/files/control/ENCSR799VTP/ENCFF051KRI.fastq.gz,,1,,,
ENCSR799VTP,/nfs-stor/akshat.mistry/cluster/dbsuper_pipeline/raw/encode_results/files/control/ENCSR799VTP/ENCFF132JRY.fastq.gz,,1,,,
ENCSR799VTP,/nfs-stor/akshat.mistry/cluster/dbsuper_pipeline/raw/encode_results/files/control/ENCSR799VTP/ENCFF311UYX.fastq.gz,,1,,,
ENCSR799VTP,/nfs-stor/akshat.mistry/cluster/dbsuper_pipeline/raw/encode_results/files/control/ENCSR799VTP/ENCFF632EWA.fastq.gz,,1,,,
ENCSR803JPO,/nfs-stor/akshat.mistry/cluster/dbsuper_pipeline/raw/encode_results/files/control/ENCSR803JPO/ENCFF105ODX.fastq.gz,,1,,,
ENCSR803JPO,/nfs-stor/akshat.mistry/cluster/dbsuper_pipeline/raw/encode_results/files/control/ENCSR803JPO/ENCFF877EOG.fastq.gz,,1,,,
ENCSR803JPO,/nfs-stor/akshat.mistry/cluster/dbsuper_pipeline/raw/encode_results/files/control/ENCSR803JPO/ENCFF477IDS.fastq.gz,,1,,,
ENCSR803JPO,/nfs-stor/akshat.mistry/cluster/dbsuper_pipeline/raw/encode_results/files/control/ENCSR803JPO/ENCFF903QXC.fastq.gz,,1,,,
ENCSR803JPO,/nfs-stor/akshat.mistry/cluster/dbsuper_pipeline/raw/encode_results/files/control/ENCSR803JPO/ENCFF056AEA.fastq.gz,,2,,,
ENCSR803JPO,/nfs-stor/akshat.mistry/cluster/dbsuper_pipeline/raw/encode_results/files/control/ENCSR803JPO/ENCFF745AVL.fastq.gz,,2,,,
ENCSR803JPO,/nfs-stor/akshat.mistry/cluster/dbsuper_pipeline/raw/encode_results/files/control/ENCSR803JPO/ENCFF752WEA.fastq.gz,,2,,,
ENCSR803JPO,/nfs-stor/akshat.mistry/cluster/dbsuper_pipeline/raw/encode_results/files/control/ENCSR803JPO/ENCFF959WCH.fastq.gz,,2,,,
ENCSR803JPO,/nfs-stor/akshat.mistry/cluster/dbsuper_pipeline/raw/encode_results/files/control/ENCSR803JPO/ENCFF010PMO.fastq.gz,,2,,,
ENCSR803JPO,/nfs-stor/akshat.mistry/cluster/dbsuper_pipeline/raw/encode_results/files/control/ENCSR803JPO/ENCFF244UAY.fastq.gz,,2,,,
ENCSR803JPO,/nfs-stor/akshat.mistry/cluster/dbsuper_pipeline/raw/encode_results/files/control/ENCSR803JPO/ENCFF664EKB.fastq.gz,,2,,,
ENCSR803JPO,/nfs-stor/akshat.mistry/cluster/dbsuper_pipeline/raw/encode_results/files/control/ENCSR803JPO/ENCFF996ABS.fastq.gz,,2,,,
ENCSR803UDX,/nfs-stor/akshat.mistry/cluster/dbsuper_pipeline/raw/encode_results/files/control/ENCSR803UDX/ENCFF299QHU.fastq.gz,,1,,,
ENCSR803UDX,/nfs-stor/akshat.mistry/cluster/dbsuper_pipeline/raw/encode_results/files/control/ENCSR803UDX/ENCFF531PAG.fastq.gz,,2,,,
ENCSR807FIZ,/nfs-stor/akshat.mistry/cluster/dbsuper_pipeline/raw/encode_results/files/control/ENCSR807FIZ/ENCFF499TFY.fastq.gz,,1,,,
ENCSR807FIZ,/nfs-stor/akshat.mistry/cluster/dbsuper_pipeline/raw/encode_results/files/control/ENCSR807FIZ/ENCFF806FHS.fastq.gz,,1,,,
ENCSR807FIZ,/nfs-stor/akshat.mistry/cluster/dbsuper_pipeline/raw/encode_results/files/control/ENCSR807FIZ/ENCFF046OPD.fastq.gz,,1,,,
ENCSR807FIZ,/nfs-stor/akshat.mistry/cluster/dbsuper_pipeline/raw/encode_results/files/control/ENCSR807FIZ/ENCFF197BET.fastq.gz,,1,,,
ENCSR810RRR,/nfs-stor/akshat.mistry/cluster/dbsuper_pipeline/raw/encode_results/files/control/ENCSR810RRR/ENCFF250CGU.fastq.gz,,1,,,
ENCSR814XCZ,/nfs-stor/akshat.mistry/cluster/dbsuper_pipeline/raw/encode_results/files/control/ENCSR814XCZ/ENCFF754TTA.fastq.gz,,1,,,
ENCSR814XCZ,/nfs-stor/akshat.mistry/cluster/dbsuper_pipeline/raw/encode_results/files/control/ENCSR814XCZ/ENCFF464IKO.fastq.gz,,2,,,
ENCSR814XCZ,/nfs-stor/akshat.mistry/cluster/dbsuper_pipeline/raw/encode_results/files/control/ENCSR814XCZ/ENCFF910GIL.fastq.gz,,3,,,
ENCSR815BDB,/nfs-stor/akshat.mistry/cluster/dbsuper_pipeline/raw/encode_results/files/control/ENCSR815BDB/ENCFF072EKO.fastq.gz,,1,,,
ENCSR818VNL,/nfs-stor/akshat.mistry/cluster/dbsuper_pipeline/raw/encode_results/files/control/ENCSR818VNL/ENCFF423QRD.fastq.gz,,1,,,
ENCSR819JOI,/nfs-stor/akshat.mistry/cluster/dbsuper_pipeline/raw/encode_results/files/control/ENCSR819JOI/ENCFF020GKF.fastq.gz,,1,,,
ENCSR819JOI,/nfs-stor/akshat.mistry/cluster/dbsuper_pipeline/raw/encode_results/files/control/ENCSR819JOI/ENCFF619MFX.fastq.gz,,1,,,
ENCSR819JOI,/nfs-stor/akshat.mistry/cluster/dbsuper_pipeline/raw/encode_results/files/control/ENCSR819JOI/ENCFF838SXU.fastq.gz,,2,,,
ENCSR819JOI,/nfs-stor/akshat.mistry/cluster/dbsuper_pipeline/raw/encode_results/files/control/ENCSR819JOI/ENCFF932ZIN.fastq.gz,,2,,,
ENCSR822YWX,/nfs-stor/akshat.mistry/cluster/dbsuper_pipeline/raw/encode_results/files/control/ENCSR822YWX/ENCFF732PUT.fastq.gz,,1,,,
ENCSR822YWX,/nfs-stor/akshat.mistry/cluster/dbsuper_pipeline/raw/encode_results/files/control/ENCSR822YWX/ENCFF934ZGH.fastq.gz,,1,,,
ENCSR822YWX,/nfs-stor/akshat.mistry/cluster/dbsuper_pipeline/raw/encode_results/files/control/ENCSR822YWX/ENCFF962VPS.fastq.gz,,1,,,
ENCSR822YWX,/nfs-stor/akshat.mistry/cluster/dbsuper_pipeline/raw/encode_results/files/control/ENCSR822YWX/ENCFF985XSE.fastq.gz,,1,,,
ENCSR822YWX,/nfs-stor/akshat.mistry/cluster/dbsuper_pipeline/raw/encode_results/files/control/ENCSR822YWX/ENCFF159TWI.fastq.gz,,1,,,
ENCSR822YWX,/nfs-stor/akshat.mistry/cluster/dbsuper_pipeline/raw/encode_results/files/control/ENCSR822YWX/ENCFF296TCS.fastq.gz,,1,,,
ENCSR822YWX,/nfs-stor/akshat.mistry/cluster/dbsuper_pipeline/raw/encode_results/files/control/ENCSR822YWX/ENCFF371FMJ.fastq.gz,,1,,,
ENCSR822YWX,/nfs-stor/akshat.mistry/cluster/dbsuper_pipeline/raw/encode_results/files/control/ENCSR822YWX/ENCFF958IKV.fastq.gz,,1,,,
ENCSR828DDP,/nfs-stor/akshat.mistry/cluster/dbsuper_pipeline/raw/encode_results/files/control/ENCSR828DDP/ENCFF039VDX.fastq.gz,,1,,,
ENCSR828DDP,/nfs-stor/akshat.mistry/cluster/dbsuper_pipeline/raw/encode_results/files/control/ENCSR828DDP/ENCFF632EPK.fastq.gz,,1,,,
ENCSR828DDP,/nfs-stor/akshat.mistry/cluster/dbsuper_pipeline/raw/encode_results/files/control/ENCSR828DDP/ENCFF757POM.fastq.gz,,1,,,
ENCSR828DDP,/nfs-stor/akshat.mistry/cluster/dbsuper_pipeline/raw/encode_results/files/control/ENCSR828DDP/ENCFF805ZJS.fastq.gz,,1,,,
ENCSR828HXJ,/nfs-stor/akshat.mistry/cluster/dbsuper_pipeline/raw/encode_results/files/control/ENCSR828HXJ/ENCFF953PQD.fastq.gz,,1,,,
ENCSR828XQV,/nfs-stor/akshat.mistry/cluster/dbsuper_pipeline/raw/encode_results/files/control/ENCSR828XQV/ENCFF053BKB.fastq.gz,,1,,,
ENCSR828XQV,/nfs-stor/akshat.mistry/cluster/dbsuper_pipeline/raw/encode_results/files/control/ENCSR828XQV/ENCFF361CSC.fastq.gz,,1,,,
ENCSR828XQV,/nfs-stor/akshat.mistry/cluster/dbsuper_pipeline/raw/encode_results/files/control/ENCSR828XQV/ENCFF378JTU.fastq.gz,,1,,,
ENCSR828XQV,/nfs-stor/akshat.mistry/cluster/dbsuper_pipeline/raw/encode_results/files/control/ENCSR828XQV/ENCFF825KUP.fastq.gz,,1,,,
ENCSR828XQV,/nfs-stor/akshat.mistry/cluster/dbsuper_pipeline/raw/encode_results/files/control/ENCSR828XQV/ENCFF155AZY.fastq.gz,,2,,,
ENCSR828XQV,/nfs-stor/akshat.mistry/cluster/dbsuper_pipeline/raw/encode_results/files/control/ENCSR828XQV/ENCFF429TLP.fastq.gz,,2,,,
ENCSR828XQV,/nfs-stor/akshat.mistry/cluster/dbsuper_pipeline/raw/encode_results/files/control/ENCSR828XQV/ENCFF555ELI.fastq.gz,,2,,,
ENCSR828XQV,/nfs-stor/akshat.mistry/cluster/dbsuper_pipeline/raw/encode_results/files/control/ENCSR828XQV/ENCFF909SES.fastq.gz,,2,,,
ENCSR828XQV,/nfs-stor/akshat.mistry/cluster/dbsuper_pipeline/raw/encode_results/files/control/ENCSR828XQV/ENCFF024ABR.fastq.gz,,2,,,
ENCSR828XQV,/nfs-stor/akshat.mistry/cluster/dbsuper_pipeline/raw/encode_results/files/control/ENCSR828XQV/ENCFF250PSZ.fastq.gz,,2,,,
ENCSR828XQV,/nfs-stor/akshat.mistry/cluster/dbsuper_pipeline/raw/encode_results/files/control/ENCSR828XQV/ENCFF268VFB.fastq.gz,,2,,,
ENCSR828XQV,/nfs-stor/akshat.mistry/cluster/dbsuper_pipeline/raw/encode_results/files/control/ENCSR828XQV/ENCFF871OKS.fastq.gz,,2,,,
ENCSR833HBT,/nfs-stor/akshat.mistry/cluster/dbsuper_pipeline/raw/encode_results/files/control/ENCSR833HBT/ENCFF056UQL.fastq.gz,,1,,,
ENCSR833HBT,/nfs-stor/akshat.mistry/cluster/dbsuper_pipeline/raw/encode_results/files/control/ENCSR833HBT/ENCFF306TBR.fastq.gz,,1,,,
ENCSR836KPL,/nfs-stor/akshat.mistry/cluster/dbsuper_pipeline/raw/encode_results/files/control/ENCSR836KPL/ENCFF340TTF.fastq.gz,,1,,,
ENCSR836KPL,/nfs-stor/akshat.mistry/cluster/dbsuper_pipeline/raw/encode_results/files/control/ENCSR836KPL/ENCFF656QLH.fastq.gz,,1,,,
ENCSR836KPL,/nfs-stor/akshat.mistry/cluster/dbsuper_pipeline/raw/encode_results/files/control/ENCSR836KPL/ENCFF671WMY.fastq.gz,,1,,,
ENCSR836KPL,/nfs-stor/akshat.mistry/cluster/dbsuper_pipeline/raw/encode_results/files/control/ENCSR836KPL/ENCFF883NUA.fastq.gz,,1,,,
ENCSR836KPL,/nfs-stor/akshat.mistry/cluster/dbsuper_pipeline/raw/encode_results/files/control/ENCSR836KPL/ENCFF204JFQ.fastq.gz,,1,,,
ENCSR836KPL,/nfs-stor/akshat.mistry/cluster/dbsuper_pipeline/raw/encode_results/files/control/ENCSR836KPL/ENCFF702UQF.fastq.gz,,1,,,
ENCSR836KPL,/nfs-stor/akshat.mistry/cluster/dbsuper_pipeline/raw/encode_results/files/control/ENCSR836KPL/ENCFF773LPT.fastq.gz,,1,,,
ENCSR836KPL,/nfs-stor/akshat.mistry/cluster/dbsuper_pipeline/raw/encode_results/files/control/ENCSR836KPL/ENCFF837XVM.fastq.gz,,1,,,
ENCSR836XKP,/nfs-stor/akshat.mistry/cluster/dbsuper_pipeline/raw/encode_results/files/control/ENCSR836XKP/ENCFF849RAD.fastq.gz,,1,,,
ENCSR836XKP,/nfs-stor/akshat.mistry/cluster/dbsuper_pipeline/raw/encode_results/files/control/ENCSR836XKP/ENCFF137ZTJ.fastq.gz,,1,,,
ENCSR836XKP,/nfs-stor/akshat.mistry/cluster/dbsuper_pipeline/raw/encode_results/files/control/ENCSR836XKP/ENCFF800DGE.fastq.gz,,1,,,
ENCSR836XKP,/nfs-stor/akshat.mistry/cluster/dbsuper_pipeline/raw/encode_results/files/control/ENCSR836XKP/ENCFF205YRD.fastq.gz,,2,,,
ENCSR836XKP,/nfs-stor/akshat.mistry/cluster/dbsuper_pipeline/raw/encode_results/files/control/ENCSR836XKP/ENCFF956QDK.fastq.gz,,2,,,
ENCSR838ZAU,/nfs-stor/akshat.mistry/cluster/dbsuper_pipeline/raw/encode_results/files/control/ENCSR838ZAU/ENCFF806LFR.fastq.gz,,1,,,
ENCSR838ZAU,/nfs-stor/akshat.mistry/cluster/dbsuper_pipeline/raw/encode_results/files/control/ENCSR838ZAU/ENCFF136DNO.fastq.gz,,2,,,
ENCSR838ZAU,/nfs-stor/akshat.mistry/cluster/dbsuper_pipeline/raw/encode_results/files/control/ENCSR838ZAU/ENCFF877DLC.fastq.gz,,3,,,
ENCSR839VEU,/nfs-stor/akshat.mistry/cluster/dbsuper_pipeline/raw/encode_results/files/control/ENCSR839VEU/ENCFF060GOU.fastq.gz,,1,,,
ENCSR839VEU,/nfs-stor/akshat.mistry/cluster/dbsuper_pipeline/raw/encode_results/files/control/ENCSR839VEU/ENCFF468JQT.fastq.gz,,1,,,
ENCSR839VEU,/nfs-stor/akshat.mistry/cluster/dbsuper_pipeline/raw/encode_results/files/control/ENCSR839VEU/ENCFF804CBZ.fastq.gz,,1,,,
ENCSR839VEU,/nfs-stor/akshat.mistry/cluster/dbsuper_pipeline/raw/encode_results/files/control/ENCSR839VEU/ENCFF925OBX.fastq.gz,,1,,,
ENCSR839VEU,/nfs-stor/akshat.mistry/cluster/dbsuper_pipeline/raw/encode_results/files/control/ENCSR839VEU/ENCFF441OBL.fastq.gz,,1,,,
ENCSR839VEU,/nfs-stor/akshat.mistry/cluster/dbsuper_pipeline/raw/encode_results/files/control/ENCSR839VEU/ENCFF562ZFW.fastq.gz,,1,,,
ENCSR839VEU,/nfs-stor/akshat.mistry/cluster/dbsuper_pipeline/raw/encode_results/files/control/ENCSR839VEU/ENCFF827SFI.fastq.gz,,1,,,
ENCSR839VEU,/nfs-stor/akshat.mistry/cluster/dbsuper_pipeline/raw/encode_results/files/control/ENCSR839VEU/ENCFF874XOR.fastq.gz,,1,,,
ENCSR841CWN,/nfs-stor/akshat.mistry/cluster/dbsuper_pipeline/raw/encode_results/files/control/ENCSR841CWN/ENCFF762YYJ.fastq.gz,,1,,,
ENCSR841CWN,/nfs-stor/akshat.mistry/cluster/dbsuper_pipeline/raw/encode_results/files/control/ENCSR841CWN/ENCFF170GMW.fastq.gz,,2,,,
ENCSR843OBM,/nfs-stor/akshat.mistry/cluster/dbsuper_pipeline/raw/encode_results/files/control/ENCSR843OBM/ENCFF317PIV.fastq.gz,,1,,,
ENCSR844YME,/nfs-stor/akshat.mistry/cluster/dbsuper_pipeline/raw/encode_results/files/control/ENCSR844YME/ENCFF202KOP.fastq.gz,,1,,,
ENCSR844YME,/nfs-stor/akshat.mistry/cluster/dbsuper_pipeline/raw/encode_results/files/control/ENCSR844YME/ENCFF339NXD.fastq.gz,,1,,,
ENCSR844YME,/nfs-stor/akshat.mistry/cluster/dbsuper_pipeline/raw/encode_results/files/control/ENCSR844YME/ENCFF904JEL.fastq.gz,,1,,,
ENCSR844YME,/nfs-stor/akshat.mistry/cluster/dbsuper_pipeline/raw/encode_results/files/control/ENCSR844YME/ENCFF923WIL.fastq.gz,,1,,,
ENCSR845BPQ,/nfs-stor/akshat.mistry/cluster/dbsuper_pipeline/raw/encode_results/files/control/ENCSR845BPQ/ENCFF326PWS.fastq.gz,,1,,,
ENCSR845BPQ,/nfs-stor/akshat.mistry/cluster/dbsuper_pipeline/raw/encode_results/files/control/ENCSR845BPQ/ENCFF636XDW.fastq.gz,,1,,,
ENCSR845BPQ,/nfs-stor/akshat.mistry/cluster/dbsuper_pipeline/raw/encode_results/files/control/ENCSR845BPQ/ENCFF754YNP.fastq.gz,,1,,,
ENCSR845BPQ,/nfs-stor/akshat.mistry/cluster/dbsuper_pipeline/raw/encode_results/files/control/ENCSR845BPQ/ENCFF933UWM.fastq.gz,,1,,,
ENCSR845BPQ,/nfs-stor/akshat.mistry/cluster/dbsuper_pipeline/raw/encode_results/files/control/ENCSR845BPQ/ENCFF278CBI.fastq.gz,,1,,,
ENCSR845BPQ,/nfs-stor/akshat.mistry/cluster/dbsuper_pipeline/raw/encode_results/files/control/ENCSR845BPQ/ENCFF798KUL.fastq.gz,,1,,,
ENCSR845BPQ,/nfs-stor/akshat.mistry/cluster/dbsuper_pipeline/raw/encode_results/files/control/ENCSR845BPQ/ENCFF803TSJ.fastq.gz,,1,,,
ENCSR845BPQ,/nfs-stor/akshat.mistry/cluster/dbsuper_pipeline/raw/encode_results/files/control/ENCSR845BPQ/ENCFF910TZT.fastq.gz,,1,,,
ENCSR845IKY,/nfs-stor/akshat.mistry/cluster/dbsuper_pipeline/raw/encode_results/files/control/ENCSR845IKY/ENCFF156ZJM.fastq.gz,,1,,,
ENCSR845IKY,/nfs-stor/akshat.mistry/cluster/dbsuper_pipeline/raw/encode_results/files/control/ENCSR845IKY/ENCFF556YPO.fastq.gz,,2,,,
ENCSR846OTK,/nfs-stor/akshat.mistry/cluster/dbsuper_pipeline/raw/encode_results/files/control/ENCSR846OTK/ENCFF120DFD.fastq.gz,,1,,,
ENCSR846OTK,/nfs-stor/akshat.mistry/cluster/dbsuper_pipeline/raw/encode_results/files/control/ENCSR846OTK/ENCFF201KWA.fastq.gz,,1,,,
ENCSR846OTK,/nfs-stor/akshat.mistry/cluster/dbsuper_pipeline/raw/encode_results/files/control/ENCSR846OTK/ENCFF233DLH.fastq.gz,,1,,,
ENCSR846OTK,/nfs-stor/akshat.mistry/cluster/dbsuper_pipeline/raw/encode_results/files/control/ENCSR846OTK/ENCFF435SDQ.fastq.gz,,1,,,
ENCSR846OTK,/nfs-stor/akshat.mistry/cluster/dbsuper_pipeline/raw/encode_results/files/control/ENCSR846OTK/ENCFF304LCV.fastq.gz,,1,,,
ENCSR846OTK,/nfs-stor/akshat.mistry/cluster/dbsuper_pipeline/raw/encode_results/files/control/ENCSR846OTK/ENCFF318TQL.fastq.gz,,1,,,
ENCSR846OTK,/nfs-stor/akshat.mistry/cluster/dbsuper_pipeline/raw/encode_results/files/control/ENCSR846OTK/ENCFF432GFD.fastq.gz,,1,,,
ENCSR846OTK,/nfs-stor/akshat.mistry/cluster/dbsuper_pipeline/raw/encode_results/files/control/ENCSR846OTK/ENCFF599AEW.fastq.gz,,1,,,
ENCSR846VGG,/nfs-stor/akshat.mistry/cluster/dbsuper_pipeline/raw/encode_results/files/control/ENCSR846VGG/ENCFF131XGP.fastq.gz,,1,,,
ENCSR846VGG,/nfs-stor/akshat.mistry/cluster/dbsuper_pipeline/raw/encode_results/files/control/ENCSR846VGG/ENCFF277VMC.fastq.gz,,1,,,
ENCSR846VGG,/nfs-stor/akshat.mistry/cluster/dbsuper_pipeline/raw/encode_results/files/control/ENCSR846VGG/ENCFF344ULS.fastq.gz,,1,,,
ENCSR846VGG,/nfs-stor/akshat.mistry/cluster/dbsuper_pipeline/raw/encode_results/files/control/ENCSR846VGG/ENCFF787AFH.fastq.gz,,1,,,
ENCSR846VGG,/nfs-stor/akshat.mistry/cluster/dbsuper_pipeline/raw/encode_results/files/control/ENCSR846VGG/ENCFF201IEX.fastq.gz,,1,,,
ENCSR846VGG,/nfs-stor/akshat.mistry/cluster/dbsuper_pipeline/raw/encode_results/files/control/ENCSR846VGG/ENCFF470GTA.fastq.gz,,1,,,
ENCSR846VGG,/nfs-stor/akshat.mistry/cluster/dbsuper_pipeline/raw/encode_results/files/control/ENCSR846VGG/ENCFF673JHN.fastq.gz,,1,,,
ENCSR846VGG,/nfs-stor/akshat.mistry/cluster/dbsuper_pipeline/raw/encode_results/files/control/ENCSR846VGG/ENCFF790EMP.fastq.gz,,1,,,
ENCSR846VGG,/nfs-stor/akshat.mistry/cluster/dbsuper_pipeline/raw/encode_results/files/control/ENCSR846VGG/ENCFF038FPD.fastq.gz,,1,,,
ENCSR846VGG,/nfs-stor/akshat.mistry/cluster/dbsuper_pipeline/raw/encode_results/files/control/ENCSR846VGG/ENCFF089DUB.fastq.gz,,1,,,
ENCSR846VGG,/nfs-stor/akshat.mistry/cluster/dbsuper_pipeline/raw/encode_results/files/control/ENCSR846VGG/ENCFF277WXS.fastq.gz,,1,,,
ENCSR846VGG,/nfs-stor/akshat.mistry/cluster/dbsuper_pipeline/raw/encode_results/files/control/ENCSR846VGG/ENCFF716QSA.fastq.gz,,1,,,
ENCSR854GEV,/nfs-stor/akshat.mistry/cluster/dbsuper_pipeline/raw/encode_results/files/control/ENCSR854GEV/ENCFF572ZIY.fastq.gz,,1,,,
ENCSR858ROP,/nfs-stor/akshat.mistry/cluster/dbsuper_pipeline/raw/encode_results/files/control/ENCSR858ROP/ENCFF851OXO.fastq.gz,,1,,,
ENCSR858ROP,/nfs-stor/akshat.mistry/cluster/dbsuper_pipeline/raw/encode_results/files/control/ENCSR858ROP/ENCFF240RBR.fastq.gz,,1,,,
ENCSR858ROP,/nfs-stor/akshat.mistry/cluster/dbsuper_pipeline/raw/encode_results/files/control/ENCSR858ROP/ENCFF197TBK.fastq.gz,,1,,,
ENCSR859LXC,/nfs-stor/akshat.mistry/cluster/dbsuper_pipeline/raw/encode_results/files/control/ENCSR859LXC/ENCFF586QCH.fastq.gz,,1,,,
ENCSR859LXC,/nfs-stor/akshat.mistry/cluster/dbsuper_pipeline/raw/encode_results/files/control/ENCSR859LXC/ENCFF762JCT.fastq.gz,,1,,,
ENCSR859LXC,/nfs-stor/akshat.mistry/cluster/dbsuper_pipeline/raw/encode_results/files/control/ENCSR859LXC/ENCFF188ORQ.fastq.gz,,1,,,
ENCSR859LXC,/nfs-stor/akshat.mistry/cluster/dbsuper_pipeline/raw/encode_results/files/control/ENCSR859LXC/ENCFF576PQI.fastq.gz,,1,,,
ENCSR859LXC,/nfs-stor/akshat.mistry/cluster/dbsuper_pipeline/raw/encode_results/files/control/ENCSR859LXC/ENCFF367TJJ.fastq.gz,,2,,,
ENCSR859LXC,/nfs-stor/akshat.mistry/cluster/dbsuper_pipeline/raw/encode_results/files/control/ENCSR859LXC/ENCFF861MOU.fastq.gz,,2,,,
ENCSR867SJE,/nfs-stor/akshat.mistry/cluster/dbsuper_pipeline/raw/encode_results/files/control/ENCSR867SJE/ENCFF115PHM.fastq.gz,,1,,,
ENCSR867SJE,/nfs-stor/akshat.mistry/cluster/dbsuper_pipeline/raw/encode_results/files/control/ENCSR867SJE/ENCFF342XML.fastq.gz,,1,,,
ENCSR867SJE,/nfs-stor/akshat.mistry/cluster/dbsuper_pipeline/raw/encode_results/files/control/ENCSR867SJE/ENCFF064RAZ.fastq.gz,,2,,,
ENCSR867SJE,/nfs-stor/akshat.mistry/cluster/dbsuper_pipeline/raw/encode_results/files/control/ENCSR867SJE/ENCFF564EJZ.fastq.gz,,2,,,
ENCSR869KBA,/nfs-stor/akshat.mistry/cluster/dbsuper_pipeline/raw/encode_results/files/control/ENCSR869KBA/ENCFF066NEX.fastq.gz,,1,,,
ENCSR869KBA,/nfs-stor/akshat.mistry/cluster/dbsuper_pipeline/raw/encode_results/files/control/ENCSR869KBA/ENCFF796JMR.fastq.gz,,1,,,
ENCSR869KBA,/nfs-stor/akshat.mistry/cluster/dbsuper_pipeline/raw/encode_results/files/control/ENCSR869KBA/ENCFF815BRZ.fastq.gz,,1,,,
ENCSR869KBA,/nfs-stor/akshat.mistry/cluster/dbsuper_pipeline/raw/encode_results/files/control/ENCSR869KBA/ENCFF870ZQN.fastq.gz,,1,,,
ENCSR869KBA,/nfs-stor/akshat.mistry/cluster/dbsuper_pipeline/raw/encode_results/files/control/ENCSR869KBA/ENCFF201KUK.fastq.gz,,1,,,
ENCSR869KBA,/nfs-stor/akshat.mistry/cluster/dbsuper_pipeline/raw/encode_results/files/control/ENCSR869KBA/ENCFF316TGJ.fastq.gz,,1,,,
ENCSR869KBA,/nfs-stor/akshat.mistry/cluster/dbsuper_pipeline/raw/encode_results/files/control/ENCSR869KBA/ENCFF482DJT.fastq.gz,,1,,,
ENCSR869KBA,/nfs-stor/akshat.mistry/cluster/dbsuper_pipeline/raw/encode_results/files/control/ENCSR869KBA/ENCFF642DEJ.fastq.gz,,1,,,
ENCSR871SEB,/nfs-stor/akshat.mistry/cluster/dbsuper_pipeline/raw/encode_results/files/control/ENCSR871SEB/ENCFF006KML.fastq.gz,,1,,,
ENCSR871SEB,/nfs-stor/akshat.mistry/cluster/dbsuper_pipeline/raw/encode_results/files/control/ENCSR871SEB/ENCFF923GDP.fastq.gz,,2,,,
ENCSR872BBM,/nfs-stor/akshat.mistry/cluster/dbsuper_pipeline/raw/encode_results/files/control/ENCSR872BBM/ENCFF126TIE.fastq.gz,,1,,,
ENCSR872BBM,/nfs-stor/akshat.mistry/cluster/dbsuper_pipeline/raw/encode_results/files/control/ENCSR872BBM/ENCFF039RED.fastq.gz,,2,,,
ENCSR872BBM,/nfs-stor/akshat.mistry/cluster/dbsuper_pipeline/raw/encode_results/files/control/ENCSR872BBM/ENCFF496CXR.fastq.gz,,3,,,
ENCSR874WOQ,/nfs-stor/akshat.mistry/cluster/dbsuper_pipeline/raw/encode_results/files/control/ENCSR874WOQ/ENCFF223FXZ.fastq.gz,,1,,,
ENCSR874WOQ,/nfs-stor/akshat.mistry/cluster/dbsuper_pipeline/raw/encode_results/files/control/ENCSR874WOQ/ENCFF717GHA.fastq.gz,,1,,,
ENCSR874WOQ,/nfs-stor/akshat.mistry/cluster/dbsuper_pipeline/raw/encode_results/files/control/ENCSR874WOQ/ENCFF812IWT.fastq.gz,,1,,,
ENCSR874WOQ,/nfs-stor/akshat.mistry/cluster/dbsuper_pipeline/raw/encode_results/files/control/ENCSR874WOQ/ENCFF843WGU.fastq.gz,,1,,,
ENCSR874WOQ,/nfs-stor/akshat.mistry/cluster/dbsuper_pipeline/raw/encode_results/files/control/ENCSR874WOQ/ENCFF089EFP.fastq.gz,,1,,,
ENCSR874WOQ,/nfs-stor/akshat.mistry/cluster/dbsuper_pipeline/raw/encode_results/files/control/ENCSR874WOQ/ENCFF499ZTP.fastq.gz,,1,,,
ENCSR874WOQ,/nfs-stor/akshat.mistry/cluster/dbsuper_pipeline/raw/encode_results/files/control/ENCSR874WOQ/ENCFF573UKJ.fastq.gz,,1,,,
ENCSR874WOQ,/nfs-stor/akshat.mistry/cluster/dbsuper_pipeline/raw/encode_results/files/control/ENCSR874WOQ/ENCFF701PKY.fastq.gz,,1,,,
ENCSR886ATT,/nfs-stor/akshat.mistry/cluster/dbsuper_pipeline/raw/encode_results/files/control/ENCSR886ATT/ENCFF435DCV.fastq.gz,,1,,,
ENCSR886ATT,/nfs-stor/akshat.mistry/cluster/dbsuper_pipeline/raw/encode_results/files/control/ENCSR886ATT/ENCFF847IKD.fastq.gz,,1,,,
ENCSR886ATT,/nfs-stor/akshat.mistry/cluster/dbsuper_pipeline/raw/encode_results/files/control/ENCSR886ATT/ENCFF873DBY.fastq.gz,,1,,,
ENCSR886ATT,/nfs-stor/akshat.mistry/cluster/dbsuper_pipeline/raw/encode_results/files/control/ENCSR886ATT/ENCFF978FCJ.fastq.gz,,1,,,
ENCSR886ATT,/nfs-stor/akshat.mistry/cluster/dbsuper_pipeline/raw/encode_results/files/control/ENCSR886ATT/ENCFF040HLA.fastq.gz,,1,,,
ENCSR886ATT,/nfs-stor/akshat.mistry/cluster/dbsuper_pipeline/raw/encode_results/files/control/ENCSR886ATT/ENCFF139MMB.fastq.gz,,1,,,
ENCSR886ATT,/nfs-stor/akshat.mistry/cluster/dbsuper_pipeline/raw/encode_results/files/control/ENCSR886ATT/ENCFF287KSP.fastq.gz,,1,,,
ENCSR886ATT,/nfs-stor/akshat.mistry/cluster/dbsuper_pipeline/raw/encode_results/files/control/ENCSR886ATT/ENCFF934JXL.fastq.gz,,1,,,
ENCSR887SZF,/nfs-stor/akshat.mistry/cluster/dbsuper_pipeline/raw/encode_results/files/control/ENCSR887SZF/ENCFF880QTM.fastq.gz,,1,,,
ENCSR887SZF,/nfs-stor/akshat.mistry/cluster/dbsuper_pipeline/raw/encode_results/files/control/ENCSR887SZF/ENCFF036IYU.fastq.gz,,2,,,
ENCSR887SZF,/nfs-stor/akshat.mistry/cluster/dbsuper_pipeline/raw/encode_results/files/control/ENCSR887SZF/ENCFF269YAY.fastq.gz,,3,,,
ENCSR888RBQ,/nfs-stor/akshat.mistry/cluster/dbsuper_pipeline/raw/encode_results/files/control/ENCSR888RBQ/ENCFF295VZD.fastq.gz,,1,,,
ENCSR889RIF,/nfs-stor/akshat.mistry/cluster/dbsuper_pipeline/raw/encode_results/files/control/ENCSR889RIF/ENCFF033TIJ.fastq.gz,,1,,,
ENCSR889RIF,/nfs-stor/akshat.mistry/cluster/dbsuper_pipeline/raw/encode_results/files/control/ENCSR889RIF/ENCFF812QHL.fastq.gz,,1,,,
ENCSR889RIF,/nfs-stor/akshat.mistry/cluster/dbsuper_pipeline/raw/encode_results/files/control/ENCSR889RIF/ENCFF371GRL.fastq.gz,,1,,,
ENCSR889RIF,/nfs-stor/akshat.mistry/cluster/dbsuper_pipeline/raw/encode_results/files/control/ENCSR889RIF/ENCFF679ROW.fastq.gz,,1,,,
ENCSR889RIF,/nfs-stor/akshat.mistry/cluster/dbsuper_pipeline/raw/encode_results/files/control/ENCSR889RIF/ENCFF109NNP.fastq.gz,,2,,,
ENCSR889RIF,/nfs-stor/akshat.mistry/cluster/dbsuper_pipeline/raw/encode_results/files/control/ENCSR889RIF/ENCFF225DAF.fastq.gz,,2,,,
ENCSR889RIF,/nfs-stor/akshat.mistry/cluster/dbsuper_pipeline/raw/encode_results/files/control/ENCSR889RIF/ENCFF324AZQ.fastq.gz,,2,,,
ENCSR889RIF,/nfs-stor/akshat.mistry/cluster/dbsuper_pipeline/raw/encode_results/files/control/ENCSR889RIF/ENCFF896VRV.fastq.gz,,2,,,
ENCSR889RIF,/nfs-stor/akshat.mistry/cluster/dbsuper_pipeline/raw/encode_results/files/control/ENCSR889RIF/ENCFF090EAV.fastq.gz,,2,,,
ENCSR889RIF,/nfs-stor/akshat.mistry/cluster/dbsuper_pipeline/raw/encode_results/files/control/ENCSR889RIF/ENCFF451KIP.fastq.gz,,2,,,
ENCSR889RIF,/nfs-stor/akshat.mistry/cluster/dbsuper_pipeline/raw/encode_results/files/control/ENCSR889RIF/ENCFF626DBF.fastq.gz,,2,,,
ENCSR889RIF,/nfs-stor/akshat.mistry/cluster/dbsuper_pipeline/raw/encode_results/files/control/ENCSR889RIF/ENCFF690RYN.fastq.gz,,2,,,
ENCSR889ZOH,/nfs-stor/akshat.mistry/cluster/dbsuper_pipeline/raw/encode_results/files/control/ENCSR889ZOH/ENCFF084EUS.fastq.gz,,1,,,
ENCSR889ZOH,/nfs-stor/akshat.mistry/cluster/dbsuper_pipeline/raw/encode_results/files/control/ENCSR889ZOH/ENCFF227CXI.fastq.gz,,1,,,
ENCSR889ZOH,/nfs-stor/akshat.mistry/cluster/dbsuper_pipeline/raw/encode_results/files/control/ENCSR889ZOH/ENCFF311MZG.fastq.gz,,1,,,
ENCSR889ZOH,/nfs-stor/akshat.mistry/cluster/dbsuper_pipeline/raw/encode_results/files/control/ENCSR889ZOH/ENCFF408LSV.fastq.gz,,1,,,
ENCSR889ZOH,/nfs-stor/akshat.mistry/cluster/dbsuper_pipeline/raw/encode_results/files/control/ENCSR889ZOH/ENCFF440VCA.fastq.gz,,1,,,
ENCSR889ZOH,/nfs-stor/akshat.mistry/cluster/dbsuper_pipeline/raw/encode_results/files/control/ENCSR889ZOH/ENCFF476DJR.fastq.gz,,1,,,
ENCSR889ZOH,/nfs-stor/akshat.mistry/cluster/dbsuper_pipeline/raw/encode_results/files/control/ENCSR889ZOH/ENCFF607MQP.fastq.gz,,1,,,
ENCSR889ZOH,/nfs-stor/akshat.mistry/cluster/dbsuper_pipeline/raw/encode_results/files/control/ENCSR889ZOH/ENCFF920KHM.fastq.gz,,1,,,
ENCSR890MJO,/nfs-stor/akshat.mistry/cluster/dbsuper_pipeline/raw/encode_results/files/control/ENCSR890MJO/ENCFF312JHP.fastq.gz,,1,,,
ENCSR891YGO,/nfs-stor/akshat.mistry/cluster/dbsuper_pipeline/raw/encode_results/files/control/ENCSR891YGO/ENCFF559JMH.fastq.gz,,1,,,
ENCSR891YGO,/nfs-stor/akshat.mistry/cluster/dbsuper_pipeline/raw/encode_results/files/control/ENCSR891YGO/ENCFF619OYF.fastq.gz,,1,,,
ENCSR891YGO,/nfs-stor/akshat.mistry/cluster/dbsuper_pipeline/raw/encode_results/files/control/ENCSR891YGO/ENCFF717CFR.fastq.gz,,1,,,
ENCSR891YGO,/nfs-stor/akshat.mistry/cluster/dbsuper_pipeline/raw/encode_results/files/control/ENCSR891YGO/ENCFF805PXN.fastq.gz,,1,,,
ENCSR891YGO,/nfs-stor/akshat.mistry/cluster/dbsuper_pipeline/raw/encode_results/files/control/ENCSR891YGO/ENCFF058CVF.fastq.gz,,1,,,
ENCSR891YGO,/nfs-stor/akshat.mistry/cluster/dbsuper_pipeline/raw/encode_results/files/control/ENCSR891YGO/ENCFF167RMA.fastq.gz,,1,,,
ENCSR891YGO,/nfs-stor/akshat.mistry/cluster/dbsuper_pipeline/raw/encode_results/files/control/ENCSR891YGO/ENCFF273NGC.fastq.gz,,1,,,
ENCSR891YGO,/nfs-stor/akshat.mistry/cluster/dbsuper_pipeline/raw/encode_results/files/control/ENCSR891YGO/ENCFF299NDQ.fastq.gz,,1,,,
ENCSR891YGO,/nfs-stor/akshat.mistry/cluster/dbsuper_pipeline/raw/encode_results/files/control/ENCSR891YGO/ENCFF656LDN.fastq.gz,,1,,,
ENCSR891YGO,/nfs-stor/akshat.mistry/cluster/dbsuper_pipeline/raw/encode_results/files/control/ENCSR891YGO/ENCFF743KMS.fastq.gz,,1,,,
ENCSR891YGO,/nfs-stor/akshat.mistry/cluster/dbsuper_pipeline/raw/encode_results/files/control/ENCSR891YGO/ENCFF751OYU.fastq.gz,,1,,,
ENCSR891YGO,/nfs-stor/akshat.mistry/cluster/dbsuper_pipeline/raw/encode_results/files/control/ENCSR891YGO/ENCFF751VOC.fastq.gz,,1,,,
ENCSR891ZHA,/nfs-stor/akshat.mistry/cluster/dbsuper_pipeline/raw/encode_results/files/control/ENCSR891ZHA/ENCFF087VHX.fastq.gz,,1,,,
ENCSR891ZHA,/nfs-stor/akshat.mistry/cluster/dbsuper_pipeline/raw/encode_results/files/control/ENCSR891ZHA/ENCFF363SFT.fastq.gz,,1,,,
ENCSR891ZHA,/nfs-stor/akshat.mistry/cluster/dbsuper_pipeline/raw/encode_results/files/control/ENCSR891ZHA/ENCFF552KYU.fastq.gz,,1,,,
ENCSR891ZHA,/nfs-stor/akshat.mistry/cluster/dbsuper_pipeline/raw/encode_results/files/control/ENCSR891ZHA/ENCFF667OVX.fastq.gz,,1,,,
ENCSR891ZHA,/nfs-stor/akshat.mistry/cluster/dbsuper_pipeline/raw/encode_results/files/control/ENCSR891ZHA/ENCFF610SND.fastq.gz,,1,,,
ENCSR891ZHA,/nfs-stor/akshat.mistry/cluster/dbsuper_pipeline/raw/encode_results/files/control/ENCSR891ZHA/ENCFF661MJJ.fastq.gz,,1,,,
ENCSR891ZHA,/nfs-stor/akshat.mistry/cluster/dbsuper_pipeline/raw/encode_results/files/control/ENCSR891ZHA/ENCFF715FDN.fastq.gz,,1,,,
ENCSR891ZHA,/nfs-stor/akshat.mistry/cluster/dbsuper_pipeline/raw/encode_results/files/control/ENCSR891ZHA/ENCFF839SXT.fastq.gz,,1,,,
ENCSR895CJW,/nfs-stor/akshat.mistry/cluster/dbsuper_pipeline/raw/encode_results/files/control/ENCSR895CJW/ENCFF237VUT.fastq.gz,,1,,,
ENCSR895CJW,/nfs-stor/akshat.mistry/cluster/dbsuper_pipeline/raw/encode_results/files/control/ENCSR895CJW/ENCFF253VBF.fastq.gz,,1,,,
ENCSR895CJW,/nfs-stor/akshat.mistry/cluster/dbsuper_pipeline/raw/encode_results/files/control/ENCSR895CJW/ENCFF504XJQ.fastq.gz,,1,,,
ENCSR895CJW,/nfs-stor/akshat.mistry/cluster/dbsuper_pipeline/raw/encode_results/files/control/ENCSR895CJW/ENCFF938DKT.fastq.gz,,1,,,
ENCSR897RRA,/nfs-stor/akshat.mistry/cluster/dbsuper_pipeline/raw/encode_results/files/control/ENCSR897RRA/ENCFF321CPH.fastq.gz,,1,,,
ENCSR897RRA,/nfs-stor/akshat.mistry/cluster/dbsuper_pipeline/raw/encode_results/files/control/ENCSR897RRA/ENCFF360DUF.fastq.gz,,1,,,
ENCSR897RRA,/nfs-stor/akshat.mistry/cluster/dbsuper_pipeline/raw/encode_results/files/control/ENCSR897RRA/ENCFF566VUE.fastq.gz,,1,,,
ENCSR897RRA,/nfs-stor/akshat.mistry/cluster/dbsuper_pipeline/raw/encode_results/files/control/ENCSR897RRA/ENCFF498FZT.fastq.gz,,2,,,
ENCSR898WPF,/nfs-stor/akshat.mistry/cluster/dbsuper_pipeline/raw/encode_results/files/control/ENCSR898WPF/ENCFF337SFT.fastq.gz,,1,,,
ENCSR898WPF,/nfs-stor/akshat.mistry/cluster/dbsuper_pipeline/raw/encode_results/files/control/ENCSR898WPF/ENCFF468GMR.fastq.gz,,1,,,
ENCSR898WPF,/nfs-stor/akshat.mistry/cluster/dbsuper_pipeline/raw/encode_results/files/control/ENCSR898WPF/ENCFF494AFP.fastq.gz,,1,,,
ENCSR898WPF,/nfs-stor/akshat.mistry/cluster/dbsuper_pipeline/raw/encode_results/files/control/ENCSR898WPF/ENCFF742ETU.fastq.gz,,1,,,
ENCSR898WPF,/nfs-stor/akshat.mistry/cluster/dbsuper_pipeline/raw/encode_results/files/control/ENCSR898WPF/ENCFF297GSA.fastq.gz,,1,,,
ENCSR898WPF,/nfs-stor/akshat.mistry/cluster/dbsuper_pipeline/raw/encode_results/files/control/ENCSR898WPF/ENCFF517SDH.fastq.gz,,1,,,
ENCSR898WPF,/nfs-stor/akshat.mistry/cluster/dbsuper_pipeline/raw/encode_results/files/control/ENCSR898WPF/ENCFF629CFG.fastq.gz,,1,,,
ENCSR898WPF,/nfs-stor/akshat.mistry/cluster/dbsuper_pipeline/raw/encode_results/files/control/ENCSR898WPF/ENCFF644DRL.fastq.gz,,1,,,
ENCSR899XXQ,/nfs-stor/akshat.mistry/cluster/dbsuper_pipeline/raw/encode_results/files/control/ENCSR899XXQ/ENCFF505NFA.fastq.gz,,1,,,
ENCSR906OSH,/nfs-stor/akshat.mistry/cluster/dbsuper_pipeline/raw/encode_results/files/control/ENCSR906OSH/ENCFF077BCR.fastq.gz,,1,,,
ENCSR906OSH,/nfs-stor/akshat.mistry/cluster/dbsuper_pipeline/raw/encode_results/files/control/ENCSR906OSH/ENCFF463SGK.fastq.gz,,1,,,
ENCSR914HOJ,/nfs-stor/akshat.mistry/cluster/dbsuper_pipeline/raw/encode_results/files/control/ENCSR914HOJ/ENCFF218RJS.fastq.gz,,1,,,
ENCSR914HOJ,/nfs-stor/akshat.mistry/cluster/dbsuper_pipeline/raw/encode_results/files/control/ENCSR914HOJ/ENCFF996SJS.fastq.gz,,1,,,
ENCSR917XOL,/nfs-stor/akshat.mistry/cluster/dbsuper_pipeline/raw/encode_results/files/control/ENCSR917XOL/ENCFF236MNY.fastq.gz,,1,,,
ENCSR917XOL,/nfs-stor/akshat.mistry/cluster/dbsuper_pipeline/raw/encode_results/files/control/ENCSR917XOL/ENCFF238WIR.fastq.gz,,1,,,
ENCSR917XOL,/nfs-stor/akshat.mistry/cluster/dbsuper_pipeline/raw/encode_results/files/control/ENCSR917XOL/ENCFF331CKT.fastq.gz,,1,,,
ENCSR917XOL,/nfs-stor/akshat.mistry/cluster/dbsuper_pipeline/raw/encode_results/files/control/ENCSR917XOL/ENCFF359OLM.fastq.gz,,1,,,
ENCSR917XOL,/nfs-stor/akshat.mistry/cluster/dbsuper_pipeline/raw/encode_results/files/control/ENCSR917XOL/ENCFF108CMO.fastq.gz,,1,,,
ENCSR917XOL,/nfs-stor/akshat.mistry/cluster/dbsuper_pipeline/raw/encode_results/files/control/ENCSR917XOL/ENCFF209OVV.fastq.gz,,1,,,
ENCSR917XOL,/nfs-stor/akshat.mistry/cluster/dbsuper_pipeline/raw/encode_results/files/control/ENCSR917XOL/ENCFF217YMV.fastq.gz,,1,,,
ENCSR917XOL,/nfs-stor/akshat.mistry/cluster/dbsuper_pipeline/raw/encode_results/files/control/ENCSR917XOL/ENCFF286EAF.fastq.gz,,1,,,
ENCSR917XOL,/nfs-stor/akshat.mistry/cluster/dbsuper_pipeline/raw/encode_results/files/control/ENCSR917XOL/ENCFF520HDX.fastq.gz,,1,,,
ENCSR917XOL,/nfs-stor/akshat.mistry/cluster/dbsuper_pipeline/raw/encode_results/files/control/ENCSR917XOL/ENCFF610YNM.fastq.gz,,1,,,
ENCSR917XOL,/nfs-stor/akshat.mistry/cluster/dbsuper_pipeline/raw/encode_results/files/control/ENCSR917XOL/ENCFF663PMJ.fastq.gz,,1,,,
ENCSR917XOL,/nfs-stor/akshat.mistry/cluster/dbsuper_pipeline/raw/encode_results/files/control/ENCSR917XOL/ENCFF974CMQ.fastq.gz,,1,,,
ENCSR918ESG,/nfs-stor/akshat.mistry/cluster/dbsuper_pipeline/raw/encode_results/files/control/ENCSR918ESG/ENCFF023OAH.fastq.gz,,1,,,
ENCSR918ESG,/nfs-stor/akshat.mistry/cluster/dbsuper_pipeline/raw/encode_results/files/control/ENCSR918ESG/ENCFF250QTU.fastq.gz,,1,,,
ENCSR918ESG,/nfs-stor/akshat.mistry/cluster/dbsuper_pipeline/raw/encode_results/files/control/ENCSR918ESG/ENCFF651XQC.fastq.gz,,1,,,
ENCSR918ESG,/nfs-stor/akshat.mistry/cluster/dbsuper_pipeline/raw/encode_results/files/control/ENCSR918ESG/ENCFF889MHQ.fastq.gz,,1,,,
ENCSR918ESG,/nfs-stor/akshat.mistry/cluster/dbsuper_pipeline/raw/encode_results/files/control/ENCSR918ESG/ENCFF081OPK.fastq.gz,,1,,,
ENCSR918ESG,/nfs-stor/akshat.mistry/cluster/dbsuper_pipeline/raw/encode_results/files/control/ENCSR918ESG/ENCFF225CHW.fastq.gz,,1,,,
ENCSR918ESG,/nfs-stor/akshat.mistry/cluster/dbsuper_pipeline/raw/encode_results/files/control/ENCSR918ESG/ENCFF680GLG.fastq.gz,,1,,,
ENCSR918ESG,/nfs-stor/akshat.mistry/cluster/dbsuper_pipeline/raw/encode_results/files/control/ENCSR918ESG/ENCFF784TJM.fastq.gz,,1,,,
ENCSR922FLS,/nfs-stor/akshat.mistry/cluster/dbsuper_pipeline/raw/encode_results/files/control/ENCSR922FLS/ENCFF569WIS.fastq.gz,,1,,,
ENCSR922FLS,/nfs-stor/akshat.mistry/cluster/dbsuper_pipeline/raw/encode_results/files/control/ENCSR922FLS/ENCFF274RNW.fastq.gz,,1,,,
ENCSR922FLS,/nfs-stor/akshat.mistry/cluster/dbsuper_pipeline/raw/encode_results/files/control/ENCSR922FLS/ENCFF460JSA.fastq.gz,,1,,,
ENCSR922FLS,/nfs-stor/akshat.mistry/cluster/dbsuper_pipeline/raw/encode_results/files/control/ENCSR922FLS/ENCFF780VKF.fastq.gz,,1,,,
ENCSR922FLS,/nfs-stor/akshat.mistry/cluster/dbsuper_pipeline/raw/encode_results/files/control/ENCSR922FLS/ENCFF888OQB.fastq.gz,,1,,,
ENCSR922FLS,/nfs-stor/akshat.mistry/cluster/dbsuper_pipeline/raw/encode_results/files/control/ENCSR922FLS/ENCFF105BSH.fastq.gz,,2,,,
ENCSR922FLS,/nfs-stor/akshat.mistry/cluster/dbsuper_pipeline/raw/encode_results/files/control/ENCSR922FLS/ENCFF283SSQ.fastq.gz,,2,,,
ENCSR922FLS,/nfs-stor/akshat.mistry/cluster/dbsuper_pipeline/raw/encode_results/files/control/ENCSR922FLS/ENCFF377FRL.fastq.gz,,2,,,
ENCSR922FLS,/nfs-stor/akshat.mistry/cluster/dbsuper_pipeline/raw/encode_results/files/control/ENCSR922FLS/ENCFF601FJT.fastq.gz,,2,,,
ENCSR927MXE,/nfs-stor/akshat.mistry/cluster/dbsuper_pipeline/raw/encode_results/files/control/ENCSR927MXE/ENCFF290VLP.fastq.gz,,1,,,
ENCSR927MXE,/nfs-stor/akshat.mistry/cluster/dbsuper_pipeline/raw/encode_results/files/control/ENCSR927MXE/ENCFF554RIX.fastq.gz,,1,,,
ENCSR930RIA,/nfs-stor/akshat.mistry/cluster/dbsuper_pipeline/raw/encode_results/files/control/ENCSR930RIA/ENCFF953ZAR.fastq.gz,,1,,,
ENCSR930RIA,/nfs-stor/akshat.mistry/cluster/dbsuper_pipeline/raw/encode_results/files/control/ENCSR930RIA/ENCFF970CAQ.fastq.gz,,1,,,
ENCSR932WVK,/nfs-stor/akshat.mistry/cluster/dbsuper_pipeline/raw/encode_results/files/control/ENCSR932WVK/ENCFF035WQF.fastq.gz,,1,,,
ENCSR932WVK,/nfs-stor/akshat.mistry/cluster/dbsuper_pipeline/raw/encode_results/files/control/ENCSR932WVK/ENCFF396DZG.fastq.gz,,1,,,
ENCSR933UGQ,/nfs-stor/akshat.mistry/cluster/dbsuper_pipeline/raw/encode_results/files/control/ENCSR933UGQ/ENCFF868MWO.fastq.gz,,1,,,
ENCSR933UGQ,/nfs-stor/akshat.mistry/cluster/dbsuper_pipeline/raw/encode_results/files/control/ENCSR933UGQ/ENCFF926HWQ.fastq.gz,,2,,,
ENCSR936CZX,/nfs-stor/akshat.mistry/cluster/dbsuper_pipeline/raw/encode_results/files/control/ENCSR936CZX/ENCFF151IBZ.fastq.gz,,1,,,
ENCSR936CZX,/nfs-stor/akshat.mistry/cluster/dbsuper_pipeline/raw/encode_results/files/control/ENCSR936CZX/ENCFF411KXL.fastq.gz,,1,,,
ENCSR936CZX,/nfs-stor/akshat.mistry/cluster/dbsuper_pipeline/raw/encode_results/files/control/ENCSR936CZX/ENCFF748ZWH.fastq.gz,,1,,,
ENCSR936CZX,/nfs-stor/akshat.mistry/cluster/dbsuper_pipeline/raw/encode_results/files/control/ENCSR936CZX/ENCFF956EVB.fastq.gz,,1,,,
ENCSR936CZX,/nfs-stor/akshat.mistry/cluster/dbsuper_pipeline/raw/encode_results/files/control/ENCSR936CZX/ENCFF288PTJ.fastq.gz,,1,,,
ENCSR936CZX,/nfs-stor/akshat.mistry/cluster/dbsuper_pipeline/raw/encode_results/files/control/ENCSR936CZX/ENCFF373ICD.fastq.gz,,1,,,
ENCSR936CZX,/nfs-stor/akshat.mistry/cluster/dbsuper_pipeline/raw/encode_results/files/control/ENCSR936CZX/ENCFF894DWC.fastq.gz,,1,,,
ENCSR936CZX,/nfs-stor/akshat.mistry/cluster/dbsuper_pipeline/raw/encode_results/files/control/ENCSR936CZX/ENCFF983YLP.fastq.gz,,1,,,
ENCSR937OPV,/nfs-stor/akshat.mistry/cluster/dbsuper_pipeline/raw/encode_results/files/control/ENCSR937OPV/ENCFF491IZY.fastq.gz,,1,,,
ENCSR937OPV,/nfs-stor/akshat.mistry/cluster/dbsuper_pipeline/raw/encode_results/files/control/ENCSR937OPV/ENCFF512UAI.fastq.gz,,1,,,
ENCSR937OPV,/nfs-stor/akshat.mistry/cluster/dbsuper_pipeline/raw/encode_results/files/control/ENCSR937OPV/ENCFF724DNJ.fastq.gz,,1,,,
ENCSR937OPV,/nfs-stor/akshat.mistry/cluster/dbsuper_pipeline/raw/encode_results/files/control/ENCSR937OPV/ENCFF807UMT.fastq.gz,,1,,,
ENCSR937OPV,/nfs-stor/akshat.mistry/cluster/dbsuper_pipeline/raw/encode_results/files/control/ENCSR937OPV/ENCFF013PPE.fastq.gz,,1,,,
ENCSR937OPV,/nfs-stor/akshat.mistry/cluster/dbsuper_pipeline/raw/encode_results/files/control/ENCSR937OPV/ENCFF262RBW.fastq.gz,,1,,,
ENCSR937OPV,/nfs-stor/akshat.mistry/cluster/dbsuper_pipeline/raw/encode_results/files/control/ENCSR937OPV/ENCFF300CLP.fastq.gz,,1,,,
ENCSR937OPV,/nfs-stor/akshat.mistry/cluster/dbsuper_pipeline/raw/encode_results/files/control/ENCSR937OPV/ENCFF705RUA.fastq.gz,,1,,,
ENCSR945LPX,/nfs-stor/akshat.mistry/cluster/dbsuper_pipeline/raw/encode_results/files/control/ENCSR945LPX/ENCFF086ZFA.fastq.gz,,1,,,
ENCSR945LPX,/nfs-stor/akshat.mistry/cluster/dbsuper_pipeline/raw/encode_results/files/control/ENCSR945LPX/ENCFF107GDV.fastq.gz,,1,,,
ENCSR945LPX,/nfs-stor/akshat.mistry/cluster/dbsuper_pipeline/raw/encode_results/files/control/ENCSR945LPX/ENCFF131BGR.fastq.gz,,1,,,
ENCSR945LPX,/nfs-stor/akshat.mistry/cluster/dbsuper_pipeline/raw/encode_results/files/control/ENCSR945LPX/ENCFF679DMU.fastq.gz,,1,,,
ENCSR945LPX,/nfs-stor/akshat.mistry/cluster/dbsuper_pipeline/raw/encode_results/files/control/ENCSR945LPX/ENCFF184DRT.fastq.gz,,1,,,
ENCSR945LPX,/nfs-stor/akshat.mistry/cluster/dbsuper_pipeline/raw/encode_results/files/control/ENCSR945LPX/ENCFF333PUF.fastq.gz,,1,,,
ENCSR945LPX,/nfs-stor/akshat.mistry/cluster/dbsuper_pipeline/raw/encode_results/files/control/ENCSR945LPX/ENCFF391SQW.fastq.gz,,1,,,
ENCSR945LPX,/nfs-stor/akshat.mistry/cluster/dbsuper_pipeline/raw/encode_results/files/control/ENCSR945LPX/ENCFF868RVB.fastq.gz,,1,,,
ENCSR948DNK,/nfs-stor/akshat.mistry/cluster/dbsuper_pipeline/raw/encode_results/files/control/ENCSR948DNK/ENCFF374QGZ.fastq.gz,,1,,,
ENCSR948DNK,/nfs-stor/akshat.mistry/cluster/dbsuper_pipeline/raw/encode_results/files/control/ENCSR948DNK/ENCFF834RYS.fastq.gz,,1,,,
ENCSR948DNK,/nfs-stor/akshat.mistry/cluster/dbsuper_pipeline/raw/encode_results/files/control/ENCSR948DNK/ENCFF173TCS.fastq.gz,,1,,,
ENCSR948DNK,/nfs-stor/akshat.mistry/cluster/dbsuper_pipeline/raw/encode_results/files/control/ENCSR948DNK/ENCFF338WSS.fastq.gz,,1,,,
ENCSR948DNK,/nfs-stor/akshat.mistry/cluster/dbsuper_pipeline/raw/encode_results/files/control/ENCSR948DNK/ENCFF404GDX.fastq.gz,,2,,,
ENCSR948DNK,/nfs-stor/akshat.mistry/cluster/dbsuper_pipeline/raw/encode_results/files/control/ENCSR948DNK/ENCFF410OSO.fastq.gz,,2,,,
ENCSR954ZQC,/nfs-stor/akshat.mistry/cluster/dbsuper_pipeline/raw/encode_results/files/control/ENCSR954ZQC/ENCFF392GXL.fastq.gz,,1,,,
ENCSR954ZQC,/nfs-stor/akshat.mistry/cluster/dbsuper_pipeline/raw/encode_results/files/control/ENCSR954ZQC/ENCFF159DAO.fastq.gz,,2,,,
ENCSR955OYW,/nfs-stor/akshat.mistry/cluster/dbsuper_pipeline/raw/encode_results/files/control/ENCSR955OYW/ENCFF036CPR.fastq.gz,,1,,,
ENCSR955OYW,/nfs-stor/akshat.mistry/cluster/dbsuper_pipeline/raw/encode_results/files/control/ENCSR955OYW/ENCFF132QOQ.fastq.gz,,1,,,
ENCSR955OYW,/nfs-stor/akshat.mistry/cluster/dbsuper_pipeline/raw/encode_results/files/control/ENCSR955OYW/ENCFF223ABD.fastq.gz,,1,,,
ENCSR955OYW,/nfs-stor/akshat.mistry/cluster/dbsuper_pipeline/raw/encode_results/files/control/ENCSR955OYW/ENCFF331RNL.fastq.gz,,1,,,
ENCSR958BKG,/nfs-stor/akshat.mistry/cluster/dbsuper_pipeline/raw/encode_results/files/control/ENCSR958BKG/ENCFF447WPJ.fastq.gz,,1,,,
ENCSR958BKG,/nfs-stor/akshat.mistry/cluster/dbsuper_pipeline/raw/encode_results/files/control/ENCSR958BKG/ENCFF497NTW.fastq.gz,,2,,,
ENCSR960VLF,/nfs-stor/akshat.mistry/cluster/dbsuper_pipeline/raw/encode_results/files/control/ENCSR960VLF/ENCFF077PWW.fastq.gz,,1,,,
ENCSR960VLF,/nfs-stor/akshat.mistry/cluster/dbsuper_pipeline/raw/encode_results/files/control/ENCSR960VLF/ENCFF107HYL.fastq.gz,,1,,,
ENCSR961QMI,/nfs-stor/akshat.mistry/cluster/dbsuper_pipeline/raw/encode_results/files/control/ENCSR961QMI/ENCFF057IKR.fastq.gz,,1,,,
ENCSR962EJE,/nfs-stor/akshat.mistry/cluster/dbsuper_pipeline/raw/encode_results/files/control/ENCSR962EJE/ENCFF233IBR.fastq.gz,,1,,,
ENCSR962EJE,/nfs-stor/akshat.mistry/cluster/dbsuper_pipeline/raw/encode_results/files/control/ENCSR962EJE/ENCFF362JMQ.fastq.gz,,1,,,
ENCSR962EJE,/nfs-stor/akshat.mistry/cluster/dbsuper_pipeline/raw/encode_results/files/control/ENCSR962EJE/ENCFF425YBL.fastq.gz,,1,,,
ENCSR962EJE,/nfs-stor/akshat.mistry/cluster/dbsuper_pipeline/raw/encode_results/files/control/ENCSR962EJE/ENCFF752FJE.fastq.gz,,1,,,
ENCSR966IGL,/nfs-stor/akshat.mistry/cluster/dbsuper_pipeline/raw/encode_results/files/control/ENCSR966IGL/ENCFF206KUN.fastq.gz,,1,,,
ENCSR966IGL,/nfs-stor/akshat.mistry/cluster/dbsuper_pipeline/raw/encode_results/files/control/ENCSR966IGL/ENCFF651BBZ.fastq.gz,,1,,,
ENCSR968MKZ,/nfs-stor/akshat.mistry/cluster/dbsuper_pipeline/raw/encode_results/files/control/ENCSR968MKZ/ENCFF093TYT.fastq.gz,,1,,,
ENCSR968MKZ,/nfs-stor/akshat.mistry/cluster/dbsuper_pipeline/raw/encode_results/files/control/ENCSR968MKZ/ENCFF120UMI.fastq.gz,,1,,,
ENCSR968MKZ,/nfs-stor/akshat.mistry/cluster/dbsuper_pipeline/raw/encode_results/files/control/ENCSR968MKZ/ENCFF166XHA.fastq.gz,,1,,,
ENCSR968MKZ,/nfs-stor/akshat.mistry/cluster/dbsuper_pipeline/raw/encode_results/files/control/ENCSR968MKZ/ENCFF308LJT.fastq.gz,,1,,,
ENCSR968MKZ,/nfs-stor/akshat.mistry/cluster/dbsuper_pipeline/raw/encode_results/files/control/ENCSR968MKZ/ENCFF383IGL.fastq.gz,,1,,,
ENCSR968MKZ,/nfs-stor/akshat.mistry/cluster/dbsuper_pipeline/raw/encode_results/files/control/ENCSR968MKZ/ENCFF618FXT.fastq.gz,,1,,,
ENCSR968MKZ,/nfs-stor/akshat.mistry/cluster/dbsuper_pipeline/raw/encode_results/files/control/ENCSR968MKZ/ENCFF712MAO.fastq.gz,,1,,,
ENCSR968MKZ,/nfs-stor/akshat.mistry/cluster/dbsuper_pipeline/raw/encode_results/files/control/ENCSR968MKZ/ENCFF744DSA.fastq.gz,,1,,,
ENCSR968MKZ,/nfs-stor/akshat.mistry/cluster/dbsuper_pipeline/raw/encode_results/files/control/ENCSR968MKZ/ENCFF016VJT.fastq.gz,,1,,,
ENCSR968MKZ,/nfs-stor/akshat.mistry/cluster/dbsuper_pipeline/raw/encode_results/files/control/ENCSR968MKZ/ENCFF250QLP.fastq.gz,,1,,,
ENCSR968MKZ,/nfs-stor/akshat.mistry/cluster/dbsuper_pipeline/raw/encode_results/files/control/ENCSR968MKZ/ENCFF361BQU.fastq.gz,,1,,,
ENCSR968MKZ,/nfs-stor/akshat.mistry/cluster/dbsuper_pipeline/raw/encode_results/files/control/ENCSR968MKZ/ENCFF398ACH.fastq.gz,,1,,,
ENCSR968XKG,/nfs-stor/akshat.mistry/cluster/dbsuper_pipeline/raw/encode_results/files/control/ENCSR968XKG/ENCFF373HPM.fastq.gz,,1,,,
ENCSR968XKG,/nfs-stor/akshat.mistry/cluster/dbsuper_pipeline/raw/encode_results/files/control/ENCSR968XKG/ENCFF412UUT.fastq.gz,,1,,,
ENCSR968XKG,/nfs-stor/akshat.mistry/cluster/dbsuper_pipeline/raw/encode_results/files/control/ENCSR968XKG/ENCFF705IAM.fastq.gz,,1,,,
ENCSR968XKG,/nfs-stor/akshat.mistry/cluster/dbsuper_pipeline/raw/encode_results/files/control/ENCSR968XKG/ENCFF752CMC.fastq.gz,,1,,,
ENCSR968XKG,/nfs-stor/akshat.mistry/cluster/dbsuper_pipeline/raw/encode_results/files/control/ENCSR968XKG/ENCFF171AIB.fastq.gz,,1,,,
ENCSR968XKG,/nfs-stor/akshat.mistry/cluster/dbsuper_pipeline/raw/encode_results/files/control/ENCSR968XKG/ENCFF418WKQ.fastq.gz,,1,,,
ENCSR968XKG,/nfs-stor/akshat.mistry/cluster/dbsuper_pipeline/raw/encode_results/files/control/ENCSR968XKG/ENCFF459IRF.fastq.gz,,1,,,
ENCSR968XKG,/nfs-stor/akshat.mistry/cluster/dbsuper_pipeline/raw/encode_results/files/control/ENCSR968XKG/ENCFF743BRB.fastq.gz,,1,,,
ENCSR968XKG,/nfs-stor/akshat.mistry/cluster/dbsuper_pipeline/raw/encode_results/files/control/ENCSR968XKG/ENCFF175DQL.fastq.gz,,2,,,
ENCSR968XKG,/nfs-stor/akshat.mistry/cluster/dbsuper_pipeline/raw/encode_results/files/control/ENCSR968XKG/ENCFF551GZL.fastq.gz,,2,,,
ENCSR968XKG,/nfs-stor/akshat.mistry/cluster/dbsuper_pipeline/raw/encode_results/files/control/ENCSR968XKG/ENCFF637NVG.fastq.gz,,2,,,
ENCSR968XKG,/nfs-stor/akshat.mistry/cluster/dbsuper_pipeline/raw/encode_results/files/control/ENCSR968XKG/ENCFF909WDI.fastq.gz,,2,,,
ENCSR968XKG,/nfs-stor/akshat.mistry/cluster/dbsuper_pipeline/raw/encode_results/files/control/ENCSR968XKG/ENCFF453FEA.fastq.gz,,2,,,
ENCSR968XKG,/nfs-stor/akshat.mistry/cluster/dbsuper_pipeline/raw/encode_results/files/control/ENCSR968XKG/ENCFF630RPA.fastq.gz,,2,,,
ENCSR968XKG,/nfs-stor/akshat.mistry/cluster/dbsuper_pipeline/raw/encode_results/files/control/ENCSR968XKG/ENCFF859QDX.fastq.gz,,2,,,
ENCSR968XKG,/nfs-stor/akshat.mistry/cluster/dbsuper_pipeline/raw/encode_results/files/control/ENCSR968XKG/ENCFF980ULJ.fastq.gz,,2,,,
ENCSR975PED,/nfs-stor/akshat.mistry/cluster/dbsuper_pipeline/raw/encode_results/files/control/ENCSR975PED/ENCFF482RON.fastq.gz,,1,,,
ENCSR978XYH,/nfs-stor/akshat.mistry/cluster/dbsuper_pipeline/raw/encode_results/files/control/ENCSR978XYH/ENCFF665QOC.fastq.gz,,1,,,
ENCSR978XYH,/nfs-stor/akshat.mistry/cluster/dbsuper_pipeline/raw/encode_results/files/control/ENCSR978XYH/ENCFF360GQI.fastq.gz,,2,,,
ENCSR979XBX,/nfs-stor/akshat.mistry/cluster/dbsuper_pipeline/raw/encode_results/files/control/ENCSR979XBX/ENCFF396DKW.fastq.gz,,1,,,
ENCSR979XBX,/nfs-stor/akshat.mistry/cluster/dbsuper_pipeline/raw/encode_results/files/control/ENCSR979XBX/ENCFF823DXS.fastq.gz,,1,,,
ENCSR979XBX,/nfs-stor/akshat.mistry/cluster/dbsuper_pipeline/raw/encode_results/files/control/ENCSR979XBX/ENCFF244KIM.fastq.gz,,1,,,
ENCSR979XBX,/nfs-stor/akshat.mistry/cluster/dbsuper_pipeline/raw/encode_results/files/control/ENCSR979XBX/ENCFF536BLK.fastq.gz,,1,,,
ENCSR979XBX,/nfs-stor/akshat.mistry/cluster/dbsuper_pipeline/raw/encode_results/files/control/ENCSR979XBX/ENCFF723PEI.fastq.gz,,2,,,
ENCSR979XBX,/nfs-stor/akshat.mistry/cluster/dbsuper_pipeline/raw/encode_results/files/control/ENCSR979XBX/ENCFF912VFJ.fastq.gz,,2,,,
ENCSR979YKY,/nfs-stor/akshat.mistry/cluster/dbsuper_pipeline/raw/encode_results/files/control/ENCSR979YKY/ENCFF837DUR.fastq.gz,,1,,,
ENCSR979YKY,/nfs-stor/akshat.mistry/cluster/dbsuper_pipeline/raw/encode_results/files/control/ENCSR979YKY/ENCFF927OUN.fastq.gz,,1,,,
ENCSR979YKY,/nfs-stor/akshat.mistry/cluster/dbsuper_pipeline/raw/encode_results/files/control/ENCSR979YKY/ENCFF946HRQ.fastq.gz,,1,,,
ENCSR979YKY,/nfs-stor/akshat.mistry/cluster/dbsuper_pipeline/raw/encode_results/files/control/ENCSR979YKY/ENCFF960BDR.fastq.gz,,1,,,
ENCSR979YKY,/nfs-stor/akshat.mistry/cluster/dbsuper_pipeline/raw/encode_results/files/control/ENCSR979YKY/ENCFF260TBC.fastq.gz,,1,,,
ENCSR979YKY,/nfs-stor/akshat.mistry/cluster/dbsuper_pipeline/raw/encode_results/files/control/ENCSR979YKY/ENCFF375WBK.fastq.gz,,1,,,
ENCSR979YKY,/nfs-stor/akshat.mistry/cluster/dbsuper_pipeline/raw/encode_results/files/control/ENCSR979YKY/ENCFF507HRX.fastq.gz,,1,,,
ENCSR979YKY,/nfs-stor/akshat.mistry/cluster/dbsuper_pipeline/raw/encode_results/files/control/ENCSR979YKY/ENCFF826FUC.fastq.gz,,1,,,
ENCSR980TBV,/nfs-stor/akshat.mistry/cluster/dbsuper_pipeline/raw/encode_results/files/control/ENCSR980TBV/ENCFF842XBI.fastq.gz,,1,,,
ENCSR980TBV,/nfs-stor/akshat.mistry/cluster/dbsuper_pipeline/raw/encode_results/files/control/ENCSR980TBV/ENCFF993NNW.fastq.gz,,1,,,
ENCSR980TBV,/nfs-stor/akshat.mistry/cluster/dbsuper_pipeline/raw/encode_results/files/control/ENCSR980TBV/ENCFF697IXE.fastq.gz,,1,,,
ENCSR980TBV,/nfs-stor/akshat.mistry/cluster/dbsuper_pipeline/raw/encode_results/files/control/ENCSR980TBV/ENCFF817JIA.fastq.gz,,1,,,
ENCSR982AYN,/nfs-stor/akshat.mistry/cluster/dbsuper_pipeline/raw/encode_results/files/control/ENCSR982AYN/ENCFF383MBA.fastq.gz,,1,,,
ENCSR982AYN,/nfs-stor/akshat.mistry/cluster/dbsuper_pipeline/raw/encode_results/files/control/ENCSR982AYN/ENCFF123SWE.fastq.gz,,2,,,
ENCSR985CHJ,/nfs-stor/akshat.mistry/cluster/dbsuper_pipeline/raw/encode_results/files/control/ENCSR985CHJ/ENCFF126XLK.fastq.gz,,1,,,
ENCSR988CHU,/nfs-stor/akshat.mistry/cluster/dbsuper_pipeline/raw/encode_results/files/control/ENCSR988CHU/ENCFF098NGA.fastq.gz,,1,,,
ENCSR988CHU,/nfs-stor/akshat.mistry/cluster/dbsuper_pipeline/raw/encode_results/files/control/ENCSR988CHU/ENCFF513LPD.fastq.gz,,1,,,
ENCSR993YSN,/nfs-stor/akshat.mistry/cluster/dbsuper_pipeline/raw/encode_results/files/control/ENCSR993YSN/ENCFF039UXV.fastq.gz,,1,,,
ENCSR993YSN,/nfs-stor/akshat.mistry/cluster/dbsuper_pipeline/raw/encode_results/files/control/ENCSR993YSN/ENCFF039ZSJ.fastq.gz,,1,,,
ENCSR993YSN,/nfs-stor/akshat.mistry/cluster/dbsuper_pipeline/raw/encode_results/files/control/ENCSR993YSN/ENCFF116ZBO.fastq.gz,,1,,,
ENCSR993YSN,/nfs-stor/akshat.mistry/cluster/dbsuper_pipeline/raw/encode_results/files/control/ENCSR993YSN/ENCFF204CAZ.fastq.gz,,1,,,
ENCSR993YSN,/nfs-stor/akshat.mistry/cluster/dbsuper_pipeline/raw/encode_results/files/control/ENCSR993YSN/ENCFF031THO.fastq.gz,,1,,,
ENCSR993YSN,/nfs-stor/akshat.mistry/cluster/dbsuper_pipeline/raw/encode_results/files/control/ENCSR993YSN/ENCFF441UIK.fastq.gz,,1,,,
ENCSR993YSN,/nfs-stor/akshat.mistry/cluster/dbsuper_pipeline/raw/encode_results/files/control/ENCSR993YSN/ENCFF698COC.fastq.gz,,1,,,
ENCSR993YSN,/nfs-stor/akshat.mistry/cluster/dbsuper_pipeline/raw/encode_results/files/control/ENCSR993YSN/ENCFF932NQD.fastq.gz,,1,,,
